ebene,code,synthetisch,zeile,zeile_kanonisch,zeile_name,operator,ist_summe,jahr,wertart,betrag,pdf_seite
GESAMT,,false,01,steuern,Steuern und ähnliche Abgaben,+,false,2024,ergebnis,19406548,63
GESAMT,,false,01,steuern,Steuern und ähnliche Abgaben,+,false,2025,ansatz,17964000,63
GESAMT,,false,01,steuern,Steuern und ähnliche Abgaben,+,false,2026,ansatz,18443000,63
GESAMT,,false,01,steuern,Steuern und ähnliche Abgaben,+,false,2026,ve,0,63
GESAMT,,false,01,steuern,Steuern und ähnliche Abgaben,+,false,2027,planung,19866000,63
GESAMT,,false,01,steuern,Steuern und ähnliche Abgaben,+,false,2028,planung,20801000,63
GESAMT,,false,01,steuern,Steuern und ähnliche Abgaben,+,false,2029,planung,21721000,63
GESAMT,,false,02,zuwendungen,Zuwendungen und allgemeine Umlagen,+,false,2024,ergebnis,2806098,63
GESAMT,,false,02,zuwendungen,Zuwendungen und allgemeine Umlagen,+,false,2025,ansatz,3742500,63
GESAMT,,false,02,zuwendungen,Zuwendungen und allgemeine Umlagen,+,false,2026,ansatz,2217800,63
GESAMT,,false,02,zuwendungen,Zuwendungen und allgemeine Umlagen,+,false,2026,ve,0,63
GESAMT,,false,02,zuwendungen,Zuwendungen und allgemeine Umlagen,+,false,2027,planung,3657200,63
GESAMT,,false,02,zuwendungen,Zuwendungen und allgemeine Umlagen,+,false,2028,planung,3736200,63
GESAMT,,false,02,zuwendungen,Zuwendungen und allgemeine Umlagen,+,false,2029,planung,3440200,63
GESAMT,,false,03,sonstige_transfereinzahlungen,Sonstige Transfereinzahlungen,+,false,2024,ergebnis,36321,63
GESAMT,,false,03,sonstige_transfereinzahlungen,Sonstige Transfereinzahlungen,+,false,2025,ansatz,0,63
GESAMT,,false,03,sonstige_transfereinzahlungen,Sonstige Transfereinzahlungen,+,false,2026,ansatz,0,63
GESAMT,,false,03,sonstige_transfereinzahlungen,Sonstige Transfereinzahlungen,+,false,2026,ve,0,63
GESAMT,,false,03,sonstige_transfereinzahlungen,Sonstige Transfereinzahlungen,+,false,2027,planung,0,63
GESAMT,,false,03,sonstige_transfereinzahlungen,Sonstige Transfereinzahlungen,+,false,2028,planung,0,63
GESAMT,,false,03,sonstige_transfereinzahlungen,Sonstige Transfereinzahlungen,+,false,2029,planung,0,63
GESAMT,,false,04,oeffentlich_rechtliche_entgelte,Öffentlich-rechtliche Leistungsentgelte,+,false,2024,ergebnis,1808085,63
GESAMT,,false,04,oeffentlich_rechtliche_entgelte,Öffentlich-rechtliche Leistungsentgelte,+,false,2025,ansatz,1978900,63
GESAMT,,false,04,oeffentlich_rechtliche_entgelte,Öffentlich-rechtliche Leistungsentgelte,+,false,2026,ansatz,1927222,63
GESAMT,,false,04,oeffentlich_rechtliche_entgelte,Öffentlich-rechtliche Leistungsentgelte,+,false,2026,ve,0,63
GESAMT,,false,04,oeffentlich_rechtliche_entgelte,Öffentlich-rechtliche Leistungsentgelte,+,false,2027,planung,1998100,63
GESAMT,,false,04,oeffentlich_rechtliche_entgelte,Öffentlich-rechtliche Leistungsentgelte,+,false,2028,planung,2055210,63
GESAMT,,false,04,oeffentlich_rechtliche_entgelte,Öffentlich-rechtliche Leistungsentgelte,+,false,2029,planung,2172780,63
GESAMT,,false,05,privatrechtliche_entgelte,Privatrechtliche Leistungsentgelte,+,false,2024,ergebnis,486152,63
GESAMT,,false,05,privatrechtliche_entgelte,Privatrechtliche Leistungsentgelte,+,false,2025,ansatz,360201,63
GESAMT,,false,05,privatrechtliche_entgelte,Privatrechtliche Leistungsentgelte,+,false,2026,ansatz,389800,63
GESAMT,,false,05,privatrechtliche_entgelte,Privatrechtliche Leistungsentgelte,+,false,2026,ve,0,63
GESAMT,,false,05,privatrechtliche_entgelte,Privatrechtliche Leistungsentgelte,+,false,2027,planung,389800,63
GESAMT,,false,05,privatrechtliche_entgelte,Privatrechtliche Leistungsentgelte,+,false,2028,planung,389800,63
GESAMT,,false,05,privatrechtliche_entgelte,Privatrechtliche Leistungsentgelte,+,false,2029,planung,389800,63
GESAMT,,false,06,kostenerstattungen,Kostenerstattungen und Kostenumlagen,+,false,2024,ergebnis,1653273,63
GESAMT,,false,06,kostenerstattungen,Kostenerstattungen und Kostenumlagen,+,false,2025,ansatz,686150,63
GESAMT,,false,06,kostenerstattungen,Kostenerstattungen und Kostenumlagen,+,false,2026,ansatz,762070,63
GESAMT,,false,06,kostenerstattungen,Kostenerstattungen und Kostenumlagen,+,false,2026,ve,0,63
GESAMT,,false,06,kostenerstattungen,Kostenerstattungen und Kostenumlagen,+,false,2027,planung,770970,63
GESAMT,,false,06,kostenerstattungen,Kostenerstattungen und Kostenumlagen,+,false,2028,planung,760720,63
GESAMT,,false,06,kostenerstattungen,Kostenerstattungen und Kostenumlagen,+,false,2029,planung,781750,63
GESAMT,,false,07,sonstige_einzahlungen,Sonstige Einzahlungen,+,false,2024,ergebnis,37954,63
GESAMT,,false,07,sonstige_einzahlungen,Sonstige Einzahlungen,+,false,2025,ansatz,490500,63
GESAMT,,false,07,sonstige_einzahlungen,Sonstige Einzahlungen,+,false,2026,ansatz,503300,63
GESAMT,,false,07,sonstige_einzahlungen,Sonstige Einzahlungen,+,false,2026,ve,0,63
GESAMT,,false,07,sonstige_einzahlungen,Sonstige Einzahlungen,+,false,2027,planung,503300,63
GESAMT,,false,07,sonstige_einzahlungen,Sonstige Einzahlungen,+,false,2028,planung,503300,63
GESAMT,,false,07,sonstige_einzahlungen,Sonstige Einzahlungen,+,false,2029,planung,503300,63
GESAMT,,false,08,finanzeinzahlungen,Zinsen und sonstige Finanzeinzahlungen,+,false,2024,ergebnis,573945,63
GESAMT,,false,08,finanzeinzahlungen,Zinsen und sonstige Finanzeinzahlungen,+,false,2025,ansatz,320000,63
GESAMT,,false,08,finanzeinzahlungen,Zinsen und sonstige Finanzeinzahlungen,+,false,2026,ansatz,460000,63
GESAMT,,false,08,finanzeinzahlungen,Zinsen und sonstige Finanzeinzahlungen,+,false,2026,ve,0,63
GESAMT,,false,08,finanzeinzahlungen,Zinsen und sonstige Finanzeinzahlungen,+,false,2027,planung,390000,63
GESAMT,,false,08,finanzeinzahlungen,Zinsen und sonstige Finanzeinzahlungen,+,false,2028,planung,390000,63
GESAMT,,false,08,finanzeinzahlungen,Zinsen und sonstige Finanzeinzahlungen,+,false,2029,planung,390000,63
GESAMT,,false,09,einzahlungen_laufende_verwaltung,Einzahlungen aus lfd. Verw.-tätigkeit,=,true,2024,ergebnis,26808377,63
GESAMT,,false,09,einzahlungen_laufende_verwaltung,Einzahlungen aus lfd. Verw.-tätigkeit,=,true,2025,ansatz,25542251,63
GESAMT,,false,09,einzahlungen_laufende_verwaltung,Einzahlungen aus lfd. Verw.-tätigkeit,=,true,2026,ansatz,24703192,63
GESAMT,,false,09,einzahlungen_laufende_verwaltung,Einzahlungen aus lfd. Verw.-tätigkeit,=,true,2026,ve,0,63
GESAMT,,false,09,einzahlungen_laufende_verwaltung,Einzahlungen aus lfd. Verw.-tätigkeit,=,true,2027,planung,27575370,63
GESAMT,,false,09,einzahlungen_laufende_verwaltung,Einzahlungen aus lfd. Verw.-tätigkeit,=,true,2028,planung,28636230,63
GESAMT,,false,09,einzahlungen_laufende_verwaltung,Einzahlungen aus lfd. Verw.-tätigkeit,=,true,2029,planung,29398830,63
GESAMT,,false,10,personalauszahlungen,Personalauszahlungen,-,false,2024,ergebnis,4120041,63
GESAMT,,false,10,personalauszahlungen,Personalauszahlungen,-,false,2025,ansatz,4977200,63
GESAMT,,false,10,personalauszahlungen,Personalauszahlungen,-,false,2026,ansatz,5204054,63
GESAMT,,false,10,personalauszahlungen,Personalauszahlungen,-,false,2026,ve,0,63
GESAMT,,false,10,personalauszahlungen,Personalauszahlungen,-,false,2027,planung,5448900,63
GESAMT,,false,10,personalauszahlungen,Personalauszahlungen,-,false,2028,planung,5666700,63
GESAMT,,false,10,personalauszahlungen,Personalauszahlungen,-,false,2029,planung,5893100,63
GESAMT,,false,11,versorgungsauszahlungen,Versorgungsauszahlungen,-,false,2024,ergebnis,401115,63
GESAMT,,false,11,versorgungsauszahlungen,Versorgungsauszahlungen,-,false,2025,ansatz,373400,63
GESAMT,,false,11,versorgungsauszahlungen,Versorgungsauszahlungen,-,false,2026,ansatz,258000,63
GESAMT,,false,11,versorgungsauszahlungen,Versorgungsauszahlungen,-,false,2026,ve,0,63
GESAMT,,false,11,versorgungsauszahlungen,Versorgungsauszahlungen,-,false,2027,planung,265700,63
GESAMT,,false,11,versorgungsauszahlungen,Versorgungsauszahlungen,-,false,2028,planung,273800,63
GESAMT,,false,11,versorgungsauszahlungen,Versorgungsauszahlungen,-,false,2029,planung,281900,63
GESAMT,,false,12,sach_und_dienstleistungen,Auszahlg. Sach- und Dienstleistungen,-,false,2024,ergebnis,5575480,63
GESAMT,,false,12,sach_und_dienstleistungen,Auszahlg. Sach- und Dienstleistungen,-,false,2025,ansatz,6961896,63
GESAMT,,false,12,sach_und_dienstleistungen,Auszahlg. Sach- und Dienstleistungen,-,false,2026,ansatz,7023472,63
GESAMT,,false,12,sach_und_dienstleistungen,Auszahlg. Sach- und Dienstleistungen,-,false,2026,ve,0,63
GESAMT,,false,12,sach_und_dienstleistungen,Auszahlg. Sach- und Dienstleistungen,-,false,2027,planung,6578021,63
GESAMT,,false,12,sach_und_dienstleistungen,Auszahlg. Sach- und Dienstleistungen,-,false,2028,planung,6658705,63
GESAMT,,false,12,sach_und_dienstleistungen,Auszahlg. Sach- und Dienstleistungen,-,false,2029,planung,6713846,63
GESAMT,,false,13,finanzauszahlungen,Zinsen und sonstige Finanzauszahlungen,-,false,2024,ergebnis,152962,63
GESAMT,,false,13,finanzauszahlungen,Zinsen und sonstige Finanzauszahlungen,-,false,2025,ansatz,246000,63
GESAMT,,false,13,finanzauszahlungen,Zinsen und sonstige Finanzauszahlungen,-,false,2026,ansatz,200000,63
GESAMT,,false,13,finanzauszahlungen,Zinsen und sonstige Finanzauszahlungen,-,false,2026,ve,0,63
GESAMT,,false,13,finanzauszahlungen,Zinsen und sonstige Finanzauszahlungen,-,false,2027,planung,350000,63
GESAMT,,false,13,finanzauszahlungen,Zinsen und sonstige Finanzauszahlungen,-,false,2028,planung,600000,63
GESAMT,,false,13,finanzauszahlungen,Zinsen und sonstige Finanzauszahlungen,-,false,2029,planung,600000,63
GESAMT,,false,14,transferauszahlungen,Transferauszahlungen,-,false,2024,ergebnis,13363303,63
GESAMT,,false,14,transferauszahlungen,Transferauszahlungen,-,false,2025,ansatz,13782286,63
GESAMT,,false,14,transferauszahlungen,Transferauszahlungen,-,false,2026,ansatz,13764981,63
GESAMT,,false,14,transferauszahlungen,Transferauszahlungen,-,false,2026,ve,0,63
GESAMT,,false,14,transferauszahlungen,Transferauszahlungen,-,false,2027,planung,15756800,63
GESAMT,,false,14,transferauszahlungen,Transferauszahlungen,-,false,2028,planung,16232800,63
GESAMT,,false,14,transferauszahlungen,Transferauszahlungen,-,false,2029,planung,16746800,63
GESAMT,,false,15,sonstige_auszahlungen,Sonstige Auszahlungen,-,false,2024,ergebnis,1728230,63
GESAMT,,false,15,sonstige_auszahlungen,Sonstige Auszahlungen,-,false,2025,ansatz,1436600,63
GESAMT,,false,15,sonstige_auszahlungen,Sonstige Auszahlungen,-,false,2026,ansatz,1247120,63
GESAMT,,false,15,sonstige_auszahlungen,Sonstige Auszahlungen,-,false,2026,ve,0,63
GESAMT,,false,15,sonstige_auszahlungen,Sonstige Auszahlungen,-,false,2027,planung,1242420,63
GESAMT,,false,15,sonstige_auszahlungen,Sonstige Auszahlungen,-,false,2028,planung,1798108,63
GESAMT,,false,15,sonstige_auszahlungen,Sonstige Auszahlungen,-,false,2029,planung,2399995,63
GESAMT,,false,16,auszahlungen_laufende_verwaltung,Auszahlungen aus lfd. Verw.-tätigkeit,=,true,2024,ergebnis,25341131,63
GESAMT,,false,16,auszahlungen_laufende_verwaltung,Auszahlungen aus lfd. Verw.-tätigkeit,=,true,2025,ansatz,27777382,63
GESAMT,,false,16,auszahlungen_laufende_verwaltung,Auszahlungen aus lfd. Verw.-tätigkeit,=,true,2026,ansatz,27697627,63
GESAMT,,false,16,auszahlungen_laufende_verwaltung,Auszahlungen aus lfd. Verw.-tätigkeit,=,true,2026,ve,0,63
GESAMT,,false,16,auszahlungen_laufende_verwaltung,Auszahlungen aus lfd. Verw.-tätigkeit,=,true,2027,planung,29641841,63
GESAMT,,false,16,auszahlungen_laufende_verwaltung,Auszahlungen aus lfd. Verw.-tätigkeit,=,true,2028,planung,31230113,63
GESAMT,,false,16,auszahlungen_laufende_verwaltung,Auszahlungen aus lfd. Verw.-tätigkeit,=,true,2029,planung,32635641,63
GESAMT,,false,17,saldo_laufende_verwaltung,Saldo aus lfd. Verw.-tätigkeit,=,true,2024,ergebnis,1467246,63
GESAMT,,false,17,saldo_laufende_verwaltung,Saldo aus lfd. Verw.-tätigkeit,=,true,2025,ansatz,-2235131,63
GESAMT,,false,17,saldo_laufende_verwaltung,Saldo aus lfd. Verw.-tätigkeit,=,true,2026,ansatz,-2994435,63
GESAMT,,false,17,saldo_laufende_verwaltung,Saldo aus lfd. Verw.-tätigkeit,=,true,2026,ve,0,63
GESAMT,,false,17,saldo_laufende_verwaltung,Saldo aus lfd. Verw.-tätigkeit,=,true,2027,planung,-2066471,63
GESAMT,,false,17,saldo_laufende_verwaltung,Saldo aus lfd. Verw.-tätigkeit,=,true,2028,planung,-2593883,63
GESAMT,,false,17,saldo_laufende_verwaltung,Saldo aus lfd. Verw.-tätigkeit,=,true,2029,planung,-3236811,63
GESAMT,,false,18,investitionszuwendungen,Zuwendungen für Investitionsmaßnahmen,+,false,2024,ergebnis,3970656,63
GESAMT,,false,18,investitionszuwendungen,Zuwendungen für Investitionsmaßnahmen,+,false,2025,ansatz,3692000,63
GESAMT,,false,18,investitionszuwendungen,Zuwendungen für Investitionsmaßnahmen,+,false,2026,ansatz,3742000,63
GESAMT,,false,18,investitionszuwendungen,Zuwendungen für Investitionsmaßnahmen,+,false,2026,ve,0,63
GESAMT,,false,18,investitionszuwendungen,Zuwendungen für Investitionsmaßnahmen,+,false,2027,planung,6361000,63
GESAMT,,false,18,investitionszuwendungen,Zuwendungen für Investitionsmaßnahmen,+,false,2028,planung,2511000,63
GESAMT,,false,18,investitionszuwendungen,Zuwendungen für Investitionsmaßnahmen,+,false,2029,planung,2066000,63
GESAMT,,false,19,veraeusserung_sachanlagen,Einz. aus Veräußerung v. Sachanlagen,+,false,2024,ergebnis,2593849,63
GESAMT,,false,19,veraeusserung_sachanlagen,Einz. aus Veräußerung v. Sachanlagen,+,false,2025,ansatz,3199990,63
GESAMT,,false,19,veraeusserung_sachanlagen,Einz. aus Veräußerung v. Sachanlagen,+,false,2026,ansatz,2245830,63
GESAMT,,false,19,veraeusserung_sachanlagen,Einz. aus Veräußerung v. Sachanlagen,+,false,2026,ve,0,63
GESAMT,,false,19,veraeusserung_sachanlagen,Einz. aus Veräußerung v. Sachanlagen,+,false,2027,planung,2181640,63
GESAMT,,false,19,veraeusserung_sachanlagen,Einz. aus Veräußerung v. Sachanlagen,+,false,2028,planung,3516928,63
GESAMT,,false,19,veraeusserung_sachanlagen,Einz. aus Veräußerung v. Sachanlagen,+,false,2029,planung,1830000,63
GESAMT,,false,20,veraeusserung_finanzanlagen,Einz. aus Veräußerung v. Finanzanlagen,+,false,2024,ergebnis,0,63
GESAMT,,false,20,veraeusserung_finanzanlagen,Einz. aus Veräußerung v. Finanzanlagen,+,false,2025,ansatz,0,63
GESAMT,,false,20,veraeusserung_finanzanlagen,Einz. aus Veräußerung v. Finanzanlagen,+,false,2026,ansatz,0,63
GESAMT,,false,20,veraeusserung_finanzanlagen,Einz. aus Veräußerung v. Finanzanlagen,+,false,2026,ve,0,63
GESAMT,,false,20,veraeusserung_finanzanlagen,Einz. aus Veräußerung v. Finanzanlagen,+,false,2027,planung,0,63
GESAMT,,false,20,veraeusserung_finanzanlagen,Einz. aus Veräußerung v. Finanzanlagen,+,false,2028,planung,0,63
GESAMT,,false,20,veraeusserung_finanzanlagen,Einz. aus Veräußerung v. Finanzanlagen,+,false,2029,planung,0,63
GESAMT,,false,21,beitraege,Einz. aus Beiträgen u. ä. Entgelten,+,false,2024,ergebnis,75969,63
GESAMT,,false,21,beitraege,Einz. aus Beiträgen u. ä. Entgelten,+,false,2025,ansatz,80000,63
GESAMT,,false,21,beitraege,Einz. aus Beiträgen u. ä. Entgelten,+,false,2026,ansatz,1237000,63
GESAMT,,false,21,beitraege,Einz. aus Beiträgen u. ä. Entgelten,+,false,2026,ve,0,63
GESAMT,,false,21,beitraege,Einz. aus Beiträgen u. ä. Entgelten,+,false,2027,planung,154140,63
GESAMT,,false,21,beitraege,Einz. aus Beiträgen u. ä. Entgelten,+,false,2028,planung,2229815,63
GESAMT,,false,21,beitraege,Einz. aus Beiträgen u. ä. Entgelten,+,false,2029,planung,1848825,63
GESAMT,,false,22,sonstige_investitionseinzahlungen,Sonstige Investitionseinzahlungen,+,false,2024,ergebnis,86187,63
GESAMT,,false,22,sonstige_investitionseinzahlungen,Sonstige Investitionseinzahlungen,+,false,2025,ansatz,0,63
GESAMT,,false,22,sonstige_investitionseinzahlungen,Sonstige Investitionseinzahlungen,+,false,2026,ansatz,0,63
GESAMT,,false,22,sonstige_investitionseinzahlungen,Sonstige Investitionseinzahlungen,+,false,2026,ve,0,63
GESAMT,,false,22,sonstige_investitionseinzahlungen,Sonstige Investitionseinzahlungen,+,false,2027,planung,0,63
GESAMT,,false,22,sonstige_investitionseinzahlungen,Sonstige Investitionseinzahlungen,+,false,2028,planung,0,63
GESAMT,,false,22,sonstige_investitionseinzahlungen,Sonstige Investitionseinzahlungen,+,false,2029,planung,0,63
GESAMT,,false,23,einzahlungen_investitionen,Einzahlungen aus Investitionstätigkeit,=,true,2024,ergebnis,6726660,63
GESAMT,,false,23,einzahlungen_investitionen,Einzahlungen aus Investitionstätigkeit,=,true,2025,ansatz,6971990,63
GESAMT,,false,23,einzahlungen_investitionen,Einzahlungen aus Investitionstätigkeit,=,true,2026,ansatz,7224830,63
GESAMT,,false,23,einzahlungen_investitionen,Einzahlungen aus Investitionstätigkeit,=,true,2026,ve,0,63
GESAMT,,false,23,einzahlungen_investitionen,Einzahlungen aus Investitionstätigkeit,=,true,2027,planung,8696780,63
GESAMT,,false,23,einzahlungen_investitionen,Einzahlungen aus Investitionstätigkeit,=,true,2028,planung,8257743,63
GESAMT,,false,23,einzahlungen_investitionen,Einzahlungen aus Investitionstätigkeit,=,true,2029,planung,5744825,63
GESAMT,,false,24,erwerb_grundstuecke_gebaeude,Ausz. f. Erwerb von Grundst. u. Gebäuden,-,false,2024,ergebnis,409500,63
GESAMT,,false,24,erwerb_grundstuecke_gebaeude,Ausz. f. Erwerb von Grundst. u. Gebäuden,-,false,2025,ansatz,5563000,63
GESAMT,,false,24,erwerb_grundstuecke_gebaeude,Ausz. f. Erwerb von Grundst. u. Gebäuden,-,false,2026,ansatz,2631384,63
GESAMT,,false,24,erwerb_grundstuecke_gebaeude,Ausz. f. Erwerb von Grundst. u. Gebäuden,-,false,2026,ve,0,63
GESAMT,,false,24,erwerb_grundstuecke_gebaeude,Ausz. f. Erwerb von Grundst. u. Gebäuden,-,false,2027,planung,900000,63
GESAMT,,false,24,erwerb_grundstuecke_gebaeude,Ausz. f. Erwerb von Grundst. u. Gebäuden,-,false,2028,planung,850000,63
GESAMT,,false,24,erwerb_grundstuecke_gebaeude,Ausz. f. Erwerb von Grundst. u. Gebäuden,-,false,2029,planung,350000,63
GESAMT,,false,25,baumassnahmen,Ausz. f. Baumaßnahmen,-,false,2024,ergebnis,2953171,63
GESAMT,,false,25,baumassnahmen,Ausz. f. Baumaßnahmen,-,false,2025,ansatz,8171000,63
GESAMT,,false,25,baumassnahmen,Ausz. f. Baumaßnahmen,-,false,2026,ansatz,7915000,63
GESAMT,,false,25,baumassnahmen,Ausz. f. Baumaßnahmen,-,false,2026,ve,11600000,63
GESAMT,,false,25,baumassnahmen,Ausz. f. Baumaßnahmen,-,false,2027,planung,15220000,63
GESAMT,,false,25,baumassnahmen,Ausz. f. Baumaßnahmen,-,false,2028,planung,5230000,63
GESAMT,,false,25,baumassnahmen,Ausz. f. Baumaßnahmen,-,false,2029,planung,0,63
GESAMT,,false,26,erwerb_bewegliches_anlagevermoegen,Ausz. f. Erwerb v. bewegl. Anlageverm.,-,false,2024,ergebnis,358197,63
GESAMT,,false,26,erwerb_bewegliches_anlagevermoegen,Ausz. f. Erwerb v. bewegl. Anlageverm.,-,false,2025,ansatz,1342950,63
GESAMT,,false,26,erwerb_bewegliches_anlagevermoegen,Ausz. f. Erwerb v. bewegl. Anlageverm.,-,false,2026,ansatz,1514100,63
GESAMT,,false,26,erwerb_bewegliches_anlagevermoegen,Ausz. f. Erwerb v. bewegl. Anlageverm.,-,false,2026,ve,0,63
GESAMT,,false,26,erwerb_bewegliches_anlagevermoegen,Ausz. f. Erwerb v. bewegl. Anlageverm.,-,false,2027,planung,603100,63
GESAMT,,false,26,erwerb_bewegliches_anlagevermoegen,Ausz. f. Erwerb v. bewegl. Anlageverm.,-,false,2028,planung,417600,63
GESAMT,,false,26,erwerb_bewegliches_anlagevermoegen,Ausz. f. Erwerb v. bewegl. Anlageverm.,-,false,2029,planung,312600,63
GESAMT,,false,27,erwerb_finanzanlagen,Ausz. f. Erwerb v. Finanzanlagen,-,false,2024,ergebnis,51963,63
GESAMT,,false,27,erwerb_finanzanlagen,Ausz. f. Erwerb v. Finanzanlagen,-,false,2025,ansatz,550000,63
GESAMT,,false,27,erwerb_finanzanlagen,Ausz. f. Erwerb v. Finanzanlagen,-,false,2026,ansatz,50000,63
GESAMT,,false,27,erwerb_finanzanlagen,Ausz. f. Erwerb v. Finanzanlagen,-,false,2026,ve,0,63
GESAMT,,false,27,erwerb_finanzanlagen,Ausz. f. Erwerb v. Finanzanlagen,-,false,2027,planung,50000,63
GESAMT,,false,27,erwerb_finanzanlagen,Ausz. f. Erwerb v. Finanzanlagen,-,false,2028,planung,50000,63
GESAMT,,false,27,erwerb_finanzanlagen,Ausz. f. Erwerb v. Finanzanlagen,-,false,2029,planung,50000,63
GESAMT,,false,28,aktivierbare_zuwendungen,Ausz. v. aktivierbaren Zuwendungen,-,false,2024,ergebnis,0,63
GESAMT,,false,28,aktivierbare_zuwendungen,Ausz. v. aktivierbaren Zuwendungen,-,false,2025,ansatz,119000,63
GESAMT,,false,28,aktivierbare_zuwendungen,Ausz. v. aktivierbaren Zuwendungen,-,false,2026,ansatz,170000,63
GESAMT,,false,28,aktivierbare_zuwendungen,Ausz. v. aktivierbaren Zuwendungen,-,false,2026,ve,0,63
GESAMT,,false,28,aktivierbare_zuwendungen,Ausz. v. aktivierbaren Zuwendungen,-,false,2027,planung,30000,63
GESAMT,,false,28,aktivierbare_zuwendungen,Ausz. v. aktivierbaren Zuwendungen,-,false,2028,planung,18000,63
GESAMT,,false,28,aktivierbare_zuwendungen,Ausz. v. aktivierbaren Zuwendungen,-,false,2029,planung,0,63
GESAMT,,false,29,sonstige_investitionsauszahlungen,Sonstige Investitionsauszahlungen,-,false,2024,ergebnis,5071,63
GESAMT,,false,29,sonstige_investitionsauszahlungen,Sonstige Investitionsauszahlungen,-,false,2025,ansatz,0,63
GESAMT,,false,29,sonstige_investitionsauszahlungen,Sonstige Investitionsauszahlungen,-,false,2026,ansatz,0,63
GESAMT,,false,29,sonstige_investitionsauszahlungen,Sonstige Investitionsauszahlungen,-,false,2026,ve,0,63
GESAMT,,false,29,sonstige_investitionsauszahlungen,Sonstige Investitionsauszahlungen,-,false,2027,planung,0,63
GESAMT,,false,29,sonstige_investitionsauszahlungen,Sonstige Investitionsauszahlungen,-,false,2028,planung,0,63
GESAMT,,false,29,sonstige_investitionsauszahlungen,Sonstige Investitionsauszahlungen,-,false,2029,planung,0,63
GESAMT,,false,30,auszahlungen_investitionen,Auszahlungen aus Investitionstätigkeit,=,true,2024,ergebnis,3777901,63
GESAMT,,false,30,auszahlungen_investitionen,Auszahlungen aus Investitionstätigkeit,=,true,2025,ansatz,15745950,63
GESAMT,,false,30,auszahlungen_investitionen,Auszahlungen aus Investitionstätigkeit,=,true,2026,ansatz,12280484,63
GESAMT,,false,30,auszahlungen_investitionen,Auszahlungen aus Investitionstätigkeit,=,true,2026,ve,11600000,63
GESAMT,,false,30,auszahlungen_investitionen,Auszahlungen aus Investitionstätigkeit,=,true,2027,planung,16803100,63
GESAMT,,false,30,auszahlungen_investitionen,Auszahlungen aus Investitionstätigkeit,=,true,2028,planung,6565600,63
GESAMT,,false,30,auszahlungen_investitionen,Auszahlungen aus Investitionstätigkeit,=,true,2029,planung,712600,63
GESAMT,,false,31,saldo_investitionen,Saldo aus Investitionstätigkeit,=,true,2024,ergebnis,2948759,63
GESAMT,,false,31,saldo_investitionen,Saldo aus Investitionstätigkeit,=,true,2025,ansatz,-8773960,63
GESAMT,,false,31,saldo_investitionen,Saldo aus Investitionstätigkeit,=,true,2026,ansatz,-5055654,63
GESAMT,,false,31,saldo_investitionen,Saldo aus Investitionstätigkeit,=,true,2026,ve,-11600000,63
GESAMT,,false,31,saldo_investitionen,Saldo aus Investitionstätigkeit,=,true,2027,planung,-8106320,63
GESAMT,,false,31,saldo_investitionen,Saldo aus Investitionstätigkeit,=,true,2028,planung,1692143,63
GESAMT,,false,31,saldo_investitionen,Saldo aus Investitionstätigkeit,=,true,2029,planung,5032225,63
GESAMT,,false,32,finanzmittelueberschuss,Überschuss/Fehlbetrag,=,true,2024,ergebnis,4416005,63
GESAMT,,false,32,finanzmittelueberschuss,Überschuss/Fehlbetrag,=,true,2025,ansatz,-11009091,63
GESAMT,,false,32,finanzmittelueberschuss,Überschuss/Fehlbetrag,=,true,2026,ansatz,-8050089,63
GESAMT,,false,32,finanzmittelueberschuss,Überschuss/Fehlbetrag,=,true,2026,ve,-11600000,63
GESAMT,,false,32,finanzmittelueberschuss,Überschuss/Fehlbetrag,=,true,2027,planung,-10172791,63
GESAMT,,false,32,finanzmittelueberschuss,Überschuss/Fehlbetrag,=,true,2028,planung,-901740,63
GESAMT,,false,32,finanzmittelueberschuss,Überschuss/Fehlbetrag,=,true,2029,planung,1795414,63
GESAMT,,false,33,kreditaufnahme,Aufnahme und Rückflüsse von Darlehen,+,false,2024,ergebnis,0,63
GESAMT,,false,33,kreditaufnahme,Aufnahme und Rückflüsse von Darlehen,+,false,2025,ansatz,7400000,63
GESAMT,,false,33,kreditaufnahme,Aufnahme und Rückflüsse von Darlehen,+,false,2026,ansatz,5200000,63
GESAMT,,false,33,kreditaufnahme,Aufnahme und Rückflüsse von Darlehen,+,false,2026,ve,0,63
GESAMT,,false,33,kreditaufnahme,Aufnahme und Rückflüsse von Darlehen,+,false,2027,planung,9500000,63
GESAMT,,false,33,kreditaufnahme,Aufnahme und Rückflüsse von Darlehen,+,false,2028,planung,0,63
GESAMT,,false,33,kreditaufnahme,Aufnahme und Rückflüsse von Darlehen,+,false,2029,planung,0,63
GESAMT,,false,34,liquiditaetskredite_aufnahme,Aufn. v. Krediten z. Liquiditätssicherung,+,false,2024,ergebnis,0,63
GESAMT,,false,34,liquiditaetskredite_aufnahme,Aufn. v. Krediten z. Liquiditätssicherung,+,false,2025,ansatz,0,63
GESAMT,,false,34,liquiditaetskredite_aufnahme,Aufn. v. Krediten z. Liquiditätssicherung,+,false,2026,ansatz,0,63
GESAMT,,false,34,liquiditaetskredite_aufnahme,Aufn. v. Krediten z. Liquiditätssicherung,+,false,2026,ve,0,63
GESAMT,,false,34,liquiditaetskredite_aufnahme,Aufn. v. Krediten z. Liquiditätssicherung,+,false,2027,planung,0,63
GESAMT,,false,34,liquiditaetskredite_aufnahme,Aufn. v. Krediten z. Liquiditätssicherung,+,false,2028,planung,0,63
GESAMT,,false,34,liquiditaetskredite_aufnahme,Aufn. v. Krediten z. Liquiditätssicherung,+,false,2029,planung,0,63
GESAMT,,false,35,tilgung,Tilgung und Gewährung von Darlehen,-,false,2024,ergebnis,400183,63
GESAMT,,false,35,tilgung,Tilgung und Gewährung von Darlehen,-,false,2025,ansatz,490000,63
GESAMT,,false,35,tilgung,Tilgung und Gewährung von Darlehen,-,false,2026,ansatz,450000,63
GESAMT,,false,35,tilgung,Tilgung und Gewährung von Darlehen,-,false,2026,ve,0,63
GESAMT,,false,35,tilgung,Tilgung und Gewährung von Darlehen,-,false,2027,planung,570000,63
GESAMT,,false,35,tilgung,Tilgung und Gewährung von Darlehen,-,false,2028,planung,850000,63
GESAMT,,false,35,tilgung,Tilgung und Gewährung von Darlehen,-,false,2029,planung,830000,63
GESAMT,,false,36,liquiditaetskredite_tilgung,Tilgung v. Krediten z. Liquiditätssicherung,-,false,2024,ergebnis,0,63
GESAMT,,false,36,liquiditaetskredite_tilgung,Tilgung v. Krediten z. Liquiditätssicherung,-,false,2025,ansatz,0,63
GESAMT,,false,36,liquiditaetskredite_tilgung,Tilgung v. Krediten z. Liquiditätssicherung,-,false,2026,ansatz,0,63
GESAMT,,false,36,liquiditaetskredite_tilgung,Tilgung v. Krediten z. Liquiditätssicherung,-,false,2026,ve,0,63
GESAMT,,false,36,liquiditaetskredite_tilgung,Tilgung v. Krediten z. Liquiditätssicherung,-,false,2027,planung,0,63
GESAMT,,false,36,liquiditaetskredite_tilgung,Tilgung v. Krediten z. Liquiditätssicherung,-,false,2028,planung,0,63
GESAMT,,false,36,liquiditaetskredite_tilgung,Tilgung v. Krediten z. Liquiditätssicherung,-,false,2029,planung,0,63
GESAMT,,false,37,saldo_finanzierung,Saldo aus Finanzierungstätigkeit,=,true,2024,ergebnis,-400183,63
GESAMT,,false,37,saldo_finanzierung,Saldo aus Finanzierungstätigkeit,=,true,2025,ansatz,6910000,63
GESAMT,,false,37,saldo_finanzierung,Saldo aus Finanzierungstätigkeit,=,true,2026,ansatz,4750000,63
GESAMT,,false,37,saldo_finanzierung,Saldo aus Finanzierungstätigkeit,=,true,2026,ve,0,63
GESAMT,,false,37,saldo_finanzierung,Saldo aus Finanzierungstätigkeit,=,true,2027,planung,8930000,63
GESAMT,,false,37,saldo_finanzierung,Saldo aus Finanzierungstätigkeit,=,true,2028,planung,-850000,63
GESAMT,,false,37,saldo_finanzierung,Saldo aus Finanzierungstätigkeit,=,true,2029,planung,-830000,63
GESAMT,,false,38,aenderung_finanzbestand,Änd. des Finanzbestandes,=,true,2024,ergebnis,4015822,63
GESAMT,,false,38,aenderung_finanzbestand,Änd. des Finanzbestandes,=,true,2025,ansatz,-4099091,63
GESAMT,,false,38,aenderung_finanzbestand,Änd. des Finanzbestandes,=,true,2026,ansatz,-3300089,63
GESAMT,,false,38,aenderung_finanzbestand,Änd. des Finanzbestandes,=,true,2026,ve,-11600000,63
GESAMT,,false,38,aenderung_finanzbestand,Änd. des Finanzbestandes,=,true,2027,planung,-1242791,63
GESAMT,,false,38,aenderung_finanzbestand,Änd. des Finanzbestandes,=,true,2028,planung,-1751740,63
GESAMT,,false,38,aenderung_finanzbestand,Änd. des Finanzbestandes,=,true,2029,planung,965414,63
GESAMT,,false,39,anfangsbestand_finanzmittel,Anfangsbestand an Finanzmitteln,+/-,false,2024,ergebnis,3500137,63
GESAMT,,false,39,anfangsbestand_finanzmittel,Anfangsbestand an Finanzmitteln,+/-,false,2025,ansatz,7528342,63
GESAMT,,false,39,anfangsbestand_finanzmittel,Anfangsbestand an Finanzmitteln,+/-,false,2026,ansatz,7499809,63
GESAMT,,false,39,anfangsbestand_finanzmittel,Anfangsbestand an Finanzmitteln,+/-,false,2026,ve,0,63
GESAMT,,false,39,anfangsbestand_finanzmittel,Anfangsbestand an Finanzmitteln,+/-,false,2027,planung,4199420,63
GESAMT,,false,39,anfangsbestand_finanzmittel,Anfangsbestand an Finanzmitteln,+/-,false,2028,planung,2956329,63
GESAMT,,false,39,anfangsbestand_finanzmittel,Anfangsbestand an Finanzmitteln,+/-,false,2029,planung,1204289,63
GESAMT,,false,40,fremde_finanzmittel,Bestand an fremden Finanzmitteln,+/-,false,2024,ergebnis,12383,63
GESAMT,,false,40,fremde_finanzmittel,Bestand an fremden Finanzmitteln,+/-,false,2025,ansatz,-300,63
GESAMT,,false,40,fremde_finanzmittel,Bestand an fremden Finanzmitteln,+/-,false,2026,ansatz,-300,63
GESAMT,,false,40,fremde_finanzmittel,Bestand an fremden Finanzmitteln,+/-,false,2026,ve,0,63
GESAMT,,false,40,fremde_finanzmittel,Bestand an fremden Finanzmitteln,+/-,false,2027,planung,-300,63
GESAMT,,false,40,fremde_finanzmittel,Bestand an fremden Finanzmitteln,+/-,false,2028,planung,-300,63
GESAMT,,false,40,fremde_finanzmittel,Bestand an fremden Finanzmitteln,+/-,false,2029,planung,-300,63
GESAMT,,false,41,liquide_mittel,Liquide Mittel,=,true,2024,ergebnis,7528342,63
GESAMT,,false,41,liquide_mittel,Liquide Mittel,=,true,2025,ansatz,3428951,63
GESAMT,,false,41,liquide_mittel,Liquide Mittel,=,true,2026,ansatz,4199420,63
GESAMT,,false,41,liquide_mittel,Liquide Mittel,=,true,2026,ve,-11600000,63
GESAMT,,false,41,liquide_mittel,Liquide Mittel,=,true,2027,planung,2956329,63
GESAMT,,false,41,liquide_mittel,Liquide Mittel,=,true,2028,planung,1204289,63
GESAMT,,false,41,liquide_mittel,Liquide Mittel,=,true,2029,planung,2169403,63
PB,01,false,09,einzahlungen_laufende_verwaltung,Einzahlungen aus lfd. Verw.-tätigkeit,=,true,2024,ergebnis,859878,66
PB,01,false,09,einzahlungen_laufende_verwaltung,Einzahlungen aus lfd. Verw.-tätigkeit,=,true,2025,ansatz,394850,66
PB,01,false,09,einzahlungen_laufende_verwaltung,Einzahlungen aus lfd. Verw.-tätigkeit,=,true,2026,ansatz,432850,66
PB,01,false,09,einzahlungen_laufende_verwaltung,Einzahlungen aus lfd. Verw.-tätigkeit,=,true,2026,ve,0,66
PB,01,false,09,einzahlungen_laufende_verwaltung,Einzahlungen aus lfd. Verw.-tätigkeit,=,true,2027,planung,482850,66
PB,01,false,09,einzahlungen_laufende_verwaltung,Einzahlungen aus lfd. Verw.-tätigkeit,=,true,2028,planung,482950,66
PB,01,false,09,einzahlungen_laufende_verwaltung,Einzahlungen aus lfd. Verw.-tätigkeit,=,true,2029,planung,482950,66
PB,01,false,16,auszahlungen_laufende_verwaltung,Auszahlungen aus lfd. Verw.-tätigkeit,=,true,2024,ergebnis,4125629,66
PB,01,false,16,auszahlungen_laufende_verwaltung,Auszahlungen aus lfd. Verw.-tätigkeit,=,true,2025,ansatz,4408750,66
PB,01,false,16,auszahlungen_laufende_verwaltung,Auszahlungen aus lfd. Verw.-tätigkeit,=,true,2026,ansatz,4204950,66
PB,01,false,16,auszahlungen_laufende_verwaltung,Auszahlungen aus lfd. Verw.-tätigkeit,=,true,2026,ve,0,66
PB,01,false,16,auszahlungen_laufende_verwaltung,Auszahlungen aus lfd. Verw.-tätigkeit,=,true,2027,planung,4374750,66
PB,01,false,16,auszahlungen_laufende_verwaltung,Auszahlungen aus lfd. Verw.-tätigkeit,=,true,2028,planung,4494690,66
PB,01,false,16,auszahlungen_laufende_verwaltung,Auszahlungen aus lfd. Verw.-tätigkeit,=,true,2029,planung,4530250,66
PB,01,false,18,investitionszuwendungen,Zuwendungen für Investitionsmaßnahmen,+,false,2024,ergebnis,36145,66
PB,01,false,18,investitionszuwendungen,Zuwendungen für Investitionsmaßnahmen,+,false,2025,ansatz,0,66
PB,01,false,18,investitionszuwendungen,Zuwendungen für Investitionsmaßnahmen,+,false,2026,ansatz,0,66
PB,01,false,18,investitionszuwendungen,Zuwendungen für Investitionsmaßnahmen,+,false,2026,ve,0,66
PB,01,false,18,investitionszuwendungen,Zuwendungen für Investitionsmaßnahmen,+,false,2027,planung,0,66
PB,01,false,18,investitionszuwendungen,Zuwendungen für Investitionsmaßnahmen,+,false,2028,planung,0,66
PB,01,false,18,investitionszuwendungen,Zuwendungen für Investitionsmaßnahmen,+,false,2029,planung,0,66
PB,01,false,19,veraeusserung_sachanlagen,Einz. aus Veräußerung v. Sachanlagen,+,false,2024,ergebnis,2099199,66
PB,01,false,19,veraeusserung_sachanlagen,Einz. aus Veräußerung v. Sachanlagen,+,false,2025,ansatz,3199990,66
PB,01,false,19,veraeusserung_sachanlagen,Einz. aus Veräußerung v. Sachanlagen,+,false,2026,ansatz,2245830,66
PB,01,false,19,veraeusserung_sachanlagen,Einz. aus Veräußerung v. Sachanlagen,+,false,2026,ve,0,66
PB,01,false,19,veraeusserung_sachanlagen,Einz. aus Veräußerung v. Sachanlagen,+,false,2027,planung,2181640,66
PB,01,false,19,veraeusserung_sachanlagen,Einz. aus Veräußerung v. Sachanlagen,+,false,2028,planung,3516928,66
PB,01,false,19,veraeusserung_sachanlagen,Einz. aus Veräußerung v. Sachanlagen,+,false,2029,planung,1830000,66
PB,01,false,21,beitraege,Einz. aus Beiträgen u. ä. Entgelten,+,false,2024,ergebnis,-18590,66
PB,01,false,21,beitraege,Einz. aus Beiträgen u. ä. Entgelten,+,false,2025,ansatz,0,66
PB,01,false,21,beitraege,Einz. aus Beiträgen u. ä. Entgelten,+,false,2026,ansatz,0,66
PB,01,false,21,beitraege,Einz. aus Beiträgen u. ä. Entgelten,+,false,2026,ve,0,66
PB,01,false,21,beitraege,Einz. aus Beiträgen u. ä. Entgelten,+,false,2027,planung,0,66
PB,01,false,21,beitraege,Einz. aus Beiträgen u. ä. Entgelten,+,false,2028,planung,0,66
PB,01,false,21,beitraege,Einz. aus Beiträgen u. ä. Entgelten,+,false,2029,planung,0,66
PB,01,false,23,einzahlungen_investitionen,Einzahlungen aus Investitionstätigkeit,=,true,2024,ergebnis,2116754,66
PB,01,false,23,einzahlungen_investitionen,Einzahlungen aus Investitionstätigkeit,=,true,2025,ansatz,3199990,66
PB,01,false,23,einzahlungen_investitionen,Einzahlungen aus Investitionstätigkeit,=,true,2026,ansatz,2245830,66
PB,01,false,23,einzahlungen_investitionen,Einzahlungen aus Investitionstätigkeit,=,true,2026,ve,0,66
PB,01,false,23,einzahlungen_investitionen,Einzahlungen aus Investitionstätigkeit,=,true,2027,planung,2181640,66
PB,01,false,23,einzahlungen_investitionen,Einzahlungen aus Investitionstätigkeit,=,true,2028,planung,3516928,66
PB,01,false,23,einzahlungen_investitionen,Einzahlungen aus Investitionstätigkeit,=,true,2029,planung,1830000,66
PB,01,false,24,erwerb_grundstuecke_gebaeude,Ausz. f. Erwerb von Grundst. u. Gebäuden,-,false,2024,ergebnis,155215,66
PB,01,false,24,erwerb_grundstuecke_gebaeude,Ausz. f. Erwerb von Grundst. u. Gebäuden,-,false,2025,ansatz,4725000,66
PB,01,false,24,erwerb_grundstuecke_gebaeude,Ausz. f. Erwerb von Grundst. u. Gebäuden,-,false,2026,ansatz,2081384,66
PB,01,false,24,erwerb_grundstuecke_gebaeude,Ausz. f. Erwerb von Grundst. u. Gebäuden,-,false,2026,ve,0,66
PB,01,false,24,erwerb_grundstuecke_gebaeude,Ausz. f. Erwerb von Grundst. u. Gebäuden,-,false,2027,planung,450000,66
PB,01,false,24,erwerb_grundstuecke_gebaeude,Ausz. f. Erwerb von Grundst. u. Gebäuden,-,false,2028,planung,450000,66
PB,01,false,24,erwerb_grundstuecke_gebaeude,Ausz. f. Erwerb von Grundst. u. Gebäuden,-,false,2029,planung,0,66
PB,01,false,25,baumassnahmen,Ausz. f. Baumaßnahmen,-,false,2024,ergebnis,112840,66
PB,01,false,25,baumassnahmen,Ausz. f. Baumaßnahmen,-,false,2025,ansatz,450000,66
PB,01,false,25,baumassnahmen,Ausz. f. Baumaßnahmen,-,false,2026,ansatz,425000,66
PB,01,false,25,baumassnahmen,Ausz. f. Baumaßnahmen,-,false,2026,ve,0,66
PB,01,false,25,baumassnahmen,Ausz. f. Baumaßnahmen,-,false,2027,planung,300000,66
PB,01,false,25,baumassnahmen,Ausz. f. Baumaßnahmen,-,false,2028,planung,0,66
PB,01,false,25,baumassnahmen,Ausz. f. Baumaßnahmen,-,false,2029,planung,0,66
PB,01,false,26,erwerb_bewegliches_anlagevermoegen,Ausz. f. Erwerb von bewegl. Anlagevermögen,-,false,2024,ergebnis,105255,66
PB,01,false,26,erwerb_bewegliches_anlagevermoegen,Ausz. f. Erwerb von bewegl. Anlagevermögen,-,false,2025,ansatz,426050,66
PB,01,false,26,erwerb_bewegliches_anlagevermoegen,Ausz. f. Erwerb von bewegl. Anlagevermögen,-,false,2026,ansatz,569500,66
PB,01,false,26,erwerb_bewegliches_anlagevermoegen,Ausz. f. Erwerb von bewegl. Anlagevermögen,-,false,2026,ve,0,66
PB,01,false,26,erwerb_bewegliches_anlagevermoegen,Ausz. f. Erwerb von bewegl. Anlagevermögen,-,false,2027,planung,163500,66
PB,01,false,26,erwerb_bewegliches_anlagevermoegen,Ausz. f. Erwerb von bewegl. Anlagevermögen,-,false,2028,planung,79000,66
PB,01,false,26,erwerb_bewegliches_anlagevermoegen,Ausz. f. Erwerb von bewegl. Anlagevermögen,-,false,2029,planung,74000,66
PB,01,false,27,erwerb_finanzanlagen,Ausz. f. Erwerb v. Finanzanlagen,-,false,2024,ergebnis,50000,66
PB,01,false,27,erwerb_finanzanlagen,Ausz. f. Erwerb v. Finanzanlagen,-,false,2025,ansatz,550000,66
PB,01,false,27,erwerb_finanzanlagen,Ausz. f. Erwerb v. Finanzanlagen,-,false,2026,ansatz,50000,66
PB,01,false,27,erwerb_finanzanlagen,Ausz. f. Erwerb v. Finanzanlagen,-,false,2026,ve,0,66
PB,01,false,27,erwerb_finanzanlagen,Ausz. f. Erwerb v. Finanzanlagen,-,false,2027,planung,50000,66
PB,01,false,27,erwerb_finanzanlagen,Ausz. f. Erwerb v. Finanzanlagen,-,false,2028,planung,50000,66
PB,01,false,27,erwerb_finanzanlagen,Ausz. f. Erwerb v. Finanzanlagen,-,false,2029,planung,50000,66
PB,01,false,29,sonstige_investitionsauszahlungen,Sonstige Investitionsauszahlungen,-,false,2024,ergebnis,5071,66
PB,01,false,29,sonstige_investitionsauszahlungen,Sonstige Investitionsauszahlungen,-,false,2025,ansatz,0,66
PB,01,false,29,sonstige_investitionsauszahlungen,Sonstige Investitionsauszahlungen,-,false,2026,ansatz,0,66
PB,01,false,29,sonstige_investitionsauszahlungen,Sonstige Investitionsauszahlungen,-,false,2026,ve,0,66
PB,01,false,29,sonstige_investitionsauszahlungen,Sonstige Investitionsauszahlungen,-,false,2027,planung,0,66
PB,01,false,29,sonstige_investitionsauszahlungen,Sonstige Investitionsauszahlungen,-,false,2028,planung,0,66
PB,01,false,29,sonstige_investitionsauszahlungen,Sonstige Investitionsauszahlungen,-,false,2029,planung,0,66
PB,01,false,30,auszahlungen_investitionen,Auszahlungen aus Investitionstätigkeit,=,true,2024,ergebnis,428381,66
PB,01,false,30,auszahlungen_investitionen,Auszahlungen aus Investitionstätigkeit,=,true,2025,ansatz,6151050,66
PB,01,false,30,auszahlungen_investitionen,Auszahlungen aus Investitionstätigkeit,=,true,2026,ansatz,3125884,66
PB,01,false,30,auszahlungen_investitionen,Auszahlungen aus Investitionstätigkeit,=,true,2026,ve,0,66
PB,01,false,30,auszahlungen_investitionen,Auszahlungen aus Investitionstätigkeit,=,true,2027,planung,963500,66
PB,01,false,30,auszahlungen_investitionen,Auszahlungen aus Investitionstätigkeit,=,true,2028,planung,579000,66
PB,01,false,30,auszahlungen_investitionen,Auszahlungen aus Investitionstätigkeit,=,true,2029,planung,124000,66
PB,01,false,31,saldo_investitionen,Saldo aus Investitionstätigkeit,=,true,2024,ergebnis,1688373,66
PB,01,false,31,saldo_investitionen,Saldo aus Investitionstätigkeit,=,true,2025,ansatz,-2951060,66
PB,01,false,31,saldo_investitionen,Saldo aus Investitionstätigkeit,=,true,2026,ansatz,-880054,66
PB,01,false,31,saldo_investitionen,Saldo aus Investitionstätigkeit,=,true,2026,ve,0,66
PB,01,false,31,saldo_investitionen,Saldo aus Investitionstätigkeit,=,true,2027,planung,1218140,66
PB,01,false,31,saldo_investitionen,Saldo aus Investitionstätigkeit,=,true,2028,planung,2937928,66
PB,01,false,31,saldo_investitionen,Saldo aus Investitionstätigkeit,=,true,2029,planung,1706000,66
PB,02,false,09,einzahlungen_laufende_verwaltung,Einzahlungen aus lfd. Verw.-tätigkeit,=,true,2024,ergebnis,190070,124
PB,02,false,09,einzahlungen_laufende_verwaltung,Einzahlungen aus lfd. Verw.-tätigkeit,=,true,2025,ansatz,145400,124
PB,02,false,09,einzahlungen_laufende_verwaltung,Einzahlungen aus lfd. Verw.-tätigkeit,=,true,2026,ansatz,152300,124
PB,02,false,09,einzahlungen_laufende_verwaltung,Einzahlungen aus lfd. Verw.-tätigkeit,=,true,2026,ve,0,124
PB,02,false,09,einzahlungen_laufende_verwaltung,Einzahlungen aus lfd. Verw.-tätigkeit,=,true,2027,planung,162300,124
PB,02,false,09,einzahlungen_laufende_verwaltung,Einzahlungen aus lfd. Verw.-tätigkeit,=,true,2028,planung,152300,124
PB,02,false,09,einzahlungen_laufende_verwaltung,Einzahlungen aus lfd. Verw.-tätigkeit,=,true,2029,planung,172300,124
PB,02,false,16,auszahlungen_laufende_verwaltung,Auszahlungen aus lfd. Verw.-tätigkeit,=,true,2024,ergebnis,866608,124
PB,02,false,16,auszahlungen_laufende_verwaltung,Auszahlungen aus lfd. Verw.-tätigkeit,=,true,2025,ansatz,1149351,124
PB,02,false,16,auszahlungen_laufende_verwaltung,Auszahlungen aus lfd. Verw.-tätigkeit,=,true,2026,ansatz,1163892,124
PB,02,false,16,auszahlungen_laufende_verwaltung,Auszahlungen aus lfd. Verw.-tätigkeit,=,true,2026,ve,0,124
PB,02,false,16,auszahlungen_laufende_verwaltung,Auszahlungen aus lfd. Verw.-tätigkeit,=,true,2027,planung,1152391,124
PB,02,false,16,auszahlungen_laufende_verwaltung,Auszahlungen aus lfd. Verw.-tätigkeit,=,true,2028,planung,1170075,124
PB,02,false,16,auszahlungen_laufende_verwaltung,Auszahlungen aus lfd. Verw.-tätigkeit,=,true,2029,planung,1219276,124
PB,02,false,18,investitionszuwendungen,Zuwendungen für Investitionsmaßnahmen,+,false,2024,ergebnis,77854,124
PB,02,false,18,investitionszuwendungen,Zuwendungen für Investitionsmaßnahmen,+,false,2025,ansatz,68000,124
PB,02,false,18,investitionszuwendungen,Zuwendungen für Investitionsmaßnahmen,+,false,2026,ansatz,68000,124
PB,02,false,18,investitionszuwendungen,Zuwendungen für Investitionsmaßnahmen,+,false,2026,ve,0,124
PB,02,false,18,investitionszuwendungen,Zuwendungen für Investitionsmaßnahmen,+,false,2027,planung,318000,124
PB,02,false,18,investitionszuwendungen,Zuwendungen für Investitionsmaßnahmen,+,false,2028,planung,68000,124
PB,02,false,18,investitionszuwendungen,Zuwendungen für Investitionsmaßnahmen,+,false,2029,planung,0,124
PB,02,false,19,veraeusserung_sachanlagen,Einz. aus Veräußerung v. Sachanlagen,+,false,2024,ergebnis,29016,124
PB,02,false,19,veraeusserung_sachanlagen,Einz. aus Veräußerung v. Sachanlagen,+,false,2025,ansatz,0,124
PB,02,false,19,veraeusserung_sachanlagen,Einz. aus Veräußerung v. Sachanlagen,+,false,2026,ansatz,0,124
PB,02,false,19,veraeusserung_sachanlagen,Einz. aus Veräußerung v. Sachanlagen,+,false,2026,ve,0,124
PB,02,false,19,veraeusserung_sachanlagen,Einz. aus Veräußerung v. Sachanlagen,+,false,2027,planung,0,124
PB,02,false,19,veraeusserung_sachanlagen,Einz. aus Veräußerung v. Sachanlagen,+,false,2028,planung,0,124
PB,02,false,19,veraeusserung_sachanlagen,Einz. aus Veräußerung v. Sachanlagen,+,false,2029,planung,0,124
PB,02,false,23,einzahlungen_investitionen,Einzahlungen aus Investitionstätigkeit,=,true,2024,ergebnis,106870,124
PB,02,false,23,einzahlungen_investitionen,Einzahlungen aus Investitionstätigkeit,=,true,2025,ansatz,68000,124
PB,02,false,23,einzahlungen_investitionen,Einzahlungen aus Investitionstätigkeit,=,true,2026,ansatz,68000,124
PB,02,false,23,einzahlungen_investitionen,Einzahlungen aus Investitionstätigkeit,=,true,2026,ve,0,124
PB,02,false,23,einzahlungen_investitionen,Einzahlungen aus Investitionstätigkeit,=,true,2027,planung,318000,124
PB,02,false,23,einzahlungen_investitionen,Einzahlungen aus Investitionstätigkeit,=,true,2028,planung,68000,124
PB,02,false,23,einzahlungen_investitionen,Einzahlungen aus Investitionstätigkeit,=,true,2029,planung,0,124
PB,02,false,24,erwerb_grundstuecke_gebaeude,Ausz. f. Erwerb von Grundst. u. Gebäuden,-,false,2024,ergebnis,0,124
PB,02,false,24,erwerb_grundstuecke_gebaeude,Ausz. f. Erwerb von Grundst. u. Gebäuden,-,false,2025,ansatz,175000,124
PB,02,false,24,erwerb_grundstuecke_gebaeude,Ausz. f. Erwerb von Grundst. u. Gebäuden,-,false,2026,ansatz,0,124
PB,02,false,24,erwerb_grundstuecke_gebaeude,Ausz. f. Erwerb von Grundst. u. Gebäuden,-,false,2026,ve,0,124
PB,02,false,24,erwerb_grundstuecke_gebaeude,Ausz. f. Erwerb von Grundst. u. Gebäuden,-,false,2027,planung,0,124
PB,02,false,24,erwerb_grundstuecke_gebaeude,Ausz. f. Erwerb von Grundst. u. Gebäuden,-,false,2028,planung,0,124
PB,02,false,24,erwerb_grundstuecke_gebaeude,Ausz. f. Erwerb von Grundst. u. Gebäuden,-,false,2029,planung,0,124
PB,02,false,25,baumassnahmen,Ausz. f. Baumaßnahmen,-,false,2024,ergebnis,210330,124
PB,02,false,25,baumassnahmen,Ausz. f. Baumaßnahmen,-,false,2025,ansatz,100000,124
PB,02,false,25,baumassnahmen,Ausz. f. Baumaßnahmen,-,false,2026,ansatz,120000,124
PB,02,false,25,baumassnahmen,Ausz. f. Baumaßnahmen,-,false,2026,ve,3200000,124
PB,02,false,25,baumassnahmen,Ausz. f. Baumaßnahmen,-,false,2027,planung,2000000,124
PB,02,false,25,baumassnahmen,Ausz. f. Baumaßnahmen,-,false,2028,planung,1200000,124
PB,02,false,25,baumassnahmen,Ausz. f. Baumaßnahmen,-,false,2029,planung,0,124
PB,02,false,26,erwerb_bewegliches_anlagevermoegen,Ausz. f. Erwerb von bewegl. Anlagevermögen,-,false,2024,ergebnis,42874,124
PB,02,false,26,erwerb_bewegliches_anlagevermoegen,Ausz. f. Erwerb von bewegl. Anlagevermögen,-,false,2025,ansatz,494400,124
PB,02,false,26,erwerb_bewegliches_anlagevermoegen,Ausz. f. Erwerb von bewegl. Anlagevermögen,-,false,2026,ansatz,354000,124
PB,02,false,26,erwerb_bewegliches_anlagevermoegen,Ausz. f. Erwerb von bewegl. Anlagevermögen,-,false,2026,ve,0,124
PB,02,false,26,erwerb_bewegliches_anlagevermoegen,Ausz. f. Erwerb von bewegl. Anlagevermögen,-,false,2027,planung,324000,124
PB,02,false,26,erwerb_bewegliches_anlagevermoegen,Ausz. f. Erwerb von bewegl. Anlagevermögen,-,false,2028,planung,324000,124
PB,02,false,26,erwerb_bewegliches_anlagevermoegen,Ausz. f. Erwerb von bewegl. Anlagevermögen,-,false,2029,planung,224000,124
PB,02,false,28,aktivierbare_zuwendungen,Ausz. f. aktivierbaren Zuwendungen,-,false,2024,ergebnis,0,124
PB,02,false,28,aktivierbare_zuwendungen,Ausz. f. aktivierbaren Zuwendungen,-,false,2025,ansatz,0,124
PB,02,false,28,aktivierbare_zuwendungen,Ausz. f. aktivierbaren Zuwendungen,-,false,2026,ansatz,140000,124
PB,02,false,28,aktivierbare_zuwendungen,Ausz. f. aktivierbaren Zuwendungen,-,false,2026,ve,0,124
PB,02,false,28,aktivierbare_zuwendungen,Ausz. f. aktivierbaren Zuwendungen,-,false,2027,planung,0,124
PB,02,false,28,aktivierbare_zuwendungen,Ausz. f. aktivierbaren Zuwendungen,-,false,2028,planung,0,124
PB,02,false,28,aktivierbare_zuwendungen,Ausz. f. aktivierbaren Zuwendungen,-,false,2029,planung,0,124
PB,02,false,30,auszahlungen_investitionen,Auszahlungen aus Investitionstätigkeit,=,true,2024,ergebnis,253204,124
PB,02,false,30,auszahlungen_investitionen,Auszahlungen aus Investitionstätigkeit,=,true,2025,ansatz,769400,124
PB,02,false,30,auszahlungen_investitionen,Auszahlungen aus Investitionstätigkeit,=,true,2026,ansatz,614000,124
PB,02,false,30,auszahlungen_investitionen,Auszahlungen aus Investitionstätigkeit,=,true,2026,ve,3200000,124
PB,02,false,30,auszahlungen_investitionen,Auszahlungen aus Investitionstätigkeit,=,true,2027,planung,2324000,124
PB,02,false,30,auszahlungen_investitionen,Auszahlungen aus Investitionstätigkeit,=,true,2028,planung,1524000,124
PB,02,false,30,auszahlungen_investitionen,Auszahlungen aus Investitionstätigkeit,=,true,2029,planung,224000,124
PB,02,false,31,saldo_investitionen,Saldo aus Investitionstätigkeit,=,true,2024,ergebnis,-146333,124
PB,02,false,31,saldo_investitionen,Saldo aus Investitionstätigkeit,=,true,2025,ansatz,-701400,124
PB,02,false,31,saldo_investitionen,Saldo aus Investitionstätigkeit,=,true,2026,ansatz,-546000,124
PB,02,false,31,saldo_investitionen,Saldo aus Investitionstätigkeit,=,true,2026,ve,-3200000,124
PB,02,false,31,saldo_investitionen,Saldo aus Investitionstätigkeit,=,true,2027,planung,-2006000,124
PB,02,false,31,saldo_investitionen,Saldo aus Investitionstätigkeit,=,true,2028,planung,-1456000,124
PB,02,false,31,saldo_investitionen,Saldo aus Investitionstätigkeit,=,true,2029,planung,-224000,124
PB,03,false,09,einzahlungen_laufende_verwaltung,Einzahlungen aus lfd. Verw.-tätigkeit,=,true,2024,ergebnis,645777,145
PB,03,false,09,einzahlungen_laufende_verwaltung,Einzahlungen aus lfd. Verw.-tätigkeit,=,true,2025,ansatz,1039100,145
PB,03,false,09,einzahlungen_laufende_verwaltung,Einzahlungen aus lfd. Verw.-tätigkeit,=,true,2026,ansatz,1462400,145
PB,03,false,09,einzahlungen_laufende_verwaltung,Einzahlungen aus lfd. Verw.-tätigkeit,=,true,2026,ve,0,145
PB,03,false,09,einzahlungen_laufende_verwaltung,Einzahlungen aus lfd. Verw.-tätigkeit,=,true,2027,planung,1411800,145
PB,03,false,09,einzahlungen_laufende_verwaltung,Einzahlungen aus lfd. Verw.-tätigkeit,=,true,2028,planung,1411800,145
PB,03,false,09,einzahlungen_laufende_verwaltung,Einzahlungen aus lfd. Verw.-tätigkeit,=,true,2029,planung,1411800,145
PB,03,false,16,auszahlungen_laufende_verwaltung,Auszahlungen aus lfd. Verw.-tätigkeit,=,true,2024,ergebnis,2800486,145
PB,03,false,16,auszahlungen_laufende_verwaltung,Auszahlungen aus lfd. Verw.-tätigkeit,=,true,2025,ansatz,3488500,145
PB,03,false,16,auszahlungen_laufende_verwaltung,Auszahlungen aus lfd. Verw.-tätigkeit,=,true,2026,ansatz,3805300,145
PB,03,false,16,auszahlungen_laufende_verwaltung,Auszahlungen aus lfd. Verw.-tätigkeit,=,true,2026,ve,0,145
PB,03,false,16,auszahlungen_laufende_verwaltung,Auszahlungen aus lfd. Verw.-tätigkeit,=,true,2027,planung,3612200,145
PB,03,false,16,auszahlungen_laufende_verwaltung,Auszahlungen aus lfd. Verw.-tätigkeit,=,true,2028,planung,3646600,145
PB,03,false,16,auszahlungen_laufende_verwaltung,Auszahlungen aus lfd. Verw.-tätigkeit,=,true,2029,planung,3656740,145
PB,03,false,18,investitionszuwendungen,Zuwendungen für Investitionsmaßnahmen,+,false,2024,ergebnis,66064,145
PB,03,false,18,investitionszuwendungen,Zuwendungen für Investitionsmaßnahmen,+,false,2025,ansatz,590000,145
PB,03,false,18,investitionszuwendungen,Zuwendungen für Investitionsmaßnahmen,+,false,2026,ansatz,586000,145
PB,03,false,18,investitionszuwendungen,Zuwendungen für Investitionsmaßnahmen,+,false,2026,ve,0,145
PB,03,false,18,investitionszuwendungen,Zuwendungen für Investitionsmaßnahmen,+,false,2027,planung,0,145
PB,03,false,18,investitionszuwendungen,Zuwendungen für Investitionsmaßnahmen,+,false,2028,planung,0,145
PB,03,false,18,investitionszuwendungen,Zuwendungen für Investitionsmaßnahmen,+,false,2029,planung,0,145
PB,03,false,19,veraeusserung_sachanlagen,Einz. aus Veräußerung v. Sachanlagen,+,false,2024,ergebnis,3000,145
PB,03,false,19,veraeusserung_sachanlagen,Einz. aus Veräußerung v. Sachanlagen,+,false,2025,ansatz,0,145
PB,03,false,19,veraeusserung_sachanlagen,Einz. aus Veräußerung v. Sachanlagen,+,false,2026,ansatz,0,145
PB,03,false,19,veraeusserung_sachanlagen,Einz. aus Veräußerung v. Sachanlagen,+,false,2026,ve,0,145
PB,03,false,19,veraeusserung_sachanlagen,Einz. aus Veräußerung v. Sachanlagen,+,false,2027,planung,0,145
PB,03,false,19,veraeusserung_sachanlagen,Einz. aus Veräußerung v. Sachanlagen,+,false,2028,planung,0,145
PB,03,false,19,veraeusserung_sachanlagen,Einz. aus Veräußerung v. Sachanlagen,+,false,2029,planung,0,145
PB,03,false,23,einzahlungen_investitionen,Einzahlungen aus Investitionstätigkeit,=,true,2024,ergebnis,69064,145
PB,03,false,23,einzahlungen_investitionen,Einzahlungen aus Investitionstätigkeit,=,true,2025,ansatz,590000,145
PB,03,false,23,einzahlungen_investitionen,Einzahlungen aus Investitionstätigkeit,=,true,2026,ansatz,586000,145
PB,03,false,23,einzahlungen_investitionen,Einzahlungen aus Investitionstätigkeit,=,true,2026,ve,0,145
PB,03,false,23,einzahlungen_investitionen,Einzahlungen aus Investitionstätigkeit,=,true,2027,planung,0,145
PB,03,false,23,einzahlungen_investitionen,Einzahlungen aus Investitionstätigkeit,=,true,2028,planung,0,145
PB,03,false,23,einzahlungen_investitionen,Einzahlungen aus Investitionstätigkeit,=,true,2029,planung,0,145
PB,03,false,25,baumassnahmen,Ausz. f. Baumaßnahmen,-,false,2024,ergebnis,13817,145
PB,03,false,25,baumassnahmen,Ausz. f. Baumaßnahmen,-,false,2025,ansatz,3576000,145
PB,03,false,25,baumassnahmen,Ausz. f. Baumaßnahmen,-,false,2026,ansatz,4030000,145
PB,03,false,25,baumassnahmen,Ausz. f. Baumaßnahmen,-,false,2026,ve,5700000,145
PB,03,false,25,baumassnahmen,Ausz. f. Baumaßnahmen,-,false,2027,planung,4700000,145
PB,03,false,25,baumassnahmen,Ausz. f. Baumaßnahmen,-,false,2028,planung,1000000,145
PB,03,false,25,baumassnahmen,Ausz. f. Baumaßnahmen,-,false,2029,planung,0,145
PB,03,false,26,erwerb_bewegliches_anlagevermoegen,Ausz. f. Erwerb von bewegl. Anlagevermögen,-,false,2024,ergebnis,65101,145
PB,03,false,26,erwerb_bewegliches_anlagevermoegen,Ausz. f. Erwerb von bewegl. Anlagevermögen,-,false,2025,ansatz,370000,145
PB,03,false,26,erwerb_bewegliches_anlagevermoegen,Ausz. f. Erwerb von bewegl. Anlagevermögen,-,false,2026,ansatz,370600,145
PB,03,false,26,erwerb_bewegliches_anlagevermoegen,Ausz. f. Erwerb von bewegl. Anlagevermögen,-,false,2026,ve,0,145
PB,03,false,26,erwerb_bewegliches_anlagevermoegen,Ausz. f. Erwerb von bewegl. Anlagevermögen,-,false,2027,planung,5600,145
PB,03,false,26,erwerb_bewegliches_anlagevermoegen,Ausz. f. Erwerb von bewegl. Anlagevermögen,-,false,2028,planung,5600,145
PB,03,false,26,erwerb_bewegliches_anlagevermoegen,Ausz. f. Erwerb von bewegl. Anlagevermögen,-,false,2029,planung,5600,145
PB,03,false,30,auszahlungen_investitionen,Auszahlungen aus Investitionstätigkeit,=,true,2024,ergebnis,78918,145
PB,03,false,30,auszahlungen_investitionen,Auszahlungen aus Investitionstätigkeit,=,true,2025,ansatz,3946000,145
PB,03,false,30,auszahlungen_investitionen,Auszahlungen aus Investitionstätigkeit,=,true,2026,ansatz,4400600,145
PB,03,false,30,auszahlungen_investitionen,Auszahlungen aus Investitionstätigkeit,=,true,2026,ve,5700000,145
PB,03,false,30,auszahlungen_investitionen,Auszahlungen aus Investitionstätigkeit,=,true,2027,planung,4705600,145
PB,03,false,30,auszahlungen_investitionen,Auszahlungen aus Investitionstätigkeit,=,true,2028,planung,1005600,145
PB,03,false,30,auszahlungen_investitionen,Auszahlungen aus Investitionstätigkeit,=,true,2029,planung,5600,145
PB,03,false,31,saldo_investitionen,Saldo aus Investitionstätigkeit,=,true,2024,ergebnis,-9854,145
PB,03,false,31,saldo_investitionen,Saldo aus Investitionstätigkeit,=,true,2025,ansatz,-3356000,145
PB,03,false,31,saldo_investitionen,Saldo aus Investitionstätigkeit,=,true,2026,ansatz,-3814600,145
PB,03,false,31,saldo_investitionen,Saldo aus Investitionstätigkeit,=,true,2026,ve,-5700000,145
PB,03,false,31,saldo_investitionen,Saldo aus Investitionstätigkeit,=,true,2027,planung,-4705600,145
PB,03,false,31,saldo_investitionen,Saldo aus Investitionstätigkeit,=,true,2028,planung,-1005600,145
PB,03,false,31,saldo_investitionen,Saldo aus Investitionstätigkeit,=,true,2029,planung,-5600,145
PB,04,false,09,einzahlungen_laufende_verwaltung,Einzahlungen aus lfd. Verw.-tätigkeit,=,true,2024,ergebnis,34794,169
PB,04,false,09,einzahlungen_laufende_verwaltung,Einzahlungen aus lfd. Verw.-tätigkeit,=,true,2025,ansatz,16100,169
PB,04,false,09,einzahlungen_laufende_verwaltung,Einzahlungen aus lfd. Verw.-tätigkeit,=,true,2026,ansatz,16200,169
PB,04,false,09,einzahlungen_laufende_verwaltung,Einzahlungen aus lfd. Verw.-tätigkeit,=,true,2026,ve,0,169
PB,04,false,09,einzahlungen_laufende_verwaltung,Einzahlungen aus lfd. Verw.-tätigkeit,=,true,2027,planung,16200,169
PB,04,false,09,einzahlungen_laufende_verwaltung,Einzahlungen aus lfd. Verw.-tätigkeit,=,true,2028,planung,11200,169
PB,04,false,09,einzahlungen_laufende_verwaltung,Einzahlungen aus lfd. Verw.-tätigkeit,=,true,2029,planung,11200,169
PB,04,false,16,auszahlungen_laufende_verwaltung,Auszahlungen aus lfd. Verw.-tätigkeit,=,true,2024,ergebnis,133574,169
PB,04,false,16,auszahlungen_laufende_verwaltung,Auszahlungen aus lfd. Verw.-tätigkeit,=,true,2025,ansatz,145850,169
PB,04,false,16,auszahlungen_laufende_verwaltung,Auszahlungen aus lfd. Verw.-tätigkeit,=,true,2026,ansatz,174750,169
PB,04,false,16,auszahlungen_laufende_verwaltung,Auszahlungen aus lfd. Verw.-tätigkeit,=,true,2026,ve,0,169
PB,04,false,16,auszahlungen_laufende_verwaltung,Auszahlungen aus lfd. Verw.-tätigkeit,=,true,2027,planung,167900,169
PB,04,false,16,auszahlungen_laufende_verwaltung,Auszahlungen aus lfd. Verw.-tätigkeit,=,true,2028,planung,168100,169
PB,04,false,16,auszahlungen_laufende_verwaltung,Auszahlungen aus lfd. Verw.-tätigkeit,=,true,2029,planung,173000,169
PB,04,false,26,erwerb_bewegliches_anlagevermoegen,Ausz. f. Erwerb von bewegl. Anlagevermögen,-,false,2024,ergebnis,0,169
PB,04,false,26,erwerb_bewegliches_anlagevermoegen,Ausz. f. Erwerb von bewegl. Anlagevermögen,-,false,2025,ansatz,0,169
PB,04,false,26,erwerb_bewegliches_anlagevermoegen,Ausz. f. Erwerb von bewegl. Anlagevermögen,-,false,2026,ansatz,0,169
PB,04,false,26,erwerb_bewegliches_anlagevermoegen,Ausz. f. Erwerb von bewegl. Anlagevermögen,-,false,2026,ve,0,169
PB,04,false,26,erwerb_bewegliches_anlagevermoegen,Ausz. f. Erwerb von bewegl. Anlagevermögen,-,false,2027,planung,30000,169
PB,04,false,26,erwerb_bewegliches_anlagevermoegen,Ausz. f. Erwerb von bewegl. Anlagevermögen,-,false,2028,planung,0,169
PB,04,false,26,erwerb_bewegliches_anlagevermoegen,Ausz. f. Erwerb von bewegl. Anlagevermögen,-,false,2029,planung,0,169
PB,04,false,30,auszahlungen_investitionen,Auszahlungen aus Investitionstätigkeit,=,true,2024,ergebnis,0,169
PB,04,false,30,auszahlungen_investitionen,Auszahlungen aus Investitionstätigkeit,=,true,2025,ansatz,0,169
PB,04,false,30,auszahlungen_investitionen,Auszahlungen aus Investitionstätigkeit,=,true,2026,ansatz,0,169
PB,04,false,30,auszahlungen_investitionen,Auszahlungen aus Investitionstätigkeit,=,true,2026,ve,0,169
PB,04,false,30,auszahlungen_investitionen,Auszahlungen aus Investitionstätigkeit,=,true,2027,planung,30000,169
PB,04,false,30,auszahlungen_investitionen,Auszahlungen aus Investitionstätigkeit,=,true,2028,planung,0,169
PB,04,false,30,auszahlungen_investitionen,Auszahlungen aus Investitionstätigkeit,=,true,2029,planung,0,169
PB,05,false,09,einzahlungen_laufende_verwaltung,Einzahlungen aus lfd. Verw.-tätigkeit,=,true,2024,ergebnis,516859,178
PB,05,false,09,einzahlungen_laufende_verwaltung,Einzahlungen aus lfd. Verw.-tätigkeit,=,true,2025,ansatz,351000,178
PB,05,false,09,einzahlungen_laufende_verwaltung,Einzahlungen aus lfd. Verw.-tätigkeit,=,true,2026,ansatz,421000,178
PB,05,false,09,einzahlungen_laufende_verwaltung,Einzahlungen aus lfd. Verw.-tätigkeit,=,true,2026,ve,0,178
PB,05,false,09,einzahlungen_laufende_verwaltung,Einzahlungen aus lfd. Verw.-tätigkeit,=,true,2027,planung,421000,178
PB,05,false,09,einzahlungen_laufende_verwaltung,Einzahlungen aus lfd. Verw.-tätigkeit,=,true,2028,planung,421000,178
PB,05,false,09,einzahlungen_laufende_verwaltung,Einzahlungen aus lfd. Verw.-tätigkeit,=,true,2029,planung,421000,178
PB,05,false,16,auszahlungen_laufende_verwaltung,Auszahlungen aus lfd. Verw.-tätigkeit,=,true,2024,ergebnis,594905,178
PB,05,false,16,auszahlungen_laufende_verwaltung,Auszahlungen aus lfd. Verw.-tätigkeit,=,true,2025,ansatz,833000,178
PB,05,false,16,auszahlungen_laufende_verwaltung,Auszahlungen aus lfd. Verw.-tätigkeit,=,true,2026,ansatz,873150,178
PB,05,false,16,auszahlungen_laufende_verwaltung,Auszahlungen aus lfd. Verw.-tätigkeit,=,true,2026,ve,0,178
PB,05,false,16,auszahlungen_laufende_verwaltung,Auszahlungen aus lfd. Verw.-tätigkeit,=,true,2027,planung,888100,178
PB,05,false,16,auszahlungen_laufende_verwaltung,Auszahlungen aus lfd. Verw.-tätigkeit,=,true,2028,planung,901500,178
PB,05,false,16,auszahlungen_laufende_verwaltung,Auszahlungen aus lfd. Verw.-tätigkeit,=,true,2029,planung,916600,178
PB,05,false,18,investitionszuwendungen,Zuwendungen für Investitionsmaßnahmen,+,false,2024,ergebnis,-2322,178
PB,05,false,18,investitionszuwendungen,Zuwendungen für Investitionsmaßnahmen,+,false,2025,ansatz,0,178
PB,05,false,18,investitionszuwendungen,Zuwendungen für Investitionsmaßnahmen,+,false,2026,ansatz,0,178
PB,05,false,18,investitionszuwendungen,Zuwendungen für Investitionsmaßnahmen,+,false,2026,ve,0,178
PB,05,false,18,investitionszuwendungen,Zuwendungen für Investitionsmaßnahmen,+,false,2027,planung,0,178
PB,05,false,18,investitionszuwendungen,Zuwendungen für Investitionsmaßnahmen,+,false,2028,planung,0,178
PB,05,false,18,investitionszuwendungen,Zuwendungen für Investitionsmaßnahmen,+,false,2029,planung,0,178
PB,05,false,23,einzahlungen_investitionen,Einzahlungen aus Investitionstätigkeit,=,true,2024,ergebnis,-2322,178
PB,05,false,23,einzahlungen_investitionen,Einzahlungen aus Investitionstätigkeit,=,true,2025,ansatz,0,178
PB,05,false,23,einzahlungen_investitionen,Einzahlungen aus Investitionstätigkeit,=,true,2026,ansatz,0,178
PB,05,false,23,einzahlungen_investitionen,Einzahlungen aus Investitionstätigkeit,=,true,2026,ve,0,178
PB,05,false,23,einzahlungen_investitionen,Einzahlungen aus Investitionstätigkeit,=,true,2027,planung,0,178
PB,05,false,23,einzahlungen_investitionen,Einzahlungen aus Investitionstätigkeit,=,true,2028,planung,0,178
PB,05,false,23,einzahlungen_investitionen,Einzahlungen aus Investitionstätigkeit,=,true,2029,planung,0,178
PB,06,false,09,einzahlungen_laufende_verwaltung,Einzahlungen aus lfd. Verw.-tätigkeit,=,true,2024,ergebnis,164171,192
PB,06,false,09,einzahlungen_laufende_verwaltung,Einzahlungen aus lfd. Verw.-tätigkeit,=,true,2025,ansatz,28650,192
PB,06,false,09,einzahlungen_laufende_verwaltung,Einzahlungen aus lfd. Verw.-tätigkeit,=,true,2026,ansatz,17650,192
PB,06,false,09,einzahlungen_laufende_verwaltung,Einzahlungen aus lfd. Verw.-tätigkeit,=,true,2026,ve,0,192
PB,06,false,09,einzahlungen_laufende_verwaltung,Einzahlungen aus lfd. Verw.-tätigkeit,=,true,2027,planung,9650,192
PB,06,false,09,einzahlungen_laufende_verwaltung,Einzahlungen aus lfd. Verw.-tätigkeit,=,true,2028,planung,9650,192
PB,06,false,09,einzahlungen_laufende_verwaltung,Einzahlungen aus lfd. Verw.-tätigkeit,=,true,2029,planung,9650,192
PB,06,false,16,auszahlungen_laufende_verwaltung,Auszahlungen aus lfd. Verw.-tätigkeit,=,true,2024,ergebnis,1327102,192
PB,06,false,16,auszahlungen_laufende_verwaltung,Auszahlungen aus lfd. Verw.-tätigkeit,=,true,2025,ansatz,1332630,192
PB,06,false,16,auszahlungen_laufende_verwaltung,Auszahlungen aus lfd. Verw.-tätigkeit,=,true,2026,ansatz,1260080,192
PB,06,false,16,auszahlungen_laufende_verwaltung,Auszahlungen aus lfd. Verw.-tätigkeit,=,true,2026,ve,0,192
PB,06,false,16,auszahlungen_laufende_verwaltung,Auszahlungen aus lfd. Verw.-tätigkeit,=,true,2027,planung,1202580,192
PB,06,false,16,auszahlungen_laufende_verwaltung,Auszahlungen aus lfd. Verw.-tätigkeit,=,true,2028,planung,1230280,192
PB,06,false,16,auszahlungen_laufende_verwaltung,Auszahlungen aus lfd. Verw.-tätigkeit,=,true,2029,planung,1249380,192
PB,06,false,18,investitionszuwendungen,Zuwendungen für Investitionsmaßnahmen,+,false,2024,ergebnis,22935,192
PB,06,false,18,investitionszuwendungen,Zuwendungen für Investitionsmaßnahmen,+,false,2025,ansatz,0,192
PB,06,false,18,investitionszuwendungen,Zuwendungen für Investitionsmaßnahmen,+,false,2026,ansatz,0,192
PB,06,false,18,investitionszuwendungen,Zuwendungen für Investitionsmaßnahmen,+,false,2026,ve,0,192
PB,06,false,18,investitionszuwendungen,Zuwendungen für Investitionsmaßnahmen,+,false,2027,planung,0,192
PB,06,false,18,investitionszuwendungen,Zuwendungen für Investitionsmaßnahmen,+,false,2028,planung,0,192
PB,06,false,18,investitionszuwendungen,Zuwendungen für Investitionsmaßnahmen,+,false,2029,planung,0,192
PB,06,false,23,einzahlungen_investitionen,Einzahlungen aus Investitionstätigkeit,=,true,2024,ergebnis,22935,192
PB,06,false,23,einzahlungen_investitionen,Einzahlungen aus Investitionstätigkeit,=,true,2025,ansatz,0,192
PB,06,false,23,einzahlungen_investitionen,Einzahlungen aus Investitionstätigkeit,=,true,2026,ansatz,0,192
PB,06,false,23,einzahlungen_investitionen,Einzahlungen aus Investitionstätigkeit,=,true,2026,ve,0,192
PB,06,false,23,einzahlungen_investitionen,Einzahlungen aus Investitionstätigkeit,=,true,2027,planung,0,192
PB,06,false,23,einzahlungen_investitionen,Einzahlungen aus Investitionstätigkeit,=,true,2028,planung,0,192
PB,06,false,23,einzahlungen_investitionen,Einzahlungen aus Investitionstätigkeit,=,true,2029,planung,0,192
PB,06,false,24,erwerb_grundstuecke_gebaeude,Ausz. f. Erwerb von Grundst. u. Gebäuden,-,false,2024,ergebnis,103135,192
PB,06,false,24,erwerb_grundstuecke_gebaeude,Ausz. f. Erwerb von Grundst. u. Gebäuden,-,false,2025,ansatz,25000,192
PB,06,false,24,erwerb_grundstuecke_gebaeude,Ausz. f. Erwerb von Grundst. u. Gebäuden,-,false,2026,ansatz,0,192
PB,06,false,24,erwerb_grundstuecke_gebaeude,Ausz. f. Erwerb von Grundst. u. Gebäuden,-,false,2026,ve,0,192
PB,06,false,24,erwerb_grundstuecke_gebaeude,Ausz. f. Erwerb von Grundst. u. Gebäuden,-,false,2027,planung,0,192
PB,06,false,24,erwerb_grundstuecke_gebaeude,Ausz. f. Erwerb von Grundst. u. Gebäuden,-,false,2028,planung,0,192
PB,06,false,24,erwerb_grundstuecke_gebaeude,Ausz. f. Erwerb von Grundst. u. Gebäuden,-,false,2029,planung,0,192
PB,06,false,25,baumassnahmen,Ausz. f. Baumaßnahmen,-,false,2024,ergebnis,0,192
PB,06,false,25,baumassnahmen,Ausz. f. Baumaßnahmen,-,false,2025,ansatz,0,192
PB,06,false,25,baumassnahmen,Ausz. f. Baumaßnahmen,-,false,2026,ansatz,175000,192
PB,06,false,25,baumassnahmen,Ausz. f. Baumaßnahmen,-,false,2026,ve,0,192
PB,06,false,25,baumassnahmen,Ausz. f. Baumaßnahmen,-,false,2027,planung,0,192
PB,06,false,25,baumassnahmen,Ausz. f. Baumaßnahmen,-,false,2028,planung,0,192
PB,06,false,25,baumassnahmen,Ausz. f. Baumaßnahmen,-,false,2029,planung,0,192
PB,06,false,26,erwerb_bewegliches_anlagevermoegen,Ausz. f. Erwerb von bewegl. Anlagevermögen,-,false,2024,ergebnis,0,192
PB,06,false,26,erwerb_bewegliches_anlagevermoegen,Ausz. f. Erwerb von bewegl. Anlagevermögen,-,false,2025,ansatz,0,192
PB,06,false,26,erwerb_bewegliches_anlagevermoegen,Ausz. f. Erwerb von bewegl. Anlagevermögen,-,false,2026,ansatz,0,192
PB,06,false,26,erwerb_bewegliches_anlagevermoegen,Ausz. f. Erwerb von bewegl. Anlagevermögen,-,false,2026,ve,0,192
PB,06,false,26,erwerb_bewegliches_anlagevermoegen,Ausz. f. Erwerb von bewegl. Anlagevermögen,-,false,2027,planung,65000,192
PB,06,false,26,erwerb_bewegliches_anlagevermoegen,Ausz. f. Erwerb von bewegl. Anlagevermögen,-,false,2028,planung,0,192
PB,06,false,26,erwerb_bewegliches_anlagevermoegen,Ausz. f. Erwerb von bewegl. Anlagevermögen,-,false,2029,planung,0,192
PB,06,false,30,auszahlungen_investitionen,Auszahlungen aus Investitionstätigkeit,=,true,2024,ergebnis,103135,192
PB,06,false,30,auszahlungen_investitionen,Auszahlungen aus Investitionstätigkeit,=,true,2025,ansatz,25000,192
PB,06,false,30,auszahlungen_investitionen,Auszahlungen aus Investitionstätigkeit,=,true,2026,ansatz,175000,192
PB,06,false,30,auszahlungen_investitionen,Auszahlungen aus Investitionstätigkeit,=,true,2026,ve,0,192
PB,06,false,30,auszahlungen_investitionen,Auszahlungen aus Investitionstätigkeit,=,true,2027,planung,65000,192
PB,06,false,30,auszahlungen_investitionen,Auszahlungen aus Investitionstätigkeit,=,true,2028,planung,0,192
PB,06,false,30,auszahlungen_investitionen,Auszahlungen aus Investitionstätigkeit,=,true,2029,planung,0,192
PB,06,false,31,saldo_investitionen,Saldo aus Investitionstätigkeit,=,true,2024,ergebnis,-80200,192
PB,06,false,31,saldo_investitionen,Saldo aus Investitionstätigkeit,=,true,2025,ansatz,-25000,192
PB,06,false,31,saldo_investitionen,Saldo aus Investitionstätigkeit,=,true,2026,ansatz,-175000,192
PB,06,false,31,saldo_investitionen,Saldo aus Investitionstätigkeit,=,true,2026,ve,0,192
PB,06,false,31,saldo_investitionen,Saldo aus Investitionstätigkeit,=,true,2027,planung,-65000,192
PB,06,false,31,saldo_investitionen,Saldo aus Investitionstätigkeit,=,true,2028,planung,0,192
PB,06,false,31,saldo_investitionen,Saldo aus Investitionstätigkeit,=,true,2029,planung,0,192
PB,08,false,09,einzahlungen_laufende_verwaltung,Einzahlungen aus lfd. Verw.-tätigkeit,=,true,2024,ergebnis,0,203
PB,08,false,09,einzahlungen_laufende_verwaltung,Einzahlungen aus lfd. Verw.-tätigkeit,=,true,2025,ansatz,100,203
PB,08,false,09,einzahlungen_laufende_verwaltung,Einzahlungen aus lfd. Verw.-tätigkeit,=,true,2026,ansatz,100,203
PB,08,false,09,einzahlungen_laufende_verwaltung,Einzahlungen aus lfd. Verw.-tätigkeit,=,true,2026,ve,0,203
PB,08,false,09,einzahlungen_laufende_verwaltung,Einzahlungen aus lfd. Verw.-tätigkeit,=,true,2027,planung,100,203
PB,08,false,09,einzahlungen_laufende_verwaltung,Einzahlungen aus lfd. Verw.-tätigkeit,=,true,2028,planung,100,203
PB,08,false,09,einzahlungen_laufende_verwaltung,Einzahlungen aus lfd. Verw.-tätigkeit,=,true,2029,planung,100,203
PB,08,false,16,auszahlungen_laufende_verwaltung,Auszahlungen aus lfd. Verw.-tätigkeit,=,true,2024,ergebnis,122147,203
PB,08,false,16,auszahlungen_laufende_verwaltung,Auszahlungen aus lfd. Verw.-tätigkeit,=,true,2025,ansatz,223650,203
PB,08,false,16,auszahlungen_laufende_verwaltung,Auszahlungen aus lfd. Verw.-tätigkeit,=,true,2026,ansatz,230070,203
PB,08,false,16,auszahlungen_laufende_verwaltung,Auszahlungen aus lfd. Verw.-tätigkeit,=,true,2026,ve,0,203
PB,08,false,16,auszahlungen_laufende_verwaltung,Auszahlungen aus lfd. Verw.-tätigkeit,=,true,2027,planung,170720,203
PB,08,false,16,auszahlungen_laufende_verwaltung,Auszahlungen aus lfd. Verw.-tätigkeit,=,true,2028,planung,174720,203
PB,08,false,16,auszahlungen_laufende_verwaltung,Auszahlungen aus lfd. Verw.-tätigkeit,=,true,2029,planung,176620,203
PB,08,false,25,baumassnahmen,Ausz. f. Baumaßnahmen,-,false,2024,ergebnis,0,203
PB,08,false,25,baumassnahmen,Ausz. f. Baumaßnahmen,-,false,2025,ansatz,0,203
PB,08,false,25,baumassnahmen,Ausz. f. Baumaßnahmen,-,false,2026,ansatz,85000,203
PB,08,false,25,baumassnahmen,Ausz. f. Baumaßnahmen,-,false,2026,ve,0,203
PB,08,false,25,baumassnahmen,Ausz. f. Baumaßnahmen,-,false,2027,planung,0,203
PB,08,false,25,baumassnahmen,Ausz. f. Baumaßnahmen,-,false,2028,planung,0,203
PB,08,false,25,baumassnahmen,Ausz. f. Baumaßnahmen,-,false,2029,planung,0,203
PB,08,false,26,erwerb_bewegliches_anlagevermoegen,Ausz. f. Erwerb von bewegl. Anlagevermögen,-,false,2024,ergebnis,0,203
PB,08,false,26,erwerb_bewegliches_anlagevermoegen,Ausz. f. Erwerb von bewegl. Anlagevermögen,-,false,2025,ansatz,20000,203
PB,08,false,26,erwerb_bewegliches_anlagevermoegen,Ausz. f. Erwerb von bewegl. Anlagevermögen,-,false,2026,ansatz,200000,203
PB,08,false,26,erwerb_bewegliches_anlagevermoegen,Ausz. f. Erwerb von bewegl. Anlagevermögen,-,false,2026,ve,0,203
PB,08,false,26,erwerb_bewegliches_anlagevermoegen,Ausz. f. Erwerb von bewegl. Anlagevermögen,-,false,2027,planung,0,203
PB,08,false,26,erwerb_bewegliches_anlagevermoegen,Ausz. f. Erwerb von bewegl. Anlagevermögen,-,false,2028,planung,0,203
PB,08,false,26,erwerb_bewegliches_anlagevermoegen,Ausz. f. Erwerb von bewegl. Anlagevermögen,-,false,2029,planung,0,203
PB,08,false,30,auszahlungen_investitionen,Auszahlungen aus Investitionstätigkeit,=,true,2024,ergebnis,0,203
PB,08,false,30,auszahlungen_investitionen,Auszahlungen aus Investitionstätigkeit,=,true,2025,ansatz,20000,203
PB,08,false,30,auszahlungen_investitionen,Auszahlungen aus Investitionstätigkeit,=,true,2026,ansatz,285000,203
PB,08,false,30,auszahlungen_investitionen,Auszahlungen aus Investitionstätigkeit,=,true,2026,ve,0,203
PB,08,false,30,auszahlungen_investitionen,Auszahlungen aus Investitionstätigkeit,=,true,2027,planung,0,203
PB,08,false,30,auszahlungen_investitionen,Auszahlungen aus Investitionstätigkeit,=,true,2028,planung,0,203
PB,08,false,30,auszahlungen_investitionen,Auszahlungen aus Investitionstätigkeit,=,true,2029,planung,0,203
PB,09,false,09,einzahlungen_laufende_verwaltung,Einzahlungen aus lfd. Verw.-tätigkeit,=,true,2024,ergebnis,775,208
PB,09,false,09,einzahlungen_laufende_verwaltung,Einzahlungen aus lfd. Verw.-tätigkeit,=,true,2025,ansatz,600,208
PB,09,false,09,einzahlungen_laufende_verwaltung,Einzahlungen aus lfd. Verw.-tätigkeit,=,true,2026,ansatz,0,208
PB,09,false,09,einzahlungen_laufende_verwaltung,Einzahlungen aus lfd. Verw.-tätigkeit,=,true,2026,ve,0,208
PB,09,false,09,einzahlungen_laufende_verwaltung,Einzahlungen aus lfd. Verw.-tätigkeit,=,true,2027,planung,0,208
PB,09,false,09,einzahlungen_laufende_verwaltung,Einzahlungen aus lfd. Verw.-tätigkeit,=,true,2028,planung,0,208
PB,09,false,09,einzahlungen_laufende_verwaltung,Einzahlungen aus lfd. Verw.-tätigkeit,=,true,2029,planung,0,208
PB,09,false,16,auszahlungen_laufende_verwaltung,Auszahlungen aus lfd. Verw.-tätigkeit,=,true,2024,ergebnis,190227,208
PB,09,false,16,auszahlungen_laufende_verwaltung,Auszahlungen aus lfd. Verw.-tätigkeit,=,true,2025,ansatz,274050,208
PB,09,false,16,auszahlungen_laufende_verwaltung,Auszahlungen aus lfd. Verw.-tätigkeit,=,true,2026,ansatz,133250,208
PB,09,false,16,auszahlungen_laufende_verwaltung,Auszahlungen aus lfd. Verw.-tätigkeit,=,true,2026,ve,0,208
PB,09,false,16,auszahlungen_laufende_verwaltung,Auszahlungen aus lfd. Verw.-tätigkeit,=,true,2027,planung,113150,208
PB,09,false,16,auszahlungen_laufende_verwaltung,Auszahlungen aus lfd. Verw.-tätigkeit,=,true,2028,planung,109050,208
PB,09,false,16,auszahlungen_laufende_verwaltung,Auszahlungen aus lfd. Verw.-tätigkeit,=,true,2029,planung,112050,208
PB,09,false,24,erwerb_grundstuecke_gebaeude,Ausz. f. Erwerb von Grundst. u. Gebäuden,-,false,2024,ergebnis,5730,208
PB,09,false,24,erwerb_grundstuecke_gebaeude,Ausz. f. Erwerb von Grundst. u. Gebäuden,-,false,2025,ansatz,75000,208
PB,09,false,24,erwerb_grundstuecke_gebaeude,Ausz. f. Erwerb von Grundst. u. Gebäuden,-,false,2026,ansatz,20000,208
PB,09,false,24,erwerb_grundstuecke_gebaeude,Ausz. f. Erwerb von Grundst. u. Gebäuden,-,false,2026,ve,0,208
PB,09,false,24,erwerb_grundstuecke_gebaeude,Ausz. f. Erwerb von Grundst. u. Gebäuden,-,false,2027,planung,150000,208
PB,09,false,24,erwerb_grundstuecke_gebaeude,Ausz. f. Erwerb von Grundst. u. Gebäuden,-,false,2028,planung,100000,208
PB,09,false,24,erwerb_grundstuecke_gebaeude,Ausz. f. Erwerb von Grundst. u. Gebäuden,-,false,2029,planung,50000,208
PB,09,false,30,auszahlungen_investitionen,Auszahlungen aus Investitionstätigkeit,=,true,2024,ergebnis,5730,208
PB,09,false,30,auszahlungen_investitionen,Auszahlungen aus Investitionstätigkeit,=,true,2025,ansatz,75000,208
PB,09,false,30,auszahlungen_investitionen,Auszahlungen aus Investitionstätigkeit,=,true,2026,ansatz,20000,208
PB,09,false,30,auszahlungen_investitionen,Auszahlungen aus Investitionstätigkeit,=,true,2026,ve,0,208
PB,09,false,30,auszahlungen_investitionen,Auszahlungen aus Investitionstätigkeit,=,true,2027,planung,150000,208
PB,09,false,30,auszahlungen_investitionen,Auszahlungen aus Investitionstätigkeit,=,true,2028,planung,100000,208
PB,09,false,30,auszahlungen_investitionen,Auszahlungen aus Investitionstätigkeit,=,true,2029,planung,50000,208
PB,10,false,09,einzahlungen_laufende_verwaltung,Einzahlungen aus lfd. Verw.-tätigkeit,=,true,2024,ergebnis,206345,220
PB,10,false,09,einzahlungen_laufende_verwaltung,Einzahlungen aus lfd. Verw.-tätigkeit,=,true,2025,ansatz,248050,220
PB,10,false,09,einzahlungen_laufende_verwaltung,Einzahlungen aus lfd. Verw.-tätigkeit,=,true,2026,ansatz,233150,220
PB,10,false,09,einzahlungen_laufende_verwaltung,Einzahlungen aus lfd. Verw.-tätigkeit,=,true,2026,ve,0,220
PB,10,false,09,einzahlungen_laufende_verwaltung,Einzahlungen aus lfd. Verw.-tätigkeit,=,true,2027,planung,225650,220
PB,10,false,09,einzahlungen_laufende_verwaltung,Einzahlungen aus lfd. Verw.-tätigkeit,=,true,2028,planung,225650,220
PB,10,false,09,einzahlungen_laufende_verwaltung,Einzahlungen aus lfd. Verw.-tätigkeit,=,true,2029,planung,225650,220
PB,10,false,16,auszahlungen_laufende_verwaltung,Auszahlungen aus lfd. Verw.-tätigkeit,=,true,2024,ergebnis,531776,220
PB,10,false,16,auszahlungen_laufende_verwaltung,Auszahlungen aus lfd. Verw.-tätigkeit,=,true,2025,ansatz,626900,220
PB,10,false,16,auszahlungen_laufende_verwaltung,Auszahlungen aus lfd. Verw.-tätigkeit,=,true,2026,ansatz,603700,220
PB,10,false,16,auszahlungen_laufende_verwaltung,Auszahlungen aus lfd. Verw.-tätigkeit,=,true,2026,ve,0,220
PB,10,false,16,auszahlungen_laufende_verwaltung,Auszahlungen aus lfd. Verw.-tätigkeit,=,true,2027,planung,586000,220
PB,10,false,16,auszahlungen_laufende_verwaltung,Auszahlungen aus lfd. Verw.-tätigkeit,=,true,2028,planung,600200,220
PB,10,false,16,auszahlungen_laufende_verwaltung,Auszahlungen aus lfd. Verw.-tätigkeit,=,true,2029,planung,614500,220
PB,10,false,25,baumassnahmen,Ausz. f. Baumaßnahmen,-,false,2024,ergebnis,569804,220
PB,10,false,25,baumassnahmen,Ausz. f. Baumaßnahmen,-,false,2025,ansatz,65000,220
PB,10,false,25,baumassnahmen,Ausz. f. Baumaßnahmen,-,false,2026,ansatz,90000,220
PB,10,false,25,baumassnahmen,Ausz. f. Baumaßnahmen,-,false,2026,ve,0,220
PB,10,false,25,baumassnahmen,Ausz. f. Baumaßnahmen,-,false,2027,planung,0,220
PB,10,false,25,baumassnahmen,Ausz. f. Baumaßnahmen,-,false,2028,planung,0,220
PB,10,false,25,baumassnahmen,Ausz. f. Baumaßnahmen,-,false,2029,planung,0,220
PB,10,false,26,erwerb_bewegliches_anlagevermoegen,Ausz. f. Erwerb von bewegl. Anlagevermögen,-,false,2024,ergebnis,9207,220
PB,10,false,26,erwerb_bewegliches_anlagevermoegen,Ausz. f. Erwerb von bewegl. Anlagevermögen,-,false,2025,ansatz,24000,220
PB,10,false,26,erwerb_bewegliches_anlagevermoegen,Ausz. f. Erwerb von bewegl. Anlagevermögen,-,false,2026,ansatz,6000,220
PB,10,false,26,erwerb_bewegliches_anlagevermoegen,Ausz. f. Erwerb von bewegl. Anlagevermögen,-,false,2026,ve,0,220
PB,10,false,26,erwerb_bewegliches_anlagevermoegen,Ausz. f. Erwerb von bewegl. Anlagevermögen,-,false,2027,planung,6000,220
PB,10,false,26,erwerb_bewegliches_anlagevermoegen,Ausz. f. Erwerb von bewegl. Anlagevermögen,-,false,2028,planung,6000,220
PB,10,false,26,erwerb_bewegliches_anlagevermoegen,Ausz. f. Erwerb von bewegl. Anlagevermögen,-,false,2029,planung,6000,220
PB,10,false,30,auszahlungen_investitionen,Auszahlungen aus Investitionstätigkeit,=,true,2024,ergebnis,579011,220
PB,10,false,30,auszahlungen_investitionen,Auszahlungen aus Investitionstätigkeit,=,true,2025,ansatz,89000,220
PB,10,false,30,auszahlungen_investitionen,Auszahlungen aus Investitionstätigkeit,=,true,2026,ansatz,96000,220
PB,10,false,30,auszahlungen_investitionen,Auszahlungen aus Investitionstätigkeit,=,true,2026,ve,0,220
PB,10,false,30,auszahlungen_investitionen,Auszahlungen aus Investitionstätigkeit,=,true,2027,planung,6000,220
PB,10,false,30,auszahlungen_investitionen,Auszahlungen aus Investitionstätigkeit,=,true,2028,planung,6000,220
PB,10,false,30,auszahlungen_investitionen,Auszahlungen aus Investitionstätigkeit,=,true,2029,planung,6000,220
PB,11,false,09,einzahlungen_laufende_verwaltung,Einzahlungen aus lfd. Verw.-tätigkeit,=,true,2024,ergebnis,1131653,231
PB,11,false,09,einzahlungen_laufende_verwaltung,Einzahlungen aus lfd. Verw.-tätigkeit,=,true,2025,ansatz,1291300,231
PB,11,false,09,einzahlungen_laufende_verwaltung,Einzahlungen aus lfd. Verw.-tätigkeit,=,true,2026,ansatz,1226952,231
PB,11,false,09,einzahlungen_laufende_verwaltung,Einzahlungen aus lfd. Verw.-tätigkeit,=,true,2026,ve,0,231
PB,11,false,09,einzahlungen_laufende_verwaltung,Einzahlungen aus lfd. Verw.-tätigkeit,=,true,2027,planung,1247030,231
PB,11,false,09,einzahlungen_laufende_verwaltung,Einzahlungen aus lfd. Verw.-tätigkeit,=,true,2028,planung,1302940,231
PB,11,false,09,einzahlungen_laufende_verwaltung,Einzahlungen aus lfd. Verw.-tätigkeit,=,true,2029,planung,1420240,231
PB,11,false,16,auszahlungen_laufende_verwaltung,Auszahlungen aus lfd. Verw.-tätigkeit,=,true,2024,ergebnis,1113454,231
PB,11,false,16,auszahlungen_laufende_verwaltung,Auszahlungen aus lfd. Verw.-tätigkeit,=,true,2025,ansatz,1226500,231
PB,11,false,16,auszahlungen_laufende_verwaltung,Auszahlungen aus lfd. Verw.-tätigkeit,=,true,2026,ansatz,1165400,231
PB,11,false,16,auszahlungen_laufende_verwaltung,Auszahlungen aus lfd. Verw.-tätigkeit,=,true,2026,ve,0,231
PB,11,false,16,auszahlungen_laufende_verwaltung,Auszahlungen aus lfd. Verw.-tätigkeit,=,true,2027,planung,1185900,231
PB,11,false,16,auszahlungen_laufende_verwaltung,Auszahlungen aus lfd. Verw.-tätigkeit,=,true,2028,planung,1242400,231
PB,11,false,16,auszahlungen_laufende_verwaltung,Auszahlungen aus lfd. Verw.-tätigkeit,=,true,2029,planung,1359700,231
PB,12,false,09,einzahlungen_laufende_verwaltung,Einzahlungen aus lfd. Verw.-tätigkeit,=,true,2024,ergebnis,64521,234
PB,12,false,09,einzahlungen_laufende_verwaltung,Einzahlungen aus lfd. Verw.-tätigkeit,=,true,2025,ansatz,46500,234
PB,12,false,09,einzahlungen_laufende_verwaltung,Einzahlungen aus lfd. Verw.-tätigkeit,=,true,2026,ansatz,62990,234
PB,12,false,09,einzahlungen_laufende_verwaltung,Einzahlungen aus lfd. Verw.-tätigkeit,=,true,2026,ve,0,234
PB,12,false,09,einzahlungen_laufende_verwaltung,Einzahlungen aus lfd. Verw.-tätigkeit,=,true,2027,planung,64190,234
PB,12,false,09,einzahlungen_laufende_verwaltung,Einzahlungen aus lfd. Verw.-tätigkeit,=,true,2028,planung,65040,234
PB,12,false,09,einzahlungen_laufende_verwaltung,Einzahlungen aus lfd. Verw.-tätigkeit,=,true,2029,planung,66340,234
PB,12,false,16,auszahlungen_laufende_verwaltung,Auszahlungen aus lfd. Verw.-tätigkeit,=,true,2024,ergebnis,1617709,234
PB,12,false,16,auszahlungen_laufende_verwaltung,Auszahlungen aus lfd. Verw.-tätigkeit,=,true,2025,ansatz,1870450,234
PB,12,false,16,auszahlungen_laufende_verwaltung,Auszahlungen aus lfd. Verw.-tätigkeit,=,true,2026,ansatz,1951150,234
PB,12,false,16,auszahlungen_laufende_verwaltung,Auszahlungen aus lfd. Verw.-tätigkeit,=,true,2026,ve,0,234
PB,12,false,16,auszahlungen_laufende_verwaltung,Auszahlungen aus lfd. Verw.-tätigkeit,=,true,2027,planung,2033800,234
PB,12,false,16,auszahlungen_laufende_verwaltung,Auszahlungen aus lfd. Verw.-tätigkeit,=,true,2028,planung,2610248,234
PB,12,false,16,auszahlungen_laufende_verwaltung,Auszahlungen aus lfd. Verw.-tätigkeit,=,true,2029,planung,3223075,234
PB,12,false,18,investitionszuwendungen,Zuwendungen für Investitionsmaßnahmen,+,false,2024,ergebnis,1975836,234
PB,12,false,18,investitionszuwendungen,Zuwendungen für Investitionsmaßnahmen,+,false,2025,ansatz,1188000,234
PB,12,false,18,investitionszuwendungen,Zuwendungen für Investitionsmaßnahmen,+,false,2026,ansatz,1097000,234
PB,12,false,18,investitionszuwendungen,Zuwendungen für Investitionsmaßnahmen,+,false,2026,ve,0,234
PB,12,false,18,investitionszuwendungen,Zuwendungen für Investitionsmaßnahmen,+,false,2027,planung,4052000,234
PB,12,false,18,investitionszuwendungen,Zuwendungen für Investitionsmaßnahmen,+,false,2028,planung,452000,234
PB,12,false,18,investitionszuwendungen,Zuwendungen für Investitionsmaßnahmen,+,false,2029,planung,75000,234
PB,12,false,19,veraeusserung_sachanlagen,Einz. aus Veräußerung v. Sachanlagen,+,false,2024,ergebnis,462634,234
PB,12,false,19,veraeusserung_sachanlagen,Einz. aus Veräußerung v. Sachanlagen,+,false,2025,ansatz,0,234
PB,12,false,19,veraeusserung_sachanlagen,Einz. aus Veräußerung v. Sachanlagen,+,false,2026,ansatz,0,234
PB,12,false,19,veraeusserung_sachanlagen,Einz. aus Veräußerung v. Sachanlagen,+,false,2026,ve,0,234
PB,12,false,19,veraeusserung_sachanlagen,Einz. aus Veräußerung v. Sachanlagen,+,false,2027,planung,0,234
PB,12,false,19,veraeusserung_sachanlagen,Einz. aus Veräußerung v. Sachanlagen,+,false,2028,planung,0,234
PB,12,false,19,veraeusserung_sachanlagen,Einz. aus Veräußerung v. Sachanlagen,+,false,2029,planung,0,234
PB,12,false,21,beitraege,Einz. aus Beiträgen u. ä. Entgelten,+,false,2024,ergebnis,94559,234
PB,12,false,21,beitraege,Einz. aus Beiträgen u. ä. Entgelten,+,false,2025,ansatz,80000,234
PB,12,false,21,beitraege,Einz. aus Beiträgen u. ä. Entgelten,+,false,2026,ansatz,1237000,234
PB,12,false,21,beitraege,Einz. aus Beiträgen u. ä. Entgelten,+,false,2026,ve,0,234
PB,12,false,21,beitraege,Einz. aus Beiträgen u. ä. Entgelten,+,false,2027,planung,154140,234
PB,12,false,21,beitraege,Einz. aus Beiträgen u. ä. Entgelten,+,false,2028,planung,2229815,234
PB,12,false,21,beitraege,Einz. aus Beiträgen u. ä. Entgelten,+,false,2029,planung,1848825,234
PB,12,false,23,einzahlungen_investitionen,Einzahlungen aus Investitionstätigkeit,=,true,2024,ergebnis,2533029,234
PB,12,false,23,einzahlungen_investitionen,Einzahlungen aus Investitionstätigkeit,=,true,2025,ansatz,1268000,234
PB,12,false,23,einzahlungen_investitionen,Einzahlungen aus Investitionstätigkeit,=,true,2026,ansatz,2334000,234
PB,12,false,23,einzahlungen_investitionen,Einzahlungen aus Investitionstätigkeit,=,true,2026,ve,0,234
PB,12,false,23,einzahlungen_investitionen,Einzahlungen aus Investitionstätigkeit,=,true,2027,planung,4206140,234
PB,12,false,23,einzahlungen_investitionen,Einzahlungen aus Investitionstätigkeit,=,true,2028,planung,2681815,234
PB,12,false,23,einzahlungen_investitionen,Einzahlungen aus Investitionstätigkeit,=,true,2029,planung,1923825,234
PB,12,false,24,erwerb_grundstuecke_gebaeude,Ausz. f. Erwerb von Grundst. u. Gebäuden,-,false,2024,ergebnis,0,234
PB,12,false,24,erwerb_grundstuecke_gebaeude,Ausz. f. Erwerb von Grundst. u. Gebäuden,-,false,2025,ansatz,300000,234
PB,12,false,24,erwerb_grundstuecke_gebaeude,Ausz. f. Erwerb von Grundst. u. Gebäuden,-,false,2026,ansatz,450000,234
PB,12,false,24,erwerb_grundstuecke_gebaeude,Ausz. f. Erwerb von Grundst. u. Gebäuden,-,false,2026,ve,0,234
PB,12,false,24,erwerb_grundstuecke_gebaeude,Ausz. f. Erwerb von Grundst. u. Gebäuden,-,false,2027,planung,300000,234
PB,12,false,24,erwerb_grundstuecke_gebaeude,Ausz. f. Erwerb von Grundst. u. Gebäuden,-,false,2028,planung,300000,234
PB,12,false,24,erwerb_grundstuecke_gebaeude,Ausz. f. Erwerb von Grundst. u. Gebäuden,-,false,2029,planung,300000,234
PB,12,false,25,baumassnahmen,Ausz. f. Baumaßnahmen,-,false,2024,ergebnis,2046379,234
PB,12,false,25,baumassnahmen,Ausz. f. Baumaßnahmen,-,false,2025,ansatz,3980000,234
PB,12,false,25,baumassnahmen,Ausz. f. Baumaßnahmen,-,false,2026,ansatz,2990000,234
PB,12,false,25,baumassnahmen,Ausz. f. Baumaßnahmen,-,false,2026,ve,2700000,234
PB,12,false,25,baumassnahmen,Ausz. f. Baumaßnahmen,-,false,2027,planung,8220000,234
PB,12,false,25,baumassnahmen,Ausz. f. Baumaßnahmen,-,false,2028,planung,3030000,234
PB,12,false,25,baumassnahmen,Ausz. f. Baumaßnahmen,-,false,2029,planung,0,234
PB,12,false,26,erwerb_bewegliches_anlagevermoegen,Ausz. f. Erwerb von bewegl. Anlagevermögen,-,false,2024,ergebnis,134535,234
PB,12,false,26,erwerb_bewegliches_anlagevermoegen,Ausz. f. Erwerb von bewegl. Anlagevermögen,-,false,2025,ansatz,0,234
PB,12,false,26,erwerb_bewegliches_anlagevermoegen,Ausz. f. Erwerb von bewegl. Anlagevermögen,-,false,2026,ansatz,0,234
PB,12,false,26,erwerb_bewegliches_anlagevermoegen,Ausz. f. Erwerb von bewegl. Anlagevermögen,-,false,2026,ve,0,234
PB,12,false,26,erwerb_bewegliches_anlagevermoegen,Ausz. f. Erwerb von bewegl. Anlagevermögen,-,false,2027,planung,0,234
PB,12,false,26,erwerb_bewegliches_anlagevermoegen,Ausz. f. Erwerb von bewegl. Anlagevermögen,-,false,2028,planung,0,234
PB,12,false,26,erwerb_bewegliches_anlagevermoegen,Ausz. f. Erwerb von bewegl. Anlagevermögen,-,false,2029,planung,0,234
PB,12,false,30,auszahlungen_investitionen,Auszahlungen aus Investitionstätigkeit,=,true,2024,ergebnis,2180914,234
PB,12,false,30,auszahlungen_investitionen,Auszahlungen aus Investitionstätigkeit,=,true,2025,ansatz,4280000,234
PB,12,false,30,auszahlungen_investitionen,Auszahlungen aus Investitionstätigkeit,=,true,2026,ansatz,3440000,234
PB,12,false,30,auszahlungen_investitionen,Auszahlungen aus Investitionstätigkeit,=,true,2026,ve,2700000,234
PB,12,false,30,auszahlungen_investitionen,Auszahlungen aus Investitionstätigkeit,=,true,2027,planung,8520000,234
PB,12,false,30,auszahlungen_investitionen,Auszahlungen aus Investitionstätigkeit,=,true,2028,planung,3330000,234
PB,12,false,30,auszahlungen_investitionen,Auszahlungen aus Investitionstätigkeit,=,true,2029,planung,300000,234
PB,12,false,31,saldo_investitionen,Saldo aus Investitionstätigkeit,=,true,2024,ergebnis,352115,234
PB,12,false,31,saldo_investitionen,Saldo aus Investitionstätigkeit,=,true,2025,ansatz,-3012000,234
PB,12,false,31,saldo_investitionen,Saldo aus Investitionstätigkeit,=,true,2026,ansatz,-1106000,234
PB,12,false,31,saldo_investitionen,Saldo aus Investitionstätigkeit,=,true,2026,ve,-2700000,234
PB,12,false,31,saldo_investitionen,Saldo aus Investitionstätigkeit,=,true,2027,planung,-4313860,234
PB,12,false,31,saldo_investitionen,Saldo aus Investitionstätigkeit,=,true,2028,planung,-648185,234
PB,12,false,31,saldo_investitionen,Saldo aus Investitionstätigkeit,=,true,2029,planung,1623825,234
PB,13,false,09,einzahlungen_laufende_verwaltung,Einzahlungen aus lfd. Verw.-tätigkeit,=,true,2024,ergebnis,150176,255
PB,13,false,09,einzahlungen_laufende_verwaltung,Einzahlungen aus lfd. Verw.-tätigkeit,=,true,2025,ansatz,70301,255
PB,13,false,09,einzahlungen_laufende_verwaltung,Einzahlungen aus lfd. Verw.-tätigkeit,=,true,2026,ansatz,63300,255
PB,13,false,09,einzahlungen_laufende_verwaltung,Einzahlungen aus lfd. Verw.-tätigkeit,=,true,2026,ve,0,255
PB,13,false,09,einzahlungen_laufende_verwaltung,Einzahlungen aus lfd. Verw.-tätigkeit,=,true,2027,planung,63300,255
PB,13,false,09,einzahlungen_laufende_verwaltung,Einzahlungen aus lfd. Verw.-tätigkeit,=,true,2028,planung,63300,255
PB,13,false,09,einzahlungen_laufende_verwaltung,Einzahlungen aus lfd. Verw.-tätigkeit,=,true,2029,planung,63300,255
PB,13,false,16,auszahlungen_laufende_verwaltung,Auszahlungen aus lfd. Verw.-tätigkeit,=,true,2024,ergebnis,397832,255
PB,13,false,16,auszahlungen_laufende_verwaltung,Auszahlungen aus lfd. Verw.-tätigkeit,=,true,2025,ansatz,464650,255
PB,13,false,16,auszahlungen_laufende_verwaltung,Auszahlungen aus lfd. Verw.-tätigkeit,=,true,2026,ansatz,493100,255
PB,13,false,16,auszahlungen_laufende_verwaltung,Auszahlungen aus lfd. Verw.-tätigkeit,=,true,2026,ve,0,255
PB,13,false,16,auszahlungen_laufende_verwaltung,Auszahlungen aus lfd. Verw.-tätigkeit,=,true,2027,planung,491550,255
PB,13,false,16,auszahlungen_laufende_verwaltung,Auszahlungen aus lfd. Verw.-tätigkeit,=,true,2028,planung,503350,255
PB,13,false,16,auszahlungen_laufende_verwaltung,Auszahlungen aus lfd. Verw.-tätigkeit,=,true,2029,planung,515350,255
PB,13,false,24,erwerb_grundstuecke_gebaeude,Ausz. f. Erwerb von Grundst. u. Gebäuden,-,false,2024,ergebnis,145420,255
PB,13,false,24,erwerb_grundstuecke_gebaeude,Ausz. f. Erwerb von Grundst. u. Gebäuden,-,false,2025,ansatz,263000,255
PB,13,false,24,erwerb_grundstuecke_gebaeude,Ausz. f. Erwerb von Grundst. u. Gebäuden,-,false,2026,ansatz,80000,255
PB,13,false,24,erwerb_grundstuecke_gebaeude,Ausz. f. Erwerb von Grundst. u. Gebäuden,-,false,2026,ve,0,255
PB,13,false,24,erwerb_grundstuecke_gebaeude,Ausz. f. Erwerb von Grundst. u. Gebäuden,-,false,2027,planung,0,255
PB,13,false,24,erwerb_grundstuecke_gebaeude,Ausz. f. Erwerb von Grundst. u. Gebäuden,-,false,2028,planung,0,255
PB,13,false,24,erwerb_grundstuecke_gebaeude,Ausz. f. Erwerb von Grundst. u. Gebäuden,-,false,2029,planung,0,255
PB,13,false,26,erwerb_bewegliches_anlagevermoegen,Ausz. f. Erwerb von bewegl. Anlagevermögen,-,false,2024,ergebnis,1226,255
PB,13,false,26,erwerb_bewegliches_anlagevermoegen,Ausz. f. Erwerb von bewegl. Anlagevermögen,-,false,2025,ansatz,8500,255
PB,13,false,26,erwerb_bewegliches_anlagevermoegen,Ausz. f. Erwerb von bewegl. Anlagevermögen,-,false,2026,ansatz,14000,255
PB,13,false,26,erwerb_bewegliches_anlagevermoegen,Ausz. f. Erwerb von bewegl. Anlagevermögen,-,false,2026,ve,0,255
PB,13,false,26,erwerb_bewegliches_anlagevermoegen,Ausz. f. Erwerb von bewegl. Anlagevermögen,-,false,2027,planung,9000,255
PB,13,false,26,erwerb_bewegliches_anlagevermoegen,Ausz. f. Erwerb von bewegl. Anlagevermögen,-,false,2028,planung,3000,255
PB,13,false,26,erwerb_bewegliches_anlagevermoegen,Ausz. f. Erwerb von bewegl. Anlagevermögen,-,false,2029,planung,3000,255
PB,13,false,30,auszahlungen_investitionen,Auszahlungen aus Investitionstätigkeit,=,true,2024,ergebnis,146646,255
PB,13,false,30,auszahlungen_investitionen,Auszahlungen aus Investitionstätigkeit,=,true,2025,ansatz,271500,255
PB,13,false,30,auszahlungen_investitionen,Auszahlungen aus Investitionstätigkeit,=,true,2026,ansatz,94000,255
PB,13,false,30,auszahlungen_investitionen,Auszahlungen aus Investitionstätigkeit,=,true,2026,ve,0,255
PB,13,false,30,auszahlungen_investitionen,Auszahlungen aus Investitionstätigkeit,=,true,2027,planung,9000,255
PB,13,false,30,auszahlungen_investitionen,Auszahlungen aus Investitionstätigkeit,=,true,2028,planung,3000,255
PB,13,false,30,auszahlungen_investitionen,Auszahlungen aus Investitionstätigkeit,=,true,2029,planung,3000,255
PB,14,false,09,einzahlungen_laufende_verwaltung,Einzahlungen aus lfd. Verw.-tätigkeit,=,true,2024,ergebnis,16955,268
PB,14,false,09,einzahlungen_laufende_verwaltung,Einzahlungen aus lfd. Verw.-tätigkeit,=,true,2025,ansatz,50000,268
PB,14,false,09,einzahlungen_laufende_verwaltung,Einzahlungen aus lfd. Verw.-tätigkeit,=,true,2026,ansatz,50000,268
PB,14,false,09,einzahlungen_laufende_verwaltung,Einzahlungen aus lfd. Verw.-tätigkeit,=,true,2026,ve,0,268
PB,14,false,09,einzahlungen_laufende_verwaltung,Einzahlungen aus lfd. Verw.-tätigkeit,=,true,2027,planung,50000,268
PB,14,false,09,einzahlungen_laufende_verwaltung,Einzahlungen aus lfd. Verw.-tätigkeit,=,true,2028,planung,50000,268
PB,14,false,09,einzahlungen_laufende_verwaltung,Einzahlungen aus lfd. Verw.-tätigkeit,=,true,2029,planung,50000,268
PB,14,false,16,auszahlungen_laufende_verwaltung,Auszahlungen aus lfd. Verw.-tätigkeit,=,true,2024,ergebnis,293969,268
PB,14,false,16,auszahlungen_laufende_verwaltung,Auszahlungen aus lfd. Verw.-tätigkeit,=,true,2025,ansatz,186100,268
PB,14,false,16,auszahlungen_laufende_verwaltung,Auszahlungen aus lfd. Verw.-tätigkeit,=,true,2026,ansatz,110200,268
PB,14,false,16,auszahlungen_laufende_verwaltung,Auszahlungen aus lfd. Verw.-tätigkeit,=,true,2026,ve,0,268
PB,14,false,16,auszahlungen_laufende_verwaltung,Auszahlungen aus lfd. Verw.-tätigkeit,=,true,2027,planung,118100,268
PB,14,false,16,auszahlungen_laufende_verwaltung,Auszahlungen aus lfd. Verw.-tätigkeit,=,true,2028,planung,113100,268
PB,14,false,16,auszahlungen_laufende_verwaltung,Auszahlungen aus lfd. Verw.-tätigkeit,=,true,2029,planung,110700,268
PB,15,false,09,einzahlungen_laufende_verwaltung,Einzahlungen aus lfd. Verw.-tätigkeit,=,true,2024,ergebnis,14538,271
PB,15,false,09,einzahlungen_laufende_verwaltung,Einzahlungen aus lfd. Verw.-tätigkeit,=,true,2025,ansatz,10000,271
PB,15,false,09,einzahlungen_laufende_verwaltung,Einzahlungen aus lfd. Verw.-tätigkeit,=,true,2026,ansatz,11000,271
PB,15,false,09,einzahlungen_laufende_verwaltung,Einzahlungen aus lfd. Verw.-tätigkeit,=,true,2026,ve,0,271
PB,15,false,09,einzahlungen_laufende_verwaltung,Einzahlungen aus lfd. Verw.-tätigkeit,=,true,2027,planung,11000,271
PB,15,false,09,einzahlungen_laufende_verwaltung,Einzahlungen aus lfd. Verw.-tätigkeit,=,true,2028,planung,11000,271
PB,15,false,09,einzahlungen_laufende_verwaltung,Einzahlungen aus lfd. Verw.-tätigkeit,=,true,2029,planung,11000,271
PB,15,false,16,auszahlungen_laufende_verwaltung,Auszahlungen aus lfd. Verw.-tätigkeit,=,true,2024,ergebnis,249350,271
PB,15,false,16,auszahlungen_laufende_verwaltung,Auszahlungen aus lfd. Verw.-tätigkeit,=,true,2025,ansatz,235235,271
PB,15,false,16,auszahlungen_laufende_verwaltung,Auszahlungen aus lfd. Verw.-tätigkeit,=,true,2026,ansatz,199954,271
PB,15,false,16,auszahlungen_laufende_verwaltung,Auszahlungen aus lfd. Verw.-tätigkeit,=,true,2026,ve,0,271
PB,15,false,16,auszahlungen_laufende_verwaltung,Auszahlungen aus lfd. Verw.-tätigkeit,=,true,2027,planung,235900,271
PB,15,false,16,auszahlungen_laufende_verwaltung,Auszahlungen aus lfd. Verw.-tätigkeit,=,true,2028,planung,243500,271
PB,15,false,16,auszahlungen_laufende_verwaltung,Auszahlungen aus lfd. Verw.-tätigkeit,=,true,2029,planung,251400,271
PB,15,false,28,aktivierbare_zuwendungen,Ausz. f. aktivierbaren Zuwendungen,-,false,2024,ergebnis,0,271
PB,15,false,28,aktivierbare_zuwendungen,Ausz. f. aktivierbaren Zuwendungen,-,false,2025,ansatz,119000,271
PB,15,false,28,aktivierbare_zuwendungen,Ausz. f. aktivierbaren Zuwendungen,-,false,2026,ansatz,30000,271
PB,15,false,28,aktivierbare_zuwendungen,Ausz. f. aktivierbaren Zuwendungen,-,false,2026,ve,0,271
PB,15,false,28,aktivierbare_zuwendungen,Ausz. f. aktivierbaren Zuwendungen,-,false,2027,planung,30000,271
PB,15,false,28,aktivierbare_zuwendungen,Ausz. f. aktivierbaren Zuwendungen,-,false,2028,planung,18000,271
PB,15,false,28,aktivierbare_zuwendungen,Ausz. f. aktivierbaren Zuwendungen,-,false,2029,planung,0,271
PB,15,false,30,auszahlungen_investitionen,Auszahlungen aus Investitionstätigkeit,=,true,2024,ergebnis,0,271
PB,15,false,30,auszahlungen_investitionen,Auszahlungen aus Investitionstätigkeit,=,true,2025,ansatz,119000,271
PB,15,false,30,auszahlungen_investitionen,Auszahlungen aus Investitionstätigkeit,=,true,2026,ansatz,30000,271
PB,15,false,30,auszahlungen_investitionen,Auszahlungen aus Investitionstätigkeit,=,true,2026,ve,0,271
PB,15,false,30,auszahlungen_investitionen,Auszahlungen aus Investitionstätigkeit,=,true,2027,planung,30000,271
PB,15,false,30,auszahlungen_investitionen,Auszahlungen aus Investitionstätigkeit,=,true,2028,planung,18000,271
PB,15,false,30,auszahlungen_investitionen,Auszahlungen aus Investitionstätigkeit,=,true,2029,planung,0,271
PB,16,false,09,einzahlungen_laufende_verwaltung,Einzahlungen aus lfd. Verw.-tätigkeit,=,true,2024,ergebnis,22834172,278
PB,16,false,09,einzahlungen_laufende_verwaltung,Einzahlungen aus lfd. Verw.-tätigkeit,=,true,2025,ansatz,21850000,278
PB,16,false,09,einzahlungen_laufende_verwaltung,Einzahlungen aus lfd. Verw.-tätigkeit,=,true,2026,ansatz,20553000,278
PB,16,false,09,einzahlungen_laufende_verwaltung,Einzahlungen aus lfd. Verw.-tätigkeit,=,true,2026,ve,0,278
PB,16,false,09,einzahlungen_laufende_verwaltung,Einzahlungen aus lfd. Verw.-tätigkeit,=,true,2027,planung,23410000,278
PB,16,false,09,einzahlungen_laufende_verwaltung,Einzahlungen aus lfd. Verw.-tätigkeit,=,true,2028,planung,24429000,278
PB,16,false,09,einzahlungen_laufende_verwaltung,Einzahlungen aus lfd. Verw.-tätigkeit,=,true,2029,planung,25053000,278
PB,16,false,16,auszahlungen_laufende_verwaltung,Auszahlungen aus lfd. Verw.-tätigkeit,=,true,2024,ergebnis,10986289,278
PB,16,false,16,auszahlungen_laufende_verwaltung,Auszahlungen aus lfd. Verw.-tätigkeit,=,true,2025,ansatz,11311766,278
PB,16,false,16,auszahlungen_laufende_verwaltung,Auszahlungen aus lfd. Verw.-tätigkeit,=,true,2026,ansatz,11328681,278
PB,16,false,16,auszahlungen_laufende_verwaltung,Auszahlungen aus lfd. Verw.-tätigkeit,=,true,2026,ve,0,278
PB,16,false,16,auszahlungen_laufende_verwaltung,Auszahlungen aus lfd. Verw.-tätigkeit,=,true,2027,planung,13308800,278
PB,16,false,16,auszahlungen_laufende_verwaltung,Auszahlungen aus lfd. Verw.-tätigkeit,=,true,2028,planung,14022300,278
PB,16,false,16,auszahlungen_laufende_verwaltung,Auszahlungen aus lfd. Verw.-tätigkeit,=,true,2029,planung,14527000,278
PB,16,false,18,investitionszuwendungen,Zuwendungen für Investitionsmaßnahmen,+,false,2024,ergebnis,1794144,278
PB,16,false,18,investitionszuwendungen,Zuwendungen für Investitionsmaßnahmen,+,false,2025,ansatz,1846000,278
PB,16,false,18,investitionszuwendungen,Zuwendungen für Investitionsmaßnahmen,+,false,2026,ansatz,1991000,278
PB,16,false,18,investitionszuwendungen,Zuwendungen für Investitionsmaßnahmen,+,false,2026,ve,0,278
PB,16,false,18,investitionszuwendungen,Zuwendungen für Investitionsmaßnahmen,+,false,2027,planung,1991000,278
PB,16,false,18,investitionszuwendungen,Zuwendungen für Investitionsmaßnahmen,+,false,2028,planung,1991000,278
PB,16,false,18,investitionszuwendungen,Zuwendungen für Investitionsmaßnahmen,+,false,2029,planung,1991000,278
PB,16,false,22,sonstige_investitionseinzahlungen,Sonstige Investitionseinzahlungen,+,false,2024,ergebnis,86187,278
PB,16,false,22,sonstige_investitionseinzahlungen,Sonstige Investitionseinzahlungen,+,false,2025,ansatz,0,278
PB,16,false,22,sonstige_investitionseinzahlungen,Sonstige Investitionseinzahlungen,+,false,2026,ansatz,0,278
PB,16,false,22,sonstige_investitionseinzahlungen,Sonstige Investitionseinzahlungen,+,false,2026,ve,0,278
PB,16,false,22,sonstige_investitionseinzahlungen,Sonstige Investitionseinzahlungen,+,false,2027,planung,0,278
PB,16,false,22,sonstige_investitionseinzahlungen,Sonstige Investitionseinzahlungen,+,false,2028,planung,0,278
PB,16,false,22,sonstige_investitionseinzahlungen,Sonstige Investitionseinzahlungen,+,false,2029,planung,0,278
PB,16,false,23,einzahlungen_investitionen,Einzahlungen aus Investitionstätigkeit,=,true,2024,ergebnis,1880331,278
PB,16,false,23,einzahlungen_investitionen,Einzahlungen aus Investitionstätigkeit,=,true,2025,ansatz,1846000,278
PB,16,false,23,einzahlungen_investitionen,Einzahlungen aus Investitionstätigkeit,=,true,2026,ansatz,1991000,278
PB,16,false,23,einzahlungen_investitionen,Einzahlungen aus Investitionstätigkeit,=,true,2026,ve,0,278
PB,16,false,23,einzahlungen_investitionen,Einzahlungen aus Investitionstätigkeit,=,true,2027,planung,1991000,278
PB,16,false,23,einzahlungen_investitionen,Einzahlungen aus Investitionstätigkeit,=,true,2028,planung,1991000,278
PB,16,false,23,einzahlungen_investitionen,Einzahlungen aus Investitionstätigkeit,=,true,2029,planung,1991000,278
PB,16,false,33,kreditaufnahme,Aufnahme und Rückflüsse von Darlehen,+,false,2024,ergebnis,0,278
PB,16,false,33,kreditaufnahme,Aufnahme und Rückflüsse von Darlehen,+,false,2025,ansatz,7400000,278
PB,16,false,33,kreditaufnahme,Aufnahme und Rückflüsse von Darlehen,+,false,2026,ansatz,5200000,278
PB,16,false,33,kreditaufnahme,Aufnahme und Rückflüsse von Darlehen,+,false,2026,ve,0,278
PB,16,false,33,kreditaufnahme,Aufnahme und Rückflüsse von Darlehen,+,false,2027,planung,9500000,278
PB,16,false,33,kreditaufnahme,Aufnahme und Rückflüsse von Darlehen,+,false,2028,planung,0,278
PB,16,false,33,kreditaufnahme,Aufnahme und Rückflüsse von Darlehen,+,false,2029,planung,0,278
PB,16,false,34,saldo_finanzierung,Saldo aus Finanzierungstätigkeit,=,true,2024,ergebnis,-400183,278
PB,16,false,34,saldo_finanzierung,Saldo aus Finanzierungstätigkeit,=,true,2025,ansatz,6910000,278
PB,16,false,34,saldo_finanzierung,Saldo aus Finanzierungstätigkeit,=,true,2026,ansatz,4750000,278
PB,16,false,34,saldo_finanzierung,Saldo aus Finanzierungstätigkeit,=,true,2026,ve,0,278
PB,16,false,34,saldo_finanzierung,Saldo aus Finanzierungstätigkeit,=,true,2027,planung,8930000,278
PB,16,false,34,saldo_finanzierung,Saldo aus Finanzierungstätigkeit,=,true,2028,planung,-850000,278
PB,16,false,34,saldo_finanzierung,Saldo aus Finanzierungstätigkeit,=,true,2029,planung,-830000,278
PB,16,false,35,tilgung,Tilgung und Gewährung von Darlehen,-,false,2024,ergebnis,400183,278
PB,16,false,35,tilgung,Tilgung und Gewährung von Darlehen,-,false,2025,ansatz,490000,278
PB,16,false,35,tilgung,Tilgung und Gewährung von Darlehen,-,false,2026,ansatz,450000,278
PB,16,false,35,tilgung,Tilgung und Gewährung von Darlehen,-,false,2026,ve,0,278
PB,16,false,35,tilgung,Tilgung und Gewährung von Darlehen,-,false,2027,planung,570000,278
PB,16,false,35,tilgung,Tilgung und Gewährung von Darlehen,-,false,2028,planung,850000,278
PB,16,false,35,tilgung,Tilgung und Gewährung von Darlehen,-,false,2029,planung,830000,278
PG,0101,true,09,einzahlungen_laufende_verwaltung,Einzahlungen aus lfd. Verw.-tätigkeit,=,true,2024,ergebnis,1110,73
PG,0101,true,09,einzahlungen_laufende_verwaltung,Einzahlungen aus lfd. Verw.-tätigkeit,=,true,2025,ansatz,1400,73
PG,0101,true,09,einzahlungen_laufende_verwaltung,Einzahlungen aus lfd. Verw.-tätigkeit,=,true,2026,ansatz,1400,73
PG,0101,true,09,einzahlungen_laufende_verwaltung,Einzahlungen aus lfd. Verw.-tätigkeit,=,true,2026,ve,0,73
PG,0101,true,09,einzahlungen_laufende_verwaltung,Einzahlungen aus lfd. Verw.-tätigkeit,=,true,2027,planung,1400,73
PG,0101,true,09,einzahlungen_laufende_verwaltung,Einzahlungen aus lfd. Verw.-tätigkeit,=,true,2028,planung,1400,73
PG,0101,true,09,einzahlungen_laufende_verwaltung,Einzahlungen aus lfd. Verw.-tätigkeit,=,true,2029,planung,1400,73
PG,0101,true,16,auszahlungen_laufende_verwaltung,Auszahlungen aus lfd. Verw.-tätigkeit,=,true,2024,ergebnis,270556,73
PG,0101,true,16,auszahlungen_laufende_verwaltung,Auszahlungen aus lfd. Verw.-tätigkeit,=,true,2025,ansatz,326700,73
PG,0101,true,16,auszahlungen_laufende_verwaltung,Auszahlungen aus lfd. Verw.-tätigkeit,=,true,2026,ansatz,362000,73
PG,0101,true,16,auszahlungen_laufende_verwaltung,Auszahlungen aus lfd. Verw.-tätigkeit,=,true,2026,ve,0,73
PG,0101,true,16,auszahlungen_laufende_verwaltung,Auszahlungen aus lfd. Verw.-tätigkeit,=,true,2027,planung,372200,73
PG,0101,true,16,auszahlungen_laufende_verwaltung,Auszahlungen aus lfd. Verw.-tätigkeit,=,true,2028,planung,383600,73
PG,0101,true,16,auszahlungen_laufende_verwaltung,Auszahlungen aus lfd. Verw.-tätigkeit,=,true,2029,planung,394300,73
PG,0101,true,17,saldo_laufende_verwaltung,Saldo aus lfd. Verw.-tätigkeit,=,true,2024,ergebnis,-269446,73
PG,0101,true,17,saldo_laufende_verwaltung,Saldo aus lfd. Verw.-tätigkeit,=,true,2025,ansatz,-325300,73
PG,0101,true,17,saldo_laufende_verwaltung,Saldo aus lfd. Verw.-tätigkeit,=,true,2026,ansatz,-360600,73
PG,0101,true,17,saldo_laufende_verwaltung,Saldo aus lfd. Verw.-tätigkeit,=,true,2026,ve,0,73
PG,0101,true,17,saldo_laufende_verwaltung,Saldo aus lfd. Verw.-tätigkeit,=,true,2027,planung,-370800,73
PG,0101,true,17,saldo_laufende_verwaltung,Saldo aus lfd. Verw.-tätigkeit,=,true,2028,planung,-382200,73
PG,0101,true,17,saldo_laufende_verwaltung,Saldo aus lfd. Verw.-tätigkeit,=,true,2029,planung,-392900,73
PG,0102,true,09,einzahlungen_laufende_verwaltung,Einzahlungen aus lfd. Verw.-tätigkeit,=,true,2024,ergebnis,424,75
PG,0102,true,09,einzahlungen_laufende_verwaltung,Einzahlungen aus lfd. Verw.-tätigkeit,=,true,2025,ansatz,400,75
PG,0102,true,09,einzahlungen_laufende_verwaltung,Einzahlungen aus lfd. Verw.-tätigkeit,=,true,2026,ansatz,400,75
PG,0102,true,09,einzahlungen_laufende_verwaltung,Einzahlungen aus lfd. Verw.-tätigkeit,=,true,2026,ve,0,75
PG,0102,true,09,einzahlungen_laufende_verwaltung,Einzahlungen aus lfd. Verw.-tätigkeit,=,true,2027,planung,400,75
PG,0102,true,09,einzahlungen_laufende_verwaltung,Einzahlungen aus lfd. Verw.-tätigkeit,=,true,2028,planung,400,75
PG,0102,true,09,einzahlungen_laufende_verwaltung,Einzahlungen aus lfd. Verw.-tätigkeit,=,true,2029,planung,400,75
PG,0102,true,16,auszahlungen_laufende_verwaltung,Auszahlungen aus lfd. Verw.-tätigkeit,=,true,2024,ergebnis,150044,75
PG,0102,true,16,auszahlungen_laufende_verwaltung,Auszahlungen aus lfd. Verw.-tätigkeit,=,true,2025,ansatz,196600,75
PG,0102,true,16,auszahlungen_laufende_verwaltung,Auszahlungen aus lfd. Verw.-tätigkeit,=,true,2026,ansatz,178600,75
PG,0102,true,16,auszahlungen_laufende_verwaltung,Auszahlungen aus lfd. Verw.-tätigkeit,=,true,2026,ve,0,75
PG,0102,true,16,auszahlungen_laufende_verwaltung,Auszahlungen aus lfd. Verw.-tätigkeit,=,true,2027,planung,184600,75
PG,0102,true,16,auszahlungen_laufende_verwaltung,Auszahlungen aus lfd. Verw.-tätigkeit,=,true,2028,planung,190900,75
PG,0102,true,16,auszahlungen_laufende_verwaltung,Auszahlungen aus lfd. Verw.-tätigkeit,=,true,2029,planung,197400,75
PG,0102,true,17,saldo_laufende_verwaltung,Saldo aus lfd. Verw.-tätigkeit,=,true,2024,ergebnis,-149620,75
PG,0102,true,17,saldo_laufende_verwaltung,Saldo aus lfd. Verw.-tätigkeit,=,true,2025,ansatz,-196200,75
PG,0102,true,17,saldo_laufende_verwaltung,Saldo aus lfd. Verw.-tätigkeit,=,true,2026,ansatz,-178200,75
PG,0102,true,17,saldo_laufende_verwaltung,Saldo aus lfd. Verw.-tätigkeit,=,true,2026,ve,0,75
PG,0102,true,17,saldo_laufende_verwaltung,Saldo aus lfd. Verw.-tätigkeit,=,true,2027,planung,-184200,75
PG,0102,true,17,saldo_laufende_verwaltung,Saldo aus lfd. Verw.-tätigkeit,=,true,2028,planung,-190500,75
PG,0102,true,17,saldo_laufende_verwaltung,Saldo aus lfd. Verw.-tätigkeit,=,true,2029,planung,-197000,75
PG,0103,true,09,einzahlungen_laufende_verwaltung,Einzahlungen aus lfd. Verw.-tätigkeit,=,true,2024,ergebnis,776,78
PG,0103,true,09,einzahlungen_laufende_verwaltung,Einzahlungen aus lfd. Verw.-tätigkeit,=,true,2025,ansatz,500,78
PG,0103,true,09,einzahlungen_laufende_verwaltung,Einzahlungen aus lfd. Verw.-tätigkeit,=,true,2026,ansatz,500,78
PG,0103,true,09,einzahlungen_laufende_verwaltung,Einzahlungen aus lfd. Verw.-tätigkeit,=,true,2026,ve,0,78
PG,0103,true,09,einzahlungen_laufende_verwaltung,Einzahlungen aus lfd. Verw.-tätigkeit,=,true,2027,planung,500,78
PG,0103,true,09,einzahlungen_laufende_verwaltung,Einzahlungen aus lfd. Verw.-tätigkeit,=,true,2028,planung,500,78
PG,0103,true,09,einzahlungen_laufende_verwaltung,Einzahlungen aus lfd. Verw.-tätigkeit,=,true,2029,planung,500,78
PG,0103,true,16,auszahlungen_laufende_verwaltung,Auszahlungen aus lfd. Verw.-tätigkeit,=,true,2024,ergebnis,24193,78
PG,0103,true,16,auszahlungen_laufende_verwaltung,Auszahlungen aus lfd. Verw.-tätigkeit,=,true,2025,ansatz,25000,78
PG,0103,true,16,auszahlungen_laufende_verwaltung,Auszahlungen aus lfd. Verw.-tätigkeit,=,true,2026,ansatz,25700,78
PG,0103,true,16,auszahlungen_laufende_verwaltung,Auszahlungen aus lfd. Verw.-tätigkeit,=,true,2026,ve,0,78
PG,0103,true,16,auszahlungen_laufende_verwaltung,Auszahlungen aus lfd. Verw.-tätigkeit,=,true,2027,planung,26600,78
PG,0103,true,16,auszahlungen_laufende_verwaltung,Auszahlungen aus lfd. Verw.-tätigkeit,=,true,2028,planung,27600,78
PG,0103,true,16,auszahlungen_laufende_verwaltung,Auszahlungen aus lfd. Verw.-tätigkeit,=,true,2029,planung,28600,78
PG,0103,true,17,saldo_laufende_verwaltung,Saldo aus lfd. Verw.-tätigkeit,=,true,2024,ergebnis,-23417,78
PG,0103,true,17,saldo_laufende_verwaltung,Saldo aus lfd. Verw.-tätigkeit,=,true,2025,ansatz,-24500,78
PG,0103,true,17,saldo_laufende_verwaltung,Saldo aus lfd. Verw.-tätigkeit,=,true,2026,ansatz,-25200,78
PG,0103,true,17,saldo_laufende_verwaltung,Saldo aus lfd. Verw.-tätigkeit,=,true,2026,ve,0,78
PG,0103,true,17,saldo_laufende_verwaltung,Saldo aus lfd. Verw.-tätigkeit,=,true,2027,planung,-26100,78
PG,0103,true,17,saldo_laufende_verwaltung,Saldo aus lfd. Verw.-tätigkeit,=,true,2028,planung,-27100,78
PG,0103,true,17,saldo_laufende_verwaltung,Saldo aus lfd. Verw.-tätigkeit,=,true,2029,planung,-28100,78
PG,0104,true,16,auszahlungen_laufende_verwaltung,Auszahlungen aus lfd. Verw.-tätigkeit,=,true,2024,ergebnis,7324,80
PG,0104,true,16,auszahlungen_laufende_verwaltung,Auszahlungen aus lfd. Verw.-tätigkeit,=,true,2025,ansatz,8600,80
PG,0104,true,16,auszahlungen_laufende_verwaltung,Auszahlungen aus lfd. Verw.-tätigkeit,=,true,2026,ansatz,8900,80
PG,0104,true,16,auszahlungen_laufende_verwaltung,Auszahlungen aus lfd. Verw.-tätigkeit,=,true,2026,ve,0,80
PG,0104,true,16,auszahlungen_laufende_verwaltung,Auszahlungen aus lfd. Verw.-tätigkeit,=,true,2027,planung,9200,80
PG,0104,true,16,auszahlungen_laufende_verwaltung,Auszahlungen aus lfd. Verw.-tätigkeit,=,true,2028,planung,9500,80
PG,0104,true,16,auszahlungen_laufende_verwaltung,Auszahlungen aus lfd. Verw.-tätigkeit,=,true,2029,planung,9900,80
PG,0104,true,17,saldo_laufende_verwaltung,Saldo aus lfd. Verw.-tätigkeit,=,true,2024,ergebnis,-7324,80
PG,0104,true,17,saldo_laufende_verwaltung,Saldo aus lfd. Verw.-tätigkeit,=,true,2025,ansatz,-8600,80
PG,0104,true,17,saldo_laufende_verwaltung,Saldo aus lfd. Verw.-tätigkeit,=,true,2026,ansatz,-8900,80
PG,0104,true,17,saldo_laufende_verwaltung,Saldo aus lfd. Verw.-tätigkeit,=,true,2026,ve,0,80
PG,0104,true,17,saldo_laufende_verwaltung,Saldo aus lfd. Verw.-tätigkeit,=,true,2027,planung,-9200,80
PG,0104,true,17,saldo_laufende_verwaltung,Saldo aus lfd. Verw.-tätigkeit,=,true,2028,planung,-9500,80
PG,0104,true,17,saldo_laufende_verwaltung,Saldo aus lfd. Verw.-tätigkeit,=,true,2029,planung,-9900,80
PG,0105,true,16,auszahlungen_laufende_verwaltung,Auszahlungen aus lfd. Verw.-tätigkeit,=,true,2024,ergebnis,107296,82
PG,0105,true,16,auszahlungen_laufende_verwaltung,Auszahlungen aus lfd. Verw.-tätigkeit,=,true,2025,ansatz,51400,82
PG,0105,true,16,auszahlungen_laufende_verwaltung,Auszahlungen aus lfd. Verw.-tätigkeit,=,true,2026,ansatz,53000,82
PG,0105,true,16,auszahlungen_laufende_verwaltung,Auszahlungen aus lfd. Verw.-tätigkeit,=,true,2026,ve,0,82
PG,0105,true,16,auszahlungen_laufende_verwaltung,Auszahlungen aus lfd. Verw.-tätigkeit,=,true,2027,planung,54800,82
PG,0105,true,16,auszahlungen_laufende_verwaltung,Auszahlungen aus lfd. Verw.-tätigkeit,=,true,2028,planung,56600,82
PG,0105,true,16,auszahlungen_laufende_verwaltung,Auszahlungen aus lfd. Verw.-tätigkeit,=,true,2029,planung,58500,82
PG,0105,true,17,saldo_laufende_verwaltung,Saldo aus lfd. Verw.-tätigkeit,=,true,2024,ergebnis,-107296,82
PG,0105,true,17,saldo_laufende_verwaltung,Saldo aus lfd. Verw.-tätigkeit,=,true,2025,ansatz,-51400,82
PG,0105,true,17,saldo_laufende_verwaltung,Saldo aus lfd. Verw.-tätigkeit,=,true,2026,ansatz,-53000,82
PG,0105,true,17,saldo_laufende_verwaltung,Saldo aus lfd. Verw.-tätigkeit,=,true,2026,ve,0,82
PG,0105,true,17,saldo_laufende_verwaltung,Saldo aus lfd. Verw.-tätigkeit,=,true,2027,planung,-54800,82
PG,0105,true,17,saldo_laufende_verwaltung,Saldo aus lfd. Verw.-tätigkeit,=,true,2028,planung,-56600,82
PG,0105,true,17,saldo_laufende_verwaltung,Saldo aus lfd. Verw.-tätigkeit,=,true,2029,planung,-58500,82
PG,0106,false,09,einzahlungen_laufende_verwaltung,Einzahlungen aus lfd. Verw.-tätigkeit,=,true,2024,ergebnis,120828,83
PG,0106,false,09,einzahlungen_laufende_verwaltung,Einzahlungen aus lfd. Verw.-tätigkeit,=,true,2025,ansatz,110450,83
PG,0106,false,09,einzahlungen_laufende_verwaltung,Einzahlungen aus lfd. Verw.-tätigkeit,=,true,2026,ansatz,103350,83
PG,0106,false,09,einzahlungen_laufende_verwaltung,Einzahlungen aus lfd. Verw.-tätigkeit,=,true,2026,ve,0,83
PG,0106,false,09,einzahlungen_laufende_verwaltung,Einzahlungen aus lfd. Verw.-tätigkeit,=,true,2027,planung,103350,83
PG,0106,false,09,einzahlungen_laufende_verwaltung,Einzahlungen aus lfd. Verw.-tätigkeit,=,true,2028,planung,103450,83
PG,0106,false,09,einzahlungen_laufende_verwaltung,Einzahlungen aus lfd. Verw.-tätigkeit,=,true,2029,planung,103450,83
PG,0106,false,16,auszahlungen_laufende_verwaltung,Auszahlungen aus lfd. Verw.-tätigkeit,=,true,2024,ergebnis,940649,83
PG,0106,false,16,auszahlungen_laufende_verwaltung,Auszahlungen aus lfd. Verw.-tätigkeit,=,true,2025,ansatz,1007100,83
PG,0106,false,16,auszahlungen_laufende_verwaltung,Auszahlungen aus lfd. Verw.-tätigkeit,=,true,2026,ansatz,880500,83
PG,0106,false,16,auszahlungen_laufende_verwaltung,Auszahlungen aus lfd. Verw.-tätigkeit,=,true,2026,ve,0,83
PG,0106,false,16,auszahlungen_laufende_verwaltung,Auszahlungen aus lfd. Verw.-tätigkeit,=,true,2027,planung,1029700,83
PG,0106,false,16,auszahlungen_laufende_verwaltung,Auszahlungen aus lfd. Verw.-tätigkeit,=,true,2028,planung,1041300,83
PG,0106,false,16,auszahlungen_laufende_verwaltung,Auszahlungen aus lfd. Verw.-tätigkeit,=,true,2029,planung,1054700,83
PG,0106,false,24,erwerb_grundstuecke_gebaeude,Ausz. f. Erwerb von Grundst. u. Gebäuden,-,false,2024,ergebnis,50,83
PG,0106,false,24,erwerb_grundstuecke_gebaeude,Ausz. f. Erwerb von Grundst. u. Gebäuden,-,false,2025,ansatz,0,83
PG,0106,false,24,erwerb_grundstuecke_gebaeude,Ausz. f. Erwerb von Grundst. u. Gebäuden,-,false,2026,ansatz,0,83
PG,0106,false,24,erwerb_grundstuecke_gebaeude,Ausz. f. Erwerb von Grundst. u. Gebäuden,-,false,2026,ve,0,83
PG,0106,false,24,erwerb_grundstuecke_gebaeude,Ausz. f. Erwerb von Grundst. u. Gebäuden,-,false,2027,planung,0,83
PG,0106,false,24,erwerb_grundstuecke_gebaeude,Ausz. f. Erwerb von Grundst. u. Gebäuden,-,false,2028,planung,0,83
PG,0106,false,24,erwerb_grundstuecke_gebaeude,Ausz. f. Erwerb von Grundst. u. Gebäuden,-,false,2029,planung,0,83
PG,0106,false,25,baumassnahmen,Ausz. f. Baumaßnahmen,-,false,2024,ergebnis,988,83
PG,0106,false,25,baumassnahmen,Ausz. f. Baumaßnahmen,-,false,2025,ansatz,300000,83
PG,0106,false,25,baumassnahmen,Ausz. f. Baumaßnahmen,-,false,2026,ansatz,250000,83
PG,0106,false,25,baumassnahmen,Ausz. f. Baumaßnahmen,-,false,2026,ve,0,83
PG,0106,false,25,baumassnahmen,Ausz. f. Baumaßnahmen,-,false,2027,planung,300000,83
PG,0106,false,25,baumassnahmen,Ausz. f. Baumaßnahmen,-,false,2028,planung,0,83
PG,0106,false,25,baumassnahmen,Ausz. f. Baumaßnahmen,-,false,2029,planung,0,83
PG,0106,false,26,erwerb_bewegliches_anlagevermoegen,Ausz. f. Erwerb von bewegl. Anlagevermögen,-,false,2024,ergebnis,69418,83
PG,0106,false,26,erwerb_bewegliches_anlagevermoegen,Ausz. f. Erwerb von bewegl. Anlagevermögen,-,false,2025,ansatz,249050,83
PG,0106,false,26,erwerb_bewegliches_anlagevermoegen,Ausz. f. Erwerb von bewegl. Anlagevermögen,-,false,2026,ansatz,382000,83
PG,0106,false,26,erwerb_bewegliches_anlagevermoegen,Ausz. f. Erwerb von bewegl. Anlagevermögen,-,false,2026,ve,0,83
PG,0106,false,26,erwerb_bewegliches_anlagevermoegen,Ausz. f. Erwerb von bewegl. Anlagevermögen,-,false,2027,planung,76000,83
PG,0106,false,26,erwerb_bewegliches_anlagevermoegen,Ausz. f. Erwerb von bewegl. Anlagevermögen,-,false,2028,planung,76000,83
PG,0106,false,26,erwerb_bewegliches_anlagevermoegen,Ausz. f. Erwerb von bewegl. Anlagevermögen,-,false,2029,planung,71000,83
PG,0106,false,27,erwerb_finanzanlagen,Ausz. f. Erwerb v. Finanzanlagen,-,false,2024,ergebnis,0,83
PG,0106,false,27,erwerb_finanzanlagen,Ausz. f. Erwerb v. Finanzanlagen,-,false,2025,ansatz,500000,83
PG,0106,false,27,erwerb_finanzanlagen,Ausz. f. Erwerb v. Finanzanlagen,-,false,2026,ansatz,0,83
PG,0106,false,27,erwerb_finanzanlagen,Ausz. f. Erwerb v. Finanzanlagen,-,false,2026,ve,0,83
PG,0106,false,27,erwerb_finanzanlagen,Ausz. f. Erwerb v. Finanzanlagen,-,false,2027,planung,0,83
PG,0106,false,27,erwerb_finanzanlagen,Ausz. f. Erwerb v. Finanzanlagen,-,false,2028,planung,0,83
PG,0106,false,27,erwerb_finanzanlagen,Ausz. f. Erwerb v. Finanzanlagen,-,false,2029,planung,0,83
PG,0106,false,30,auszahlungen_investitionen,Auszahlungen aus Investitionstätigkeit,=,true,2024,ergebnis,70456,83
PG,0106,false,30,auszahlungen_investitionen,Auszahlungen aus Investitionstätigkeit,=,true,2025,ansatz,1049050,83
PG,0106,false,30,auszahlungen_investitionen,Auszahlungen aus Investitionstätigkeit,=,true,2026,ansatz,632000,83
PG,0106,false,30,auszahlungen_investitionen,Auszahlungen aus Investitionstätigkeit,=,true,2026,ve,0,83
PG,0106,false,30,auszahlungen_investitionen,Auszahlungen aus Investitionstätigkeit,=,true,2027,planung,376000,83
PG,0106,false,30,auszahlungen_investitionen,Auszahlungen aus Investitionstätigkeit,=,true,2028,planung,76000,83
PG,0106,false,30,auszahlungen_investitionen,Auszahlungen aus Investitionstätigkeit,=,true,2029,planung,71000,83
PG,0107,true,09,einzahlungen_laufende_verwaltung,Einzahlungen aus lfd. Verw.-tätigkeit,=,true,2024,ergebnis,2754,95
PG,0107,true,09,einzahlungen_laufende_verwaltung,Einzahlungen aus lfd. Verw.-tätigkeit,=,true,2025,ansatz,4000,95
PG,0107,true,09,einzahlungen_laufende_verwaltung,Einzahlungen aus lfd. Verw.-tätigkeit,=,true,2026,ansatz,4000,95
PG,0107,true,09,einzahlungen_laufende_verwaltung,Einzahlungen aus lfd. Verw.-tätigkeit,=,true,2026,ve,0,95
PG,0107,true,09,einzahlungen_laufende_verwaltung,Einzahlungen aus lfd. Verw.-tätigkeit,=,true,2027,planung,4000,95
PG,0107,true,09,einzahlungen_laufende_verwaltung,Einzahlungen aus lfd. Verw.-tätigkeit,=,true,2028,planung,4000,95
PG,0107,true,09,einzahlungen_laufende_verwaltung,Einzahlungen aus lfd. Verw.-tätigkeit,=,true,2029,planung,4000,95
PG,0107,true,16,auszahlungen_laufende_verwaltung,Auszahlungen aus lfd. Verw.-tätigkeit,=,true,2024,ergebnis,121276,95
PG,0107,true,16,auszahlungen_laufende_verwaltung,Auszahlungen aus lfd. Verw.-tätigkeit,=,true,2025,ansatz,142600,95
PG,0107,true,16,auszahlungen_laufende_verwaltung,Auszahlungen aus lfd. Verw.-tätigkeit,=,true,2026,ansatz,143900,95
PG,0107,true,16,auszahlungen_laufende_verwaltung,Auszahlungen aus lfd. Verw.-tätigkeit,=,true,2026,ve,0,95
PG,0107,true,16,auszahlungen_laufende_verwaltung,Auszahlungen aus lfd. Verw.-tätigkeit,=,true,2027,planung,141800,95
PG,0107,true,16,auszahlungen_laufende_verwaltung,Auszahlungen aus lfd. Verw.-tätigkeit,=,true,2028,planung,146400,95
PG,0107,true,16,auszahlungen_laufende_verwaltung,Auszahlungen aus lfd. Verw.-tätigkeit,=,true,2029,planung,151200,95
PG,0107,true,17,saldo_laufende_verwaltung,Saldo aus lfd. Verw.-tätigkeit,=,true,2024,ergebnis,-118522,95
PG,0107,true,17,saldo_laufende_verwaltung,Saldo aus lfd. Verw.-tätigkeit,=,true,2025,ansatz,-138600,95
PG,0107,true,17,saldo_laufende_verwaltung,Saldo aus lfd. Verw.-tätigkeit,=,true,2026,ansatz,-139900,95
PG,0107,true,17,saldo_laufende_verwaltung,Saldo aus lfd. Verw.-tätigkeit,=,true,2026,ve,0,95
PG,0107,true,17,saldo_laufende_verwaltung,Saldo aus lfd. Verw.-tätigkeit,=,true,2027,planung,-137800,95
PG,0107,true,17,saldo_laufende_verwaltung,Saldo aus lfd. Verw.-tätigkeit,=,true,2028,planung,-142400,95
PG,0107,true,17,saldo_laufende_verwaltung,Saldo aus lfd. Verw.-tätigkeit,=,true,2029,planung,-147200,95
PG,0108,true,16,auszahlungen_laufende_verwaltung,Auszahlungen aus lfd. Verw.-tätigkeit,=,true,2024,ergebnis,1399,97
PG,0108,true,16,auszahlungen_laufende_verwaltung,Auszahlungen aus lfd. Verw.-tätigkeit,=,true,2025,ansatz,3300,97
PG,0108,true,16,auszahlungen_laufende_verwaltung,Auszahlungen aus lfd. Verw.-tätigkeit,=,true,2026,ansatz,3400,97
PG,0108,true,16,auszahlungen_laufende_verwaltung,Auszahlungen aus lfd. Verw.-tätigkeit,=,true,2026,ve,0,97
PG,0108,true,16,auszahlungen_laufende_verwaltung,Auszahlungen aus lfd. Verw.-tätigkeit,=,true,2027,planung,3400,97
PG,0108,true,16,auszahlungen_laufende_verwaltung,Auszahlungen aus lfd. Verw.-tätigkeit,=,true,2028,planung,3400,97
PG,0108,true,16,auszahlungen_laufende_verwaltung,Auszahlungen aus lfd. Verw.-tätigkeit,=,true,2029,planung,3400,97
PG,0108,true,17,saldo_laufende_verwaltung,Saldo aus lfd. Verw.-tätigkeit,=,true,2024,ergebnis,-1399,97
PG,0108,true,17,saldo_laufende_verwaltung,Saldo aus lfd. Verw.-tätigkeit,=,true,2025,ansatz,-3300,97
PG,0108,true,17,saldo_laufende_verwaltung,Saldo aus lfd. Verw.-tätigkeit,=,true,2026,ansatz,-3400,97
PG,0108,true,17,saldo_laufende_verwaltung,Saldo aus lfd. Verw.-tätigkeit,=,true,2026,ve,0,97
PG,0108,true,17,saldo_laufende_verwaltung,Saldo aus lfd. Verw.-tätigkeit,=,true,2027,planung,-3400,97
PG,0108,true,17,saldo_laufende_verwaltung,Saldo aus lfd. Verw.-tätigkeit,=,true,2028,planung,-3400,97
PG,0108,true,17,saldo_laufende_verwaltung,Saldo aus lfd. Verw.-tätigkeit,=,true,2029,planung,-3400,97
PG,0109,true,09,einzahlungen_laufende_verwaltung,Einzahlungen aus lfd. Verw.-tätigkeit,=,true,2024,ergebnis,40967,100
PG,0109,true,09,einzahlungen_laufende_verwaltung,Einzahlungen aus lfd. Verw.-tätigkeit,=,true,2025,ansatz,0,100
PG,0109,true,09,einzahlungen_laufende_verwaltung,Einzahlungen aus lfd. Verw.-tätigkeit,=,true,2026,ansatz,0,100
PG,0109,true,09,einzahlungen_laufende_verwaltung,Einzahlungen aus lfd. Verw.-tätigkeit,=,true,2026,ve,0,100
PG,0109,true,09,einzahlungen_laufende_verwaltung,Einzahlungen aus lfd. Verw.-tätigkeit,=,true,2027,planung,0,100
PG,0109,true,09,einzahlungen_laufende_verwaltung,Einzahlungen aus lfd. Verw.-tätigkeit,=,true,2028,planung,0,100
PG,0109,true,09,einzahlungen_laufende_verwaltung,Einzahlungen aus lfd. Verw.-tätigkeit,=,true,2029,planung,0,100
PG,0109,true,16,auszahlungen_laufende_verwaltung,Auszahlungen aus lfd. Verw.-tätigkeit,=,true,2024,ergebnis,654874,100
PG,0109,true,16,auszahlungen_laufende_verwaltung,Auszahlungen aus lfd. Verw.-tätigkeit,=,true,2025,ansatz,910600,100
PG,0109,true,16,auszahlungen_laufende_verwaltung,Auszahlungen aus lfd. Verw.-tätigkeit,=,true,2026,ansatz,716200,100
PG,0109,true,16,auszahlungen_laufende_verwaltung,Auszahlungen aus lfd. Verw.-tätigkeit,=,true,2026,ve,0,100
PG,0109,true,16,auszahlungen_laufende_verwaltung,Auszahlungen aus lfd. Verw.-tätigkeit,=,true,2027,planung,737300,100
PG,0109,true,16,auszahlungen_laufende_verwaltung,Auszahlungen aus lfd. Verw.-tätigkeit,=,true,2028,planung,759400,100
PG,0109,true,16,auszahlungen_laufende_verwaltung,Auszahlungen aus lfd. Verw.-tätigkeit,=,true,2029,planung,782000,100
PG,0109,true,17,saldo_laufende_verwaltung,Saldo aus lfd. Verw.-tätigkeit,=,true,2024,ergebnis,-613907,100
PG,0109,true,17,saldo_laufende_verwaltung,Saldo aus lfd. Verw.-tätigkeit,=,true,2025,ansatz,-910600,100
PG,0109,true,17,saldo_laufende_verwaltung,Saldo aus lfd. Verw.-tätigkeit,=,true,2026,ansatz,-716200,100
PG,0109,true,17,saldo_laufende_verwaltung,Saldo aus lfd. Verw.-tätigkeit,=,true,2026,ve,0,100
PG,0109,true,17,saldo_laufende_verwaltung,Saldo aus lfd. Verw.-tätigkeit,=,true,2027,planung,-737300,100
PG,0109,true,17,saldo_laufende_verwaltung,Saldo aus lfd. Verw.-tätigkeit,=,true,2028,planung,-759400,100
PG,0109,true,17,saldo_laufende_verwaltung,Saldo aus lfd. Verw.-tätigkeit,=,true,2029,planung,-782000,100
PG,0109,true,27,erwerb_finanzanlagen,Ausz. f. Erwerb v. Finanzanlagen,-,false,2024,ergebnis,50000,100
PG,0109,true,27,erwerb_finanzanlagen,Ausz. f. Erwerb v. Finanzanlagen,-,false,2025,ansatz,50000,100
PG,0109,true,27,erwerb_finanzanlagen,Ausz. f. Erwerb v. Finanzanlagen,-,false,2026,ansatz,50000,100
PG,0109,true,27,erwerb_finanzanlagen,Ausz. f. Erwerb v. Finanzanlagen,-,false,2026,ve,0,100
PG,0109,true,27,erwerb_finanzanlagen,Ausz. f. Erwerb v. Finanzanlagen,-,false,2027,planung,50000,100
PG,0109,true,27,erwerb_finanzanlagen,Ausz. f. Erwerb v. Finanzanlagen,-,false,2028,planung,50000,100
PG,0109,true,27,erwerb_finanzanlagen,Ausz. f. Erwerb v. Finanzanlagen,-,false,2029,planung,50000,100
PG,0109,true,30,auszahlungen_investitionen,Auszahlungen aus Investitionstätigkeit,=,true,2024,ergebnis,50000,100
PG,0109,true,30,auszahlungen_investitionen,Auszahlungen aus Investitionstätigkeit,=,true,2025,ansatz,50000,100
PG,0109,true,30,auszahlungen_investitionen,Auszahlungen aus Investitionstätigkeit,=,true,2026,ansatz,50000,100
PG,0109,true,30,auszahlungen_investitionen,Auszahlungen aus Investitionstätigkeit,=,true,2026,ve,0,100
PG,0109,true,30,auszahlungen_investitionen,Auszahlungen aus Investitionstätigkeit,=,true,2027,planung,50000,100
PG,0109,true,30,auszahlungen_investitionen,Auszahlungen aus Investitionstätigkeit,=,true,2028,planung,50000,100
PG,0109,true,30,auszahlungen_investitionen,Auszahlungen aus Investitionstätigkeit,=,true,2029,planung,50000,100
PG,0109,true,31,saldo_investitionen,Saldo aus Investitionstätigkeit,=,true,2024,ergebnis,-50000,100
PG,0109,true,31,saldo_investitionen,Saldo aus Investitionstätigkeit,=,true,2025,ansatz,-50000,100
PG,0109,true,31,saldo_investitionen,Saldo aus Investitionstätigkeit,=,true,2026,ansatz,-50000,100
PG,0109,true,31,saldo_investitionen,Saldo aus Investitionstätigkeit,=,true,2026,ve,0,100
PG,0109,true,31,saldo_investitionen,Saldo aus Investitionstätigkeit,=,true,2027,planung,-50000,100
PG,0109,true,31,saldo_investitionen,Saldo aus Investitionstätigkeit,=,true,2028,planung,-50000,100
PG,0109,true,31,saldo_investitionen,Saldo aus Investitionstätigkeit,=,true,2029,planung,-50000,100
PG,0110,false,09,einzahlungen_laufende_verwaltung,Einzahlungen aus lfd. Verw.-tätigkeit,=,true,2024,ergebnis,130455,102
PG,0110,false,09,einzahlungen_laufende_verwaltung,Einzahlungen aus lfd. Verw.-tätigkeit,=,true,2025,ansatz,151700,102
PG,0110,false,09,einzahlungen_laufende_verwaltung,Einzahlungen aus lfd. Verw.-tätigkeit,=,true,2026,ansatz,157600,102
PG,0110,false,09,einzahlungen_laufende_verwaltung,Einzahlungen aus lfd. Verw.-tätigkeit,=,true,2026,ve,0,102
PG,0110,false,09,einzahlungen_laufende_verwaltung,Einzahlungen aus lfd. Verw.-tätigkeit,=,true,2027,planung,207600,102
PG,0110,false,09,einzahlungen_laufende_verwaltung,Einzahlungen aus lfd. Verw.-tätigkeit,=,true,2028,planung,207600,102
PG,0110,false,09,einzahlungen_laufende_verwaltung,Einzahlungen aus lfd. Verw.-tätigkeit,=,true,2029,planung,207600,102
PG,0110,false,16,auszahlungen_laufende_verwaltung,Auszahlungen aus lfd. Verw.-tätigkeit,=,true,2024,ergebnis,687049,102
PG,0110,false,16,auszahlungen_laufende_verwaltung,Auszahlungen aus lfd. Verw.-tätigkeit,=,true,2025,ansatz,726100,102
PG,0110,false,16,auszahlungen_laufende_verwaltung,Auszahlungen aus lfd. Verw.-tätigkeit,=,true,2026,ansatz,727200,102
PG,0110,false,16,auszahlungen_laufende_verwaltung,Auszahlungen aus lfd. Verw.-tätigkeit,=,true,2026,ve,0,102
PG,0110,false,16,auszahlungen_laufende_verwaltung,Auszahlungen aus lfd. Verw.-tätigkeit,=,true,2027,planung,713500,102
PG,0110,false,16,auszahlungen_laufende_verwaltung,Auszahlungen aus lfd. Verw.-tätigkeit,=,true,2028,planung,730300,102
PG,0110,false,16,auszahlungen_laufende_verwaltung,Auszahlungen aus lfd. Verw.-tätigkeit,=,true,2029,planung,677700,102
PG,0111,true,09,einzahlungen_laufende_verwaltung,Einzahlungen aus lfd. Verw.-tätigkeit,=,true,2024,ergebnis,19468,110
PG,0111,true,09,einzahlungen_laufende_verwaltung,Einzahlungen aus lfd. Verw.-tätigkeit,=,true,2025,ansatz,0,110
PG,0111,true,09,einzahlungen_laufende_verwaltung,Einzahlungen aus lfd. Verw.-tätigkeit,=,true,2026,ansatz,0,110
PG,0111,true,09,einzahlungen_laufende_verwaltung,Einzahlungen aus lfd. Verw.-tätigkeit,=,true,2026,ve,0,110
PG,0111,true,09,einzahlungen_laufende_verwaltung,Einzahlungen aus lfd. Verw.-tätigkeit,=,true,2027,planung,0,110
PG,0111,true,09,einzahlungen_laufende_verwaltung,Einzahlungen aus lfd. Verw.-tätigkeit,=,true,2028,planung,0,110
PG,0111,true,09,einzahlungen_laufende_verwaltung,Einzahlungen aus lfd. Verw.-tätigkeit,=,true,2029,planung,0,110
PG,0111,true,16,auszahlungen_laufende_verwaltung,Auszahlungen aus lfd. Verw.-tätigkeit,=,true,2024,ergebnis,244006,110
PG,0111,true,16,auszahlungen_laufende_verwaltung,Auszahlungen aus lfd. Verw.-tätigkeit,=,true,2025,ansatz,300600,110
PG,0111,true,16,auszahlungen_laufende_verwaltung,Auszahlungen aus lfd. Verw.-tätigkeit,=,true,2026,ansatz,375300,110
PG,0111,true,16,auszahlungen_laufende_verwaltung,Auszahlungen aus lfd. Verw.-tätigkeit,=,true,2026,ve,0,110
PG,0111,true,16,auszahlungen_laufende_verwaltung,Auszahlungen aus lfd. Verw.-tätigkeit,=,true,2027,planung,395200,110
PG,0111,true,16,auszahlungen_laufende_verwaltung,Auszahlungen aus lfd. Verw.-tätigkeit,=,true,2028,planung,410500,110
PG,0111,true,16,auszahlungen_laufende_verwaltung,Auszahlungen aus lfd. Verw.-tätigkeit,=,true,2029,planung,431200,110
PG,0111,true,17,saldo_laufende_verwaltung,Saldo aus lfd. Verw.-tätigkeit,=,true,2024,ergebnis,-224539,110
PG,0111,true,17,saldo_laufende_verwaltung,Saldo aus lfd. Verw.-tätigkeit,=,true,2025,ansatz,-300600,110
PG,0111,true,17,saldo_laufende_verwaltung,Saldo aus lfd. Verw.-tätigkeit,=,true,2026,ansatz,-375300,110
PG,0111,true,17,saldo_laufende_verwaltung,Saldo aus lfd. Verw.-tätigkeit,=,true,2026,ve,0,110
PG,0111,true,17,saldo_laufende_verwaltung,Saldo aus lfd. Verw.-tätigkeit,=,true,2027,planung,-395200,110
PG,0111,true,17,saldo_laufende_verwaltung,Saldo aus lfd. Verw.-tätigkeit,=,true,2028,planung,-410500,110
PG,0111,true,17,saldo_laufende_verwaltung,Saldo aus lfd. Verw.-tätigkeit,=,true,2029,planung,-431200,110
PG,0111,true,26,erwerb_bewegliches_anlagevermoegen,Ausz. f. Erwerb von bewegl. Anlagevermögen,-,false,2024,ergebnis,35836,110
PG,0111,true,26,erwerb_bewegliches_anlagevermoegen,Ausz. f. Erwerb von bewegl. Anlagevermögen,-,false,2025,ansatz,12000,110
PG,0111,true,26,erwerb_bewegliches_anlagevermoegen,Ausz. f. Erwerb von bewegl. Anlagevermögen,-,false,2026,ansatz,25000,110
PG,0111,true,26,erwerb_bewegliches_anlagevermoegen,Ausz. f. Erwerb von bewegl. Anlagevermögen,-,false,2026,ve,0,110
PG,0111,true,26,erwerb_bewegliches_anlagevermoegen,Ausz. f. Erwerb von bewegl. Anlagevermögen,-,false,2027,planung,30000,110
PG,0111,true,26,erwerb_bewegliches_anlagevermoegen,Ausz. f. Erwerb von bewegl. Anlagevermögen,-,false,2028,planung,0,110
PG,0111,true,26,erwerb_bewegliches_anlagevermoegen,Ausz. f. Erwerb von bewegl. Anlagevermögen,-,false,2029,planung,0,110
PG,0111,true,29,sonstige_investitionsauszahlungen,Sonstige Investitionsauszahlungen,-,false,2024,ergebnis,5071,110
PG,0111,true,29,sonstige_investitionsauszahlungen,Sonstige Investitionsauszahlungen,-,false,2025,ansatz,0,110
PG,0111,true,29,sonstige_investitionsauszahlungen,Sonstige Investitionsauszahlungen,-,false,2026,ansatz,0,110
PG,0111,true,29,sonstige_investitionsauszahlungen,Sonstige Investitionsauszahlungen,-,false,2026,ve,0,110
PG,0111,true,29,sonstige_investitionsauszahlungen,Sonstige Investitionsauszahlungen,-,false,2027,planung,0,110
PG,0111,true,29,sonstige_investitionsauszahlungen,Sonstige Investitionsauszahlungen,-,false,2028,planung,0,110
PG,0111,true,29,sonstige_investitionsauszahlungen,Sonstige Investitionsauszahlungen,-,false,2029,planung,0,110
PG,0111,true,30,auszahlungen_investitionen,Auszahlungen aus Investitionstätigkeit,=,true,2024,ergebnis,40907,110
PG,0111,true,30,auszahlungen_investitionen,Auszahlungen aus Investitionstätigkeit,=,true,2025,ansatz,12000,110
PG,0111,true,30,auszahlungen_investitionen,Auszahlungen aus Investitionstätigkeit,=,true,2026,ansatz,25000,110
PG,0111,true,30,auszahlungen_investitionen,Auszahlungen aus Investitionstätigkeit,=,true,2026,ve,0,110
PG,0111,true,30,auszahlungen_investitionen,Auszahlungen aus Investitionstätigkeit,=,true,2027,planung,30000,110
PG,0111,true,30,auszahlungen_investitionen,Auszahlungen aus Investitionstätigkeit,=,true,2028,planung,0,110
PG,0111,true,30,auszahlungen_investitionen,Auszahlungen aus Investitionstätigkeit,=,true,2029,planung,0,110
PG,0111,true,31,saldo_investitionen,Saldo aus Investitionstätigkeit,=,true,2024,ergebnis,-40907,110
PG,0111,true,31,saldo_investitionen,Saldo aus Investitionstätigkeit,=,true,2025,ansatz,-12000,110
PG,0111,true,31,saldo_investitionen,Saldo aus Investitionstätigkeit,=,true,2026,ansatz,-25000,110
PG,0111,true,31,saldo_investitionen,Saldo aus Investitionstätigkeit,=,true,2026,ve,0,110
PG,0111,true,31,saldo_investitionen,Saldo aus Investitionstätigkeit,=,true,2027,planung,-30000,110
PG,0111,true,31,saldo_investitionen,Saldo aus Investitionstätigkeit,=,true,2028,planung,0,110
PG,0111,true,31,saldo_investitionen,Saldo aus Investitionstätigkeit,=,true,2029,planung,0,110
PG,0112,false,09,einzahlungen_laufende_verwaltung,Einzahlungen aus lfd. Verw.-tätigkeit,=,true,2024,ergebnis,543098,112
PG,0112,false,09,einzahlungen_laufende_verwaltung,Einzahlungen aus lfd. Verw.-tätigkeit,=,true,2025,ansatz,126400,112
PG,0112,false,09,einzahlungen_laufende_verwaltung,Einzahlungen aus lfd. Verw.-tätigkeit,=,true,2026,ansatz,165600,112
PG,0112,false,09,einzahlungen_laufende_verwaltung,Einzahlungen aus lfd. Verw.-tätigkeit,=,true,2026,ve,0,112
PG,0112,false,09,einzahlungen_laufende_verwaltung,Einzahlungen aus lfd. Verw.-tätigkeit,=,true,2027,planung,165600,112
PG,0112,false,09,einzahlungen_laufende_verwaltung,Einzahlungen aus lfd. Verw.-tätigkeit,=,true,2028,planung,165600,112
PG,0112,false,09,einzahlungen_laufende_verwaltung,Einzahlungen aus lfd. Verw.-tätigkeit,=,true,2029,planung,165600,112
PG,0112,false,16,auszahlungen_laufende_verwaltung,Auszahlungen aus lfd. Verw.-tätigkeit,=,true,2024,ergebnis,916964,112
PG,0112,false,16,auszahlungen_laufende_verwaltung,Auszahlungen aus lfd. Verw.-tätigkeit,=,true,2025,ansatz,710150,112
PG,0112,false,16,auszahlungen_laufende_verwaltung,Auszahlungen aus lfd. Verw.-tätigkeit,=,true,2026,ansatz,730250,112
PG,0112,false,16,auszahlungen_laufende_verwaltung,Auszahlungen aus lfd. Verw.-tätigkeit,=,true,2026,ve,0,112
PG,0112,false,16,auszahlungen_laufende_verwaltung,Auszahlungen aus lfd. Verw.-tätigkeit,=,true,2027,planung,706450,112
PG,0112,false,16,auszahlungen_laufende_verwaltung,Auszahlungen aus lfd. Verw.-tätigkeit,=,true,2028,planung,735190,112
PG,0112,false,16,auszahlungen_laufende_verwaltung,Auszahlungen aus lfd. Verw.-tätigkeit,=,true,2029,planung,741350,112
PG,0112,false,18,investitionszuwendungen,Zuwendungen für Investitionsmaßnahmen,+,false,2024,ergebnis,36145,112
PG,0112,false,18,investitionszuwendungen,Zuwendungen für Investitionsmaßnahmen,+,false,2025,ansatz,0,112
PG,0112,false,18,investitionszuwendungen,Zuwendungen für Investitionsmaßnahmen,+,false,2026,ansatz,0,112
PG,0112,false,18,investitionszuwendungen,Zuwendungen für Investitionsmaßnahmen,+,false,2026,ve,0,112
PG,0112,false,18,investitionszuwendungen,Zuwendungen für Investitionsmaßnahmen,+,false,2027,planung,0,112
PG,0112,false,18,investitionszuwendungen,Zuwendungen für Investitionsmaßnahmen,+,false,2028,planung,0,112
PG,0112,false,18,investitionszuwendungen,Zuwendungen für Investitionsmaßnahmen,+,false,2029,planung,0,112
PG,0112,false,19,veraeusserung_sachanlagen,Einz. aus Veräußerung v. Sachanlagen,+,false,2024,ergebnis,2099199,112
PG,0112,false,19,veraeusserung_sachanlagen,Einz. aus Veräußerung v. Sachanlagen,+,false,2025,ansatz,3199990,112
PG,0112,false,19,veraeusserung_sachanlagen,Einz. aus Veräußerung v. Sachanlagen,+,false,2026,ansatz,2245830,112
PG,0112,false,19,veraeusserung_sachanlagen,Einz. aus Veräußerung v. Sachanlagen,+,false,2026,ve,0,112
PG,0112,false,19,veraeusserung_sachanlagen,Einz. aus Veräußerung v. Sachanlagen,+,false,2027,planung,2181640,112
PG,0112,false,19,veraeusserung_sachanlagen,Einz. aus Veräußerung v. Sachanlagen,+,false,2028,planung,3516928,112
PG,0112,false,19,veraeusserung_sachanlagen,Einz. aus Veräußerung v. Sachanlagen,+,false,2029,planung,1830000,112
PG,0112,false,21,beitraege,Einz. aus Beiträgen u. ä. Entgelten,+,false,2024,ergebnis,-18590,112
PG,0112,false,21,beitraege,Einz. aus Beiträgen u. ä. Entgelten,+,false,2025,ansatz,0,112
PG,0112,false,21,beitraege,Einz. aus Beiträgen u. ä. Entgelten,+,false,2026,ansatz,0,112
PG,0112,false,21,beitraege,Einz. aus Beiträgen u. ä. Entgelten,+,false,2026,ve,0,112
PG,0112,false,21,beitraege,Einz. aus Beiträgen u. ä. Entgelten,+,false,2027,planung,0,112
PG,0112,false,21,beitraege,Einz. aus Beiträgen u. ä. Entgelten,+,false,2028,planung,0,112
PG,0112,false,21,beitraege,Einz. aus Beiträgen u. ä. Entgelten,+,false,2029,planung,0,112
PG,0112,false,23,einzahlungen_investitionen,Einzahlungen aus Investitionstätigkeit,=,true,2024,ergebnis,2116754,112
PG,0112,false,23,einzahlungen_investitionen,Einzahlungen aus Investitionstätigkeit,=,true,2025,ansatz,3199990,112
PG,0112,false,23,einzahlungen_investitionen,Einzahlungen aus Investitionstätigkeit,=,true,2026,ansatz,2245830,112
PG,0112,false,23,einzahlungen_investitionen,Einzahlungen aus Investitionstätigkeit,=,true,2026,ve,0,112
PG,0112,false,23,einzahlungen_investitionen,Einzahlungen aus Investitionstätigkeit,=,true,2027,planung,2181640,112
PG,0112,false,23,einzahlungen_investitionen,Einzahlungen aus Investitionstätigkeit,=,true,2028,planung,3516928,112
PG,0112,false,23,einzahlungen_investitionen,Einzahlungen aus Investitionstätigkeit,=,true,2029,planung,1830000,112
PG,0112,false,24,erwerb_grundstuecke_gebaeude,Ausz. f. Erwerb von Grundst. u. Gebäuden,-,false,2024,ergebnis,155165,112
PG,0112,false,24,erwerb_grundstuecke_gebaeude,Ausz. f. Erwerb von Grundst. u. Gebäuden,-,false,2025,ansatz,4725000,112
PG,0112,false,24,erwerb_grundstuecke_gebaeude,Ausz. f. Erwerb von Grundst. u. Gebäuden,-,false,2026,ansatz,2081384,112
PG,0112,false,24,erwerb_grundstuecke_gebaeude,Ausz. f. Erwerb von Grundst. u. Gebäuden,-,false,2026,ve,0,112
PG,0112,false,24,erwerb_grundstuecke_gebaeude,Ausz. f. Erwerb von Grundst. u. Gebäuden,-,false,2027,planung,450000,112
PG,0112,false,24,erwerb_grundstuecke_gebaeude,Ausz. f. Erwerb von Grundst. u. Gebäuden,-,false,2028,planung,450000,112
PG,0112,false,24,erwerb_grundstuecke_gebaeude,Ausz. f. Erwerb von Grundst. u. Gebäuden,-,false,2029,planung,0,112
PG,0112,false,25,baumassnahmen,Ausz. f. Baumaßnahmen,-,false,2024,ergebnis,111853,112
PG,0112,false,25,baumassnahmen,Ausz. f. Baumaßnahmen,-,false,2025,ansatz,150000,112
PG,0112,false,25,baumassnahmen,Ausz. f. Baumaßnahmen,-,false,2026,ansatz,175000,112
PG,0112,false,25,baumassnahmen,Ausz. f. Baumaßnahmen,-,false,2026,ve,0,112
PG,0112,false,25,baumassnahmen,Ausz. f. Baumaßnahmen,-,false,2027,planung,0,112
PG,0112,false,25,baumassnahmen,Ausz. f. Baumaßnahmen,-,false,2028,planung,0,112
PG,0112,false,25,baumassnahmen,Ausz. f. Baumaßnahmen,-,false,2029,planung,0,112
PG,0112,false,26,erwerb_bewegliches_anlagevermoegen,Ausz. f. Erwerb von bewegl. Anlagevermögen,-,false,2024,ergebnis,0,112
PG,0112,false,26,erwerb_bewegliches_anlagevermoegen,Ausz. f. Erwerb von bewegl. Anlagevermögen,-,false,2025,ansatz,165000,112
PG,0112,false,26,erwerb_bewegliches_anlagevermoegen,Ausz. f. Erwerb von bewegl. Anlagevermögen,-,false,2026,ansatz,162500,112
PG,0112,false,26,erwerb_bewegliches_anlagevermoegen,Ausz. f. Erwerb von bewegl. Anlagevermögen,-,false,2026,ve,0,112
PG,0112,false,26,erwerb_bewegliches_anlagevermoegen,Ausz. f. Erwerb von bewegl. Anlagevermögen,-,false,2027,planung,57500,112
PG,0112,false,26,erwerb_bewegliches_anlagevermoegen,Ausz. f. Erwerb von bewegl. Anlagevermögen,-,false,2028,planung,3000,112
PG,0112,false,26,erwerb_bewegliches_anlagevermoegen,Ausz. f. Erwerb von bewegl. Anlagevermögen,-,false,2029,planung,3000,112
PG,0112,false,30,auszahlungen_investitionen,Auszahlungen aus Investitionstätigkeit,=,true,2024,ergebnis,267018,112
PG,0112,false,30,auszahlungen_investitionen,Auszahlungen aus Investitionstätigkeit,=,true,2025,ansatz,5040000,112
PG,0112,false,30,auszahlungen_investitionen,Auszahlungen aus Investitionstätigkeit,=,true,2026,ansatz,2418884,112
PG,0112,false,30,auszahlungen_investitionen,Auszahlungen aus Investitionstätigkeit,=,true,2026,ve,0,112
PG,0112,false,30,auszahlungen_investitionen,Auszahlungen aus Investitionstätigkeit,=,true,2027,planung,507500,112
PG,0112,false,30,auszahlungen_investitionen,Auszahlungen aus Investitionstätigkeit,=,true,2028,planung,453000,112
PG,0112,false,30,auszahlungen_investitionen,Auszahlungen aus Investitionstätigkeit,=,true,2029,planung,3000,112
PG,0112,false,31,saldo_investitionen,Saldo aus Investitionstätigkeit,=,true,2024,ergebnis,1849736,112
PG,0112,false,31,saldo_investitionen,Saldo aus Investitionstätigkeit,=,true,2025,ansatz,-1840010,112
PG,0112,false,31,saldo_investitionen,Saldo aus Investitionstätigkeit,=,true,2026,ansatz,-173054,112
PG,0112,false,31,saldo_investitionen,Saldo aus Investitionstätigkeit,=,true,2026,ve,0,112
PG,0112,false,31,saldo_investitionen,Saldo aus Investitionstätigkeit,=,true,2027,planung,1674140,112
PG,0112,false,31,saldo_investitionen,Saldo aus Investitionstätigkeit,=,true,2028,planung,3063928,112
PG,0112,false,31,saldo_investitionen,Saldo aus Investitionstätigkeit,=,true,2029,planung,1827000,112
PG,0201,true,09,einzahlungen_laufende_verwaltung,Einzahlungen aus lfd. Verw.-tätigkeit,=,true,2024,ergebnis,26082,129
PG,0201,true,09,einzahlungen_laufende_verwaltung,Einzahlungen aus lfd. Verw.-tätigkeit,=,true,2025,ansatz,20000,129
PG,0201,true,09,einzahlungen_laufende_verwaltung,Einzahlungen aus lfd. Verw.-tätigkeit,=,true,2026,ansatz,19900,129
PG,0201,true,09,einzahlungen_laufende_verwaltung,Einzahlungen aus lfd. Verw.-tätigkeit,=,true,2026,ve,0,129
PG,0201,true,09,einzahlungen_laufende_verwaltung,Einzahlungen aus lfd. Verw.-tätigkeit,=,true,2027,planung,19900,129
PG,0201,true,09,einzahlungen_laufende_verwaltung,Einzahlungen aus lfd. Verw.-tätigkeit,=,true,2028,planung,19900,129
PG,0201,true,09,einzahlungen_laufende_verwaltung,Einzahlungen aus lfd. Verw.-tätigkeit,=,true,2029,planung,19900,129
PG,0201,true,16,auszahlungen_laufende_verwaltung,Auszahlungen aus lfd. Verw.-tätigkeit,=,true,2024,ergebnis,136317,129
PG,0201,true,16,auszahlungen_laufende_verwaltung,Auszahlungen aus lfd. Verw.-tätigkeit,=,true,2025,ansatz,219500,129
PG,0201,true,16,auszahlungen_laufende_verwaltung,Auszahlungen aus lfd. Verw.-tätigkeit,=,true,2026,ansatz,233100,129
PG,0201,true,16,auszahlungen_laufende_verwaltung,Auszahlungen aus lfd. Verw.-tätigkeit,=,true,2026,ve,0,129
PG,0201,true,16,auszahlungen_laufende_verwaltung,Auszahlungen aus lfd. Verw.-tätigkeit,=,true,2027,planung,241200,129
PG,0201,true,16,auszahlungen_laufende_verwaltung,Auszahlungen aus lfd. Verw.-tätigkeit,=,true,2028,planung,249700,129
PG,0201,true,16,auszahlungen_laufende_verwaltung,Auszahlungen aus lfd. Verw.-tätigkeit,=,true,2029,planung,258500,129
PG,0201,true,17,saldo_laufende_verwaltung,Saldo aus lfd. Verw.-tätigkeit,=,true,2024,ergebnis,-110235,129
PG,0201,true,17,saldo_laufende_verwaltung,Saldo aus lfd. Verw.-tätigkeit,=,true,2025,ansatz,-199500,129
PG,0201,true,17,saldo_laufende_verwaltung,Saldo aus lfd. Verw.-tätigkeit,=,true,2026,ansatz,-213200,129
PG,0201,true,17,saldo_laufende_verwaltung,Saldo aus lfd. Verw.-tätigkeit,=,true,2026,ve,0,129
PG,0201,true,17,saldo_laufende_verwaltung,Saldo aus lfd. Verw.-tätigkeit,=,true,2027,planung,-221300,129
PG,0201,true,17,saldo_laufende_verwaltung,Saldo aus lfd. Verw.-tätigkeit,=,true,2028,planung,-229800,129
PG,0201,true,17,saldo_laufende_verwaltung,Saldo aus lfd. Verw.-tätigkeit,=,true,2029,planung,-238600,129
PG,0202,true,09,einzahlungen_laufende_verwaltung,Einzahlungen aus lfd. Verw.-tätigkeit,=,true,2024,ergebnis,11957,131
PG,0202,true,09,einzahlungen_laufende_verwaltung,Einzahlungen aus lfd. Verw.-tätigkeit,=,true,2025,ansatz,12000,131
PG,0202,true,09,einzahlungen_laufende_verwaltung,Einzahlungen aus lfd. Verw.-tätigkeit,=,true,2026,ansatz,12000,131
PG,0202,true,09,einzahlungen_laufende_verwaltung,Einzahlungen aus lfd. Verw.-tätigkeit,=,true,2026,ve,0,131
PG,0202,true,09,einzahlungen_laufende_verwaltung,Einzahlungen aus lfd. Verw.-tätigkeit,=,true,2027,planung,12000,131
PG,0202,true,09,einzahlungen_laufende_verwaltung,Einzahlungen aus lfd. Verw.-tätigkeit,=,true,2028,planung,12000,131
PG,0202,true,09,einzahlungen_laufende_verwaltung,Einzahlungen aus lfd. Verw.-tätigkeit,=,true,2029,planung,12000,131
PG,0202,true,16,auszahlungen_laufende_verwaltung,Auszahlungen aus lfd. Verw.-tätigkeit,=,true,2024,ergebnis,12202,131
PG,0202,true,16,auszahlungen_laufende_verwaltung,Auszahlungen aus lfd. Verw.-tätigkeit,=,true,2025,ansatz,13300,131
PG,0202,true,16,auszahlungen_laufende_verwaltung,Auszahlungen aus lfd. Verw.-tätigkeit,=,true,2026,ansatz,14900,131
PG,0202,true,16,auszahlungen_laufende_verwaltung,Auszahlungen aus lfd. Verw.-tätigkeit,=,true,2026,ve,0,131
PG,0202,true,16,auszahlungen_laufende_verwaltung,Auszahlungen aus lfd. Verw.-tätigkeit,=,true,2027,planung,15300,131
PG,0202,true,16,auszahlungen_laufende_verwaltung,Auszahlungen aus lfd. Verw.-tätigkeit,=,true,2028,planung,15800,131
PG,0202,true,16,auszahlungen_laufende_verwaltung,Auszahlungen aus lfd. Verw.-tätigkeit,=,true,2029,planung,16200,131
PG,0202,true,17,saldo_laufende_verwaltung,Saldo aus lfd. Verw.-tätigkeit,=,true,2024,ergebnis,-244,131
PG,0202,true,17,saldo_laufende_verwaltung,Saldo aus lfd. Verw.-tätigkeit,=,true,2025,ansatz,-1300,131
PG,0202,true,17,saldo_laufende_verwaltung,Saldo aus lfd. Verw.-tätigkeit,=,true,2026,ansatz,-2900,131
PG,0202,true,17,saldo_laufende_verwaltung,Saldo aus lfd. Verw.-tätigkeit,=,true,2026,ve,0,131
PG,0202,true,17,saldo_laufende_verwaltung,Saldo aus lfd. Verw.-tätigkeit,=,true,2027,planung,-3300,131
PG,0202,true,17,saldo_laufende_verwaltung,Saldo aus lfd. Verw.-tätigkeit,=,true,2028,planung,-3800,131
PG,0202,true,17,saldo_laufende_verwaltung,Saldo aus lfd. Verw.-tätigkeit,=,true,2029,planung,-4200,131
PG,0203,true,09,einzahlungen_laufende_verwaltung,Einzahlungen aus lfd. Verw.-tätigkeit,=,true,2024,ergebnis,6181,133
PG,0203,true,09,einzahlungen_laufende_verwaltung,Einzahlungen aus lfd. Verw.-tätigkeit,=,true,2025,ansatz,6700,133
PG,0203,true,09,einzahlungen_laufende_verwaltung,Einzahlungen aus lfd. Verw.-tätigkeit,=,true,2026,ansatz,6700,133
PG,0203,true,09,einzahlungen_laufende_verwaltung,Einzahlungen aus lfd. Verw.-tätigkeit,=,true,2026,ve,0,133
PG,0203,true,09,einzahlungen_laufende_verwaltung,Einzahlungen aus lfd. Verw.-tätigkeit,=,true,2027,planung,6700,133
PG,0203,true,09,einzahlungen_laufende_verwaltung,Einzahlungen aus lfd. Verw.-tätigkeit,=,true,2028,planung,6700,133
PG,0203,true,09,einzahlungen_laufende_verwaltung,Einzahlungen aus lfd. Verw.-tätigkeit,=,true,2029,planung,6700,133
PG,0203,true,16,auszahlungen_laufende_verwaltung,Auszahlungen aus lfd. Verw.-tätigkeit,=,true,2024,ergebnis,79868,133
PG,0203,true,16,auszahlungen_laufende_verwaltung,Auszahlungen aus lfd. Verw.-tätigkeit,=,true,2025,ansatz,119000,133
PG,0203,true,16,auszahlungen_laufende_verwaltung,Auszahlungen aus lfd. Verw.-tätigkeit,=,true,2026,ansatz,172700,133
PG,0203,true,16,auszahlungen_laufende_verwaltung,Auszahlungen aus lfd. Verw.-tätigkeit,=,true,2026,ve,0,133
PG,0203,true,16,auszahlungen_laufende_verwaltung,Auszahlungen aus lfd. Verw.-tätigkeit,=,true,2027,planung,168500,133
PG,0203,true,16,auszahlungen_laufende_verwaltung,Auszahlungen aus lfd. Verw.-tätigkeit,=,true,2028,planung,174500,133
PG,0203,true,16,auszahlungen_laufende_verwaltung,Auszahlungen aus lfd. Verw.-tätigkeit,=,true,2029,planung,180800,133
PG,0203,true,17,saldo_laufende_verwaltung,Saldo aus lfd. Verw.-tätigkeit,=,true,2024,ergebnis,-73687,133
PG,0203,true,17,saldo_laufende_verwaltung,Saldo aus lfd. Verw.-tätigkeit,=,true,2025,ansatz,-112300,133
PG,0203,true,17,saldo_laufende_verwaltung,Saldo aus lfd. Verw.-tätigkeit,=,true,2026,ansatz,-166000,133
PG,0203,true,17,saldo_laufende_verwaltung,Saldo aus lfd. Verw.-tätigkeit,=,true,2026,ve,0,133
PG,0203,true,17,saldo_laufende_verwaltung,Saldo aus lfd. Verw.-tätigkeit,=,true,2027,planung,-161800,133
PG,0203,true,17,saldo_laufende_verwaltung,Saldo aus lfd. Verw.-tätigkeit,=,true,2028,planung,-167800,133
PG,0203,true,17,saldo_laufende_verwaltung,Saldo aus lfd. Verw.-tätigkeit,=,true,2029,planung,-174100,133
PG,0204,true,09,einzahlungen_laufende_verwaltung,Einzahlungen aus lfd. Verw.-tätigkeit,=,true,2024,ergebnis,108065,135
PG,0204,true,09,einzahlungen_laufende_verwaltung,Einzahlungen aus lfd. Verw.-tätigkeit,=,true,2025,ansatz,76000,135
PG,0204,true,09,einzahlungen_laufende_verwaltung,Einzahlungen aus lfd. Verw.-tätigkeit,=,true,2026,ansatz,91000,135
PG,0204,true,09,einzahlungen_laufende_verwaltung,Einzahlungen aus lfd. Verw.-tätigkeit,=,true,2026,ve,0,135
PG,0204,true,09,einzahlungen_laufende_verwaltung,Einzahlungen aus lfd. Verw.-tätigkeit,=,true,2027,planung,91000,135
PG,0204,true,09,einzahlungen_laufende_verwaltung,Einzahlungen aus lfd. Verw.-tätigkeit,=,true,2028,planung,91000,135
PG,0204,true,09,einzahlungen_laufende_verwaltung,Einzahlungen aus lfd. Verw.-tätigkeit,=,true,2029,planung,91000,135
PG,0204,true,16,auszahlungen_laufende_verwaltung,Auszahlungen aus lfd. Verw.-tätigkeit,=,true,2024,ergebnis,173313,135
PG,0204,true,16,auszahlungen_laufende_verwaltung,Auszahlungen aus lfd. Verw.-tätigkeit,=,true,2025,ansatz,176400,135
PG,0204,true,16,auszahlungen_laufende_verwaltung,Auszahlungen aus lfd. Verw.-tätigkeit,=,true,2026,ansatz,177100,135
PG,0204,true,16,auszahlungen_laufende_verwaltung,Auszahlungen aus lfd. Verw.-tätigkeit,=,true,2026,ve,0,135
PG,0204,true,16,auszahlungen_laufende_verwaltung,Auszahlungen aus lfd. Verw.-tätigkeit,=,true,2027,planung,181100,135
PG,0204,true,16,auszahlungen_laufende_verwaltung,Auszahlungen aus lfd. Verw.-tätigkeit,=,true,2028,planung,185300,135
PG,0204,true,16,auszahlungen_laufende_verwaltung,Auszahlungen aus lfd. Verw.-tätigkeit,=,true,2029,planung,189700,135
PG,0204,true,17,saldo_laufende_verwaltung,Saldo aus lfd. Verw.-tätigkeit,=,true,2024,ergebnis,-65248,135
PG,0204,true,17,saldo_laufende_verwaltung,Saldo aus lfd. Verw.-tätigkeit,=,true,2025,ansatz,-100400,135
PG,0204,true,17,saldo_laufende_verwaltung,Saldo aus lfd. Verw.-tätigkeit,=,true,2026,ansatz,-86100,135
PG,0204,true,17,saldo_laufende_verwaltung,Saldo aus lfd. Verw.-tätigkeit,=,true,2026,ve,0,135
PG,0204,true,17,saldo_laufende_verwaltung,Saldo aus lfd. Verw.-tätigkeit,=,true,2027,planung,-90100,135
PG,0204,true,17,saldo_laufende_verwaltung,Saldo aus lfd. Verw.-tätigkeit,=,true,2028,planung,-94300,135
PG,0204,true,17,saldo_laufende_verwaltung,Saldo aus lfd. Verw.-tätigkeit,=,true,2029,planung,-98700,135
PG,0205,true,09,einzahlungen_laufende_verwaltung,Einzahlungen aus lfd. Verw.-tätigkeit,=,true,2024,ergebnis,20339,137
PG,0205,true,09,einzahlungen_laufende_verwaltung,Einzahlungen aus lfd. Verw.-tätigkeit,=,true,2025,ansatz,14000,137
PG,0205,true,09,einzahlungen_laufende_verwaltung,Einzahlungen aus lfd. Verw.-tätigkeit,=,true,2026,ansatz,14000,137
PG,0205,true,09,einzahlungen_laufende_verwaltung,Einzahlungen aus lfd. Verw.-tätigkeit,=,true,2026,ve,0,137
PG,0205,true,09,einzahlungen_laufende_verwaltung,Einzahlungen aus lfd. Verw.-tätigkeit,=,true,2027,planung,14000,137
PG,0205,true,09,einzahlungen_laufende_verwaltung,Einzahlungen aus lfd. Verw.-tätigkeit,=,true,2028,planung,14000,137
PG,0205,true,09,einzahlungen_laufende_verwaltung,Einzahlungen aus lfd. Verw.-tätigkeit,=,true,2029,planung,14000,137
PG,0205,true,16,auszahlungen_laufende_verwaltung,Auszahlungen aus lfd. Verw.-tätigkeit,=,true,2024,ergebnis,68796,137
PG,0205,true,16,auszahlungen_laufende_verwaltung,Auszahlungen aus lfd. Verw.-tätigkeit,=,true,2025,ansatz,93800,137
PG,0205,true,16,auszahlungen_laufende_verwaltung,Auszahlungen aus lfd. Verw.-tätigkeit,=,true,2026,ansatz,88900,137
PG,0205,true,16,auszahlungen_laufende_verwaltung,Auszahlungen aus lfd. Verw.-tätigkeit,=,true,2026,ve,0,137
PG,0205,true,16,auszahlungen_laufende_verwaltung,Auszahlungen aus lfd. Verw.-tätigkeit,=,true,2027,planung,91100,137
PG,0205,true,16,auszahlungen_laufende_verwaltung,Auszahlungen aus lfd. Verw.-tätigkeit,=,true,2028,planung,94300,137
PG,0205,true,16,auszahlungen_laufende_verwaltung,Auszahlungen aus lfd. Verw.-tätigkeit,=,true,2029,planung,98400,137
PG,0205,true,17,saldo_laufende_verwaltung,Saldo aus lfd. Verw.-tätigkeit,=,true,2024,ergebnis,-48457,137
PG,0205,true,17,saldo_laufende_verwaltung,Saldo aus lfd. Verw.-tätigkeit,=,true,2025,ansatz,-79800,137
PG,0205,true,17,saldo_laufende_verwaltung,Saldo aus lfd. Verw.-tätigkeit,=,true,2026,ansatz,-74900,137
PG,0205,true,17,saldo_laufende_verwaltung,Saldo aus lfd. Verw.-tätigkeit,=,true,2026,ve,0,137
PG,0205,true,17,saldo_laufende_verwaltung,Saldo aus lfd. Verw.-tätigkeit,=,true,2027,planung,-77100,137
PG,0205,true,17,saldo_laufende_verwaltung,Saldo aus lfd. Verw.-tätigkeit,=,true,2028,planung,-80300,137
PG,0205,true,17,saldo_laufende_verwaltung,Saldo aus lfd. Verw.-tätigkeit,=,true,2029,planung,-84400,137
PG,0206,true,09,einzahlungen_laufende_verwaltung,Einzahlungen aus lfd. Verw.-tätigkeit,=,true,2024,ergebnis,12827,139
PG,0206,true,09,einzahlungen_laufende_verwaltung,Einzahlungen aus lfd. Verw.-tätigkeit,=,true,2025,ansatz,8000,139
PG,0206,true,09,einzahlungen_laufende_verwaltung,Einzahlungen aus lfd. Verw.-tätigkeit,=,true,2026,ansatz,0,139
PG,0206,true,09,einzahlungen_laufende_verwaltung,Einzahlungen aus lfd. Verw.-tätigkeit,=,true,2026,ve,0,139
PG,0206,true,09,einzahlungen_laufende_verwaltung,Einzahlungen aus lfd. Verw.-tätigkeit,=,true,2027,planung,10000,139
PG,0206,true,09,einzahlungen_laufende_verwaltung,Einzahlungen aus lfd. Verw.-tätigkeit,=,true,2028,planung,0,139
PG,0206,true,09,einzahlungen_laufende_verwaltung,Einzahlungen aus lfd. Verw.-tätigkeit,=,true,2029,planung,20000,139
PG,0206,true,16,auszahlungen_laufende_verwaltung,Auszahlungen aus lfd. Verw.-tätigkeit,=,true,2024,ergebnis,31887,139
PG,0206,true,16,auszahlungen_laufende_verwaltung,Auszahlungen aus lfd. Verw.-tätigkeit,=,true,2025,ansatz,47700,139
PG,0206,true,16,auszahlungen_laufende_verwaltung,Auszahlungen aus lfd. Verw.-tätigkeit,=,true,2026,ansatz,21100,139
PG,0206,true,16,auszahlungen_laufende_verwaltung,Auszahlungen aus lfd. Verw.-tätigkeit,=,true,2026,ve,0,139
PG,0206,true,16,auszahlungen_laufende_verwaltung,Auszahlungen aus lfd. Verw.-tätigkeit,=,true,2027,planung,30400,139
PG,0206,true,16,auszahlungen_laufende_verwaltung,Auszahlungen aus lfd. Verw.-tätigkeit,=,true,2028,planung,22700,139
PG,0206,true,16,auszahlungen_laufende_verwaltung,Auszahlungen aus lfd. Verw.-tätigkeit,=,true,2029,planung,44000,139
PG,0206,true,17,saldo_laufende_verwaltung,Saldo aus lfd. Verw.-tätigkeit,=,true,2024,ergebnis,-19060,139
PG,0206,true,17,saldo_laufende_verwaltung,Saldo aus lfd. Verw.-tätigkeit,=,true,2025,ansatz,-39700,139
PG,0206,true,17,saldo_laufende_verwaltung,Saldo aus lfd. Verw.-tätigkeit,=,true,2026,ansatz,-21100,139
PG,0206,true,17,saldo_laufende_verwaltung,Saldo aus lfd. Verw.-tätigkeit,=,true,2026,ve,0,139
PG,0206,true,17,saldo_laufende_verwaltung,Saldo aus lfd. Verw.-tätigkeit,=,true,2027,planung,-20400,139
PG,0206,true,17,saldo_laufende_verwaltung,Saldo aus lfd. Verw.-tätigkeit,=,true,2028,planung,-22700,139
PG,0206,true,17,saldo_laufende_verwaltung,Saldo aus lfd. Verw.-tätigkeit,=,true,2029,planung,-24000,139
PG,0207,true,09,einzahlungen_laufende_verwaltung,Einzahlungen aus lfd. Verw.-tätigkeit,=,true,2024,ergebnis,4619,142
PG,0207,true,09,einzahlungen_laufende_verwaltung,Einzahlungen aus lfd. Verw.-tätigkeit,=,true,2025,ansatz,8700,142
PG,0207,true,09,einzahlungen_laufende_verwaltung,Einzahlungen aus lfd. Verw.-tätigkeit,=,true,2026,ansatz,8700,142
PG,0207,true,09,einzahlungen_laufende_verwaltung,Einzahlungen aus lfd. Verw.-tätigkeit,=,true,2026,ve,0,142
PG,0207,true,09,einzahlungen_laufende_verwaltung,Einzahlungen aus lfd. Verw.-tätigkeit,=,true,2027,planung,8700,142
PG,0207,true,09,einzahlungen_laufende_verwaltung,Einzahlungen aus lfd. Verw.-tätigkeit,=,true,2028,planung,8700,142
PG,0207,true,09,einzahlungen_laufende_verwaltung,Einzahlungen aus lfd. Verw.-tätigkeit,=,true,2029,planung,8700,142
PG,0207,true,16,auszahlungen_laufende_verwaltung,Auszahlungen aus lfd. Verw.-tätigkeit,=,true,2024,ergebnis,364226,142
PG,0207,true,16,auszahlungen_laufende_verwaltung,Auszahlungen aus lfd. Verw.-tätigkeit,=,true,2025,ansatz,479651,142
PG,0207,true,16,auszahlungen_laufende_verwaltung,Auszahlungen aus lfd. Verw.-tätigkeit,=,true,2026,ansatz,456092,142
PG,0207,true,16,auszahlungen_laufende_verwaltung,Auszahlungen aus lfd. Verw.-tätigkeit,=,true,2026,ve,0,142
PG,0207,true,16,auszahlungen_laufende_verwaltung,Auszahlungen aus lfd. Verw.-tätigkeit,=,true,2027,planung,424791,142
PG,0207,true,16,auszahlungen_laufende_verwaltung,Auszahlungen aus lfd. Verw.-tätigkeit,=,true,2028,planung,427775,142
PG,0207,true,16,auszahlungen_laufende_verwaltung,Auszahlungen aus lfd. Verw.-tätigkeit,=,true,2029,planung,431676,142
PG,0207,true,17,saldo_laufende_verwaltung,Saldo aus lfd. Verw.-tätigkeit,=,true,2024,ergebnis,-359607,142
PG,0207,true,17,saldo_laufende_verwaltung,Saldo aus lfd. Verw.-tätigkeit,=,true,2025,ansatz,-470951,142
PG,0207,true,17,saldo_laufende_verwaltung,Saldo aus lfd. Verw.-tätigkeit,=,true,2026,ansatz,-447392,142
PG,0207,true,17,saldo_laufende_verwaltung,Saldo aus lfd. Verw.-tätigkeit,=,true,2026,ve,0,142
PG,0207,true,17,saldo_laufende_verwaltung,Saldo aus lfd. Verw.-tätigkeit,=,true,2027,planung,-416091,142
PG,0207,true,17,saldo_laufende_verwaltung,Saldo aus lfd. Verw.-tätigkeit,=,true,2028,planung,-419075,142
PG,0207,true,17,saldo_laufende_verwaltung,Saldo aus lfd. Verw.-tätigkeit,=,true,2029,planung,-422976,142
PG,0207,true,18,investitionszuwendungen,Zuwendungen für Investitionsmaßnahmen,+,false,2024,ergebnis,77854,142
PG,0207,true,18,investitionszuwendungen,Zuwendungen für Investitionsmaßnahmen,+,false,2025,ansatz,68000,142
PG,0207,true,18,investitionszuwendungen,Zuwendungen für Investitionsmaßnahmen,+,false,2026,ansatz,68000,142
PG,0207,true,18,investitionszuwendungen,Zuwendungen für Investitionsmaßnahmen,+,false,2026,ve,0,142
PG,0207,true,18,investitionszuwendungen,Zuwendungen für Investitionsmaßnahmen,+,false,2027,planung,318000,142
PG,0207,true,18,investitionszuwendungen,Zuwendungen für Investitionsmaßnahmen,+,false,2028,planung,68000,142
PG,0207,true,18,investitionszuwendungen,Zuwendungen für Investitionsmaßnahmen,+,false,2029,planung,0,142
PG,0207,true,19,veraeusserung_sachanlagen,Einz. aus Veräußerung v. Sachanlagen,+,false,2024,ergebnis,29016,142
PG,0207,true,19,veraeusserung_sachanlagen,Einz. aus Veräußerung v. Sachanlagen,+,false,2025,ansatz,0,142
PG,0207,true,19,veraeusserung_sachanlagen,Einz. aus Veräußerung v. Sachanlagen,+,false,2026,ansatz,0,142
PG,0207,true,19,veraeusserung_sachanlagen,Einz. aus Veräußerung v. Sachanlagen,+,false,2026,ve,0,142
PG,0207,true,19,veraeusserung_sachanlagen,Einz. aus Veräußerung v. Sachanlagen,+,false,2027,planung,0,142
PG,0207,true,19,veraeusserung_sachanlagen,Einz. aus Veräußerung v. Sachanlagen,+,false,2028,planung,0,142
PG,0207,true,19,veraeusserung_sachanlagen,Einz. aus Veräußerung v. Sachanlagen,+,false,2029,planung,0,142
PG,0207,true,23,einzahlungen_investitionen,Einzahlungen aus Investitionstätigkeit,=,true,2024,ergebnis,106870,142
PG,0207,true,23,einzahlungen_investitionen,Einzahlungen aus Investitionstätigkeit,=,true,2025,ansatz,68000,142
PG,0207,true,23,einzahlungen_investitionen,Einzahlungen aus Investitionstätigkeit,=,true,2026,ansatz,68000,142
PG,0207,true,23,einzahlungen_investitionen,Einzahlungen aus Investitionstätigkeit,=,true,2026,ve,0,142
PG,0207,true,23,einzahlungen_investitionen,Einzahlungen aus Investitionstätigkeit,=,true,2027,planung,318000,142
PG,0207,true,23,einzahlungen_investitionen,Einzahlungen aus Investitionstätigkeit,=,true,2028,planung,68000,142
PG,0207,true,23,einzahlungen_investitionen,Einzahlungen aus Investitionstätigkeit,=,true,2029,planung,0,142
PG,0207,true,24,erwerb_grundstuecke_gebaeude,Ausz. f. Erwerb von Grundst. u. Gebäuden,-,false,2024,ergebnis,0,142
PG,0207,true,24,erwerb_grundstuecke_gebaeude,Ausz. f. Erwerb von Grundst. u. Gebäuden,-,false,2025,ansatz,175000,142
PG,0207,true,24,erwerb_grundstuecke_gebaeude,Ausz. f. Erwerb von Grundst. u. Gebäuden,-,false,2026,ansatz,0,142
PG,0207,true,24,erwerb_grundstuecke_gebaeude,Ausz. f. Erwerb von Grundst. u. Gebäuden,-,false,2026,ve,0,142
PG,0207,true,24,erwerb_grundstuecke_gebaeude,Ausz. f. Erwerb von Grundst. u. Gebäuden,-,false,2027,planung,0,142
PG,0207,true,24,erwerb_grundstuecke_gebaeude,Ausz. f. Erwerb von Grundst. u. Gebäuden,-,false,2028,planung,0,142
PG,0207,true,24,erwerb_grundstuecke_gebaeude,Ausz. f. Erwerb von Grundst. u. Gebäuden,-,false,2029,planung,0,142
PG,0207,true,25,baumassnahmen,Ausz. f. Baumaßnahmen,-,false,2024,ergebnis,210330,142
PG,0207,true,25,baumassnahmen,Ausz. f. Baumaßnahmen,-,false,2025,ansatz,100000,142
PG,0207,true,25,baumassnahmen,Ausz. f. Baumaßnahmen,-,false,2026,ansatz,120000,142
PG,0207,true,25,baumassnahmen,Ausz. f. Baumaßnahmen,-,false,2026,ve,3200000,142
PG,0207,true,25,baumassnahmen,Ausz. f. Baumaßnahmen,-,false,2027,planung,2000000,142
PG,0207,true,25,baumassnahmen,Ausz. f. Baumaßnahmen,-,false,2028,planung,1200000,142
PG,0207,true,25,baumassnahmen,Ausz. f. Baumaßnahmen,-,false,2029,planung,0,142
PG,0207,true,26,erwerb_bewegliches_anlagevermoegen,Ausz. f. Erwerb von bewegl. Anlagevermögen,-,false,2024,ergebnis,42874,142
PG,0207,true,26,erwerb_bewegliches_anlagevermoegen,Ausz. f. Erwerb von bewegl. Anlagevermögen,-,false,2025,ansatz,494400,142
PG,0207,true,26,erwerb_bewegliches_anlagevermoegen,Ausz. f. Erwerb von bewegl. Anlagevermögen,-,false,2026,ansatz,354000,142
PG,0207,true,26,erwerb_bewegliches_anlagevermoegen,Ausz. f. Erwerb von bewegl. Anlagevermögen,-,false,2026,ve,0,142
PG,0207,true,26,erwerb_bewegliches_anlagevermoegen,Ausz. f. Erwerb von bewegl. Anlagevermögen,-,false,2027,planung,324000,142
PG,0207,true,26,erwerb_bewegliches_anlagevermoegen,Ausz. f. Erwerb von bewegl. Anlagevermögen,-,false,2028,planung,324000,142
PG,0207,true,26,erwerb_bewegliches_anlagevermoegen,Ausz. f. Erwerb von bewegl. Anlagevermögen,-,false,2029,planung,224000,142
PG,0207,true,28,aktivierbare_zuwendungen,Ausz. f. aktivierbaren Zuwendungen,-,false,2024,ergebnis,0,142
PG,0207,true,28,aktivierbare_zuwendungen,Ausz. f. aktivierbaren Zuwendungen,-,false,2025,ansatz,0,142
PG,0207,true,28,aktivierbare_zuwendungen,Ausz. f. aktivierbaren Zuwendungen,-,false,2026,ansatz,140000,142
PG,0207,true,28,aktivierbare_zuwendungen,Ausz. f. aktivierbaren Zuwendungen,-,false,2026,ve,0,142
PG,0207,true,28,aktivierbare_zuwendungen,Ausz. f. aktivierbaren Zuwendungen,-,false,2027,planung,0,142
PG,0207,true,28,aktivierbare_zuwendungen,Ausz. f. aktivierbaren Zuwendungen,-,false,2028,planung,0,142
PG,0207,true,28,aktivierbare_zuwendungen,Ausz. f. aktivierbaren Zuwendungen,-,false,2029,planung,0,142
PG,0207,true,30,auszahlungen_investitionen,Auszahlungen aus Investitionstätigkeit,=,true,2024,ergebnis,253204,142
PG,0207,true,30,auszahlungen_investitionen,Auszahlungen aus Investitionstätigkeit,=,true,2025,ansatz,769400,142
PG,0207,true,30,auszahlungen_investitionen,Auszahlungen aus Investitionstätigkeit,=,true,2026,ansatz,614000,142
PG,0207,true,30,auszahlungen_investitionen,Auszahlungen aus Investitionstätigkeit,=,true,2026,ve,3200000,142
PG,0207,true,30,auszahlungen_investitionen,Auszahlungen aus Investitionstätigkeit,=,true,2027,planung,2324000,142
PG,0207,true,30,auszahlungen_investitionen,Auszahlungen aus Investitionstätigkeit,=,true,2028,planung,1524000,142
PG,0207,true,30,auszahlungen_investitionen,Auszahlungen aus Investitionstätigkeit,=,true,2029,planung,224000,142
PG,0207,true,31,saldo_investitionen,Saldo aus Investitionstätigkeit,=,true,2024,ergebnis,-146333,142
PG,0207,true,31,saldo_investitionen,Saldo aus Investitionstätigkeit,=,true,2025,ansatz,-701400,142
PG,0207,true,31,saldo_investitionen,Saldo aus Investitionstätigkeit,=,true,2026,ansatz,-546000,142
PG,0207,true,31,saldo_investitionen,Saldo aus Investitionstätigkeit,=,true,2026,ve,-3200000,142
PG,0207,true,31,saldo_investitionen,Saldo aus Investitionstätigkeit,=,true,2027,planung,-2006000,142
PG,0207,true,31,saldo_investitionen,Saldo aus Investitionstätigkeit,=,true,2028,planung,-1456000,142
PG,0207,true,31,saldo_investitionen,Saldo aus Investitionstätigkeit,=,true,2029,planung,-224000,142
PG,0301,false,09,einzahlungen_laufende_verwaltung,Einzahlungen aus lfd. Verw.-tätigkeit,=,true,2024,ergebnis,634693,150
PG,0301,false,09,einzahlungen_laufende_verwaltung,Einzahlungen aus lfd. Verw.-tätigkeit,=,true,2025,ansatz,1025700,150
PG,0301,false,09,einzahlungen_laufende_verwaltung,Einzahlungen aus lfd. Verw.-tätigkeit,=,true,2026,ansatz,1447500,150
PG,0301,false,09,einzahlungen_laufende_verwaltung,Einzahlungen aus lfd. Verw.-tätigkeit,=,true,2026,ve,0,150
PG,0301,false,09,einzahlungen_laufende_verwaltung,Einzahlungen aus lfd. Verw.-tätigkeit,=,true,2027,planung,1398400,150
PG,0301,false,09,einzahlungen_laufende_verwaltung,Einzahlungen aus lfd. Verw.-tätigkeit,=,true,2028,planung,1398400,150
PG,0301,false,09,einzahlungen_laufende_verwaltung,Einzahlungen aus lfd. Verw.-tätigkeit,=,true,2029,planung,1398400,150
PG,0301,false,16,auszahlungen_laufende_verwaltung,Auszahlungen aus lfd. Verw.-tätigkeit,=,true,2024,ergebnis,2271009,150
PG,0301,false,16,auszahlungen_laufende_verwaltung,Auszahlungen aus lfd. Verw.-tätigkeit,=,true,2025,ansatz,2916300,150
PG,0301,false,16,auszahlungen_laufende_verwaltung,Auszahlungen aus lfd. Verw.-tätigkeit,=,true,2026,ansatz,3197700,150
PG,0301,false,16,auszahlungen_laufende_verwaltung,Auszahlungen aus lfd. Verw.-tätigkeit,=,true,2026,ve,0,150
PG,0301,false,16,auszahlungen_laufende_verwaltung,Auszahlungen aus lfd. Verw.-tätigkeit,=,true,2027,planung,3001100,150
PG,0301,false,16,auszahlungen_laufende_verwaltung,Auszahlungen aus lfd. Verw.-tätigkeit,=,true,2028,planung,3032900,150
PG,0301,false,16,auszahlungen_laufende_verwaltung,Auszahlungen aus lfd. Verw.-tätigkeit,=,true,2029,planung,3040440,150
PG,0301,false,18,investitionszuwendungen,Zuwendungen für Investitionsmaßnahmen,+,false,2024,ergebnis,56231,150
PG,0301,false,18,investitionszuwendungen,Zuwendungen für Investitionsmaßnahmen,+,false,2025,ansatz,590000,150
PG,0301,false,18,investitionszuwendungen,Zuwendungen für Investitionsmaßnahmen,+,false,2026,ansatz,586000,150
PG,0301,false,18,investitionszuwendungen,Zuwendungen für Investitionsmaßnahmen,+,false,2026,ve,0,150
PG,0301,false,18,investitionszuwendungen,Zuwendungen für Investitionsmaßnahmen,+,false,2027,planung,0,150
PG,0301,false,18,investitionszuwendungen,Zuwendungen für Investitionsmaßnahmen,+,false,2028,planung,0,150
PG,0301,false,18,investitionszuwendungen,Zuwendungen für Investitionsmaßnahmen,+,false,2029,planung,0,150
PG,0301,false,19,veraeusserung_sachanlagen,Einz. aus Veräußerung v. Sachanlagen,+,false,2024,ergebnis,3000,150
PG,0301,false,19,veraeusserung_sachanlagen,Einz. aus Veräußerung v. Sachanlagen,+,false,2025,ansatz,0,150
PG,0301,false,19,veraeusserung_sachanlagen,Einz. aus Veräußerung v. Sachanlagen,+,false,2026,ansatz,0,150
PG,0301,false,19,veraeusserung_sachanlagen,Einz. aus Veräußerung v. Sachanlagen,+,false,2026,ve,0,150
PG,0301,false,19,veraeusserung_sachanlagen,Einz. aus Veräußerung v. Sachanlagen,+,false,2027,planung,0,150
PG,0301,false,19,veraeusserung_sachanlagen,Einz. aus Veräußerung v. Sachanlagen,+,false,2028,planung,0,150
PG,0301,false,19,veraeusserung_sachanlagen,Einz. aus Veräußerung v. Sachanlagen,+,false,2029,planung,0,150
PG,0301,false,23,einzahlungen_investitionen,Einzahlungen aus Investitionstätigkeit,=,true,2024,ergebnis,59231,150
PG,0301,false,23,einzahlungen_investitionen,Einzahlungen aus Investitionstätigkeit,=,true,2025,ansatz,590000,150
PG,0301,false,23,einzahlungen_investitionen,Einzahlungen aus Investitionstätigkeit,=,true,2026,ansatz,586000,150
PG,0301,false,23,einzahlungen_investitionen,Einzahlungen aus Investitionstätigkeit,=,true,2026,ve,0,150
PG,0301,false,23,einzahlungen_investitionen,Einzahlungen aus Investitionstätigkeit,=,true,2027,planung,0,150
PG,0301,false,23,einzahlungen_investitionen,Einzahlungen aus Investitionstätigkeit,=,true,2028,planung,0,150
PG,0301,false,23,einzahlungen_investitionen,Einzahlungen aus Investitionstätigkeit,=,true,2029,planung,0,150
PG,0301,false,25,baumassnahmen,Ausz. f. Baumaßnahmen,-,false,2024,ergebnis,13817,150
PG,0301,false,25,baumassnahmen,Ausz. f. Baumaßnahmen,-,false,2025,ansatz,3576000,150
PG,0301,false,25,baumassnahmen,Ausz. f. Baumaßnahmen,-,false,2026,ansatz,4030000,150
PG,0301,false,25,baumassnahmen,Ausz. f. Baumaßnahmen,-,false,2026,ve,5700000,150
PG,0301,false,25,baumassnahmen,Ausz. f. Baumaßnahmen,-,false,2027,planung,4700000,150
PG,0301,false,25,baumassnahmen,Ausz. f. Baumaßnahmen,-,false,2028,planung,1000000,150
PG,0301,false,25,baumassnahmen,Ausz. f. Baumaßnahmen,-,false,2029,planung,0,150
PG,0301,false,26,erwerb_bewegliches_anlagevermoegen,Ausz. f. Erwerb von bewegl. Anlagevermögen,-,false,2024,ergebnis,65101,150
PG,0301,false,26,erwerb_bewegliches_anlagevermoegen,Ausz. f. Erwerb von bewegl. Anlagevermögen,-,false,2025,ansatz,370000,150
PG,0301,false,26,erwerb_bewegliches_anlagevermoegen,Ausz. f. Erwerb von bewegl. Anlagevermögen,-,false,2026,ansatz,370600,150
PG,0301,false,26,erwerb_bewegliches_anlagevermoegen,Ausz. f. Erwerb von bewegl. Anlagevermögen,-,false,2026,ve,0,150
PG,0301,false,26,erwerb_bewegliches_anlagevermoegen,Ausz. f. Erwerb von bewegl. Anlagevermögen,-,false,2027,planung,5600,150
PG,0301,false,26,erwerb_bewegliches_anlagevermoegen,Ausz. f. Erwerb von bewegl. Anlagevermögen,-,false,2028,planung,5600,150
PG,0301,false,26,erwerb_bewegliches_anlagevermoegen,Ausz. f. Erwerb von bewegl. Anlagevermögen,-,false,2029,planung,5600,150
PG,0301,false,30,auszahlungen_investitionen,Auszahlungen aus Investitionstätigkeit,=,true,2024,ergebnis,78918,150
PG,0301,false,30,auszahlungen_investitionen,Auszahlungen aus Investitionstätigkeit,=,true,2025,ansatz,3946000,150
PG,0301,false,30,auszahlungen_investitionen,Auszahlungen aus Investitionstätigkeit,=,true,2026,ansatz,4400600,150
PG,0301,false,30,auszahlungen_investitionen,Auszahlungen aus Investitionstätigkeit,=,true,2026,ve,5700000,150
PG,0301,false,30,auszahlungen_investitionen,Auszahlungen aus Investitionstätigkeit,=,true,2027,planung,4705600,150
PG,0301,false,30,auszahlungen_investitionen,Auszahlungen aus Investitionstätigkeit,=,true,2028,planung,1005600,150
PG,0301,false,30,auszahlungen_investitionen,Auszahlungen aus Investitionstätigkeit,=,true,2029,planung,5600,150
PG,0301,false,31,saldo_investitionen,Saldo aus Investitionstätigkeit,=,true,2024,ergebnis,-19687,150
PG,0301,false,31,saldo_investitionen,Saldo aus Investitionstätigkeit,=,true,2025,ansatz,-3356000,150
PG,0301,false,31,saldo_investitionen,Saldo aus Investitionstätigkeit,=,true,2026,ansatz,-3814600,150
PG,0301,false,31,saldo_investitionen,Saldo aus Investitionstätigkeit,=,true,2026,ve,-5700000,150
PG,0301,false,31,saldo_investitionen,Saldo aus Investitionstätigkeit,=,true,2027,planung,-4705600,150
PG,0301,false,31,saldo_investitionen,Saldo aus Investitionstätigkeit,=,true,2028,planung,-1005600,150
PG,0301,false,31,saldo_investitionen,Saldo aus Investitionstätigkeit,=,true,2029,planung,-5600,150
PG,0302,true,09,einzahlungen_laufende_verwaltung,Einzahlungen aus lfd. Verw.-tätigkeit,=,true,2024,ergebnis,8654,166
PG,0302,true,09,einzahlungen_laufende_verwaltung,Einzahlungen aus lfd. Verw.-tätigkeit,=,true,2025,ansatz,8500,166
PG,0302,true,09,einzahlungen_laufende_verwaltung,Einzahlungen aus lfd. Verw.-tätigkeit,=,true,2026,ansatz,10000,166
PG,0302,true,09,einzahlungen_laufende_verwaltung,Einzahlungen aus lfd. Verw.-tätigkeit,=,true,2026,ve,0,166
PG,0302,true,09,einzahlungen_laufende_verwaltung,Einzahlungen aus lfd. Verw.-tätigkeit,=,true,2027,planung,8500,166
PG,0302,true,09,einzahlungen_laufende_verwaltung,Einzahlungen aus lfd. Verw.-tätigkeit,=,true,2028,planung,8500,166
PG,0302,true,09,einzahlungen_laufende_verwaltung,Einzahlungen aus lfd. Verw.-tätigkeit,=,true,2029,planung,8500,166
PG,0302,true,16,auszahlungen_laufende_verwaltung,Auszahlungen aus lfd. Verw.-tätigkeit,=,true,2024,ergebnis,441734,166
PG,0302,true,16,auszahlungen_laufende_verwaltung,Auszahlungen aus lfd. Verw.-tätigkeit,=,true,2025,ansatz,490800,166
PG,0302,true,16,auszahlungen_laufende_verwaltung,Auszahlungen aus lfd. Verw.-tätigkeit,=,true,2026,ansatz,528200,166
PG,0302,true,16,auszahlungen_laufende_verwaltung,Auszahlungen aus lfd. Verw.-tätigkeit,=,true,2026,ve,0,166
PG,0302,true,16,auszahlungen_laufende_verwaltung,Auszahlungen aus lfd. Verw.-tätigkeit,=,true,2027,planung,529900,166
PG,0302,true,16,auszahlungen_laufende_verwaltung,Auszahlungen aus lfd. Verw.-tätigkeit,=,true,2028,planung,530600,166
PG,0302,true,16,auszahlungen_laufende_verwaltung,Auszahlungen aus lfd. Verw.-tätigkeit,=,true,2029,planung,531400,166
PG,0302,true,17,saldo_laufende_verwaltung,Saldo aus lfd. Verw.-tätigkeit,=,true,2024,ergebnis,-433080,166
PG,0302,true,17,saldo_laufende_verwaltung,Saldo aus lfd. Verw.-tätigkeit,=,true,2025,ansatz,-482300,166
PG,0302,true,17,saldo_laufende_verwaltung,Saldo aus lfd. Verw.-tätigkeit,=,true,2026,ansatz,-518200,166
PG,0302,true,17,saldo_laufende_verwaltung,Saldo aus lfd. Verw.-tätigkeit,=,true,2026,ve,0,166
PG,0302,true,17,saldo_laufende_verwaltung,Saldo aus lfd. Verw.-tätigkeit,=,true,2027,planung,-521400,166
PG,0302,true,17,saldo_laufende_verwaltung,Saldo aus lfd. Verw.-tätigkeit,=,true,2028,planung,-522100,166
PG,0302,true,17,saldo_laufende_verwaltung,Saldo aus lfd. Verw.-tätigkeit,=,true,2029,planung,-522900,166
PG,0303,true,09,einzahlungen_laufende_verwaltung,Einzahlungen aus lfd. Verw.-tätigkeit,=,true,2024,ergebnis,2430,168
PG,0303,true,09,einzahlungen_laufende_verwaltung,Einzahlungen aus lfd. Verw.-tätigkeit,=,true,2025,ansatz,4900,168
PG,0303,true,09,einzahlungen_laufende_verwaltung,Einzahlungen aus lfd. Verw.-tätigkeit,=,true,2026,ansatz,4900,168
PG,0303,true,09,einzahlungen_laufende_verwaltung,Einzahlungen aus lfd. Verw.-tätigkeit,=,true,2026,ve,0,168
PG,0303,true,09,einzahlungen_laufende_verwaltung,Einzahlungen aus lfd. Verw.-tätigkeit,=,true,2027,planung,4900,168
PG,0303,true,09,einzahlungen_laufende_verwaltung,Einzahlungen aus lfd. Verw.-tätigkeit,=,true,2028,planung,4900,168
PG,0303,true,09,einzahlungen_laufende_verwaltung,Einzahlungen aus lfd. Verw.-tätigkeit,=,true,2029,planung,4900,168
PG,0303,true,16,auszahlungen_laufende_verwaltung,Auszahlungen aus lfd. Verw.-tätigkeit,=,true,2024,ergebnis,87743,168
PG,0303,true,16,auszahlungen_laufende_verwaltung,Auszahlungen aus lfd. Verw.-tätigkeit,=,true,2025,ansatz,81400,168
PG,0303,true,16,auszahlungen_laufende_verwaltung,Auszahlungen aus lfd. Verw.-tätigkeit,=,true,2026,ansatz,79400,168
PG,0303,true,16,auszahlungen_laufende_verwaltung,Auszahlungen aus lfd. Verw.-tätigkeit,=,true,2026,ve,0,168
PG,0303,true,16,auszahlungen_laufende_verwaltung,Auszahlungen aus lfd. Verw.-tätigkeit,=,true,2027,planung,81200,168
PG,0303,true,16,auszahlungen_laufende_verwaltung,Auszahlungen aus lfd. Verw.-tätigkeit,=,true,2028,planung,83100,168
PG,0303,true,16,auszahlungen_laufende_verwaltung,Auszahlungen aus lfd. Verw.-tätigkeit,=,true,2029,planung,84900,168
PG,0303,true,17,saldo_laufende_verwaltung,Saldo aus lfd. Verw.-tätigkeit,=,true,2024,ergebnis,-85313,168
PG,0303,true,17,saldo_laufende_verwaltung,Saldo aus lfd. Verw.-tätigkeit,=,true,2025,ansatz,-76500,168
PG,0303,true,17,saldo_laufende_verwaltung,Saldo aus lfd. Verw.-tätigkeit,=,true,2026,ansatz,-74500,168
PG,0303,true,17,saldo_laufende_verwaltung,Saldo aus lfd. Verw.-tätigkeit,=,true,2026,ve,0,168
PG,0303,true,17,saldo_laufende_verwaltung,Saldo aus lfd. Verw.-tätigkeit,=,true,2027,planung,-76300,168
PG,0303,true,17,saldo_laufende_verwaltung,Saldo aus lfd. Verw.-tätigkeit,=,true,2028,planung,-78200,168
PG,0303,true,17,saldo_laufende_verwaltung,Saldo aus lfd. Verw.-tätigkeit,=,true,2029,planung,-80000,168
PG,0303,true,18,investitionszuwendungen,Zuwendungen für Investitionsmaßnahmen,+,false,2024,ergebnis,9832,168
PG,0303,true,18,investitionszuwendungen,Zuwendungen für Investitionsmaßnahmen,+,false,2025,ansatz,0,168
PG,0303,true,18,investitionszuwendungen,Zuwendungen für Investitionsmaßnahmen,+,false,2026,ansatz,0,168
PG,0303,true,18,investitionszuwendungen,Zuwendungen für Investitionsmaßnahmen,+,false,2026,ve,0,168
PG,0303,true,18,investitionszuwendungen,Zuwendungen für Investitionsmaßnahmen,+,false,2027,planung,0,168
PG,0303,true,18,investitionszuwendungen,Zuwendungen für Investitionsmaßnahmen,+,false,2028,planung,0,168
PG,0303,true,18,investitionszuwendungen,Zuwendungen für Investitionsmaßnahmen,+,false,2029,planung,0,168
PG,0303,true,23,einzahlungen_investitionen,Einzahlungen aus Investitionstätigkeit,=,true,2024,ergebnis,9832,168
PG,0303,true,23,einzahlungen_investitionen,Einzahlungen aus Investitionstätigkeit,=,true,2025,ansatz,0,168
PG,0303,true,23,einzahlungen_investitionen,Einzahlungen aus Investitionstätigkeit,=,true,2026,ansatz,0,168
PG,0303,true,23,einzahlungen_investitionen,Einzahlungen aus Investitionstätigkeit,=,true,2026,ve,0,168
PG,0303,true,23,einzahlungen_investitionen,Einzahlungen aus Investitionstätigkeit,=,true,2027,planung,0,168
PG,0303,true,23,einzahlungen_investitionen,Einzahlungen aus Investitionstätigkeit,=,true,2028,planung,0,168
PG,0303,true,23,einzahlungen_investitionen,Einzahlungen aus Investitionstätigkeit,=,true,2029,planung,0,168
PG,0303,true,31,saldo_investitionen,Saldo aus Investitionstätigkeit,=,true,2024,ergebnis,9832,168
PG,0303,true,31,saldo_investitionen,Saldo aus Investitionstätigkeit,=,true,2025,ansatz,0,168
PG,0303,true,31,saldo_investitionen,Saldo aus Investitionstätigkeit,=,true,2026,ansatz,0,168
PG,0303,true,31,saldo_investitionen,Saldo aus Investitionstätigkeit,=,true,2026,ve,0,168
PG,0303,true,31,saldo_investitionen,Saldo aus Investitionstätigkeit,=,true,2027,planung,0,168
PG,0303,true,31,saldo_investitionen,Saldo aus Investitionstätigkeit,=,true,2028,planung,0,168
PG,0303,true,31,saldo_investitionen,Saldo aus Investitionstätigkeit,=,true,2029,planung,0,168
PG,0401,true,09,einzahlungen_laufende_verwaltung,Einzahlungen aus lfd. Verw.-tätigkeit,=,true,2024,ergebnis,34794,173
PG,0401,true,09,einzahlungen_laufende_verwaltung,Einzahlungen aus lfd. Verw.-tätigkeit,=,true,2025,ansatz,16100,173
PG,0401,true,09,einzahlungen_laufende_verwaltung,Einzahlungen aus lfd. Verw.-tätigkeit,=,true,2026,ansatz,16200,173
PG,0401,true,09,einzahlungen_laufende_verwaltung,Einzahlungen aus lfd. Verw.-tätigkeit,=,true,2026,ve,0,173
PG,0401,true,09,einzahlungen_laufende_verwaltung,Einzahlungen aus lfd. Verw.-tätigkeit,=,true,2027,planung,16200,173
PG,0401,true,09,einzahlungen_laufende_verwaltung,Einzahlungen aus lfd. Verw.-tätigkeit,=,true,2028,planung,11200,173
PG,0401,true,09,einzahlungen_laufende_verwaltung,Einzahlungen aus lfd. Verw.-tätigkeit,=,true,2029,planung,11200,173
PG,0401,true,16,auszahlungen_laufende_verwaltung,Auszahlungen aus lfd. Verw.-tätigkeit,=,true,2024,ergebnis,54176,173
PG,0401,true,16,auszahlungen_laufende_verwaltung,Auszahlungen aus lfd. Verw.-tätigkeit,=,true,2025,ansatz,64650,173
PG,0401,true,16,auszahlungen_laufende_verwaltung,Auszahlungen aus lfd. Verw.-tätigkeit,=,true,2026,ansatz,73850,173
PG,0401,true,16,auszahlungen_laufende_verwaltung,Auszahlungen aus lfd. Verw.-tätigkeit,=,true,2026,ve,0,173
PG,0401,true,16,auszahlungen_laufende_verwaltung,Auszahlungen aus lfd. Verw.-tätigkeit,=,true,2027,planung,63100,173
PG,0401,true,16,auszahlungen_laufende_verwaltung,Auszahlungen aus lfd. Verw.-tätigkeit,=,true,2028,planung,59400,173
PG,0401,true,16,auszahlungen_laufende_verwaltung,Auszahlungen aus lfd. Verw.-tätigkeit,=,true,2029,planung,60400,173
PG,0401,true,17,saldo_laufende_verwaltung,Saldo aus lfd. Verw.-tätigkeit,=,true,2024,ergebnis,-19382,173
PG,0401,true,17,saldo_laufende_verwaltung,Saldo aus lfd. Verw.-tätigkeit,=,true,2025,ansatz,-48550,173
PG,0401,true,17,saldo_laufende_verwaltung,Saldo aus lfd. Verw.-tätigkeit,=,true,2026,ansatz,-57650,173
PG,0401,true,17,saldo_laufende_verwaltung,Saldo aus lfd. Verw.-tätigkeit,=,true,2026,ve,0,173
PG,0401,true,17,saldo_laufende_verwaltung,Saldo aus lfd. Verw.-tätigkeit,=,true,2027,planung,-46900,173
PG,0401,true,17,saldo_laufende_verwaltung,Saldo aus lfd. Verw.-tätigkeit,=,true,2028,planung,-48200,173
PG,0401,true,17,saldo_laufende_verwaltung,Saldo aus lfd. Verw.-tätigkeit,=,true,2029,planung,-49200,173
PG,0401,true,26,erwerb_bewegliches_anlagevermoegen,Ausz. f. Erwerb von bewegl. Anlagevermögen,-,false,2024,ergebnis,0,173
PG,0401,true,26,erwerb_bewegliches_anlagevermoegen,Ausz. f. Erwerb von bewegl. Anlagevermögen,-,false,2025,ansatz,0,173
PG,0401,true,26,erwerb_bewegliches_anlagevermoegen,Ausz. f. Erwerb von bewegl. Anlagevermögen,-,false,2026,ansatz,0,173
PG,0401,true,26,erwerb_bewegliches_anlagevermoegen,Ausz. f. Erwerb von bewegl. Anlagevermögen,-,false,2026,ve,0,173
PG,0401,true,26,erwerb_bewegliches_anlagevermoegen,Ausz. f. Erwerb von bewegl. Anlagevermögen,-,false,2027,planung,30000,173
PG,0401,true,26,erwerb_bewegliches_anlagevermoegen,Ausz. f. Erwerb von bewegl. Anlagevermögen,-,false,2028,planung,0,173
PG,0401,true,26,erwerb_bewegliches_anlagevermoegen,Ausz. f. Erwerb von bewegl. Anlagevermögen,-,false,2029,planung,0,173
PG,0401,true,30,auszahlungen_investitionen,Auszahlungen aus Investitionstätigkeit,=,true,2024,ergebnis,0,173
PG,0401,true,30,auszahlungen_investitionen,Auszahlungen aus Investitionstätigkeit,=,true,2025,ansatz,0,173
PG,0401,true,30,auszahlungen_investitionen,Auszahlungen aus Investitionstätigkeit,=,true,2026,ansatz,0,173
PG,0401,true,30,auszahlungen_investitionen,Auszahlungen aus Investitionstätigkeit,=,true,2026,ve,0,173
PG,0401,true,30,auszahlungen_investitionen,Auszahlungen aus Investitionstätigkeit,=,true,2027,planung,30000,173
PG,0401,true,30,auszahlungen_investitionen,Auszahlungen aus Investitionstätigkeit,=,true,2028,planung,0,173
PG,0401,true,30,auszahlungen_investitionen,Auszahlungen aus Investitionstätigkeit,=,true,2029,planung,0,173
PG,0401,true,31,saldo_investitionen,Saldo aus Investitionstätigkeit,=,true,2024,ergebnis,0,173
PG,0401,true,31,saldo_investitionen,Saldo aus Investitionstätigkeit,=,true,2025,ansatz,0,173
PG,0401,true,31,saldo_investitionen,Saldo aus Investitionstätigkeit,=,true,2026,ansatz,0,173
PG,0401,true,31,saldo_investitionen,Saldo aus Investitionstätigkeit,=,true,2026,ve,0,173
PG,0401,true,31,saldo_investitionen,Saldo aus Investitionstätigkeit,=,true,2027,planung,-30000,173
PG,0401,true,31,saldo_investitionen,Saldo aus Investitionstätigkeit,=,true,2028,planung,0,173
PG,0401,true,31,saldo_investitionen,Saldo aus Investitionstätigkeit,=,true,2029,planung,0,173
PG,0402,true,16,auszahlungen_laufende_verwaltung,Auszahlungen aus lfd. Verw.-tätigkeit,=,true,2024,ergebnis,20132,175
PG,0402,true,16,auszahlungen_laufende_verwaltung,Auszahlungen aus lfd. Verw.-tätigkeit,=,true,2025,ansatz,14700,175
PG,0402,true,16,auszahlungen_laufende_verwaltung,Auszahlungen aus lfd. Verw.-tätigkeit,=,true,2026,ansatz,22100,175
PG,0402,true,16,auszahlungen_laufende_verwaltung,Auszahlungen aus lfd. Verw.-tätigkeit,=,true,2026,ve,0,175
PG,0402,true,16,auszahlungen_laufende_verwaltung,Auszahlungen aus lfd. Verw.-tätigkeit,=,true,2027,planung,23400,175
PG,0402,true,16,auszahlungen_laufende_verwaltung,Auszahlungen aus lfd. Verw.-tätigkeit,=,true,2028,planung,24700,175
PG,0402,true,16,auszahlungen_laufende_verwaltung,Auszahlungen aus lfd. Verw.-tätigkeit,=,true,2029,planung,26000,175
PG,0402,true,17,saldo_laufende_verwaltung,Saldo aus lfd. Verw.-tätigkeit,=,true,2024,ergebnis,-20132,175
PG,0402,true,17,saldo_laufende_verwaltung,Saldo aus lfd. Verw.-tätigkeit,=,true,2025,ansatz,-14700,175
PG,0402,true,17,saldo_laufende_verwaltung,Saldo aus lfd. Verw.-tätigkeit,=,true,2026,ansatz,-22100,175
PG,0402,true,17,saldo_laufende_verwaltung,Saldo aus lfd. Verw.-tätigkeit,=,true,2026,ve,0,175
PG,0402,true,17,saldo_laufende_verwaltung,Saldo aus lfd. Verw.-tätigkeit,=,true,2027,planung,-23400,175
PG,0402,true,17,saldo_laufende_verwaltung,Saldo aus lfd. Verw.-tätigkeit,=,true,2028,planung,-24700,175
PG,0402,true,17,saldo_laufende_verwaltung,Saldo aus lfd. Verw.-tätigkeit,=,true,2029,planung,-26000,175
PG,0403,true,16,auszahlungen_laufende_verwaltung,Auszahlungen aus lfd. Verw.-tätigkeit,=,true,2024,ergebnis,59266,177
PG,0403,true,16,auszahlungen_laufende_verwaltung,Auszahlungen aus lfd. Verw.-tätigkeit,=,true,2025,ansatz,66500,177
PG,0403,true,16,auszahlungen_laufende_verwaltung,Auszahlungen aus lfd. Verw.-tätigkeit,=,true,2026,ansatz,78800,177
PG,0403,true,16,auszahlungen_laufende_verwaltung,Auszahlungen aus lfd. Verw.-tätigkeit,=,true,2026,ve,0,177
PG,0403,true,16,auszahlungen_laufende_verwaltung,Auszahlungen aus lfd. Verw.-tätigkeit,=,true,2027,planung,81400,177
PG,0403,true,16,auszahlungen_laufende_verwaltung,Auszahlungen aus lfd. Verw.-tätigkeit,=,true,2028,planung,84000,177
PG,0403,true,16,auszahlungen_laufende_verwaltung,Auszahlungen aus lfd. Verw.-tätigkeit,=,true,2029,planung,86600,177
PG,0403,true,17,saldo_laufende_verwaltung,Saldo aus lfd. Verw.-tätigkeit,=,true,2024,ergebnis,-59266,177
PG,0403,true,17,saldo_laufende_verwaltung,Saldo aus lfd. Verw.-tätigkeit,=,true,2025,ansatz,-66500,177
PG,0403,true,17,saldo_laufende_verwaltung,Saldo aus lfd. Verw.-tätigkeit,=,true,2026,ansatz,-78800,177
PG,0403,true,17,saldo_laufende_verwaltung,Saldo aus lfd. Verw.-tätigkeit,=,true,2026,ve,0,177
PG,0403,true,17,saldo_laufende_verwaltung,Saldo aus lfd. Verw.-tätigkeit,=,true,2027,planung,-81400,177
PG,0403,true,17,saldo_laufende_verwaltung,Saldo aus lfd. Verw.-tätigkeit,=,true,2028,planung,-84000,177
PG,0403,true,17,saldo_laufende_verwaltung,Saldo aus lfd. Verw.-tätigkeit,=,true,2029,planung,-86600,177
PG,0501,false,09,einzahlungen_laufende_verwaltung,Einzahlungen aus lfd. Verw.-tätigkeit,=,true,2024,ergebnis,516859,180
PG,0501,false,09,einzahlungen_laufende_verwaltung,Einzahlungen aus lfd. Verw.-tätigkeit,=,true,2025,ansatz,351000,180
PG,0501,false,09,einzahlungen_laufende_verwaltung,Einzahlungen aus lfd. Verw.-tätigkeit,=,true,2026,ansatz,421000,180
PG,0501,false,09,einzahlungen_laufende_verwaltung,Einzahlungen aus lfd. Verw.-tätigkeit,=,true,2026,ve,0,180
PG,0501,false,09,einzahlungen_laufende_verwaltung,Einzahlungen aus lfd. Verw.-tätigkeit,=,true,2027,planung,421000,180
PG,0501,false,09,einzahlungen_laufende_verwaltung,Einzahlungen aus lfd. Verw.-tätigkeit,=,true,2028,planung,421000,180
PG,0501,false,09,einzahlungen_laufende_verwaltung,Einzahlungen aus lfd. Verw.-tätigkeit,=,true,2029,planung,421000,180
PG,0501,false,16,auszahlungen_laufende_verwaltung,Auszahlungen aus lfd. Verw.-tätigkeit,=,true,2024,ergebnis,552725,180
PG,0501,false,16,auszahlungen_laufende_verwaltung,Auszahlungen aus lfd. Verw.-tätigkeit,=,true,2025,ansatz,762800,180
PG,0501,false,16,auszahlungen_laufende_verwaltung,Auszahlungen aus lfd. Verw.-tätigkeit,=,true,2026,ansatz,806600,180
PG,0501,false,16,auszahlungen_laufende_verwaltung,Auszahlungen aus lfd. Verw.-tätigkeit,=,true,2026,ve,0,180
PG,0501,false,16,auszahlungen_laufende_verwaltung,Auszahlungen aus lfd. Verw.-tätigkeit,=,true,2027,planung,819000,180
PG,0501,false,16,auszahlungen_laufende_verwaltung,Auszahlungen aus lfd. Verw.-tätigkeit,=,true,2028,planung,831900,180
PG,0501,false,16,auszahlungen_laufende_verwaltung,Auszahlungen aus lfd. Verw.-tätigkeit,=,true,2029,planung,845300,180
PG,0502,true,16,auszahlungen_laufende_verwaltung,Auszahlungen aus lfd. Verw.-tätigkeit,=,true,2024,ergebnis,22099,187
PG,0502,true,16,auszahlungen_laufende_verwaltung,Auszahlungen aus lfd. Verw.-tätigkeit,=,true,2025,ansatz,37200,187
PG,0502,true,16,auszahlungen_laufende_verwaltung,Auszahlungen aus lfd. Verw.-tätigkeit,=,true,2026,ansatz,33650,187
PG,0502,true,16,auszahlungen_laufende_verwaltung,Auszahlungen aus lfd. Verw.-tätigkeit,=,true,2026,ve,0,187
PG,0502,true,16,auszahlungen_laufende_verwaltung,Auszahlungen aus lfd. Verw.-tätigkeit,=,true,2027,planung,34000,187
PG,0502,true,16,auszahlungen_laufende_verwaltung,Auszahlungen aus lfd. Verw.-tätigkeit,=,true,2028,planung,34300,187
PG,0502,true,16,auszahlungen_laufende_verwaltung,Auszahlungen aus lfd. Verw.-tätigkeit,=,true,2029,planung,34600,187
PG,0502,true,17,saldo_laufende_verwaltung,Saldo aus lfd. Verw.-tätigkeit,=,true,2024,ergebnis,-22099,187
PG,0502,true,17,saldo_laufende_verwaltung,Saldo aus lfd. Verw.-tätigkeit,=,true,2025,ansatz,-37200,187
PG,0502,true,17,saldo_laufende_verwaltung,Saldo aus lfd. Verw.-tätigkeit,=,true,2026,ansatz,-33650,187
PG,0502,true,17,saldo_laufende_verwaltung,Saldo aus lfd. Verw.-tätigkeit,=,true,2026,ve,0,187
PG,0502,true,17,saldo_laufende_verwaltung,Saldo aus lfd. Verw.-tätigkeit,=,true,2027,planung,-34000,187
PG,0502,true,17,saldo_laufende_verwaltung,Saldo aus lfd. Verw.-tätigkeit,=,true,2028,planung,-34300,187
PG,0502,true,17,saldo_laufende_verwaltung,Saldo aus lfd. Verw.-tätigkeit,=,true,2029,planung,-34600,187
PG,0502,true,18,investitionszuwendungen,Zuwendungen für Investitionsmaßnahmen,+,false,2024,ergebnis,-2322,187
PG,0502,true,18,investitionszuwendungen,Zuwendungen für Investitionsmaßnahmen,+,false,2025,ansatz,0,187
PG,0502,true,18,investitionszuwendungen,Zuwendungen für Investitionsmaßnahmen,+,false,2026,ansatz,0,187
PG,0502,true,18,investitionszuwendungen,Zuwendungen für Investitionsmaßnahmen,+,false,2026,ve,0,187
PG,0502,true,18,investitionszuwendungen,Zuwendungen für Investitionsmaßnahmen,+,false,2027,planung,0,187
PG,0502,true,18,investitionszuwendungen,Zuwendungen für Investitionsmaßnahmen,+,false,2028,planung,0,187
PG,0502,true,18,investitionszuwendungen,Zuwendungen für Investitionsmaßnahmen,+,false,2029,planung,0,187
PG,0502,true,23,einzahlungen_investitionen,Einzahlungen aus Investitionstätigkeit,=,true,2024,ergebnis,-2322,187
PG,0502,true,23,einzahlungen_investitionen,Einzahlungen aus Investitionstätigkeit,=,true,2025,ansatz,0,187
PG,0502,true,23,einzahlungen_investitionen,Einzahlungen aus Investitionstätigkeit,=,true,2026,ansatz,0,187
PG,0502,true,23,einzahlungen_investitionen,Einzahlungen aus Investitionstätigkeit,=,true,2026,ve,0,187
PG,0502,true,23,einzahlungen_investitionen,Einzahlungen aus Investitionstätigkeit,=,true,2027,planung,0,187
PG,0502,true,23,einzahlungen_investitionen,Einzahlungen aus Investitionstätigkeit,=,true,2028,planung,0,187
PG,0502,true,23,einzahlungen_investitionen,Einzahlungen aus Investitionstätigkeit,=,true,2029,planung,0,187
PG,0502,true,31,saldo_investitionen,Saldo aus Investitionstätigkeit,=,true,2024,ergebnis,-2322,187
PG,0502,true,31,saldo_investitionen,Saldo aus Investitionstätigkeit,=,true,2025,ansatz,0,187
PG,0502,true,31,saldo_investitionen,Saldo aus Investitionstätigkeit,=,true,2026,ansatz,0,187
PG,0502,true,31,saldo_investitionen,Saldo aus Investitionstätigkeit,=,true,2026,ve,0,187
PG,0502,true,31,saldo_investitionen,Saldo aus Investitionstätigkeit,=,true,2027,planung,0,187
PG,0502,true,31,saldo_investitionen,Saldo aus Investitionstätigkeit,=,true,2028,planung,0,187
PG,0502,true,31,saldo_investitionen,Saldo aus Investitionstätigkeit,=,true,2029,planung,0,187
PG,0503,true,16,auszahlungen_laufende_verwaltung,Auszahlungen aus lfd. Verw.-tätigkeit,=,true,2024,ergebnis,11021,189
PG,0503,true,16,auszahlungen_laufende_verwaltung,Auszahlungen aus lfd. Verw.-tätigkeit,=,true,2025,ansatz,17600,189
PG,0503,true,16,auszahlungen_laufende_verwaltung,Auszahlungen aus lfd. Verw.-tätigkeit,=,true,2026,ansatz,18000,189
PG,0503,true,16,auszahlungen_laufende_verwaltung,Auszahlungen aus lfd. Verw.-tätigkeit,=,true,2026,ve,0,189
PG,0503,true,16,auszahlungen_laufende_verwaltung,Auszahlungen aus lfd. Verw.-tätigkeit,=,true,2027,planung,18700,189
PG,0503,true,16,auszahlungen_laufende_verwaltung,Auszahlungen aus lfd. Verw.-tätigkeit,=,true,2028,planung,19400,189
PG,0503,true,16,auszahlungen_laufende_verwaltung,Auszahlungen aus lfd. Verw.-tätigkeit,=,true,2029,planung,20200,189
PG,0503,true,17,saldo_laufende_verwaltung,Saldo aus lfd. Verw.-tätigkeit,=,true,2024,ergebnis,-11021,189
PG,0503,true,17,saldo_laufende_verwaltung,Saldo aus lfd. Verw.-tätigkeit,=,true,2025,ansatz,-17600,189
PG,0503,true,17,saldo_laufende_verwaltung,Saldo aus lfd. Verw.-tätigkeit,=,true,2026,ansatz,-18000,189
PG,0503,true,17,saldo_laufende_verwaltung,Saldo aus lfd. Verw.-tätigkeit,=,true,2026,ve,0,189
PG,0503,true,17,saldo_laufende_verwaltung,Saldo aus lfd. Verw.-tätigkeit,=,true,2027,planung,-18700,189
PG,0503,true,17,saldo_laufende_verwaltung,Saldo aus lfd. Verw.-tätigkeit,=,true,2028,planung,-19400,189
PG,0503,true,17,saldo_laufende_verwaltung,Saldo aus lfd. Verw.-tätigkeit,=,true,2029,planung,-20200,189
PG,0504,true,16,auszahlungen_laufende_verwaltung,Auszahlungen aus lfd. Verw.-tätigkeit,=,true,2024,ergebnis,9059,191
PG,0504,true,16,auszahlungen_laufende_verwaltung,Auszahlungen aus lfd. Verw.-tätigkeit,=,true,2025,ansatz,15400,191
PG,0504,true,16,auszahlungen_laufende_verwaltung,Auszahlungen aus lfd. Verw.-tätigkeit,=,true,2026,ansatz,14900,191
PG,0504,true,16,auszahlungen_laufende_verwaltung,Auszahlungen aus lfd. Verw.-tätigkeit,=,true,2026,ve,0,191
PG,0504,true,16,auszahlungen_laufende_verwaltung,Auszahlungen aus lfd. Verw.-tätigkeit,=,true,2027,planung,16400,191
PG,0504,true,16,auszahlungen_laufende_verwaltung,Auszahlungen aus lfd. Verw.-tätigkeit,=,true,2028,planung,15900,191
PG,0504,true,16,auszahlungen_laufende_verwaltung,Auszahlungen aus lfd. Verw.-tätigkeit,=,true,2029,planung,16500,191
PG,0504,true,17,saldo_laufende_verwaltung,Saldo aus lfd. Verw.-tätigkeit,=,true,2024,ergebnis,-9059,191
PG,0504,true,17,saldo_laufende_verwaltung,Saldo aus lfd. Verw.-tätigkeit,=,true,2025,ansatz,-15400,191
PG,0504,true,17,saldo_laufende_verwaltung,Saldo aus lfd. Verw.-tätigkeit,=,true,2026,ansatz,-14900,191
PG,0504,true,17,saldo_laufende_verwaltung,Saldo aus lfd. Verw.-tätigkeit,=,true,2026,ve,0,191
PG,0504,true,17,saldo_laufende_verwaltung,Saldo aus lfd. Verw.-tätigkeit,=,true,2027,planung,-16400,191
PG,0504,true,17,saldo_laufende_verwaltung,Saldo aus lfd. Verw.-tätigkeit,=,true,2028,planung,-15900,191
PG,0504,true,17,saldo_laufende_verwaltung,Saldo aus lfd. Verw.-tätigkeit,=,true,2029,planung,-16500,191
PG,0601,true,09,einzahlungen_laufende_verwaltung,Einzahlungen aus lfd. Verw.-tätigkeit,=,true,2024,ergebnis,115045,195
PG,0601,true,09,einzahlungen_laufende_verwaltung,Einzahlungen aus lfd. Verw.-tätigkeit,=,true,2025,ansatz,9000,195
PG,0601,true,09,einzahlungen_laufende_verwaltung,Einzahlungen aus lfd. Verw.-tätigkeit,=,true,2026,ansatz,0,195
PG,0601,true,09,einzahlungen_laufende_verwaltung,Einzahlungen aus lfd. Verw.-tätigkeit,=,true,2026,ve,0,195
PG,0601,true,09,einzahlungen_laufende_verwaltung,Einzahlungen aus lfd. Verw.-tätigkeit,=,true,2027,planung,0,195
PG,0601,true,09,einzahlungen_laufende_verwaltung,Einzahlungen aus lfd. Verw.-tätigkeit,=,true,2028,planung,0,195
PG,0601,true,09,einzahlungen_laufende_verwaltung,Einzahlungen aus lfd. Verw.-tätigkeit,=,true,2029,planung,0,195
PG,0601,true,16,auszahlungen_laufende_verwaltung,Auszahlungen aus lfd. Verw.-tätigkeit,=,true,2024,ergebnis,716697,195
PG,0601,true,16,auszahlungen_laufende_verwaltung,Auszahlungen aus lfd. Verw.-tätigkeit,=,true,2025,ansatz,677800,195
PG,0601,true,16,auszahlungen_laufende_verwaltung,Auszahlungen aus lfd. Verw.-tätigkeit,=,true,2026,ansatz,620400,195
PG,0601,true,16,auszahlungen_laufende_verwaltung,Auszahlungen aus lfd. Verw.-tätigkeit,=,true,2026,ve,0,195
PG,0601,true,16,auszahlungen_laufende_verwaltung,Auszahlungen aus lfd. Verw.-tätigkeit,=,true,2027,planung,603900,195
PG,0601,true,16,auszahlungen_laufende_verwaltung,Auszahlungen aus lfd. Verw.-tätigkeit,=,true,2028,planung,625500,195
PG,0601,true,16,auszahlungen_laufende_verwaltung,Auszahlungen aus lfd. Verw.-tätigkeit,=,true,2029,planung,639100,195
PG,0601,true,17,saldo_laufende_verwaltung,Saldo aus lfd. Verw.-tätigkeit,=,true,2024,ergebnis,-601652,195
PG,0601,true,17,saldo_laufende_verwaltung,Saldo aus lfd. Verw.-tätigkeit,=,true,2025,ansatz,-668800,195
PG,0601,true,17,saldo_laufende_verwaltung,Saldo aus lfd. Verw.-tätigkeit,=,true,2026,ansatz,-620400,195
PG,0601,true,17,saldo_laufende_verwaltung,Saldo aus lfd. Verw.-tätigkeit,=,true,2026,ve,0,195
PG,0601,true,17,saldo_laufende_verwaltung,Saldo aus lfd. Verw.-tätigkeit,=,true,2027,planung,-603900,195
PG,0601,true,17,saldo_laufende_verwaltung,Saldo aus lfd. Verw.-tätigkeit,=,true,2028,planung,-625500,195
PG,0601,true,17,saldo_laufende_verwaltung,Saldo aus lfd. Verw.-tätigkeit,=,true,2029,planung,-639100,195
PG,0602,false,09,einzahlungen_laufende_verwaltung,Einzahlungen aus lfd. Verw.-tätigkeit,=,true,2024,ergebnis,49126,196
PG,0602,false,09,einzahlungen_laufende_verwaltung,Einzahlungen aus lfd. Verw.-tätigkeit,=,true,2025,ansatz,19650,196
PG,0602,false,09,einzahlungen_laufende_verwaltung,Einzahlungen aus lfd. Verw.-tätigkeit,=,true,2026,ansatz,17650,196
PG,0602,false,09,einzahlungen_laufende_verwaltung,Einzahlungen aus lfd. Verw.-tätigkeit,=,true,2026,ve,0,196
PG,0602,false,09,einzahlungen_laufende_verwaltung,Einzahlungen aus lfd. Verw.-tätigkeit,=,true,2027,planung,9650,196
PG,0602,false,09,einzahlungen_laufende_verwaltung,Einzahlungen aus lfd. Verw.-tätigkeit,=,true,2028,planung,9650,196
PG,0602,false,09,einzahlungen_laufende_verwaltung,Einzahlungen aus lfd. Verw.-tätigkeit,=,true,2029,planung,9650,196
PG,0602,false,16,auszahlungen_laufende_verwaltung,Auszahlungen aus lfd. Verw.-tätigkeit,=,true,2024,ergebnis,610405,196
PG,0602,false,16,auszahlungen_laufende_verwaltung,Auszahlungen aus lfd. Verw.-tätigkeit,=,true,2025,ansatz,654830,196
PG,0602,false,16,auszahlungen_laufende_verwaltung,Auszahlungen aus lfd. Verw.-tätigkeit,=,true,2026,ansatz,639680,196
PG,0602,false,16,auszahlungen_laufende_verwaltung,Auszahlungen aus lfd. Verw.-tätigkeit,=,true,2026,ve,0,196
PG,0602,false,16,auszahlungen_laufende_verwaltung,Auszahlungen aus lfd. Verw.-tätigkeit,=,true,2027,planung,598680,196
PG,0602,false,16,auszahlungen_laufende_verwaltung,Auszahlungen aus lfd. Verw.-tätigkeit,=,true,2028,planung,604780,196
PG,0602,false,16,auszahlungen_laufende_verwaltung,Auszahlungen aus lfd. Verw.-tätigkeit,=,true,2029,planung,610280,196
PG,0602,false,18,investitionszuwendungen,Zuwendungen für Investitionsmaßnahmen,+,false,2024,ergebnis,22935,196
PG,0602,false,18,investitionszuwendungen,Zuwendungen für Investitionsmaßnahmen,+,false,2025,ansatz,0,196
PG,0602,false,18,investitionszuwendungen,Zuwendungen für Investitionsmaßnahmen,+,false,2026,ansatz,0,196
PG,0602,false,18,investitionszuwendungen,Zuwendungen für Investitionsmaßnahmen,+,false,2026,ve,0,196
PG,0602,false,18,investitionszuwendungen,Zuwendungen für Investitionsmaßnahmen,+,false,2027,planung,0,196
PG,0602,false,18,investitionszuwendungen,Zuwendungen für Investitionsmaßnahmen,+,false,2028,planung,0,196
PG,0602,false,18,investitionszuwendungen,Zuwendungen für Investitionsmaßnahmen,+,false,2029,planung,0,196
PG,0602,false,23,einzahlungen_investitionen,Einzahlungen aus Investitionstätigkeit,=,true,2024,ergebnis,22935,196
PG,0602,false,23,einzahlungen_investitionen,Einzahlungen aus Investitionstätigkeit,=,true,2025,ansatz,0,196
PG,0602,false,23,einzahlungen_investitionen,Einzahlungen aus Investitionstätigkeit,=,true,2026,ansatz,0,196
PG,0602,false,23,einzahlungen_investitionen,Einzahlungen aus Investitionstätigkeit,=,true,2026,ve,0,196
PG,0602,false,23,einzahlungen_investitionen,Einzahlungen aus Investitionstätigkeit,=,true,2027,planung,0,196
PG,0602,false,23,einzahlungen_investitionen,Einzahlungen aus Investitionstätigkeit,=,true,2028,planung,0,196
PG,0602,false,23,einzahlungen_investitionen,Einzahlungen aus Investitionstätigkeit,=,true,2029,planung,0,196
PG,0602,false,24,erwerb_grundstuecke_gebaeude,Ausz. f. Erwerb von Grundst. u. Gebäuden,-,false,2024,ergebnis,103135,196
PG,0602,false,24,erwerb_grundstuecke_gebaeude,Ausz. f. Erwerb von Grundst. u. Gebäuden,-,false,2025,ansatz,25000,196
PG,0602,false,24,erwerb_grundstuecke_gebaeude,Ausz. f. Erwerb von Grundst. u. Gebäuden,-,false,2026,ansatz,0,196
PG,0602,false,24,erwerb_grundstuecke_gebaeude,Ausz. f. Erwerb von Grundst. u. Gebäuden,-,false,2026,ve,0,196
PG,0602,false,24,erwerb_grundstuecke_gebaeude,Ausz. f. Erwerb von Grundst. u. Gebäuden,-,false,2027,planung,0,196
PG,0602,false,24,erwerb_grundstuecke_gebaeude,Ausz. f. Erwerb von Grundst. u. Gebäuden,-,false,2028,planung,0,196
PG,0602,false,24,erwerb_grundstuecke_gebaeude,Ausz. f. Erwerb von Grundst. u. Gebäuden,-,false,2029,planung,0,196
PG,0602,false,25,baumassnahmen,Ausz. f. Baumaßnahmen,-,false,2024,ergebnis,0,196
PG,0602,false,25,baumassnahmen,Ausz. f. Baumaßnahmen,-,false,2025,ansatz,0,196
PG,0602,false,25,baumassnahmen,Ausz. f. Baumaßnahmen,-,false,2026,ansatz,175000,196
PG,0602,false,25,baumassnahmen,Ausz. f. Baumaßnahmen,-,false,2026,ve,0,196
PG,0602,false,25,baumassnahmen,Ausz. f. Baumaßnahmen,-,false,2027,planung,0,196
PG,0602,false,25,baumassnahmen,Ausz. f. Baumaßnahmen,-,false,2028,planung,0,196
PG,0602,false,25,baumassnahmen,Ausz. f. Baumaßnahmen,-,false,2029,planung,0,196
PG,0602,false,26,erwerb_bewegliches_anlagevermoegen,Ausz. f. Erwerb von bewegl. Anlagevermögen,-,false,2024,ergebnis,0,196
PG,0602,false,26,erwerb_bewegliches_anlagevermoegen,Ausz. f. Erwerb von bewegl. Anlagevermögen,-,false,2025,ansatz,0,196
PG,0602,false,26,erwerb_bewegliches_anlagevermoegen,Ausz. f. Erwerb von bewegl. Anlagevermögen,-,false,2026,ansatz,0,196
PG,0602,false,26,erwerb_bewegliches_anlagevermoegen,Ausz. f. Erwerb von bewegl. Anlagevermögen,-,false,2026,ve,0,196
PG,0602,false,26,erwerb_bewegliches_anlagevermoegen,Ausz. f. Erwerb von bewegl. Anlagevermögen,-,false,2027,planung,65000,196
PG,0602,false,26,erwerb_bewegliches_anlagevermoegen,Ausz. f. Erwerb von bewegl. Anlagevermögen,-,false,2028,planung,0,196
PG,0602,false,26,erwerb_bewegliches_anlagevermoegen,Ausz. f. Erwerb von bewegl. Anlagevermögen,-,false,2029,planung,0,196
PG,0602,false,30,auszahlungen_investitionen,Auszahlungen aus Investitionstätigkeit,=,true,2024,ergebnis,103135,196
PG,0602,false,30,auszahlungen_investitionen,Auszahlungen aus Investitionstätigkeit,=,true,2025,ansatz,25000,196
PG,0602,false,30,auszahlungen_investitionen,Auszahlungen aus Investitionstätigkeit,=,true,2026,ansatz,175000,196
PG,0602,false,30,auszahlungen_investitionen,Auszahlungen aus Investitionstätigkeit,=,true,2026,ve,0,196
PG,0602,false,30,auszahlungen_investitionen,Auszahlungen aus Investitionstätigkeit,=,true,2027,planung,65000,196
PG,0602,false,30,auszahlungen_investitionen,Auszahlungen aus Investitionstätigkeit,=,true,2028,planung,0,196
PG,0602,false,30,auszahlungen_investitionen,Auszahlungen aus Investitionstätigkeit,=,true,2029,planung,0,196
PG,0602,false,31,saldo_investitionen,Saldo aus Investitionstätigkeit,=,true,2024,ergebnis,-80200,196
PG,0602,false,31,saldo_investitionen,Saldo aus Investitionstätigkeit,=,true,2025,ansatz,-25000,196
PG,0602,false,31,saldo_investitionen,Saldo aus Investitionstätigkeit,=,true,2026,ansatz,-175000,196
PG,0602,false,31,saldo_investitionen,Saldo aus Investitionstätigkeit,=,true,2026,ve,0,196
PG,0602,false,31,saldo_investitionen,Saldo aus Investitionstätigkeit,=,true,2027,planung,-65000,196
PG,0602,false,31,saldo_investitionen,Saldo aus Investitionstätigkeit,=,true,2028,planung,0,196
PG,0602,false,31,saldo_investitionen,Saldo aus Investitionstätigkeit,=,true,2029,planung,0,196
PG,0801,true,09,einzahlungen_laufende_verwaltung,Einzahlungen aus lfd. Verw.-tätigkeit,=,true,2024,ergebnis,0,206
PG,0801,true,09,einzahlungen_laufende_verwaltung,Einzahlungen aus lfd. Verw.-tätigkeit,=,true,2025,ansatz,100,206
PG,0801,true,09,einzahlungen_laufende_verwaltung,Einzahlungen aus lfd. Verw.-tätigkeit,=,true,2026,ansatz,100,206
PG,0801,true,09,einzahlungen_laufende_verwaltung,Einzahlungen aus lfd. Verw.-tätigkeit,=,true,2026,ve,0,206
PG,0801,true,09,einzahlungen_laufende_verwaltung,Einzahlungen aus lfd. Verw.-tätigkeit,=,true,2027,planung,100,206
PG,0801,true,09,einzahlungen_laufende_verwaltung,Einzahlungen aus lfd. Verw.-tätigkeit,=,true,2028,planung,100,206
PG,0801,true,09,einzahlungen_laufende_verwaltung,Einzahlungen aus lfd. Verw.-tätigkeit,=,true,2029,planung,100,206
PG,0801,true,16,auszahlungen_laufende_verwaltung,Auszahlungen aus lfd. Verw.-tätigkeit,=,true,2024,ergebnis,122147,206
PG,0801,true,16,auszahlungen_laufende_verwaltung,Auszahlungen aus lfd. Verw.-tätigkeit,=,true,2025,ansatz,223650,206
PG,0801,true,16,auszahlungen_laufende_verwaltung,Auszahlungen aus lfd. Verw.-tätigkeit,=,true,2026,ansatz,230070,206
PG,0801,true,16,auszahlungen_laufende_verwaltung,Auszahlungen aus lfd. Verw.-tätigkeit,=,true,2026,ve,0,206
PG,0801,true,16,auszahlungen_laufende_verwaltung,Auszahlungen aus lfd. Verw.-tätigkeit,=,true,2027,planung,170720,206
PG,0801,true,16,auszahlungen_laufende_verwaltung,Auszahlungen aus lfd. Verw.-tätigkeit,=,true,2028,planung,174720,206
PG,0801,true,16,auszahlungen_laufende_verwaltung,Auszahlungen aus lfd. Verw.-tätigkeit,=,true,2029,planung,176620,206
PG,0801,true,17,saldo_laufende_verwaltung,Saldo aus lfd. Verw.-tätigkeit,=,true,2024,ergebnis,-122147,206
PG,0801,true,17,saldo_laufende_verwaltung,Saldo aus lfd. Verw.-tätigkeit,=,true,2025,ansatz,-223550,206
PG,0801,true,17,saldo_laufende_verwaltung,Saldo aus lfd. Verw.-tätigkeit,=,true,2026,ansatz,-229970,206
PG,0801,true,17,saldo_laufende_verwaltung,Saldo aus lfd. Verw.-tätigkeit,=,true,2026,ve,0,206
PG,0801,true,17,saldo_laufende_verwaltung,Saldo aus lfd. Verw.-tätigkeit,=,true,2027,planung,-170620,206
PG,0801,true,17,saldo_laufende_verwaltung,Saldo aus lfd. Verw.-tätigkeit,=,true,2028,planung,-174620,206
PG,0801,true,17,saldo_laufende_verwaltung,Saldo aus lfd. Verw.-tätigkeit,=,true,2029,planung,-176520,206
PG,0801,true,25,baumassnahmen,Ausz. f. Baumaßnahmen,-,false,2024,ergebnis,0,206
PG,0801,true,25,baumassnahmen,Ausz. f. Baumaßnahmen,-,false,2025,ansatz,0,206
PG,0801,true,25,baumassnahmen,Ausz. f. Baumaßnahmen,-,false,2026,ansatz,85000,206
PG,0801,true,25,baumassnahmen,Ausz. f. Baumaßnahmen,-,false,2026,ve,0,206
PG,0801,true,25,baumassnahmen,Ausz. f. Baumaßnahmen,-,false,2027,planung,0,206
PG,0801,true,25,baumassnahmen,Ausz. f. Baumaßnahmen,-,false,2028,planung,0,206
PG,0801,true,25,baumassnahmen,Ausz. f. Baumaßnahmen,-,false,2029,planung,0,206
PG,0801,true,26,erwerb_bewegliches_anlagevermoegen,Ausz. f. Erwerb von bewegl. Anlagevermögen,-,false,2024,ergebnis,0,206
PG,0801,true,26,erwerb_bewegliches_anlagevermoegen,Ausz. f. Erwerb von bewegl. Anlagevermögen,-,false,2025,ansatz,20000,206
PG,0801,true,26,erwerb_bewegliches_anlagevermoegen,Ausz. f. Erwerb von bewegl. Anlagevermögen,-,false,2026,ansatz,200000,206
PG,0801,true,26,erwerb_bewegliches_anlagevermoegen,Ausz. f. Erwerb von bewegl. Anlagevermögen,-,false,2026,ve,0,206
PG,0801,true,26,erwerb_bewegliches_anlagevermoegen,Ausz. f. Erwerb von bewegl. Anlagevermögen,-,false,2027,planung,0,206
PG,0801,true,26,erwerb_bewegliches_anlagevermoegen,Ausz. f. Erwerb von bewegl. Anlagevermögen,-,false,2028,planung,0,206
PG,0801,true,26,erwerb_bewegliches_anlagevermoegen,Ausz. f. Erwerb von bewegl. Anlagevermögen,-,false,2029,planung,0,206
PG,0801,true,30,auszahlungen_investitionen,Auszahlungen aus Investitionstätigkeit,=,true,2024,ergebnis,0,206
PG,0801,true,30,auszahlungen_investitionen,Auszahlungen aus Investitionstätigkeit,=,true,2025,ansatz,20000,206
PG,0801,true,30,auszahlungen_investitionen,Auszahlungen aus Investitionstätigkeit,=,true,2026,ansatz,285000,206
PG,0801,true,30,auszahlungen_investitionen,Auszahlungen aus Investitionstätigkeit,=,true,2026,ve,0,206
PG,0801,true,30,auszahlungen_investitionen,Auszahlungen aus Investitionstätigkeit,=,true,2027,planung,0,206
PG,0801,true,30,auszahlungen_investitionen,Auszahlungen aus Investitionstätigkeit,=,true,2028,planung,0,206
PG,0801,true,30,auszahlungen_investitionen,Auszahlungen aus Investitionstätigkeit,=,true,2029,planung,0,206
PG,0801,true,31,saldo_investitionen,Saldo aus Investitionstätigkeit,=,true,2024,ergebnis,0,206
PG,0801,true,31,saldo_investitionen,Saldo aus Investitionstätigkeit,=,true,2025,ansatz,-20000,206
PG,0801,true,31,saldo_investitionen,Saldo aus Investitionstätigkeit,=,true,2026,ansatz,-285000,206
PG,0801,true,31,saldo_investitionen,Saldo aus Investitionstätigkeit,=,true,2026,ve,0,206
PG,0801,true,31,saldo_investitionen,Saldo aus Investitionstätigkeit,=,true,2027,planung,0,206
PG,0801,true,31,saldo_investitionen,Saldo aus Investitionstätigkeit,=,true,2028,planung,0,206
PG,0801,true,31,saldo_investitionen,Saldo aus Investitionstätigkeit,=,true,2029,planung,0,206
PG,0901,true,09,einzahlungen_laufende_verwaltung,Einzahlungen aus lfd. Verw.-tätigkeit,=,true,2024,ergebnis,775,212
PG,0901,true,09,einzahlungen_laufende_verwaltung,Einzahlungen aus lfd. Verw.-tätigkeit,=,true,2025,ansatz,600,212
PG,0901,true,09,einzahlungen_laufende_verwaltung,Einzahlungen aus lfd. Verw.-tätigkeit,=,true,2026,ansatz,0,212
PG,0901,true,09,einzahlungen_laufende_verwaltung,Einzahlungen aus lfd. Verw.-tätigkeit,=,true,2026,ve,0,212
PG,0901,true,09,einzahlungen_laufende_verwaltung,Einzahlungen aus lfd. Verw.-tätigkeit,=,true,2027,planung,0,212
PG,0901,true,09,einzahlungen_laufende_verwaltung,Einzahlungen aus lfd. Verw.-tätigkeit,=,true,2028,planung,0,212
PG,0901,true,09,einzahlungen_laufende_verwaltung,Einzahlungen aus lfd. Verw.-tätigkeit,=,true,2029,planung,0,212
PG,0901,true,16,auszahlungen_laufende_verwaltung,Auszahlungen aus lfd. Verw.-tätigkeit,=,true,2024,ergebnis,149264,212
PG,0901,true,16,auszahlungen_laufende_verwaltung,Auszahlungen aus lfd. Verw.-tätigkeit,=,true,2025,ansatz,226550,212
PG,0901,true,16,auszahlungen_laufende_verwaltung,Auszahlungen aus lfd. Verw.-tätigkeit,=,true,2026,ansatz,115550,212
PG,0901,true,16,auszahlungen_laufende_verwaltung,Auszahlungen aus lfd. Verw.-tätigkeit,=,true,2026,ve,0,212
PG,0901,true,16,auszahlungen_laufende_verwaltung,Auszahlungen aus lfd. Verw.-tätigkeit,=,true,2027,planung,94950,212
PG,0901,true,16,auszahlungen_laufende_verwaltung,Auszahlungen aus lfd. Verw.-tätigkeit,=,true,2028,planung,90350,212
PG,0901,true,16,auszahlungen_laufende_verwaltung,Auszahlungen aus lfd. Verw.-tätigkeit,=,true,2029,planung,92850,212
PG,0901,true,17,saldo_laufende_verwaltung,Saldo aus lfd. Verw.-tätigkeit,=,true,2024,ergebnis,-148489,212
PG,0901,true,17,saldo_laufende_verwaltung,Saldo aus lfd. Verw.-tätigkeit,=,true,2025,ansatz,-225950,212
PG,0901,true,17,saldo_laufende_verwaltung,Saldo aus lfd. Verw.-tätigkeit,=,true,2026,ansatz,-115550,212
PG,0901,true,17,saldo_laufende_verwaltung,Saldo aus lfd. Verw.-tätigkeit,=,true,2026,ve,0,212
PG,0901,true,17,saldo_laufende_verwaltung,Saldo aus lfd. Verw.-tätigkeit,=,true,2027,planung,-94950,212
PG,0901,true,17,saldo_laufende_verwaltung,Saldo aus lfd. Verw.-tätigkeit,=,true,2028,planung,-90350,212
PG,0901,true,17,saldo_laufende_verwaltung,Saldo aus lfd. Verw.-tätigkeit,=,true,2029,planung,-92850,212
PG,0901,true,24,erwerb_grundstuecke_gebaeude,Ausz. f. Erwerb von Grundst. u. Gebäuden,-,false,2024,ergebnis,2275,212
PG,0901,true,24,erwerb_grundstuecke_gebaeude,Ausz. f. Erwerb von Grundst. u. Gebäuden,-,false,2025,ansatz,75000,212
PG,0901,true,24,erwerb_grundstuecke_gebaeude,Ausz. f. Erwerb von Grundst. u. Gebäuden,-,false,2026,ansatz,20000,212
PG,0901,true,24,erwerb_grundstuecke_gebaeude,Ausz. f. Erwerb von Grundst. u. Gebäuden,-,false,2026,ve,0,212
PG,0901,true,24,erwerb_grundstuecke_gebaeude,Ausz. f. Erwerb von Grundst. u. Gebäuden,-,false,2027,planung,50000,212
PG,0901,true,24,erwerb_grundstuecke_gebaeude,Ausz. f. Erwerb von Grundst. u. Gebäuden,-,false,2028,planung,0,212
PG,0901,true,24,erwerb_grundstuecke_gebaeude,Ausz. f. Erwerb von Grundst. u. Gebäuden,-,false,2029,planung,0,212
PG,0901,true,30,auszahlungen_investitionen,Auszahlungen aus Investitionstätigkeit,=,true,2024,ergebnis,2275,212
PG,0901,true,30,auszahlungen_investitionen,Auszahlungen aus Investitionstätigkeit,=,true,2025,ansatz,75000,212
PG,0901,true,30,auszahlungen_investitionen,Auszahlungen aus Investitionstätigkeit,=,true,2026,ansatz,20000,212
PG,0901,true,30,auszahlungen_investitionen,Auszahlungen aus Investitionstätigkeit,=,true,2026,ve,0,212
PG,0901,true,30,auszahlungen_investitionen,Auszahlungen aus Investitionstätigkeit,=,true,2027,planung,50000,212
PG,0901,true,30,auszahlungen_investitionen,Auszahlungen aus Investitionstätigkeit,=,true,2028,planung,0,212
PG,0901,true,30,auszahlungen_investitionen,Auszahlungen aus Investitionstätigkeit,=,true,2029,planung,0,212
PG,0901,true,31,saldo_investitionen,Saldo aus Investitionstätigkeit,=,true,2024,ergebnis,-2275,212
PG,0901,true,31,saldo_investitionen,Saldo aus Investitionstätigkeit,=,true,2025,ansatz,-75000,212
PG,0901,true,31,saldo_investitionen,Saldo aus Investitionstätigkeit,=,true,2026,ansatz,-20000,212
PG,0901,true,31,saldo_investitionen,Saldo aus Investitionstätigkeit,=,true,2026,ve,0,212
PG,0901,true,31,saldo_investitionen,Saldo aus Investitionstätigkeit,=,true,2027,planung,-50000,212
PG,0901,true,31,saldo_investitionen,Saldo aus Investitionstätigkeit,=,true,2028,planung,0,212
PG,0901,true,31,saldo_investitionen,Saldo aus Investitionstätigkeit,=,true,2029,planung,0,212
PG,0902,false,16,auszahlungen_laufende_verwaltung,Auszahlungen aus lfd. Verw.-tätigkeit,=,true,2024,ergebnis,40963,214
PG,0902,false,16,auszahlungen_laufende_verwaltung,Auszahlungen aus lfd. Verw.-tätigkeit,=,true,2025,ansatz,47500,214
PG,0902,false,16,auszahlungen_laufende_verwaltung,Auszahlungen aus lfd. Verw.-tätigkeit,=,true,2026,ansatz,17700,214
PG,0902,false,16,auszahlungen_laufende_verwaltung,Auszahlungen aus lfd. Verw.-tätigkeit,=,true,2026,ve,0,214
PG,0902,false,16,auszahlungen_laufende_verwaltung,Auszahlungen aus lfd. Verw.-tätigkeit,=,true,2027,planung,18200,214
PG,0902,false,16,auszahlungen_laufende_verwaltung,Auszahlungen aus lfd. Verw.-tätigkeit,=,true,2028,planung,18700,214
PG,0902,false,16,auszahlungen_laufende_verwaltung,Auszahlungen aus lfd. Verw.-tätigkeit,=,true,2029,planung,19200,214
PG,0902,false,24,erwerb_grundstuecke_gebaeude,Ausz. f. Erwerb von Grundst. u. Gebäuden,-,false,2024,ergebnis,3455,214
PG,0902,false,24,erwerb_grundstuecke_gebaeude,Ausz. f. Erwerb von Grundst. u. Gebäuden,-,false,2025,ansatz,0,214
PG,0902,false,24,erwerb_grundstuecke_gebaeude,Ausz. f. Erwerb von Grundst. u. Gebäuden,-,false,2026,ansatz,0,214
PG,0902,false,24,erwerb_grundstuecke_gebaeude,Ausz. f. Erwerb von Grundst. u. Gebäuden,-,false,2026,ve,0,214
PG,0902,false,24,erwerb_grundstuecke_gebaeude,Ausz. f. Erwerb von Grundst. u. Gebäuden,-,false,2027,planung,100000,214
PG,0902,false,24,erwerb_grundstuecke_gebaeude,Ausz. f. Erwerb von Grundst. u. Gebäuden,-,false,2028,planung,100000,214
PG,0902,false,24,erwerb_grundstuecke_gebaeude,Ausz. f. Erwerb von Grundst. u. Gebäuden,-,false,2029,planung,50000,214
PG,0902,false,30,auszahlungen_investitionen,Auszahlungen aus Investitionstätigkeit,=,true,2024,ergebnis,3455,214
PG,0902,false,30,auszahlungen_investitionen,Auszahlungen aus Investitionstätigkeit,=,true,2025,ansatz,0,214
PG,0902,false,30,auszahlungen_investitionen,Auszahlungen aus Investitionstätigkeit,=,true,2026,ansatz,0,214
PG,0902,false,30,auszahlungen_investitionen,Auszahlungen aus Investitionstätigkeit,=,true,2026,ve,0,214
PG,0902,false,30,auszahlungen_investitionen,Auszahlungen aus Investitionstätigkeit,=,true,2027,planung,100000,214
PG,0902,false,30,auszahlungen_investitionen,Auszahlungen aus Investitionstätigkeit,=,true,2028,planung,100000,214
PG,0902,false,30,auszahlungen_investitionen,Auszahlungen aus Investitionstätigkeit,=,true,2029,planung,50000,214
PG,1001,true,16,auszahlungen_laufende_verwaltung,Auszahlungen aus lfd. Verw.-tätigkeit,=,true,2024,ergebnis,89176,223
PG,1001,true,16,auszahlungen_laufende_verwaltung,Auszahlungen aus lfd. Verw.-tätigkeit,=,true,2025,ansatz,75500,223
PG,1001,true,16,auszahlungen_laufende_verwaltung,Auszahlungen aus lfd. Verw.-tätigkeit,=,true,2026,ansatz,72700,223
PG,1001,true,16,auszahlungen_laufende_verwaltung,Auszahlungen aus lfd. Verw.-tätigkeit,=,true,2026,ve,0,223
PG,1001,true,16,auszahlungen_laufende_verwaltung,Auszahlungen aus lfd. Verw.-tätigkeit,=,true,2027,planung,75600,223
PG,1001,true,16,auszahlungen_laufende_verwaltung,Auszahlungen aus lfd. Verw.-tätigkeit,=,true,2028,planung,78600,223
PG,1001,true,16,auszahlungen_laufende_verwaltung,Auszahlungen aus lfd. Verw.-tätigkeit,=,true,2029,planung,81700,223
PG,1001,true,17,saldo_laufende_verwaltung,Saldo aus lfd. Verw.-tätigkeit,=,true,2024,ergebnis,-89176,223
PG,1001,true,17,saldo_laufende_verwaltung,Saldo aus lfd. Verw.-tätigkeit,=,true,2025,ansatz,-75500,223
PG,1001,true,17,saldo_laufende_verwaltung,Saldo aus lfd. Verw.-tätigkeit,=,true,2026,ansatz,-72700,223
PG,1001,true,17,saldo_laufende_verwaltung,Saldo aus lfd. Verw.-tätigkeit,=,true,2026,ve,0,223
PG,1001,true,17,saldo_laufende_verwaltung,Saldo aus lfd. Verw.-tätigkeit,=,true,2027,planung,-75600,223
PG,1001,true,17,saldo_laufende_verwaltung,Saldo aus lfd. Verw.-tätigkeit,=,true,2028,planung,-78600,223
PG,1001,true,17,saldo_laufende_verwaltung,Saldo aus lfd. Verw.-tätigkeit,=,true,2029,planung,-81700,223
PG,1002,true,09,einzahlungen_laufende_verwaltung,Einzahlungen aus lfd. Verw.-tätigkeit,=,true,2024,ergebnis,0,225
PG,1002,true,09,einzahlungen_laufende_verwaltung,Einzahlungen aus lfd. Verw.-tätigkeit,=,true,2025,ansatz,0,225
PG,1002,true,09,einzahlungen_laufende_verwaltung,Einzahlungen aus lfd. Verw.-tätigkeit,=,true,2026,ansatz,7500,225
PG,1002,true,09,einzahlungen_laufende_verwaltung,Einzahlungen aus lfd. Verw.-tätigkeit,=,true,2026,ve,0,225
PG,1002,true,09,einzahlungen_laufende_verwaltung,Einzahlungen aus lfd. Verw.-tätigkeit,=,true,2027,planung,0,225
PG,1002,true,09,einzahlungen_laufende_verwaltung,Einzahlungen aus lfd. Verw.-tätigkeit,=,true,2028,planung,0,225
PG,1002,true,09,einzahlungen_laufende_verwaltung,Einzahlungen aus lfd. Verw.-tätigkeit,=,true,2029,planung,0,225
PG,1002,true,16,auszahlungen_laufende_verwaltung,Auszahlungen aus lfd. Verw.-tätigkeit,=,true,2024,ergebnis,4129,225
PG,1002,true,16,auszahlungen_laufende_verwaltung,Auszahlungen aus lfd. Verw.-tätigkeit,=,true,2025,ansatz,10600,225
PG,1002,true,16,auszahlungen_laufende_verwaltung,Auszahlungen aus lfd. Verw.-tätigkeit,=,true,2026,ansatz,21300,225
PG,1002,true,16,auszahlungen_laufende_verwaltung,Auszahlungen aus lfd. Verw.-tätigkeit,=,true,2026,ve,0,225
PG,1002,true,16,auszahlungen_laufende_verwaltung,Auszahlungen aus lfd. Verw.-tätigkeit,=,true,2027,planung,6500,225
PG,1002,true,16,auszahlungen_laufende_verwaltung,Auszahlungen aus lfd. Verw.-tätigkeit,=,true,2028,planung,6700,225
PG,1002,true,16,auszahlungen_laufende_verwaltung,Auszahlungen aus lfd. Verw.-tätigkeit,=,true,2029,planung,6900,225
PG,1002,true,17,saldo_laufende_verwaltung,Saldo aus lfd. Verw.-tätigkeit,=,true,2024,ergebnis,-4129,225
PG,1002,true,17,saldo_laufende_verwaltung,Saldo aus lfd. Verw.-tätigkeit,=,true,2025,ansatz,-10600,225
PG,1002,true,17,saldo_laufende_verwaltung,Saldo aus lfd. Verw.-tätigkeit,=,true,2026,ansatz,-13800,225
PG,1002,true,17,saldo_laufende_verwaltung,Saldo aus lfd. Verw.-tätigkeit,=,true,2026,ve,0,225
PG,1002,true,17,saldo_laufende_verwaltung,Saldo aus lfd. Verw.-tätigkeit,=,true,2027,planung,-6500,225
PG,1002,true,17,saldo_laufende_verwaltung,Saldo aus lfd. Verw.-tätigkeit,=,true,2028,planung,-6700,225
PG,1002,true,17,saldo_laufende_verwaltung,Saldo aus lfd. Verw.-tätigkeit,=,true,2029,planung,-6900,225
PG,1003,true,09,einzahlungen_laufende_verwaltung,Einzahlungen aus lfd. Verw.-tätigkeit,=,true,2024,ergebnis,0,227
PG,1003,true,09,einzahlungen_laufende_verwaltung,Einzahlungen aus lfd. Verw.-tätigkeit,=,true,2025,ansatz,200,227
PG,1003,true,09,einzahlungen_laufende_verwaltung,Einzahlungen aus lfd. Verw.-tätigkeit,=,true,2026,ansatz,200,227
PG,1003,true,09,einzahlungen_laufende_verwaltung,Einzahlungen aus lfd. Verw.-tätigkeit,=,true,2026,ve,0,227
PG,1003,true,09,einzahlungen_laufende_verwaltung,Einzahlungen aus lfd. Verw.-tätigkeit,=,true,2027,planung,200,227
PG,1003,true,09,einzahlungen_laufende_verwaltung,Einzahlungen aus lfd. Verw.-tätigkeit,=,true,2028,planung,200,227
PG,1003,true,09,einzahlungen_laufende_verwaltung,Einzahlungen aus lfd. Verw.-tätigkeit,=,true,2029,planung,200,227
PG,1003,true,16,auszahlungen_laufende_verwaltung,Auszahlungen aus lfd. Verw.-tätigkeit,=,true,2024,ergebnis,44802,227
PG,1003,true,16,auszahlungen_laufende_verwaltung,Auszahlungen aus lfd. Verw.-tätigkeit,=,true,2025,ansatz,52100,227
PG,1003,true,16,auszahlungen_laufende_verwaltung,Auszahlungen aus lfd. Verw.-tätigkeit,=,true,2026,ansatz,51300,227
PG,1003,true,16,auszahlungen_laufende_verwaltung,Auszahlungen aus lfd. Verw.-tätigkeit,=,true,2026,ve,0,227
PG,1003,true,16,auszahlungen_laufende_verwaltung,Auszahlungen aus lfd. Verw.-tätigkeit,=,true,2027,planung,53300,227
PG,1003,true,16,auszahlungen_laufende_verwaltung,Auszahlungen aus lfd. Verw.-tätigkeit,=,true,2028,planung,55300,227
PG,1003,true,16,auszahlungen_laufende_verwaltung,Auszahlungen aus lfd. Verw.-tätigkeit,=,true,2029,planung,57400,227
PG,1003,true,17,saldo_laufende_verwaltung,Saldo aus lfd. Verw.-tätigkeit,=,true,2024,ergebnis,-44802,227
PG,1003,true,17,saldo_laufende_verwaltung,Saldo aus lfd. Verw.-tätigkeit,=,true,2025,ansatz,-51900,227
PG,1003,true,17,saldo_laufende_verwaltung,Saldo aus lfd. Verw.-tätigkeit,=,true,2026,ansatz,-51100,227
PG,1003,true,17,saldo_laufende_verwaltung,Saldo aus lfd. Verw.-tätigkeit,=,true,2026,ve,0,227
PG,1003,true,17,saldo_laufende_verwaltung,Saldo aus lfd. Verw.-tätigkeit,=,true,2027,planung,-53100,227
PG,1003,true,17,saldo_laufende_verwaltung,Saldo aus lfd. Verw.-tätigkeit,=,true,2028,planung,-55100,227
PG,1003,true,17,saldo_laufende_verwaltung,Saldo aus lfd. Verw.-tätigkeit,=,true,2029,planung,-57200,227
PG,1004,true,09,einzahlungen_laufende_verwaltung,Einzahlungen aus lfd. Verw.-tätigkeit,=,true,2024,ergebnis,206345,229
PG,1004,true,09,einzahlungen_laufende_verwaltung,Einzahlungen aus lfd. Verw.-tätigkeit,=,true,2025,ansatz,247850,229
PG,1004,true,09,einzahlungen_laufende_verwaltung,Einzahlungen aus lfd. Verw.-tätigkeit,=,true,2026,ansatz,225450,229
PG,1004,true,09,einzahlungen_laufende_verwaltung,Einzahlungen aus lfd. Verw.-tätigkeit,=,true,2026,ve,0,229
PG,1004,true,09,einzahlungen_laufende_verwaltung,Einzahlungen aus lfd. Verw.-tätigkeit,=,true,2027,planung,225450,229
PG,1004,true,09,einzahlungen_laufende_verwaltung,Einzahlungen aus lfd. Verw.-tätigkeit,=,true,2028,planung,225450,229
PG,1004,true,09,einzahlungen_laufende_verwaltung,Einzahlungen aus lfd. Verw.-tätigkeit,=,true,2029,planung,225450,229
PG,1004,true,16,auszahlungen_laufende_verwaltung,Auszahlungen aus lfd. Verw.-tätigkeit,=,true,2024,ergebnis,393668,229
PG,1004,true,16,auszahlungen_laufende_verwaltung,Auszahlungen aus lfd. Verw.-tätigkeit,=,true,2025,ansatz,488700,229
PG,1004,true,16,auszahlungen_laufende_verwaltung,Auszahlungen aus lfd. Verw.-tätigkeit,=,true,2026,ansatz,458400,229
PG,1004,true,16,auszahlungen_laufende_verwaltung,Auszahlungen aus lfd. Verw.-tätigkeit,=,true,2026,ve,0,229
PG,1004,true,16,auszahlungen_laufende_verwaltung,Auszahlungen aus lfd. Verw.-tätigkeit,=,true,2027,planung,450600,229
PG,1004,true,16,auszahlungen_laufende_verwaltung,Auszahlungen aus lfd. Verw.-tätigkeit,=,true,2028,planung,459600,229
PG,1004,true,16,auszahlungen_laufende_verwaltung,Auszahlungen aus lfd. Verw.-tätigkeit,=,true,2029,planung,468500,229
PG,1004,true,17,saldo_laufende_verwaltung,Saldo aus lfd. Verw.-tätigkeit,=,true,2024,ergebnis,-187323,229
PG,1004,true,17,saldo_laufende_verwaltung,Saldo aus lfd. Verw.-tätigkeit,=,true,2025,ansatz,-240850,229
PG,1004,true,17,saldo_laufende_verwaltung,Saldo aus lfd. Verw.-tätigkeit,=,true,2026,ansatz,-232950,229
PG,1004,true,17,saldo_laufende_verwaltung,Saldo aus lfd. Verw.-tätigkeit,=,true,2026,ve,0,229
PG,1004,true,17,saldo_laufende_verwaltung,Saldo aus lfd. Verw.-tätigkeit,=,true,2027,planung,-225150,229
PG,1004,true,17,saldo_laufende_verwaltung,Saldo aus lfd. Verw.-tätigkeit,=,true,2028,planung,-234150,229
PG,1004,true,17,saldo_laufende_verwaltung,Saldo aus lfd. Verw.-tätigkeit,=,true,2029,planung,-243050,229
PG,1004,true,25,baumassnahmen,Ausz. f. Baumaßnahmen,-,false,2024,ergebnis,569804,230
PG,1004,true,25,baumassnahmen,Ausz. f. Baumaßnahmen,-,false,2025,ansatz,65000,230
PG,1004,true,25,baumassnahmen,Ausz. f. Baumaßnahmen,-,false,2026,ansatz,90000,230
PG,1004,true,25,baumassnahmen,Ausz. f. Baumaßnahmen,-,false,2026,ve,0,230
PG,1004,true,25,baumassnahmen,Ausz. f. Baumaßnahmen,-,false,2027,planung,0,230
PG,1004,true,25,baumassnahmen,Ausz. f. Baumaßnahmen,-,false,2028,planung,0,230
PG,1004,true,25,baumassnahmen,Ausz. f. Baumaßnahmen,-,false,2029,planung,0,230
PG,1004,true,26,erwerb_bewegliches_anlagevermoegen,Ausz. f. Erwerb von bewegl. Anlagevermögen,-,false,2024,ergebnis,9207,230
PG,1004,true,26,erwerb_bewegliches_anlagevermoegen,Ausz. f. Erwerb von bewegl. Anlagevermögen,-,false,2025,ansatz,24000,230
PG,1004,true,26,erwerb_bewegliches_anlagevermoegen,Ausz. f. Erwerb von bewegl. Anlagevermögen,-,false,2026,ansatz,6000,230
PG,1004,true,26,erwerb_bewegliches_anlagevermoegen,Ausz. f. Erwerb von bewegl. Anlagevermögen,-,false,2026,ve,0,230
PG,1004,true,26,erwerb_bewegliches_anlagevermoegen,Ausz. f. Erwerb von bewegl. Anlagevermögen,-,false,2027,planung,6000,230
PG,1004,true,26,erwerb_bewegliches_anlagevermoegen,Ausz. f. Erwerb von bewegl. Anlagevermögen,-,false,2028,planung,6000,230
PG,1004,true,26,erwerb_bewegliches_anlagevermoegen,Ausz. f. Erwerb von bewegl. Anlagevermögen,-,false,2029,planung,6000,230
PG,1004,true,30,auszahlungen_investitionen,Auszahlungen aus Investitionstätigkeit,=,true,2024,ergebnis,579011,230
PG,1004,true,30,auszahlungen_investitionen,Auszahlungen aus Investitionstätigkeit,=,true,2025,ansatz,89000,230
PG,1004,true,30,auszahlungen_investitionen,Auszahlungen aus Investitionstätigkeit,=,true,2026,ansatz,96000,230
PG,1004,true,30,auszahlungen_investitionen,Auszahlungen aus Investitionstätigkeit,=,true,2026,ve,0,230
PG,1004,true,30,auszahlungen_investitionen,Auszahlungen aus Investitionstätigkeit,=,true,2027,planung,6000,230
PG,1004,true,30,auszahlungen_investitionen,Auszahlungen aus Investitionstätigkeit,=,true,2028,planung,6000,230
PG,1004,true,30,auszahlungen_investitionen,Auszahlungen aus Investitionstätigkeit,=,true,2029,planung,6000,230
PG,1004,true,31,saldo_investitionen,Saldo aus Investitionstätigkeit,=,true,2024,ergebnis,-579011,230
PG,1004,true,31,saldo_investitionen,Saldo aus Investitionstätigkeit,=,true,2025,ansatz,-89000,230
PG,1004,true,31,saldo_investitionen,Saldo aus Investitionstätigkeit,=,true,2026,ansatz,-96000,230
PG,1004,true,31,saldo_investitionen,Saldo aus Investitionstätigkeit,=,true,2026,ve,0,230
PG,1004,true,31,saldo_investitionen,Saldo aus Investitionstätigkeit,=,true,2027,planung,-6000,230
PG,1004,true,31,saldo_investitionen,Saldo aus Investitionstätigkeit,=,true,2028,planung,-6000,230
PG,1004,true,31,saldo_investitionen,Saldo aus Investitionstätigkeit,=,true,2029,planung,-6000,230
PG,1101,true,09,einzahlungen_laufende_verwaltung,Einzahlungen aus lfd. Verw.-tätigkeit,=,true,2024,ergebnis,1131653,233
PG,1101,true,09,einzahlungen_laufende_verwaltung,Einzahlungen aus lfd. Verw.-tätigkeit,=,true,2025,ansatz,1291300,233
PG,1101,true,09,einzahlungen_laufende_verwaltung,Einzahlungen aus lfd. Verw.-tätigkeit,=,true,2026,ansatz,1226952,233
PG,1101,true,09,einzahlungen_laufende_verwaltung,Einzahlungen aus lfd. Verw.-tätigkeit,=,true,2026,ve,0,233
PG,1101,true,09,einzahlungen_laufende_verwaltung,Einzahlungen aus lfd. Verw.-tätigkeit,=,true,2027,planung,1247030,233
PG,1101,true,09,einzahlungen_laufende_verwaltung,Einzahlungen aus lfd. Verw.-tätigkeit,=,true,2028,planung,1302940,233
PG,1101,true,09,einzahlungen_laufende_verwaltung,Einzahlungen aus lfd. Verw.-tätigkeit,=,true,2029,planung,1420240,233
PG,1101,true,16,auszahlungen_laufende_verwaltung,Auszahlungen aus lfd. Verw.-tätigkeit,=,true,2024,ergebnis,1113454,233
PG,1101,true,16,auszahlungen_laufende_verwaltung,Auszahlungen aus lfd. Verw.-tätigkeit,=,true,2025,ansatz,1226500,233
PG,1101,true,16,auszahlungen_laufende_verwaltung,Auszahlungen aus lfd. Verw.-tätigkeit,=,true,2026,ansatz,1165400,233
PG,1101,true,16,auszahlungen_laufende_verwaltung,Auszahlungen aus lfd. Verw.-tätigkeit,=,true,2026,ve,0,233
PG,1101,true,16,auszahlungen_laufende_verwaltung,Auszahlungen aus lfd. Verw.-tätigkeit,=,true,2027,planung,1185900,233
PG,1101,true,16,auszahlungen_laufende_verwaltung,Auszahlungen aus lfd. Verw.-tätigkeit,=,true,2028,planung,1242400,233
PG,1101,true,16,auszahlungen_laufende_verwaltung,Auszahlungen aus lfd. Verw.-tätigkeit,=,true,2029,planung,1359700,233
PG,1101,true,17,saldo_laufende_verwaltung,Saldo aus lfd. Verw.-tätigkeit,=,true,2024,ergebnis,18198,233
PG,1101,true,17,saldo_laufende_verwaltung,Saldo aus lfd. Verw.-tätigkeit,=,true,2025,ansatz,64800,233
PG,1101,true,17,saldo_laufende_verwaltung,Saldo aus lfd. Verw.-tätigkeit,=,true,2026,ansatz,61552,233
PG,1101,true,17,saldo_laufende_verwaltung,Saldo aus lfd. Verw.-tätigkeit,=,true,2026,ve,0,233
PG,1101,true,17,saldo_laufende_verwaltung,Saldo aus lfd. Verw.-tätigkeit,=,true,2027,planung,61130,233
PG,1101,true,17,saldo_laufende_verwaltung,Saldo aus lfd. Verw.-tätigkeit,=,true,2028,planung,60540,233
PG,1101,true,17,saldo_laufende_verwaltung,Saldo aus lfd. Verw.-tätigkeit,=,true,2029,planung,60540,233
PG,1201,false,09,einzahlungen_laufende_verwaltung,Einzahlungen aus lfd. Verw.-tätigkeit,=,true,2024,ergebnis,19671,240
PG,1201,false,09,einzahlungen_laufende_verwaltung,Einzahlungen aus lfd. Verw.-tätigkeit,=,true,2025,ansatz,2500,240
PG,1201,false,09,einzahlungen_laufende_verwaltung,Einzahlungen aus lfd. Verw.-tätigkeit,=,true,2026,ansatz,2500,240
PG,1201,false,09,einzahlungen_laufende_verwaltung,Einzahlungen aus lfd. Verw.-tätigkeit,=,true,2026,ve,0,240
PG,1201,false,09,einzahlungen_laufende_verwaltung,Einzahlungen aus lfd. Verw.-tätigkeit,=,true,2027,planung,2500,240
PG,1201,false,09,einzahlungen_laufende_verwaltung,Einzahlungen aus lfd. Verw.-tätigkeit,=,true,2028,planung,2150,240
PG,1201,false,09,einzahlungen_laufende_verwaltung,Einzahlungen aus lfd. Verw.-tätigkeit,=,true,2029,planung,2150,240
PG,1201,false,16,auszahlungen_laufende_verwaltung,Auszahlungen aus lfd. Verw.-tätigkeit,=,true,2024,ergebnis,1223294,240
PG,1201,false,16,auszahlungen_laufende_verwaltung,Auszahlungen aus lfd. Verw.-tätigkeit,=,true,2025,ansatz,1257300,240
PG,1201,false,16,auszahlungen_laufende_verwaltung,Auszahlungen aus lfd. Verw.-tätigkeit,=,true,2026,ansatz,1324400,240
PG,1201,false,16,auszahlungen_laufende_verwaltung,Auszahlungen aus lfd. Verw.-tätigkeit,=,true,2026,ve,0,240
PG,1201,false,16,auszahlungen_laufende_verwaltung,Auszahlungen aus lfd. Verw.-tätigkeit,=,true,2027,planung,1405000,240
PG,1201,false,16,auszahlungen_laufende_verwaltung,Auszahlungen aus lfd. Verw.-tätigkeit,=,true,2028,planung,1979348,240
PG,1201,false,16,auszahlungen_laufende_verwaltung,Auszahlungen aus lfd. Verw.-tätigkeit,=,true,2029,planung,2589975,240
PG,1201,false,18,investitionszuwendungen,Zuwendungen für Investitionsmaßnahmen,+,false,2024,ergebnis,1975836,240
PG,1201,false,18,investitionszuwendungen,Zuwendungen für Investitionsmaßnahmen,+,false,2025,ansatz,606000,240
PG,1201,false,18,investitionszuwendungen,Zuwendungen für Investitionsmaßnahmen,+,false,2026,ansatz,425000,240
PG,1201,false,18,investitionszuwendungen,Zuwendungen für Investitionsmaßnahmen,+,false,2026,ve,0,240
PG,1201,false,18,investitionszuwendungen,Zuwendungen für Investitionsmaßnahmen,+,false,2027,planung,425000,240
PG,1201,false,18,investitionszuwendungen,Zuwendungen für Investitionsmaßnahmen,+,false,2028,planung,425000,240
PG,1201,false,18,investitionszuwendungen,Zuwendungen für Investitionsmaßnahmen,+,false,2029,planung,75000,240
PG,1201,false,19,veraeusserung_sachanlagen,Einz. aus Veräußerung v. Sachanlagen,+,false,2024,ergebnis,462634,240
PG,1201,false,19,veraeusserung_sachanlagen,Einz. aus Veräußerung v. Sachanlagen,+,false,2025,ansatz,0,240
PG,1201,false,19,veraeusserung_sachanlagen,Einz. aus Veräußerung v. Sachanlagen,+,false,2026,ansatz,0,240
PG,1201,false,19,veraeusserung_sachanlagen,Einz. aus Veräußerung v. Sachanlagen,+,false,2026,ve,0,240
PG,1201,false,19,veraeusserung_sachanlagen,Einz. aus Veräußerung v. Sachanlagen,+,false,2027,planung,0,240
PG,1201,false,19,veraeusserung_sachanlagen,Einz. aus Veräußerung v. Sachanlagen,+,false,2028,planung,0,240
PG,1201,false,19,veraeusserung_sachanlagen,Einz. aus Veräußerung v. Sachanlagen,+,false,2029,planung,0,240
PG,1201,false,21,beitraege,Einz. aus Beiträgen u. ä. Entgelten,+,false,2024,ergebnis,94559,240
PG,1201,false,21,beitraege,Einz. aus Beiträgen u. ä. Entgelten,+,false,2025,ansatz,80000,240
PG,1201,false,21,beitraege,Einz. aus Beiträgen u. ä. Entgelten,+,false,2026,ansatz,1237000,240
PG,1201,false,21,beitraege,Einz. aus Beiträgen u. ä. Entgelten,+,false,2026,ve,0,240
PG,1201,false,21,beitraege,Einz. aus Beiträgen u. ä. Entgelten,+,false,2027,planung,154140,240
PG,1201,false,21,beitraege,Einz. aus Beiträgen u. ä. Entgelten,+,false,2028,planung,2229815,240
PG,1201,false,21,beitraege,Einz. aus Beiträgen u. ä. Entgelten,+,false,2029,planung,1848825,240
PG,1201,false,23,einzahlungen_investitionen,Einzahlungen aus Investitionstätigkeit,=,true,2024,ergebnis,2533029,240
PG,1201,false,23,einzahlungen_investitionen,Einzahlungen aus Investitionstätigkeit,=,true,2025,ansatz,686000,240
PG,1201,false,23,einzahlungen_investitionen,Einzahlungen aus Investitionstätigkeit,=,true,2026,ansatz,1662000,240
PG,1201,false,23,einzahlungen_investitionen,Einzahlungen aus Investitionstätigkeit,=,true,2026,ve,0,240
PG,1201,false,23,einzahlungen_investitionen,Einzahlungen aus Investitionstätigkeit,=,true,2027,planung,579140,240
PG,1201,false,23,einzahlungen_investitionen,Einzahlungen aus Investitionstätigkeit,=,true,2028,planung,2654815,240
PG,1201,false,23,einzahlungen_investitionen,Einzahlungen aus Investitionstätigkeit,=,true,2029,planung,1923825,240
PG,1201,false,24,erwerb_grundstuecke_gebaeude,Ausz. f. Erwerb von Grundst. u. Gebäuden,-,false,2024,ergebnis,0,240
PG,1201,false,24,erwerb_grundstuecke_gebaeude,Ausz. f. Erwerb von Grundst. u. Gebäuden,-,false,2025,ansatz,300000,240
PG,1201,false,24,erwerb_grundstuecke_gebaeude,Ausz. f. Erwerb von Grundst. u. Gebäuden,-,false,2026,ansatz,450000,240
PG,1201,false,24,erwerb_grundstuecke_gebaeude,Ausz. f. Erwerb von Grundst. u. Gebäuden,-,false,2026,ve,0,240
PG,1201,false,24,erwerb_grundstuecke_gebaeude,Ausz. f. Erwerb von Grundst. u. Gebäuden,-,false,2027,planung,300000,240
PG,1201,false,24,erwerb_grundstuecke_gebaeude,Ausz. f. Erwerb von Grundst. u. Gebäuden,-,false,2028,planung,300000,240
PG,1201,false,24,erwerb_grundstuecke_gebaeude,Ausz. f. Erwerb von Grundst. u. Gebäuden,-,false,2029,planung,300000,240
PG,1201,false,25,baumassnahmen,Ausz. f. Baumaßnahmen,-,false,2024,ergebnis,1874696,240
PG,1201,false,25,baumassnahmen,Ausz. f. Baumaßnahmen,-,false,2025,ansatz,3250000,240
PG,1201,false,25,baumassnahmen,Ausz. f. Baumaßnahmen,-,false,2026,ansatz,2160000,240
PG,1201,false,25,baumassnahmen,Ausz. f. Baumaßnahmen,-,false,2026,ve,2700000,240
PG,1201,false,25,baumassnahmen,Ausz. f. Baumaßnahmen,-,false,2027,planung,5190000,240
PG,1201,false,25,baumassnahmen,Ausz. f. Baumaßnahmen,-,false,2028,planung,2000000,240
PG,1201,false,25,baumassnahmen,Ausz. f. Baumaßnahmen,-,false,2029,planung,0,240
PG,1201,false,26,erwerb_bewegliches_anlagevermoegen,Ausz. f. Erwerb von bewegl. Anlagevermögen,-,false,2024,ergebnis,134535,240
PG,1201,false,26,erwerb_bewegliches_anlagevermoegen,Ausz. f. Erwerb von bewegl. Anlagevermögen,-,false,2025,ansatz,0,240
PG,1201,false,26,erwerb_bewegliches_anlagevermoegen,Ausz. f. Erwerb von bewegl. Anlagevermögen,-,false,2026,ansatz,0,240
PG,1201,false,26,erwerb_bewegliches_anlagevermoegen,Ausz. f. Erwerb von bewegl. Anlagevermögen,-,false,2026,ve,0,240
PG,1201,false,26,erwerb_bewegliches_anlagevermoegen,Ausz. f. Erwerb von bewegl. Anlagevermögen,-,false,2027,planung,0,240
PG,1201,false,26,erwerb_bewegliches_anlagevermoegen,Ausz. f. Erwerb von bewegl. Anlagevermögen,-,false,2028,planung,0,240
PG,1201,false,26,erwerb_bewegliches_anlagevermoegen,Ausz. f. Erwerb von bewegl. Anlagevermögen,-,false,2029,planung,0,240
PG,1201,false,30,auszahlungen_investitionen,Auszahlungen aus Investitionstätigkeit,=,true,2024,ergebnis,2009231,240
PG,1201,false,30,auszahlungen_investitionen,Auszahlungen aus Investitionstätigkeit,=,true,2025,ansatz,3550000,240
PG,1201,false,30,auszahlungen_investitionen,Auszahlungen aus Investitionstätigkeit,=,true,2026,ansatz,2610000,240
PG,1201,false,30,auszahlungen_investitionen,Auszahlungen aus Investitionstätigkeit,=,true,2026,ve,2700000,240
PG,1201,false,30,auszahlungen_investitionen,Auszahlungen aus Investitionstätigkeit,=,true,2027,planung,5490000,240
PG,1201,false,30,auszahlungen_investitionen,Auszahlungen aus Investitionstätigkeit,=,true,2028,planung,2300000,240
PG,1201,false,30,auszahlungen_investitionen,Auszahlungen aus Investitionstätigkeit,=,true,2029,planung,300000,240
PG,1201,false,31,saldo_investitionen,Saldo aus Investitionstätigkeit,=,true,2024,ergebnis,523798,240
PG,1201,false,31,saldo_investitionen,Saldo aus Investitionstätigkeit,=,true,2025,ansatz,-2864000,240
PG,1201,false,31,saldo_investitionen,Saldo aus Investitionstätigkeit,=,true,2026,ansatz,-948000,240
PG,1201,false,31,saldo_investitionen,Saldo aus Investitionstätigkeit,=,true,2026,ve,-2700000,240
PG,1201,false,31,saldo_investitionen,Saldo aus Investitionstätigkeit,=,true,2027,planung,-4910860,240
PG,1201,false,31,saldo_investitionen,Saldo aus Investitionstätigkeit,=,true,2028,planung,354815,240
PG,1201,false,31,saldo_investitionen,Saldo aus Investitionstätigkeit,=,true,2029,planung,1623825,240
PG,1202,true,16,auszahlungen_laufende_verwaltung,Auszahlungen aus lfd. Verw.-tätigkeit,=,true,2024,ergebnis,342461,251
PG,1202,true,16,auszahlungen_laufende_verwaltung,Auszahlungen aus lfd. Verw.-tätigkeit,=,true,2025,ansatz,550750,251
PG,1202,true,16,auszahlungen_laufende_verwaltung,Auszahlungen aus lfd. Verw.-tätigkeit,=,true,2026,ansatz,558150,251
PG,1202,true,16,auszahlungen_laufende_verwaltung,Auszahlungen aus lfd. Verw.-tätigkeit,=,true,2026,ve,0,251
PG,1202,true,16,auszahlungen_laufende_verwaltung,Auszahlungen aus lfd. Verw.-tätigkeit,=,true,2027,planung,559000,251
PG,1202,true,16,auszahlungen_laufende_verwaltung,Auszahlungen aus lfd. Verw.-tätigkeit,=,true,2028,planung,559900,251
PG,1202,true,16,auszahlungen_laufende_verwaltung,Auszahlungen aus lfd. Verw.-tätigkeit,=,true,2029,planung,560800,251
PG,1202,true,17,saldo_laufende_verwaltung,Saldo aus lfd. Verw.-tätigkeit,=,true,2024,ergebnis,-342461,251
PG,1202,true,17,saldo_laufende_verwaltung,Saldo aus lfd. Verw.-tätigkeit,=,true,2025,ansatz,-550750,251
PG,1202,true,17,saldo_laufende_verwaltung,Saldo aus lfd. Verw.-tätigkeit,=,true,2026,ansatz,-558150,251
PG,1202,true,17,saldo_laufende_verwaltung,Saldo aus lfd. Verw.-tätigkeit,=,true,2026,ve,0,251
PG,1202,true,17,saldo_laufende_verwaltung,Saldo aus lfd. Verw.-tätigkeit,=,true,2027,planung,-559000,251
PG,1202,true,17,saldo_laufende_verwaltung,Saldo aus lfd. Verw.-tätigkeit,=,true,2028,planung,-559900,251
PG,1202,true,17,saldo_laufende_verwaltung,Saldo aus lfd. Verw.-tätigkeit,=,true,2029,planung,-560800,251
PG,1202,true,18,investitionszuwendungen,Zuwendungen für Investitionsmaßnahmen,+,false,2024,ergebnis,0,251
PG,1202,true,18,investitionszuwendungen,Zuwendungen für Investitionsmaßnahmen,+,false,2025,ansatz,582000,251
PG,1202,true,18,investitionszuwendungen,Zuwendungen für Investitionsmaßnahmen,+,false,2026,ansatz,672000,251
PG,1202,true,18,investitionszuwendungen,Zuwendungen für Investitionsmaßnahmen,+,false,2026,ve,0,251
PG,1202,true,18,investitionszuwendungen,Zuwendungen für Investitionsmaßnahmen,+,false,2027,planung,3627000,251
PG,1202,true,18,investitionszuwendungen,Zuwendungen für Investitionsmaßnahmen,+,false,2028,planung,27000,251
PG,1202,true,18,investitionszuwendungen,Zuwendungen für Investitionsmaßnahmen,+,false,2029,planung,0,251
PG,1202,true,23,einzahlungen_investitionen,Einzahlungen aus Investitionstätigkeit,=,true,2024,ergebnis,0,251
PG,1202,true,23,einzahlungen_investitionen,Einzahlungen aus Investitionstätigkeit,=,true,2025,ansatz,582000,251
PG,1202,true,23,einzahlungen_investitionen,Einzahlungen aus Investitionstätigkeit,=,true,2026,ansatz,672000,251
PG,1202,true,23,einzahlungen_investitionen,Einzahlungen aus Investitionstätigkeit,=,true,2026,ve,0,251
PG,1202,true,23,einzahlungen_investitionen,Einzahlungen aus Investitionstätigkeit,=,true,2027,planung,3627000,251
PG,1202,true,23,einzahlungen_investitionen,Einzahlungen aus Investitionstätigkeit,=,true,2028,planung,27000,251
PG,1202,true,23,einzahlungen_investitionen,Einzahlungen aus Investitionstätigkeit,=,true,2029,planung,0,251
PG,1202,true,25,baumassnahmen,Ausz. f. Baumaßnahmen,-,false,2024,ergebnis,171684,251
PG,1202,true,25,baumassnahmen,Ausz. f. Baumaßnahmen,-,false,2025,ansatz,730000,251
PG,1202,true,25,baumassnahmen,Ausz. f. Baumaßnahmen,-,false,2026,ansatz,830000,251
PG,1202,true,25,baumassnahmen,Ausz. f. Baumaßnahmen,-,false,2026,ve,0,251
PG,1202,true,25,baumassnahmen,Ausz. f. Baumaßnahmen,-,false,2027,planung,3030000,251
PG,1202,true,25,baumassnahmen,Ausz. f. Baumaßnahmen,-,false,2028,planung,1030000,251
PG,1202,true,25,baumassnahmen,Ausz. f. Baumaßnahmen,-,false,2029,planung,0,251
PG,1202,true,30,auszahlungen_investitionen,Auszahlungen aus Investitionstätigkeit,=,true,2024,ergebnis,171684,251
PG,1202,true,30,auszahlungen_investitionen,Auszahlungen aus Investitionstätigkeit,=,true,2025,ansatz,730000,251
PG,1202,true,30,auszahlungen_investitionen,Auszahlungen aus Investitionstätigkeit,=,true,2026,ansatz,830000,251
PG,1202,true,30,auszahlungen_investitionen,Auszahlungen aus Investitionstätigkeit,=,true,2026,ve,0,251
PG,1202,true,30,auszahlungen_investitionen,Auszahlungen aus Investitionstätigkeit,=,true,2027,planung,3030000,251
PG,1202,true,30,auszahlungen_investitionen,Auszahlungen aus Investitionstätigkeit,=,true,2028,planung,1030000,251
PG,1202,true,30,auszahlungen_investitionen,Auszahlungen aus Investitionstätigkeit,=,true,2029,planung,0,251
PG,1202,true,31,saldo_investitionen,Saldo aus Investitionstätigkeit,=,true,2024,ergebnis,-171684,251
PG,1202,true,31,saldo_investitionen,Saldo aus Investitionstätigkeit,=,true,2025,ansatz,-148000,251
PG,1202,true,31,saldo_investitionen,Saldo aus Investitionstätigkeit,=,true,2026,ansatz,-158000,251
PG,1202,true,31,saldo_investitionen,Saldo aus Investitionstätigkeit,=,true,2026,ve,0,251
PG,1202,true,31,saldo_investitionen,Saldo aus Investitionstätigkeit,=,true,2027,planung,597000,251
PG,1202,true,31,saldo_investitionen,Saldo aus Investitionstätigkeit,=,true,2028,planung,-1003000,251
PG,1202,true,31,saldo_investitionen,Saldo aus Investitionstätigkeit,=,true,2029,planung,0,251
PG,1203,true,09,einzahlungen_laufende_verwaltung,Einzahlungen aus lfd. Verw.-tätigkeit,=,true,2024,ergebnis,44850,254
PG,1203,true,09,einzahlungen_laufende_verwaltung,Einzahlungen aus lfd. Verw.-tätigkeit,=,true,2025,ansatz,44000,254
PG,1203,true,09,einzahlungen_laufende_verwaltung,Einzahlungen aus lfd. Verw.-tätigkeit,=,true,2026,ansatz,60490,254
PG,1203,true,09,einzahlungen_laufende_verwaltung,Einzahlungen aus lfd. Verw.-tätigkeit,=,true,2026,ve,0,254
PG,1203,true,09,einzahlungen_laufende_verwaltung,Einzahlungen aus lfd. Verw.-tätigkeit,=,true,2027,planung,61690,254
PG,1203,true,09,einzahlungen_laufende_verwaltung,Einzahlungen aus lfd. Verw.-tätigkeit,=,true,2028,planung,62890,254
PG,1203,true,09,einzahlungen_laufende_verwaltung,Einzahlungen aus lfd. Verw.-tätigkeit,=,true,2029,planung,64190,254
PG,1203,true,16,auszahlungen_laufende_verwaltung,Auszahlungen aus lfd. Verw.-tätigkeit,=,true,2024,ergebnis,51953,254
PG,1203,true,16,auszahlungen_laufende_verwaltung,Auszahlungen aus lfd. Verw.-tätigkeit,=,true,2025,ansatz,62400,254
PG,1203,true,16,auszahlungen_laufende_verwaltung,Auszahlungen aus lfd. Verw.-tätigkeit,=,true,2026,ansatz,68600,254
PG,1203,true,16,auszahlungen_laufende_verwaltung,Auszahlungen aus lfd. Verw.-tätigkeit,=,true,2026,ve,0,254
PG,1203,true,16,auszahlungen_laufende_verwaltung,Auszahlungen aus lfd. Verw.-tätigkeit,=,true,2027,planung,69800,254
PG,1203,true,16,auszahlungen_laufende_verwaltung,Auszahlungen aus lfd. Verw.-tätigkeit,=,true,2028,planung,71000,254
PG,1203,true,16,auszahlungen_laufende_verwaltung,Auszahlungen aus lfd. Verw.-tätigkeit,=,true,2029,planung,72300,254
PG,1203,true,17,saldo_laufende_verwaltung,Saldo aus lfd. Verw.-tätigkeit,=,true,2024,ergebnis,-7103,254
PG,1203,true,17,saldo_laufende_verwaltung,Saldo aus lfd. Verw.-tätigkeit,=,true,2025,ansatz,-18400,254
PG,1203,true,17,saldo_laufende_verwaltung,Saldo aus lfd. Verw.-tätigkeit,=,true,2026,ansatz,-8110,254
PG,1203,true,17,saldo_laufende_verwaltung,Saldo aus lfd. Verw.-tätigkeit,=,true,2026,ve,0,254
PG,1203,true,17,saldo_laufende_verwaltung,Saldo aus lfd. Verw.-tätigkeit,=,true,2027,planung,-8110,254
PG,1203,true,17,saldo_laufende_verwaltung,Saldo aus lfd. Verw.-tätigkeit,=,true,2028,planung,-8110,254
PG,1203,true,17,saldo_laufende_verwaltung,Saldo aus lfd. Verw.-tätigkeit,=,true,2029,planung,-8110,254
PG,1301,true,09,einzahlungen_laufende_verwaltung,Einzahlungen aus lfd. Verw.-tätigkeit,=,true,2024,ergebnis,415,259
PG,1301,true,09,einzahlungen_laufende_verwaltung,Einzahlungen aus lfd. Verw.-tätigkeit,=,true,2025,ansatz,0,259
PG,1301,true,09,einzahlungen_laufende_verwaltung,Einzahlungen aus lfd. Verw.-tätigkeit,=,true,2026,ansatz,0,259
PG,1301,true,09,einzahlungen_laufende_verwaltung,Einzahlungen aus lfd. Verw.-tätigkeit,=,true,2026,ve,0,259
PG,1301,true,09,einzahlungen_laufende_verwaltung,Einzahlungen aus lfd. Verw.-tätigkeit,=,true,2027,planung,0,259
PG,1301,true,09,einzahlungen_laufende_verwaltung,Einzahlungen aus lfd. Verw.-tätigkeit,=,true,2028,planung,0,259
PG,1301,true,09,einzahlungen_laufende_verwaltung,Einzahlungen aus lfd. Verw.-tätigkeit,=,true,2029,planung,0,259
PG,1301,true,16,auszahlungen_laufende_verwaltung,Auszahlungen aus lfd. Verw.-tätigkeit,=,true,2024,ergebnis,40857,259
PG,1301,true,16,auszahlungen_laufende_verwaltung,Auszahlungen aus lfd. Verw.-tätigkeit,=,true,2025,ansatz,45800,259
PG,1301,true,16,auszahlungen_laufende_verwaltung,Auszahlungen aus lfd. Verw.-tätigkeit,=,true,2026,ansatz,50800,259
PG,1301,true,16,auszahlungen_laufende_verwaltung,Auszahlungen aus lfd. Verw.-tätigkeit,=,true,2026,ve,0,259
PG,1301,true,16,auszahlungen_laufende_verwaltung,Auszahlungen aus lfd. Verw.-tätigkeit,=,true,2027,planung,52400,259
PG,1301,true,16,auszahlungen_laufende_verwaltung,Auszahlungen aus lfd. Verw.-tätigkeit,=,true,2028,planung,54100,259
PG,1301,true,16,auszahlungen_laufende_verwaltung,Auszahlungen aus lfd. Verw.-tätigkeit,=,true,2029,planung,55800,259
PG,1301,true,17,saldo_laufende_verwaltung,Saldo aus lfd. Verw.-tätigkeit,=,true,2024,ergebnis,-40442,259
PG,1301,true,17,saldo_laufende_verwaltung,Saldo aus lfd. Verw.-tätigkeit,=,true,2025,ansatz,-45800,259
PG,1301,true,17,saldo_laufende_verwaltung,Saldo aus lfd. Verw.-tätigkeit,=,true,2026,ansatz,-50800,259
PG,1301,true,17,saldo_laufende_verwaltung,Saldo aus lfd. Verw.-tätigkeit,=,true,2026,ve,0,259
PG,1301,true,17,saldo_laufende_verwaltung,Saldo aus lfd. Verw.-tätigkeit,=,true,2027,planung,-52400,259
PG,1301,true,17,saldo_laufende_verwaltung,Saldo aus lfd. Verw.-tätigkeit,=,true,2028,planung,-54100,259
PG,1301,true,17,saldo_laufende_verwaltung,Saldo aus lfd. Verw.-tätigkeit,=,true,2029,planung,-55800,259
PG,1301,true,24,erwerb_grundstuecke_gebaeude,Ausz. f. Erwerb von Grundst. u. Gebäuden,-,false,2024,ergebnis,145420,259
PG,1301,true,24,erwerb_grundstuecke_gebaeude,Ausz. f. Erwerb von Grundst. u. Gebäuden,-,false,2025,ansatz,220000,259
PG,1301,true,24,erwerb_grundstuecke_gebaeude,Ausz. f. Erwerb von Grundst. u. Gebäuden,-,false,2026,ansatz,0,259
PG,1301,true,24,erwerb_grundstuecke_gebaeude,Ausz. f. Erwerb von Grundst. u. Gebäuden,-,false,2026,ve,0,259
PG,1301,true,24,erwerb_grundstuecke_gebaeude,Ausz. f. Erwerb von Grundst. u. Gebäuden,-,false,2027,planung,0,259
PG,1301,true,24,erwerb_grundstuecke_gebaeude,Ausz. f. Erwerb von Grundst. u. Gebäuden,-,false,2028,planung,0,259
PG,1301,true,24,erwerb_grundstuecke_gebaeude,Ausz. f. Erwerb von Grundst. u. Gebäuden,-,false,2029,planung,0,259
PG,1301,true,30,auszahlungen_investitionen,Auszahlungen aus Investitionstätigkeit,=,true,2024,ergebnis,145420,259
PG,1301,true,30,auszahlungen_investitionen,Auszahlungen aus Investitionstätigkeit,=,true,2025,ansatz,220000,259
PG,1301,true,30,auszahlungen_investitionen,Auszahlungen aus Investitionstätigkeit,=,true,2026,ansatz,0,259
PG,1301,true,30,auszahlungen_investitionen,Auszahlungen aus Investitionstätigkeit,=,true,2026,ve,0,259
PG,1301,true,30,auszahlungen_investitionen,Auszahlungen aus Investitionstätigkeit,=,true,2027,planung,0,259
PG,1301,true,30,auszahlungen_investitionen,Auszahlungen aus Investitionstätigkeit,=,true,2028,planung,0,259
PG,1301,true,30,auszahlungen_investitionen,Auszahlungen aus Investitionstätigkeit,=,true,2029,planung,0,259
PG,1301,true,31,saldo_investitionen,Saldo aus Investitionstätigkeit,=,true,2024,ergebnis,-145420,259
PG,1301,true,31,saldo_investitionen,Saldo aus Investitionstätigkeit,=,true,2025,ansatz,-220000,259
PG,1301,true,31,saldo_investitionen,Saldo aus Investitionstätigkeit,=,true,2026,ansatz,0,259
PG,1301,true,31,saldo_investitionen,Saldo aus Investitionstätigkeit,=,true,2026,ve,0,259
PG,1301,true,31,saldo_investitionen,Saldo aus Investitionstätigkeit,=,true,2027,planung,0,259
PG,1301,true,31,saldo_investitionen,Saldo aus Investitionstätigkeit,=,true,2028,planung,0,259
PG,1301,true,31,saldo_investitionen,Saldo aus Investitionstätigkeit,=,true,2029,planung,0,259
PG,1302,true,09,einzahlungen_laufende_verwaltung,Einzahlungen aus lfd. Verw.-tätigkeit,=,true,2024,ergebnis,409,262
PG,1302,true,09,einzahlungen_laufende_verwaltung,Einzahlungen aus lfd. Verw.-tätigkeit,=,true,2025,ansatz,300,262
PG,1302,true,09,einzahlungen_laufende_verwaltung,Einzahlungen aus lfd. Verw.-tätigkeit,=,true,2026,ansatz,300,262
PG,1302,true,09,einzahlungen_laufende_verwaltung,Einzahlungen aus lfd. Verw.-tätigkeit,=,true,2026,ve,0,262
PG,1302,true,09,einzahlungen_laufende_verwaltung,Einzahlungen aus lfd. Verw.-tätigkeit,=,true,2027,planung,300,262
PG,1302,true,09,einzahlungen_laufende_verwaltung,Einzahlungen aus lfd. Verw.-tätigkeit,=,true,2028,planung,300,262
PG,1302,true,09,einzahlungen_laufende_verwaltung,Einzahlungen aus lfd. Verw.-tätigkeit,=,true,2029,planung,300,262
PG,1302,true,16,auszahlungen_laufende_verwaltung,Auszahlungen aus lfd. Verw.-tätigkeit,=,true,2024,ergebnis,187928,262
PG,1302,true,16,auszahlungen_laufende_verwaltung,Auszahlungen aus lfd. Verw.-tätigkeit,=,true,2025,ansatz,236300,262
PG,1302,true,16,auszahlungen_laufende_verwaltung,Auszahlungen aus lfd. Verw.-tätigkeit,=,true,2026,ansatz,237250,262
PG,1302,true,16,auszahlungen_laufende_verwaltung,Auszahlungen aus lfd. Verw.-tätigkeit,=,true,2026,ve,0,262
PG,1302,true,16,auszahlungen_laufende_verwaltung,Auszahlungen aus lfd. Verw.-tätigkeit,=,true,2027,planung,245050,262
PG,1302,true,16,auszahlungen_laufende_verwaltung,Auszahlungen aus lfd. Verw.-tätigkeit,=,true,2028,planung,253250,262
PG,1302,true,16,auszahlungen_laufende_verwaltung,Auszahlungen aus lfd. Verw.-tätigkeit,=,true,2029,planung,261750,262
PG,1302,true,17,saldo_laufende_verwaltung,Saldo aus lfd. Verw.-tätigkeit,=,true,2024,ergebnis,-187519,262
PG,1302,true,17,saldo_laufende_verwaltung,Saldo aus lfd. Verw.-tätigkeit,=,true,2025,ansatz,-236000,262
PG,1302,true,17,saldo_laufende_verwaltung,Saldo aus lfd. Verw.-tätigkeit,=,true,2026,ansatz,-236950,262
PG,1302,true,17,saldo_laufende_verwaltung,Saldo aus lfd. Verw.-tätigkeit,=,true,2026,ve,0,262
PG,1302,true,17,saldo_laufende_verwaltung,Saldo aus lfd. Verw.-tätigkeit,=,true,2027,planung,-244750,262
PG,1302,true,17,saldo_laufende_verwaltung,Saldo aus lfd. Verw.-tätigkeit,=,true,2028,planung,-252950,262
PG,1302,true,17,saldo_laufende_verwaltung,Saldo aus lfd. Verw.-tätigkeit,=,true,2029,planung,-261450,262
PG,1302,true,26,erwerb_bewegliches_anlagevermoegen,Ausz. f. Erwerb von bewegl. Anlagevermögen,-,false,2024,ergebnis,0,262
PG,1302,true,26,erwerb_bewegliches_anlagevermoegen,Ausz. f. Erwerb von bewegl. Anlagevermögen,-,false,2025,ansatz,8500,262
PG,1302,true,26,erwerb_bewegliches_anlagevermoegen,Ausz. f. Erwerb von bewegl. Anlagevermögen,-,false,2026,ansatz,3000,262
PG,1302,true,26,erwerb_bewegliches_anlagevermoegen,Ausz. f. Erwerb von bewegl. Anlagevermögen,-,false,2026,ve,0,262
PG,1302,true,26,erwerb_bewegliches_anlagevermoegen,Ausz. f. Erwerb von bewegl. Anlagevermögen,-,false,2027,planung,3000,262
PG,1302,true,26,erwerb_bewegliches_anlagevermoegen,Ausz. f. Erwerb von bewegl. Anlagevermögen,-,false,2028,planung,3000,262
PG,1302,true,26,erwerb_bewegliches_anlagevermoegen,Ausz. f. Erwerb von bewegl. Anlagevermögen,-,false,2029,planung,3000,262
PG,1302,true,30,auszahlungen_investitionen,Auszahlungen aus Investitionstätigkeit,=,true,2024,ergebnis,0,262
PG,1302,true,30,auszahlungen_investitionen,Auszahlungen aus Investitionstätigkeit,=,true,2025,ansatz,8500,262
PG,1302,true,30,auszahlungen_investitionen,Auszahlungen aus Investitionstätigkeit,=,true,2026,ansatz,3000,262
PG,1302,true,30,auszahlungen_investitionen,Auszahlungen aus Investitionstätigkeit,=,true,2026,ve,0,262
PG,1302,true,30,auszahlungen_investitionen,Auszahlungen aus Investitionstätigkeit,=,true,2027,planung,3000,262
PG,1302,true,30,auszahlungen_investitionen,Auszahlungen aus Investitionstätigkeit,=,true,2028,planung,3000,262
PG,1302,true,30,auszahlungen_investitionen,Auszahlungen aus Investitionstätigkeit,=,true,2029,planung,3000,262
PG,1302,true,31,saldo_investitionen,Saldo aus Investitionstätigkeit,=,true,2024,ergebnis,0,262
PG,1302,true,31,saldo_investitionen,Saldo aus Investitionstätigkeit,=,true,2025,ansatz,-8500,262
PG,1302,true,31,saldo_investitionen,Saldo aus Investitionstätigkeit,=,true,2026,ansatz,-3000,262
PG,1302,true,31,saldo_investitionen,Saldo aus Investitionstätigkeit,=,true,2026,ve,0,262
PG,1302,true,31,saldo_investitionen,Saldo aus Investitionstätigkeit,=,true,2027,planung,-3000,262
PG,1302,true,31,saldo_investitionen,Saldo aus Investitionstätigkeit,=,true,2028,planung,-3000,262
PG,1302,true,31,saldo_investitionen,Saldo aus Investitionstätigkeit,=,true,2029,planung,-3000,262
PG,1303,true,09,einzahlungen_laufende_verwaltung,Einzahlungen aus lfd. Verw.-tätigkeit,=,true,2024,ergebnis,149351,266
PG,1303,true,09,einzahlungen_laufende_verwaltung,Einzahlungen aus lfd. Verw.-tätigkeit,=,true,2025,ansatz,70001,266
PG,1303,true,09,einzahlungen_laufende_verwaltung,Einzahlungen aus lfd. Verw.-tätigkeit,=,true,2026,ansatz,63000,266
PG,1303,true,09,einzahlungen_laufende_verwaltung,Einzahlungen aus lfd. Verw.-tätigkeit,=,true,2026,ve,0,266
PG,1303,true,09,einzahlungen_laufende_verwaltung,Einzahlungen aus lfd. Verw.-tätigkeit,=,true,2027,planung,63000,266
PG,1303,true,09,einzahlungen_laufende_verwaltung,Einzahlungen aus lfd. Verw.-tätigkeit,=,true,2028,planung,63000,266
PG,1303,true,09,einzahlungen_laufende_verwaltung,Einzahlungen aus lfd. Verw.-tätigkeit,=,true,2029,planung,63000,266
PG,1303,true,16,auszahlungen_laufende_verwaltung,Auszahlungen aus lfd. Verw.-tätigkeit,=,true,2024,ergebnis,169046,266
PG,1303,true,16,auszahlungen_laufende_verwaltung,Auszahlungen aus lfd. Verw.-tätigkeit,=,true,2025,ansatz,182550,266
PG,1303,true,16,auszahlungen_laufende_verwaltung,Auszahlungen aus lfd. Verw.-tätigkeit,=,true,2026,ansatz,205050,266
PG,1303,true,16,auszahlungen_laufende_verwaltung,Auszahlungen aus lfd. Verw.-tätigkeit,=,true,2026,ve,0,266
PG,1303,true,16,auszahlungen_laufende_verwaltung,Auszahlungen aus lfd. Verw.-tätigkeit,=,true,2027,planung,194100,266
PG,1303,true,16,auszahlungen_laufende_verwaltung,Auszahlungen aus lfd. Verw.-tätigkeit,=,true,2028,planung,196000,266
PG,1303,true,16,auszahlungen_laufende_verwaltung,Auszahlungen aus lfd. Verw.-tätigkeit,=,true,2029,planung,197800,266
PG,1303,true,17,saldo_laufende_verwaltung,Saldo aus lfd. Verw.-tätigkeit,=,true,2024,ergebnis,-19695,266
PG,1303,true,17,saldo_laufende_verwaltung,Saldo aus lfd. Verw.-tätigkeit,=,true,2025,ansatz,-112549,266
PG,1303,true,17,saldo_laufende_verwaltung,Saldo aus lfd. Verw.-tätigkeit,=,true,2026,ansatz,-142050,266
PG,1303,true,17,saldo_laufende_verwaltung,Saldo aus lfd. Verw.-tätigkeit,=,true,2026,ve,0,266
PG,1303,true,17,saldo_laufende_verwaltung,Saldo aus lfd. Verw.-tätigkeit,=,true,2027,planung,-131100,266
PG,1303,true,17,saldo_laufende_verwaltung,Saldo aus lfd. Verw.-tätigkeit,=,true,2028,planung,-133000,266
PG,1303,true,17,saldo_laufende_verwaltung,Saldo aus lfd. Verw.-tätigkeit,=,true,2029,planung,-134800,266
PG,1303,true,24,erwerb_grundstuecke_gebaeude,Ausz. f. Erwerb von Grundst. u. Gebäuden,-,false,2024,ergebnis,0,266
PG,1303,true,24,erwerb_grundstuecke_gebaeude,Ausz. f. Erwerb von Grundst. u. Gebäuden,-,false,2025,ansatz,43000,266
PG,1303,true,24,erwerb_grundstuecke_gebaeude,Ausz. f. Erwerb von Grundst. u. Gebäuden,-,false,2026,ansatz,80000,266
PG,1303,true,24,erwerb_grundstuecke_gebaeude,Ausz. f. Erwerb von Grundst. u. Gebäuden,-,false,2026,ve,0,266
PG,1303,true,24,erwerb_grundstuecke_gebaeude,Ausz. f. Erwerb von Grundst. u. Gebäuden,-,false,2027,planung,0,266
PG,1303,true,24,erwerb_grundstuecke_gebaeude,Ausz. f. Erwerb von Grundst. u. Gebäuden,-,false,2028,planung,0,266
PG,1303,true,24,erwerb_grundstuecke_gebaeude,Ausz. f. Erwerb von Grundst. u. Gebäuden,-,false,2029,planung,0,266
PG,1303,true,26,erwerb_bewegliches_anlagevermoegen,Ausz. f. Erwerb von bewegl. Anlagevermögen,-,false,2024,ergebnis,1226,266
PG,1303,true,26,erwerb_bewegliches_anlagevermoegen,Ausz. f. Erwerb von bewegl. Anlagevermögen,-,false,2025,ansatz,0,266
PG,1303,true,26,erwerb_bewegliches_anlagevermoegen,Ausz. f. Erwerb von bewegl. Anlagevermögen,-,false,2026,ansatz,11000,266
PG,1303,true,26,erwerb_bewegliches_anlagevermoegen,Ausz. f. Erwerb von bewegl. Anlagevermögen,-,false,2026,ve,0,266
PG,1303,true,26,erwerb_bewegliches_anlagevermoegen,Ausz. f. Erwerb von bewegl. Anlagevermögen,-,false,2027,planung,6000,266
PG,1303,true,26,erwerb_bewegliches_anlagevermoegen,Ausz. f. Erwerb von bewegl. Anlagevermögen,-,false,2028,planung,0,266
PG,1303,true,26,erwerb_bewegliches_anlagevermoegen,Ausz. f. Erwerb von bewegl. Anlagevermögen,-,false,2029,planung,0,266
PG,1303,true,30,auszahlungen_investitionen,Auszahlungen aus Investitionstätigkeit,=,true,2024,ergebnis,1226,266
PG,1303,true,30,auszahlungen_investitionen,Auszahlungen aus Investitionstätigkeit,=,true,2025,ansatz,43000,266
PG,1303,true,30,auszahlungen_investitionen,Auszahlungen aus Investitionstätigkeit,=,true,2026,ansatz,91000,266
PG,1303,true,30,auszahlungen_investitionen,Auszahlungen aus Investitionstätigkeit,=,true,2026,ve,0,266
PG,1303,true,30,auszahlungen_investitionen,Auszahlungen aus Investitionstätigkeit,=,true,2027,planung,6000,266
PG,1303,true,30,auszahlungen_investitionen,Auszahlungen aus Investitionstätigkeit,=,true,2028,planung,0,266
PG,1303,true,30,auszahlungen_investitionen,Auszahlungen aus Investitionstätigkeit,=,true,2029,planung,0,266
PG,1303,true,31,saldo_investitionen,Saldo aus Investitionstätigkeit,=,true,2024,ergebnis,-1226,266
PG,1303,true,31,saldo_investitionen,Saldo aus Investitionstätigkeit,=,true,2025,ansatz,-43000,266
PG,1303,true,31,saldo_investitionen,Saldo aus Investitionstätigkeit,=,true,2026,ansatz,-91000,266
PG,1303,true,31,saldo_investitionen,Saldo aus Investitionstätigkeit,=,true,2026,ve,0,266
PG,1303,true,31,saldo_investitionen,Saldo aus Investitionstätigkeit,=,true,2027,planung,-6000,266
PG,1303,true,31,saldo_investitionen,Saldo aus Investitionstätigkeit,=,true,2028,planung,0,266
PG,1303,true,31,saldo_investitionen,Saldo aus Investitionstätigkeit,=,true,2029,planung,0,266
PG,1401,true,09,einzahlungen_laufende_verwaltung,Einzahlungen aus lfd. Verw.-tätigkeit,=,true,2024,ergebnis,16955,270
PG,1401,true,09,einzahlungen_laufende_verwaltung,Einzahlungen aus lfd. Verw.-tätigkeit,=,true,2025,ansatz,50000,270
PG,1401,true,09,einzahlungen_laufende_verwaltung,Einzahlungen aus lfd. Verw.-tätigkeit,=,true,2026,ansatz,50000,270
PG,1401,true,09,einzahlungen_laufende_verwaltung,Einzahlungen aus lfd. Verw.-tätigkeit,=,true,2026,ve,0,270
PG,1401,true,09,einzahlungen_laufende_verwaltung,Einzahlungen aus lfd. Verw.-tätigkeit,=,true,2027,planung,50000,270
PG,1401,true,09,einzahlungen_laufende_verwaltung,Einzahlungen aus lfd. Verw.-tätigkeit,=,true,2028,planung,50000,270
PG,1401,true,09,einzahlungen_laufende_verwaltung,Einzahlungen aus lfd. Verw.-tätigkeit,=,true,2029,planung,50000,270
PG,1401,true,16,auszahlungen_laufende_verwaltung,Auszahlungen aus lfd. Verw.-tätigkeit,=,true,2024,ergebnis,293969,270
PG,1401,true,16,auszahlungen_laufende_verwaltung,Auszahlungen aus lfd. Verw.-tätigkeit,=,true,2025,ansatz,186100,270
PG,1401,true,16,auszahlungen_laufende_verwaltung,Auszahlungen aus lfd. Verw.-tätigkeit,=,true,2026,ansatz,110200,270
PG,1401,true,16,auszahlungen_laufende_verwaltung,Auszahlungen aus lfd. Verw.-tätigkeit,=,true,2026,ve,0,270
PG,1401,true,16,auszahlungen_laufende_verwaltung,Auszahlungen aus lfd. Verw.-tätigkeit,=,true,2027,planung,118100,270
PG,1401,true,16,auszahlungen_laufende_verwaltung,Auszahlungen aus lfd. Verw.-tätigkeit,=,true,2028,planung,113100,270
PG,1401,true,16,auszahlungen_laufende_verwaltung,Auszahlungen aus lfd. Verw.-tätigkeit,=,true,2029,planung,110700,270
PG,1401,true,17,saldo_laufende_verwaltung,Saldo aus lfd. Verw.-tätigkeit,=,true,2024,ergebnis,-277014,270
PG,1401,true,17,saldo_laufende_verwaltung,Saldo aus lfd. Verw.-tätigkeit,=,true,2025,ansatz,-136100,270
PG,1401,true,17,saldo_laufende_verwaltung,Saldo aus lfd. Verw.-tätigkeit,=,true,2026,ansatz,-60200,270
PG,1401,true,17,saldo_laufende_verwaltung,Saldo aus lfd. Verw.-tätigkeit,=,true,2026,ve,0,270
PG,1401,true,17,saldo_laufende_verwaltung,Saldo aus lfd. Verw.-tätigkeit,=,true,2027,planung,-68100,270
PG,1401,true,17,saldo_laufende_verwaltung,Saldo aus lfd. Verw.-tätigkeit,=,true,2028,planung,-63100,270
PG,1401,true,17,saldo_laufende_verwaltung,Saldo aus lfd. Verw.-tätigkeit,=,true,2029,planung,-60700,270
PG,1501,true,09,einzahlungen_laufende_verwaltung,Einzahlungen aus lfd. Verw.-tätigkeit,=,true,2024,ergebnis,14538,274
PG,1501,true,09,einzahlungen_laufende_verwaltung,Einzahlungen aus lfd. Verw.-tätigkeit,=,true,2025,ansatz,10000,274
PG,1501,true,09,einzahlungen_laufende_verwaltung,Einzahlungen aus lfd. Verw.-tätigkeit,=,true,2026,ansatz,11000,274
PG,1501,true,09,einzahlungen_laufende_verwaltung,Einzahlungen aus lfd. Verw.-tätigkeit,=,true,2026,ve,0,274
PG,1501,true,09,einzahlungen_laufende_verwaltung,Einzahlungen aus lfd. Verw.-tätigkeit,=,true,2027,planung,11000,274
PG,1501,true,09,einzahlungen_laufende_verwaltung,Einzahlungen aus lfd. Verw.-tätigkeit,=,true,2028,planung,11000,274
PG,1501,true,09,einzahlungen_laufende_verwaltung,Einzahlungen aus lfd. Verw.-tätigkeit,=,true,2029,planung,11000,274
PG,1501,true,16,auszahlungen_laufende_verwaltung,Auszahlungen aus lfd. Verw.-tätigkeit,=,true,2024,ergebnis,144630,274
PG,1501,true,16,auszahlungen_laufende_verwaltung,Auszahlungen aus lfd. Verw.-tätigkeit,=,true,2025,ansatz,124400,274
PG,1501,true,16,auszahlungen_laufende_verwaltung,Auszahlungen aus lfd. Verw.-tätigkeit,=,true,2026,ansatz,127400,274
PG,1501,true,16,auszahlungen_laufende_verwaltung,Auszahlungen aus lfd. Verw.-tätigkeit,=,true,2026,ve,0,274
PG,1501,true,16,auszahlungen_laufende_verwaltung,Auszahlungen aus lfd. Verw.-tätigkeit,=,true,2027,planung,124300,274
PG,1501,true,16,auszahlungen_laufende_verwaltung,Auszahlungen aus lfd. Verw.-tätigkeit,=,true,2028,planung,128200,274
PG,1501,true,16,auszahlungen_laufende_verwaltung,Auszahlungen aus lfd. Verw.-tätigkeit,=,true,2029,planung,132200,274
PG,1501,true,17,saldo_laufende_verwaltung,Saldo aus lfd. Verw.-tätigkeit,=,true,2024,ergebnis,-130091,274
PG,1501,true,17,saldo_laufende_verwaltung,Saldo aus lfd. Verw.-tätigkeit,=,true,2025,ansatz,-114400,274
PG,1501,true,17,saldo_laufende_verwaltung,Saldo aus lfd. Verw.-tätigkeit,=,true,2026,ansatz,-116400,274
PG,1501,true,17,saldo_laufende_verwaltung,Saldo aus lfd. Verw.-tätigkeit,=,true,2026,ve,0,274
PG,1501,true,17,saldo_laufende_verwaltung,Saldo aus lfd. Verw.-tätigkeit,=,true,2027,planung,-113300,274
PG,1501,true,17,saldo_laufende_verwaltung,Saldo aus lfd. Verw.-tätigkeit,=,true,2028,planung,-117200,274
PG,1501,true,17,saldo_laufende_verwaltung,Saldo aus lfd. Verw.-tätigkeit,=,true,2029,planung,-121200,274
PG,1501,true,28,aktivierbare_zuwendungen,Ausz. f. aktivierbaren Zuwendungen,-,false,2024,ergebnis,0,274
PG,1501,true,28,aktivierbare_zuwendungen,Ausz. f. aktivierbaren Zuwendungen,-,false,2025,ansatz,119000,274
PG,1501,true,28,aktivierbare_zuwendungen,Ausz. f. aktivierbaren Zuwendungen,-,false,2026,ansatz,30000,274
PG,1501,true,28,aktivierbare_zuwendungen,Ausz. f. aktivierbaren Zuwendungen,-,false,2026,ve,0,274
PG,1501,true,28,aktivierbare_zuwendungen,Ausz. f. aktivierbaren Zuwendungen,-,false,2027,planung,30000,274
PG,1501,true,28,aktivierbare_zuwendungen,Ausz. f. aktivierbaren Zuwendungen,-,false,2028,planung,18000,274
PG,1501,true,28,aktivierbare_zuwendungen,Ausz. f. aktivierbaren Zuwendungen,-,false,2029,planung,0,274
PG,1501,true,30,auszahlungen_investitionen,Auszahlungen aus Investitionstätigkeit,=,true,2024,ergebnis,0,274
PG,1501,true,30,auszahlungen_investitionen,Auszahlungen aus Investitionstätigkeit,=,true,2025,ansatz,119000,274
PG,1501,true,30,auszahlungen_investitionen,Auszahlungen aus Investitionstätigkeit,=,true,2026,ansatz,30000,274
PG,1501,true,30,auszahlungen_investitionen,Auszahlungen aus Investitionstätigkeit,=,true,2026,ve,0,274
PG,1501,true,30,auszahlungen_investitionen,Auszahlungen aus Investitionstätigkeit,=,true,2027,planung,30000,274
PG,1501,true,30,auszahlungen_investitionen,Auszahlungen aus Investitionstätigkeit,=,true,2028,planung,18000,274
PG,1501,true,30,auszahlungen_investitionen,Auszahlungen aus Investitionstätigkeit,=,true,2029,planung,0,274
PG,1501,true,31,saldo_investitionen,Saldo aus Investitionstätigkeit,=,true,2024,ergebnis,0,274
PG,1501,true,31,saldo_investitionen,Saldo aus Investitionstätigkeit,=,true,2025,ansatz,-119000,274
PG,1501,true,31,saldo_investitionen,Saldo aus Investitionstätigkeit,=,true,2026,ansatz,-30000,274
PG,1501,true,31,saldo_investitionen,Saldo aus Investitionstätigkeit,=,true,2026,ve,0,274
PG,1501,true,31,saldo_investitionen,Saldo aus Investitionstätigkeit,=,true,2027,planung,-30000,274
PG,1501,true,31,saldo_investitionen,Saldo aus Investitionstätigkeit,=,true,2028,planung,-18000,274
PG,1501,true,31,saldo_investitionen,Saldo aus Investitionstätigkeit,=,true,2029,planung,0,274
PG,1502,true,16,auszahlungen_laufende_verwaltung,Auszahlungen aus lfd. Verw.-tätigkeit,=,true,2024,ergebnis,104720,277
PG,1502,true,16,auszahlungen_laufende_verwaltung,Auszahlungen aus lfd. Verw.-tätigkeit,=,true,2025,ansatz,110835,277
PG,1502,true,16,auszahlungen_laufende_verwaltung,Auszahlungen aus lfd. Verw.-tätigkeit,=,true,2026,ansatz,72554,277
PG,1502,true,16,auszahlungen_laufende_verwaltung,Auszahlungen aus lfd. Verw.-tätigkeit,=,true,2026,ve,0,277
PG,1502,true,16,auszahlungen_laufende_verwaltung,Auszahlungen aus lfd. Verw.-tätigkeit,=,true,2027,planung,111600,277
PG,1502,true,16,auszahlungen_laufende_verwaltung,Auszahlungen aus lfd. Verw.-tätigkeit,=,true,2028,planung,115300,277
PG,1502,true,16,auszahlungen_laufende_verwaltung,Auszahlungen aus lfd. Verw.-tätigkeit,=,true,2029,planung,119200,277
PG,1502,true,17,saldo_laufende_verwaltung,Saldo aus lfd. Verw.-tätigkeit,=,true,2024,ergebnis,-104720,277
PG,1502,true,17,saldo_laufende_verwaltung,Saldo aus lfd. Verw.-tätigkeit,=,true,2025,ansatz,-110835,277
PG,1502,true,17,saldo_laufende_verwaltung,Saldo aus lfd. Verw.-tätigkeit,=,true,2026,ansatz,-72554,277
PG,1502,true,17,saldo_laufende_verwaltung,Saldo aus lfd. Verw.-tätigkeit,=,true,2026,ve,0,277
PG,1502,true,17,saldo_laufende_verwaltung,Saldo aus lfd. Verw.-tätigkeit,=,true,2027,planung,-111600,277
PG,1502,true,17,saldo_laufende_verwaltung,Saldo aus lfd. Verw.-tätigkeit,=,true,2028,planung,-115300,277
PG,1502,true,17,saldo_laufende_verwaltung,Saldo aus lfd. Verw.-tätigkeit,=,true,2029,planung,-119200,277
PG,1601,true,09,einzahlungen_laufende_verwaltung,Einzahlungen aus lfd. Verw.-tätigkeit,=,true,2024,ergebnis,22834172,281
PG,1601,true,09,einzahlungen_laufende_verwaltung,Einzahlungen aus lfd. Verw.-tätigkeit,=,true,2025,ansatz,21850000,281
PG,1601,true,09,einzahlungen_laufende_verwaltung,Einzahlungen aus lfd. Verw.-tätigkeit,=,true,2026,ansatz,20553000,281
PG,1601,true,09,einzahlungen_laufende_verwaltung,Einzahlungen aus lfd. Verw.-tätigkeit,=,true,2026,ve,0,281
PG,1601,true,09,einzahlungen_laufende_verwaltung,Einzahlungen aus lfd. Verw.-tätigkeit,=,true,2027,planung,23410000,281
PG,1601,true,09,einzahlungen_laufende_verwaltung,Einzahlungen aus lfd. Verw.-tätigkeit,=,true,2028,planung,24429000,281
PG,1601,true,09,einzahlungen_laufende_verwaltung,Einzahlungen aus lfd. Verw.-tätigkeit,=,true,2029,planung,25053000,281
PG,1601,true,16,auszahlungen_laufende_verwaltung,Auszahlungen aus lfd. Verw.-tätigkeit,=,true,2024,ergebnis,10986289,281
PG,1601,true,16,auszahlungen_laufende_verwaltung,Auszahlungen aus lfd. Verw.-tätigkeit,=,true,2025,ansatz,11311766,281
PG,1601,true,16,auszahlungen_laufende_verwaltung,Auszahlungen aus lfd. Verw.-tätigkeit,=,true,2026,ansatz,11328681,281
PG,1601,true,16,auszahlungen_laufende_verwaltung,Auszahlungen aus lfd. Verw.-tätigkeit,=,true,2026,ve,0,281
PG,1601,true,16,auszahlungen_laufende_verwaltung,Auszahlungen aus lfd. Verw.-tätigkeit,=,true,2027,planung,13308800,281
PG,1601,true,16,auszahlungen_laufende_verwaltung,Auszahlungen aus lfd. Verw.-tätigkeit,=,true,2028,planung,14022300,281
PG,1601,true,16,auszahlungen_laufende_verwaltung,Auszahlungen aus lfd. Verw.-tätigkeit,=,true,2029,planung,14527000,281
PG,1601,true,17,saldo_laufende_verwaltung,Saldo aus lfd. Verw.-tätigkeit,=,true,2024,ergebnis,11847883,281
PG,1601,true,17,saldo_laufende_verwaltung,Saldo aus lfd. Verw.-tätigkeit,=,true,2025,ansatz,10538234,281
PG,1601,true,17,saldo_laufende_verwaltung,Saldo aus lfd. Verw.-tätigkeit,=,true,2026,ansatz,9224319,281
PG,1601,true,17,saldo_laufende_verwaltung,Saldo aus lfd. Verw.-tätigkeit,=,true,2026,ve,0,281
PG,1601,true,17,saldo_laufende_verwaltung,Saldo aus lfd. Verw.-tätigkeit,=,true,2027,planung,10101200,281
PG,1601,true,17,saldo_laufende_verwaltung,Saldo aus lfd. Verw.-tätigkeit,=,true,2028,planung,10406700,281
PG,1601,true,17,saldo_laufende_verwaltung,Saldo aus lfd. Verw.-tätigkeit,=,true,2029,planung,10526000,281
PG,1601,true,18,investitionszuwendungen,Zuwendungen für Investitionsmaßnahmen,+,false,2024,ergebnis,1794144,281
PG,1601,true,18,investitionszuwendungen,Zuwendungen für Investitionsmaßnahmen,+,false,2025,ansatz,1846000,281
PG,1601,true,18,investitionszuwendungen,Zuwendungen für Investitionsmaßnahmen,+,false,2026,ansatz,1991000,281
PG,1601,true,18,investitionszuwendungen,Zuwendungen für Investitionsmaßnahmen,+,false,2026,ve,0,281
PG,1601,true,18,investitionszuwendungen,Zuwendungen für Investitionsmaßnahmen,+,false,2027,planung,1991000,281
PG,1601,true,18,investitionszuwendungen,Zuwendungen für Investitionsmaßnahmen,+,false,2028,planung,1991000,281
PG,1601,true,18,investitionszuwendungen,Zuwendungen für Investitionsmaßnahmen,+,false,2029,planung,1991000,281
PG,1601,true,22,sonstige_investitionseinzahlungen,Sonstige Investitionseinzahlungen,+,false,2024,ergebnis,86187,281
PG,1601,true,22,sonstige_investitionseinzahlungen,Sonstige Investitionseinzahlungen,+,false,2025,ansatz,0,281
PG,1601,true,22,sonstige_investitionseinzahlungen,Sonstige Investitionseinzahlungen,+,false,2026,ansatz,0,281
PG,1601,true,22,sonstige_investitionseinzahlungen,Sonstige Investitionseinzahlungen,+,false,2026,ve,0,281
PG,1601,true,22,sonstige_investitionseinzahlungen,Sonstige Investitionseinzahlungen,+,false,2027,planung,0,281
PG,1601,true,22,sonstige_investitionseinzahlungen,Sonstige Investitionseinzahlungen,+,false,2028,planung,0,281
PG,1601,true,22,sonstige_investitionseinzahlungen,Sonstige Investitionseinzahlungen,+,false,2029,planung,0,281
PG,1601,true,23,einzahlungen_investitionen,Einzahlungen aus Investitionstätigkeit,=,true,2024,ergebnis,1880331,281
PG,1601,true,23,einzahlungen_investitionen,Einzahlungen aus Investitionstätigkeit,=,true,2025,ansatz,1846000,281
PG,1601,true,23,einzahlungen_investitionen,Einzahlungen aus Investitionstätigkeit,=,true,2026,ansatz,1991000,281
PG,1601,true,23,einzahlungen_investitionen,Einzahlungen aus Investitionstätigkeit,=,true,2026,ve,0,281
PG,1601,true,23,einzahlungen_investitionen,Einzahlungen aus Investitionstätigkeit,=,true,2027,planung,1991000,281
PG,1601,true,23,einzahlungen_investitionen,Einzahlungen aus Investitionstätigkeit,=,true,2028,planung,1991000,281
PG,1601,true,23,einzahlungen_investitionen,Einzahlungen aus Investitionstätigkeit,=,true,2029,planung,1991000,281
PG,1601,true,31,saldo_investitionen,Saldo aus Investitionstätigkeit,=,true,2024,ergebnis,1880331,281
PG,1601,true,31,saldo_investitionen,Saldo aus Investitionstätigkeit,=,true,2025,ansatz,1846000,281
PG,1601,true,31,saldo_investitionen,Saldo aus Investitionstätigkeit,=,true,2026,ansatz,1991000,281
PG,1601,true,31,saldo_investitionen,Saldo aus Investitionstätigkeit,=,true,2026,ve,0,281
PG,1601,true,31,saldo_investitionen,Saldo aus Investitionstätigkeit,=,true,2027,planung,1991000,281
PG,1601,true,31,saldo_investitionen,Saldo aus Investitionstätigkeit,=,true,2028,planung,1991000,281
PG,1601,true,31,saldo_investitionen,Saldo aus Investitionstätigkeit,=,true,2029,planung,1991000,281
PG,1601,true,33,kreditaufnahme,Aufnahme und Rückflüsse von Darlehen,+,false,2024,ergebnis,0,281
PG,1601,true,33,kreditaufnahme,Aufnahme und Rückflüsse von Darlehen,+,false,2025,ansatz,7400000,281
PG,1601,true,33,kreditaufnahme,Aufnahme und Rückflüsse von Darlehen,+,false,2026,ansatz,5200000,281
PG,1601,true,33,kreditaufnahme,Aufnahme und Rückflüsse von Darlehen,+,false,2026,ve,0,281
PG,1601,true,33,kreditaufnahme,Aufnahme und Rückflüsse von Darlehen,+,false,2027,planung,9500000,281
PG,1601,true,33,kreditaufnahme,Aufnahme und Rückflüsse von Darlehen,+,false,2028,planung,0,281
PG,1601,true,33,kreditaufnahme,Aufnahme und Rückflüsse von Darlehen,+,false,2029,planung,0,281
PG,1601,true,34,saldo_finanzierung,Saldo aus Finanzierungstätigkeit,=,true,2024,ergebnis,-400183,281
PG,1601,true,34,saldo_finanzierung,Saldo aus Finanzierungstätigkeit,=,true,2025,ansatz,6910000,281
PG,1601,true,34,saldo_finanzierung,Saldo aus Finanzierungstätigkeit,=,true,2026,ansatz,4750000,281
PG,1601,true,34,saldo_finanzierung,Saldo aus Finanzierungstätigkeit,=,true,2026,ve,0,281
PG,1601,true,34,saldo_finanzierung,Saldo aus Finanzierungstätigkeit,=,true,2027,planung,8930000,281
PG,1601,true,34,saldo_finanzierung,Saldo aus Finanzierungstätigkeit,=,true,2028,planung,-850000,281
PG,1601,true,34,saldo_finanzierung,Saldo aus Finanzierungstätigkeit,=,true,2029,planung,-830000,281
PG,1601,true,35,tilgung,Tilgung und Gewährung von Darlehen,-,false,2024,ergebnis,400183,281
PG,1601,true,35,tilgung,Tilgung und Gewährung von Darlehen,-,false,2025,ansatz,490000,281
PG,1601,true,35,tilgung,Tilgung und Gewährung von Darlehen,-,false,2026,ansatz,450000,281
PG,1601,true,35,tilgung,Tilgung und Gewährung von Darlehen,-,false,2026,ve,0,281
PG,1601,true,35,tilgung,Tilgung und Gewährung von Darlehen,-,false,2027,planung,570000,281
PG,1601,true,35,tilgung,Tilgung und Gewährung von Darlehen,-,false,2028,planung,850000,281
PG,1601,true,35,tilgung,Tilgung und Gewährung von Darlehen,-,false,2029,planung,830000,281
P,010101,false,09,einzahlungen_laufende_verwaltung,Einzahlungen aus lfd. Verw.-tätigkeit,=,true,2024,ergebnis,1110,73
P,010101,false,09,einzahlungen_laufende_verwaltung,Einzahlungen aus lfd. Verw.-tätigkeit,=,true,2025,ansatz,1400,73
P,010101,false,09,einzahlungen_laufende_verwaltung,Einzahlungen aus lfd. Verw.-tätigkeit,=,true,2026,ansatz,1400,73
P,010101,false,09,einzahlungen_laufende_verwaltung,Einzahlungen aus lfd. Verw.-tätigkeit,=,true,2026,ve,0,73
P,010101,false,09,einzahlungen_laufende_verwaltung,Einzahlungen aus lfd. Verw.-tätigkeit,=,true,2027,planung,1400,73
P,010101,false,09,einzahlungen_laufende_verwaltung,Einzahlungen aus lfd. Verw.-tätigkeit,=,true,2028,planung,1400,73
P,010101,false,09,einzahlungen_laufende_verwaltung,Einzahlungen aus lfd. Verw.-tätigkeit,=,true,2029,planung,1400,73
P,010101,false,16,auszahlungen_laufende_verwaltung,Auszahlungen aus lfd. Verw.-tätigkeit,=,true,2024,ergebnis,270556,73
P,010101,false,16,auszahlungen_laufende_verwaltung,Auszahlungen aus lfd. Verw.-tätigkeit,=,true,2025,ansatz,326700,73
P,010101,false,16,auszahlungen_laufende_verwaltung,Auszahlungen aus lfd. Verw.-tätigkeit,=,true,2026,ansatz,362000,73
P,010101,false,16,auszahlungen_laufende_verwaltung,Auszahlungen aus lfd. Verw.-tätigkeit,=,true,2026,ve,0,73
P,010101,false,16,auszahlungen_laufende_verwaltung,Auszahlungen aus lfd. Verw.-tätigkeit,=,true,2027,planung,372200,73
P,010101,false,16,auszahlungen_laufende_verwaltung,Auszahlungen aus lfd. Verw.-tätigkeit,=,true,2028,planung,383600,73
P,010101,false,16,auszahlungen_laufende_verwaltung,Auszahlungen aus lfd. Verw.-tätigkeit,=,true,2029,planung,394300,73
P,010101,false,17,saldo_laufende_verwaltung,Saldo aus lfd. Verw.-tätigkeit,=,true,2024,ergebnis,-269446,73
P,010101,false,17,saldo_laufende_verwaltung,Saldo aus lfd. Verw.-tätigkeit,=,true,2025,ansatz,-325300,73
P,010101,false,17,saldo_laufende_verwaltung,Saldo aus lfd. Verw.-tätigkeit,=,true,2026,ansatz,-360600,73
P,010101,false,17,saldo_laufende_verwaltung,Saldo aus lfd. Verw.-tätigkeit,=,true,2026,ve,0,73
P,010101,false,17,saldo_laufende_verwaltung,Saldo aus lfd. Verw.-tätigkeit,=,true,2027,planung,-370800,73
P,010101,false,17,saldo_laufende_verwaltung,Saldo aus lfd. Verw.-tätigkeit,=,true,2028,planung,-382200,73
P,010101,false,17,saldo_laufende_verwaltung,Saldo aus lfd. Verw.-tätigkeit,=,true,2029,planung,-392900,73
P,010201,false,09,einzahlungen_laufende_verwaltung,Einzahlungen aus lfd. Verw.-tätigkeit,=,true,2024,ergebnis,424,75
P,010201,false,09,einzahlungen_laufende_verwaltung,Einzahlungen aus lfd. Verw.-tätigkeit,=,true,2025,ansatz,400,75
P,010201,false,09,einzahlungen_laufende_verwaltung,Einzahlungen aus lfd. Verw.-tätigkeit,=,true,2026,ansatz,400,75
P,010201,false,09,einzahlungen_laufende_verwaltung,Einzahlungen aus lfd. Verw.-tätigkeit,=,true,2026,ve,0,75
P,010201,false,09,einzahlungen_laufende_verwaltung,Einzahlungen aus lfd. Verw.-tätigkeit,=,true,2027,planung,400,75
P,010201,false,09,einzahlungen_laufende_verwaltung,Einzahlungen aus lfd. Verw.-tätigkeit,=,true,2028,planung,400,75
P,010201,false,09,einzahlungen_laufende_verwaltung,Einzahlungen aus lfd. Verw.-tätigkeit,=,true,2029,planung,400,75
P,010201,false,16,auszahlungen_laufende_verwaltung,Auszahlungen aus lfd. Verw.-tätigkeit,=,true,2024,ergebnis,150044,75
P,010201,false,16,auszahlungen_laufende_verwaltung,Auszahlungen aus lfd. Verw.-tätigkeit,=,true,2025,ansatz,196600,75
P,010201,false,16,auszahlungen_laufende_verwaltung,Auszahlungen aus lfd. Verw.-tätigkeit,=,true,2026,ansatz,178600,75
P,010201,false,16,auszahlungen_laufende_verwaltung,Auszahlungen aus lfd. Verw.-tätigkeit,=,true,2026,ve,0,75
P,010201,false,16,auszahlungen_laufende_verwaltung,Auszahlungen aus lfd. Verw.-tätigkeit,=,true,2027,planung,184600,75
P,010201,false,16,auszahlungen_laufende_verwaltung,Auszahlungen aus lfd. Verw.-tätigkeit,=,true,2028,planung,190900,75
P,010201,false,16,auszahlungen_laufende_verwaltung,Auszahlungen aus lfd. Verw.-tätigkeit,=,true,2029,planung,197400,75
P,010201,false,17,saldo_laufende_verwaltung,Saldo aus lfd. Verw.-tätigkeit,=,true,2024,ergebnis,-149620,75
P,010201,false,17,saldo_laufende_verwaltung,Saldo aus lfd. Verw.-tätigkeit,=,true,2025,ansatz,-196200,75
P,010201,false,17,saldo_laufende_verwaltung,Saldo aus lfd. Verw.-tätigkeit,=,true,2026,ansatz,-178200,75
P,010201,false,17,saldo_laufende_verwaltung,Saldo aus lfd. Verw.-tätigkeit,=,true,2026,ve,0,75
P,010201,false,17,saldo_laufende_verwaltung,Saldo aus lfd. Verw.-tätigkeit,=,true,2027,planung,-184200,75
P,010201,false,17,saldo_laufende_verwaltung,Saldo aus lfd. Verw.-tätigkeit,=,true,2028,planung,-190500,75
P,010201,false,17,saldo_laufende_verwaltung,Saldo aus lfd. Verw.-tätigkeit,=,true,2029,planung,-197000,75
P,010301,false,09,einzahlungen_laufende_verwaltung,Einzahlungen aus lfd. Verw.-tätigkeit,=,true,2024,ergebnis,776,78
P,010301,false,09,einzahlungen_laufende_verwaltung,Einzahlungen aus lfd. Verw.-tätigkeit,=,true,2025,ansatz,500,78
P,010301,false,09,einzahlungen_laufende_verwaltung,Einzahlungen aus lfd. Verw.-tätigkeit,=,true,2026,ansatz,500,78
P,010301,false,09,einzahlungen_laufende_verwaltung,Einzahlungen aus lfd. Verw.-tätigkeit,=,true,2026,ve,0,78
P,010301,false,09,einzahlungen_laufende_verwaltung,Einzahlungen aus lfd. Verw.-tätigkeit,=,true,2027,planung,500,78
P,010301,false,09,einzahlungen_laufende_verwaltung,Einzahlungen aus lfd. Verw.-tätigkeit,=,true,2028,planung,500,78
P,010301,false,09,einzahlungen_laufende_verwaltung,Einzahlungen aus lfd. Verw.-tätigkeit,=,true,2029,planung,500,78
P,010301,false,16,auszahlungen_laufende_verwaltung,Auszahlungen aus lfd. Verw.-tätigkeit,=,true,2024,ergebnis,24193,78
P,010301,false,16,auszahlungen_laufende_verwaltung,Auszahlungen aus lfd. Verw.-tätigkeit,=,true,2025,ansatz,25000,78
P,010301,false,16,auszahlungen_laufende_verwaltung,Auszahlungen aus lfd. Verw.-tätigkeit,=,true,2026,ansatz,25700,78
P,010301,false,16,auszahlungen_laufende_verwaltung,Auszahlungen aus lfd. Verw.-tätigkeit,=,true,2026,ve,0,78
P,010301,false,16,auszahlungen_laufende_verwaltung,Auszahlungen aus lfd. Verw.-tätigkeit,=,true,2027,planung,26600,78
P,010301,false,16,auszahlungen_laufende_verwaltung,Auszahlungen aus lfd. Verw.-tätigkeit,=,true,2028,planung,27600,78
P,010301,false,16,auszahlungen_laufende_verwaltung,Auszahlungen aus lfd. Verw.-tätigkeit,=,true,2029,planung,28600,78
P,010301,false,17,saldo_laufende_verwaltung,Saldo aus lfd. Verw.-tätigkeit,=,true,2024,ergebnis,-23417,78
P,010301,false,17,saldo_laufende_verwaltung,Saldo aus lfd. Verw.-tätigkeit,=,true,2025,ansatz,-24500,78
P,010301,false,17,saldo_laufende_verwaltung,Saldo aus lfd. Verw.-tätigkeit,=,true,2026,ansatz,-25200,78
P,010301,false,17,saldo_laufende_verwaltung,Saldo aus lfd. Verw.-tätigkeit,=,true,2026,ve,0,78
P,010301,false,17,saldo_laufende_verwaltung,Saldo aus lfd. Verw.-tätigkeit,=,true,2027,planung,-26100,78
P,010301,false,17,saldo_laufende_verwaltung,Saldo aus lfd. Verw.-tätigkeit,=,true,2028,planung,-27100,78
P,010301,false,17,saldo_laufende_verwaltung,Saldo aus lfd. Verw.-tätigkeit,=,true,2029,planung,-28100,78
P,010401,false,16,auszahlungen_laufende_verwaltung,Auszahlungen aus lfd. Verw.-tätigkeit,=,true,2024,ergebnis,7324,80
P,010401,false,16,auszahlungen_laufende_verwaltung,Auszahlungen aus lfd. Verw.-tätigkeit,=,true,2025,ansatz,8600,80
P,010401,false,16,auszahlungen_laufende_verwaltung,Auszahlungen aus lfd. Verw.-tätigkeit,=,true,2026,ansatz,8900,80
P,010401,false,16,auszahlungen_laufende_verwaltung,Auszahlungen aus lfd. Verw.-tätigkeit,=,true,2026,ve,0,80
P,010401,false,16,auszahlungen_laufende_verwaltung,Auszahlungen aus lfd. Verw.-tätigkeit,=,true,2027,planung,9200,80
P,010401,false,16,auszahlungen_laufende_verwaltung,Auszahlungen aus lfd. Verw.-tätigkeit,=,true,2028,planung,9500,80
P,010401,false,16,auszahlungen_laufende_verwaltung,Auszahlungen aus lfd. Verw.-tätigkeit,=,true,2029,planung,9900,80
P,010401,false,17,saldo_laufende_verwaltung,Saldo aus lfd. Verw.-tätigkeit,=,true,2024,ergebnis,-7324,80
P,010401,false,17,saldo_laufende_verwaltung,Saldo aus lfd. Verw.-tätigkeit,=,true,2025,ansatz,-8600,80
P,010401,false,17,saldo_laufende_verwaltung,Saldo aus lfd. Verw.-tätigkeit,=,true,2026,ansatz,-8900,80
P,010401,false,17,saldo_laufende_verwaltung,Saldo aus lfd. Verw.-tätigkeit,=,true,2026,ve,0,80
P,010401,false,17,saldo_laufende_verwaltung,Saldo aus lfd. Verw.-tätigkeit,=,true,2027,planung,-9200,80
P,010401,false,17,saldo_laufende_verwaltung,Saldo aus lfd. Verw.-tätigkeit,=,true,2028,planung,-9500,80
P,010401,false,17,saldo_laufende_verwaltung,Saldo aus lfd. Verw.-tätigkeit,=,true,2029,planung,-9900,80
P,010501,false,16,auszahlungen_laufende_verwaltung,Auszahlungen aus lfd. Verw.-tätigkeit,=,true,2024,ergebnis,107296,82
P,010501,false,16,auszahlungen_laufende_verwaltung,Auszahlungen aus lfd. Verw.-tätigkeit,=,true,2025,ansatz,51400,82
P,010501,false,16,auszahlungen_laufende_verwaltung,Auszahlungen aus lfd. Verw.-tätigkeit,=,true,2026,ansatz,53000,82
P,010501,false,16,auszahlungen_laufende_verwaltung,Auszahlungen aus lfd. Verw.-tätigkeit,=,true,2026,ve,0,82
P,010501,false,16,auszahlungen_laufende_verwaltung,Auszahlungen aus lfd. Verw.-tätigkeit,=,true,2027,planung,54800,82
P,010501,false,16,auszahlungen_laufende_verwaltung,Auszahlungen aus lfd. Verw.-tätigkeit,=,true,2028,planung,56600,82
P,010501,false,16,auszahlungen_laufende_verwaltung,Auszahlungen aus lfd. Verw.-tätigkeit,=,true,2029,planung,58500,82
P,010501,false,17,saldo_laufende_verwaltung,Saldo aus lfd. Verw.-tätigkeit,=,true,2024,ergebnis,-107296,82
P,010501,false,17,saldo_laufende_verwaltung,Saldo aus lfd. Verw.-tätigkeit,=,true,2025,ansatz,-51400,82
P,010501,false,17,saldo_laufende_verwaltung,Saldo aus lfd. Verw.-tätigkeit,=,true,2026,ansatz,-53000,82
P,010501,false,17,saldo_laufende_verwaltung,Saldo aus lfd. Verw.-tätigkeit,=,true,2026,ve,0,82
P,010501,false,17,saldo_laufende_verwaltung,Saldo aus lfd. Verw.-tätigkeit,=,true,2027,planung,-54800,82
P,010501,false,17,saldo_laufende_verwaltung,Saldo aus lfd. Verw.-tätigkeit,=,true,2028,planung,-56600,82
P,010501,false,17,saldo_laufende_verwaltung,Saldo aus lfd. Verw.-tätigkeit,=,true,2029,planung,-58500,82
P,010601,false,09,einzahlungen_laufende_verwaltung,Einzahlungen aus lfd. Verw.-tätigkeit,=,true,2024,ergebnis,60,86
P,010601,false,09,einzahlungen_laufende_verwaltung,Einzahlungen aus lfd. Verw.-tätigkeit,=,true,2025,ansatz,9500,86
P,010601,false,09,einzahlungen_laufende_verwaltung,Einzahlungen aus lfd. Verw.-tätigkeit,=,true,2026,ansatz,1600,86
P,010601,false,09,einzahlungen_laufende_verwaltung,Einzahlungen aus lfd. Verw.-tätigkeit,=,true,2026,ve,0,86
P,010601,false,09,einzahlungen_laufende_verwaltung,Einzahlungen aus lfd. Verw.-tätigkeit,=,true,2027,planung,1600,86
P,010601,false,09,einzahlungen_laufende_verwaltung,Einzahlungen aus lfd. Verw.-tätigkeit,=,true,2028,planung,1600,86
P,010601,false,09,einzahlungen_laufende_verwaltung,Einzahlungen aus lfd. Verw.-tätigkeit,=,true,2029,planung,1600,86
P,010601,false,16,auszahlungen_laufende_verwaltung,Auszahlungen aus lfd. Verw.-tätigkeit,=,true,2024,ergebnis,225004,86
P,010601,false,16,auszahlungen_laufende_verwaltung,Auszahlungen aus lfd. Verw.-tätigkeit,=,true,2025,ansatz,270800,86
P,010601,false,16,auszahlungen_laufende_verwaltung,Auszahlungen aus lfd. Verw.-tätigkeit,=,true,2026,ansatz,267900,86
P,010601,false,16,auszahlungen_laufende_verwaltung,Auszahlungen aus lfd. Verw.-tätigkeit,=,true,2026,ve,0,86
P,010601,false,16,auszahlungen_laufende_verwaltung,Auszahlungen aus lfd. Verw.-tätigkeit,=,true,2027,planung,270500,86
P,010601,false,16,auszahlungen_laufende_verwaltung,Auszahlungen aus lfd. Verw.-tätigkeit,=,true,2028,planung,273100,86
P,010601,false,16,auszahlungen_laufende_verwaltung,Auszahlungen aus lfd. Verw.-tätigkeit,=,true,2029,planung,277000,86
P,010601,false,17,saldo_laufende_verwaltung,Saldo aus lfd. Verw.-tätigkeit,=,true,2024,ergebnis,-224944,86
P,010601,false,17,saldo_laufende_verwaltung,Saldo aus lfd. Verw.-tätigkeit,=,true,2025,ansatz,-261300,86
P,010601,false,17,saldo_laufende_verwaltung,Saldo aus lfd. Verw.-tätigkeit,=,true,2026,ansatz,-266300,86
P,010601,false,17,saldo_laufende_verwaltung,Saldo aus lfd. Verw.-tätigkeit,=,true,2026,ve,0,86
P,010601,false,17,saldo_laufende_verwaltung,Saldo aus lfd. Verw.-tätigkeit,=,true,2027,planung,-268900,86
P,010601,false,17,saldo_laufende_verwaltung,Saldo aus lfd. Verw.-tätigkeit,=,true,2028,planung,-271500,86
P,010601,false,17,saldo_laufende_verwaltung,Saldo aus lfd. Verw.-tätigkeit,=,true,2029,planung,-275400,86
P,010601,false,26,erwerb_bewegliches_anlagevermoegen,Ausz. f. Erwerb von bewegl. Anlagevermögen,-,false,2024,ergebnis,3480,86
P,010601,false,26,erwerb_bewegliches_anlagevermoegen,Ausz. f. Erwerb von bewegl. Anlagevermögen,-,false,2025,ansatz,8000,86
P,010601,false,26,erwerb_bewegliches_anlagevermoegen,Ausz. f. Erwerb von bewegl. Anlagevermögen,-,false,2026,ansatz,13000,86
P,010601,false,26,erwerb_bewegliches_anlagevermoegen,Ausz. f. Erwerb von bewegl. Anlagevermögen,-,false,2026,ve,0,86
P,010601,false,26,erwerb_bewegliches_anlagevermoegen,Ausz. f. Erwerb von bewegl. Anlagevermögen,-,false,2027,planung,10000,86
P,010601,false,26,erwerb_bewegliches_anlagevermoegen,Ausz. f. Erwerb von bewegl. Anlagevermögen,-,false,2028,planung,10000,86
P,010601,false,26,erwerb_bewegliches_anlagevermoegen,Ausz. f. Erwerb von bewegl. Anlagevermögen,-,false,2029,planung,5000,86
P,010601,false,30,auszahlungen_investitionen,Auszahlungen aus Investitionstätigkeit,=,true,2024,ergebnis,3480,86
P,010601,false,30,auszahlungen_investitionen,Auszahlungen aus Investitionstätigkeit,=,true,2025,ansatz,8000,86
P,010601,false,30,auszahlungen_investitionen,Auszahlungen aus Investitionstätigkeit,=,true,2026,ansatz,13000,86
P,010601,false,30,auszahlungen_investitionen,Auszahlungen aus Investitionstätigkeit,=,true,2026,ve,0,86
P,010601,false,30,auszahlungen_investitionen,Auszahlungen aus Investitionstätigkeit,=,true,2027,planung,10000,86
P,010601,false,30,auszahlungen_investitionen,Auszahlungen aus Investitionstätigkeit,=,true,2028,planung,10000,86
P,010601,false,30,auszahlungen_investitionen,Auszahlungen aus Investitionstätigkeit,=,true,2029,planung,5000,86
P,010601,false,31,saldo_investitionen,Saldo aus Investitionstätigkeit,=,true,2024,ergebnis,-3480,86
P,010601,false,31,saldo_investitionen,Saldo aus Investitionstätigkeit,=,true,2025,ansatz,-8000,86
P,010601,false,31,saldo_investitionen,Saldo aus Investitionstätigkeit,=,true,2026,ansatz,-13000,86
P,010601,false,31,saldo_investitionen,Saldo aus Investitionstätigkeit,=,true,2026,ve,0,86
P,010601,false,31,saldo_investitionen,Saldo aus Investitionstätigkeit,=,true,2027,planung,-10000,86
P,010601,false,31,saldo_investitionen,Saldo aus Investitionstätigkeit,=,true,2028,planung,-10000,86
P,010601,false,31,saldo_investitionen,Saldo aus Investitionstätigkeit,=,true,2029,planung,-5000,86
P,010602,false,09,einzahlungen_laufende_verwaltung,Einzahlungen aus lfd. Verw.-tätigkeit,=,true,2024,ergebnis,3703,89
P,010602,false,09,einzahlungen_laufende_verwaltung,Einzahlungen aus lfd. Verw.-tätigkeit,=,true,2025,ansatz,2250,89
P,010602,false,09,einzahlungen_laufende_verwaltung,Einzahlungen aus lfd. Verw.-tätigkeit,=,true,2026,ansatz,2250,89
P,010602,false,09,einzahlungen_laufende_verwaltung,Einzahlungen aus lfd. Verw.-tätigkeit,=,true,2026,ve,0,89
P,010602,false,09,einzahlungen_laufende_verwaltung,Einzahlungen aus lfd. Verw.-tätigkeit,=,true,2027,planung,2250,89
P,010602,false,09,einzahlungen_laufende_verwaltung,Einzahlungen aus lfd. Verw.-tätigkeit,=,true,2028,planung,2250,89
P,010602,false,09,einzahlungen_laufende_verwaltung,Einzahlungen aus lfd. Verw.-tätigkeit,=,true,2029,planung,2250,89
P,010602,false,16,auszahlungen_laufende_verwaltung,Auszahlungen aus lfd. Verw.-tätigkeit,=,true,2024,ergebnis,240739,89
P,010602,false,16,auszahlungen_laufende_verwaltung,Auszahlungen aus lfd. Verw.-tätigkeit,=,true,2025,ansatz,210900,89
P,010602,false,16,auszahlungen_laufende_verwaltung,Auszahlungen aus lfd. Verw.-tätigkeit,=,true,2026,ansatz,224000,89
P,010602,false,16,auszahlungen_laufende_verwaltung,Auszahlungen aus lfd. Verw.-tätigkeit,=,true,2026,ve,0,89
P,010602,false,16,auszahlungen_laufende_verwaltung,Auszahlungen aus lfd. Verw.-tätigkeit,=,true,2027,planung,220900,89
P,010602,false,16,auszahlungen_laufende_verwaltung,Auszahlungen aus lfd. Verw.-tätigkeit,=,true,2028,planung,225000,89
P,010602,false,16,auszahlungen_laufende_verwaltung,Auszahlungen aus lfd. Verw.-tätigkeit,=,true,2029,planung,229400,89
P,010602,false,17,saldo_laufende_verwaltung,Saldo aus lfd. Verw.-tätigkeit,=,true,2024,ergebnis,-237036,89
P,010602,false,17,saldo_laufende_verwaltung,Saldo aus lfd. Verw.-tätigkeit,=,true,2025,ansatz,-208650,89
P,010602,false,17,saldo_laufende_verwaltung,Saldo aus lfd. Verw.-tätigkeit,=,true,2026,ansatz,-221750,89
P,010602,false,17,saldo_laufende_verwaltung,Saldo aus lfd. Verw.-tätigkeit,=,true,2026,ve,0,89
P,010602,false,17,saldo_laufende_verwaltung,Saldo aus lfd. Verw.-tätigkeit,=,true,2027,planung,-218650,89
P,010602,false,17,saldo_laufende_verwaltung,Saldo aus lfd. Verw.-tätigkeit,=,true,2028,planung,-222750,89
P,010602,false,17,saldo_laufende_verwaltung,Saldo aus lfd. Verw.-tätigkeit,=,true,2029,planung,-227150,89
P,010602,false,24,erwerb_grundstuecke_gebaeude,Ausz. f. Erwerb von Grundst. u. Gebäuden,-,false,2024,ergebnis,50,89
P,010602,false,24,erwerb_grundstuecke_gebaeude,Ausz. f. Erwerb von Grundst. u. Gebäuden,-,false,2025,ansatz,0,89
P,010602,false,24,erwerb_grundstuecke_gebaeude,Ausz. f. Erwerb von Grundst. u. Gebäuden,-,false,2026,ansatz,0,89
P,010602,false,24,erwerb_grundstuecke_gebaeude,Ausz. f. Erwerb von Grundst. u. Gebäuden,-,false,2026,ve,0,89
P,010602,false,24,erwerb_grundstuecke_gebaeude,Ausz. f. Erwerb von Grundst. u. Gebäuden,-,false,2027,planung,0,89
P,010602,false,24,erwerb_grundstuecke_gebaeude,Ausz. f. Erwerb von Grundst. u. Gebäuden,-,false,2028,planung,0,89
P,010602,false,24,erwerb_grundstuecke_gebaeude,Ausz. f. Erwerb von Grundst. u. Gebäuden,-,false,2029,planung,0,89
P,010602,false,25,baumassnahmen,Ausz. f. Baumaßnahmen,-,false,2024,ergebnis,988,89
P,010602,false,25,baumassnahmen,Ausz. f. Baumaßnahmen,-,false,2025,ansatz,300000,89
P,010602,false,25,baumassnahmen,Ausz. f. Baumaßnahmen,-,false,2026,ansatz,250000,89
P,010602,false,25,baumassnahmen,Ausz. f. Baumaßnahmen,-,false,2026,ve,0,89
P,010602,false,25,baumassnahmen,Ausz. f. Baumaßnahmen,-,false,2027,planung,300000,89
P,010602,false,25,baumassnahmen,Ausz. f. Baumaßnahmen,-,false,2028,planung,0,89
P,010602,false,25,baumassnahmen,Ausz. f. Baumaßnahmen,-,false,2029,planung,0,89
P,010602,false,26,erwerb_bewegliches_anlagevermoegen,Ausz. f. Erwerb von bewegl. Anlagevermögen,-,false,2024,ergebnis,65938,90
P,010602,false,26,erwerb_bewegliches_anlagevermoegen,Ausz. f. Erwerb von bewegl. Anlagevermögen,-,false,2025,ansatz,241050,90
P,010602,false,26,erwerb_bewegliches_anlagevermoegen,Ausz. f. Erwerb von bewegl. Anlagevermögen,-,false,2026,ansatz,369000,90
P,010602,false,26,erwerb_bewegliches_anlagevermoegen,Ausz. f. Erwerb von bewegl. Anlagevermögen,-,false,2026,ve,0,90
P,010602,false,26,erwerb_bewegliches_anlagevermoegen,Ausz. f. Erwerb von bewegl. Anlagevermögen,-,false,2027,planung,66000,90
P,010602,false,26,erwerb_bewegliches_anlagevermoegen,Ausz. f. Erwerb von bewegl. Anlagevermögen,-,false,2028,planung,66000,90
P,010602,false,26,erwerb_bewegliches_anlagevermoegen,Ausz. f. Erwerb von bewegl. Anlagevermögen,-,false,2029,planung,66000,90
P,010602,false,30,auszahlungen_investitionen,Auszahlungen aus Investitionstätigkeit,=,true,2024,ergebnis,66976,90
P,010602,false,30,auszahlungen_investitionen,Auszahlungen aus Investitionstätigkeit,=,true,2025,ansatz,541050,90
P,010602,false,30,auszahlungen_investitionen,Auszahlungen aus Investitionstätigkeit,=,true,2026,ansatz,619000,90
P,010602,false,30,auszahlungen_investitionen,Auszahlungen aus Investitionstätigkeit,=,true,2026,ve,0,90
P,010602,false,30,auszahlungen_investitionen,Auszahlungen aus Investitionstätigkeit,=,true,2027,planung,366000,90
P,010602,false,30,auszahlungen_investitionen,Auszahlungen aus Investitionstätigkeit,=,true,2028,planung,66000,90
P,010602,false,30,auszahlungen_investitionen,Auszahlungen aus Investitionstätigkeit,=,true,2029,planung,66000,90
P,010602,false,31,saldo_investitionen,Saldo aus Investitionstätigkeit,=,true,2024,ergebnis,-66976,90
P,010602,false,31,saldo_investitionen,Saldo aus Investitionstätigkeit,=,true,2025,ansatz,-541050,90
P,010602,false,31,saldo_investitionen,Saldo aus Investitionstätigkeit,=,true,2026,ansatz,-619000,90
P,010602,false,31,saldo_investitionen,Saldo aus Investitionstätigkeit,=,true,2026,ve,0,90
P,010602,false,31,saldo_investitionen,Saldo aus Investitionstätigkeit,=,true,2027,planung,-366000,90
P,010602,false,31,saldo_investitionen,Saldo aus Investitionstätigkeit,=,true,2028,planung,-66000,90
P,010602,false,31,saldo_investitionen,Saldo aus Investitionstätigkeit,=,true,2029,planung,-66000,90
P,010603,false,09,einzahlungen_laufende_verwaltung,Einzahlungen aus lfd. Verw.-tätigkeit,=,true,2024,ergebnis,117064,93
P,010603,false,09,einzahlungen_laufende_verwaltung,Einzahlungen aus lfd. Verw.-tätigkeit,=,true,2025,ansatz,98700,93
P,010603,false,09,einzahlungen_laufende_verwaltung,Einzahlungen aus lfd. Verw.-tätigkeit,=,true,2026,ansatz,99500,93
P,010603,false,09,einzahlungen_laufende_verwaltung,Einzahlungen aus lfd. Verw.-tätigkeit,=,true,2026,ve,0,93
P,010603,false,09,einzahlungen_laufende_verwaltung,Einzahlungen aus lfd. Verw.-tätigkeit,=,true,2027,planung,99500,93
P,010603,false,09,einzahlungen_laufende_verwaltung,Einzahlungen aus lfd. Verw.-tätigkeit,=,true,2028,planung,99600,93
P,010603,false,09,einzahlungen_laufende_verwaltung,Einzahlungen aus lfd. Verw.-tätigkeit,=,true,2029,planung,99600,93
P,010603,false,16,auszahlungen_laufende_verwaltung,Auszahlungen aus lfd. Verw.-tätigkeit,=,true,2024,ergebnis,474906,93
P,010603,false,16,auszahlungen_laufende_verwaltung,Auszahlungen aus lfd. Verw.-tätigkeit,=,true,2025,ansatz,525400,93
P,010603,false,16,auszahlungen_laufende_verwaltung,Auszahlungen aus lfd. Verw.-tätigkeit,=,true,2026,ansatz,388600,93
P,010603,false,16,auszahlungen_laufende_verwaltung,Auszahlungen aus lfd. Verw.-tätigkeit,=,true,2026,ve,0,93
P,010603,false,16,auszahlungen_laufende_verwaltung,Auszahlungen aus lfd. Verw.-tätigkeit,=,true,2027,planung,538300,93
P,010603,false,16,auszahlungen_laufende_verwaltung,Auszahlungen aus lfd. Verw.-tätigkeit,=,true,2028,planung,543200,93
P,010603,false,16,auszahlungen_laufende_verwaltung,Auszahlungen aus lfd. Verw.-tätigkeit,=,true,2029,planung,548300,93
P,010603,false,17,saldo_laufende_verwaltung,Saldo aus lfd. Verw.-tätigkeit,=,true,2024,ergebnis,-357842,93
P,010603,false,17,saldo_laufende_verwaltung,Saldo aus lfd. Verw.-tätigkeit,=,true,2025,ansatz,-426700,93
P,010603,false,17,saldo_laufende_verwaltung,Saldo aus lfd. Verw.-tätigkeit,=,true,2026,ansatz,-289100,93
P,010603,false,17,saldo_laufende_verwaltung,Saldo aus lfd. Verw.-tätigkeit,=,true,2026,ve,0,93
P,010603,false,17,saldo_laufende_verwaltung,Saldo aus lfd. Verw.-tätigkeit,=,true,2027,planung,-438800,93
P,010603,false,17,saldo_laufende_verwaltung,Saldo aus lfd. Verw.-tätigkeit,=,true,2028,planung,-443600,93
P,010603,false,17,saldo_laufende_verwaltung,Saldo aus lfd. Verw.-tätigkeit,=,true,2029,planung,-448700,93
P,010603,false,27,erwerb_finanzanlagen,Ausz. f. Erwerb v. Finanzanlagen,-,false,2024,ergebnis,0,93
P,010603,false,27,erwerb_finanzanlagen,Ausz. f. Erwerb v. Finanzanlagen,-,false,2025,ansatz,500000,93
P,010603,false,27,erwerb_finanzanlagen,Ausz. f. Erwerb v. Finanzanlagen,-,false,2026,ansatz,0,93
P,010603,false,27,erwerb_finanzanlagen,Ausz. f. Erwerb v. Finanzanlagen,-,false,2026,ve,0,93
P,010603,false,27,erwerb_finanzanlagen,Ausz. f. Erwerb v. Finanzanlagen,-,false,2027,planung,0,93
P,010603,false,27,erwerb_finanzanlagen,Ausz. f. Erwerb v. Finanzanlagen,-,false,2028,planung,0,93
P,010603,false,27,erwerb_finanzanlagen,Ausz. f. Erwerb v. Finanzanlagen,-,false,2029,planung,0,93
P,010603,false,30,auszahlungen_investitionen,Auszahlungen aus Investitionstätigkeit,=,true,2024,ergebnis,0,93
P,010603,false,30,auszahlungen_investitionen,Auszahlungen aus Investitionstätigkeit,=,true,2025,ansatz,500000,93
P,010603,false,30,auszahlungen_investitionen,Auszahlungen aus Investitionstätigkeit,=,true,2026,ansatz,0,93
P,010603,false,30,auszahlungen_investitionen,Auszahlungen aus Investitionstätigkeit,=,true,2026,ve,0,93
P,010603,false,30,auszahlungen_investitionen,Auszahlungen aus Investitionstätigkeit,=,true,2027,planung,0,93
P,010603,false,30,auszahlungen_investitionen,Auszahlungen aus Investitionstätigkeit,=,true,2028,planung,0,93
P,010603,false,30,auszahlungen_investitionen,Auszahlungen aus Investitionstätigkeit,=,true,2029,planung,0,93
P,010603,false,31,saldo_investitionen,Saldo aus Investitionstätigkeit,=,true,2024,ergebnis,0,93
P,010603,false,31,saldo_investitionen,Saldo aus Investitionstätigkeit,=,true,2025,ansatz,-500000,93
P,010603,false,31,saldo_investitionen,Saldo aus Investitionstätigkeit,=,true,2026,ansatz,0,93
P,010603,false,31,saldo_investitionen,Saldo aus Investitionstätigkeit,=,true,2026,ve,0,93
P,010603,false,31,saldo_investitionen,Saldo aus Investitionstätigkeit,=,true,2027,planung,0,93
P,010603,false,31,saldo_investitionen,Saldo aus Investitionstätigkeit,=,true,2028,planung,0,93
P,010603,false,31,saldo_investitionen,Saldo aus Investitionstätigkeit,=,true,2029,planung,0,93
P,010701,false,09,einzahlungen_laufende_verwaltung,Einzahlungen aus lfd. Verw.-tätigkeit,=,true,2024,ergebnis,2754,95
P,010701,false,09,einzahlungen_laufende_verwaltung,Einzahlungen aus lfd. Verw.-tätigkeit,=,true,2025,ansatz,4000,95
P,010701,false,09,einzahlungen_laufende_verwaltung,Einzahlungen aus lfd. Verw.-tätigkeit,=,true,2026,ansatz,4000,95
P,010701,false,09,einzahlungen_laufende_verwaltung,Einzahlungen aus lfd. Verw.-tätigkeit,=,true,2026,ve,0,95
P,010701,false,09,einzahlungen_laufende_verwaltung,Einzahlungen aus lfd. Verw.-tätigkeit,=,true,2027,planung,4000,95
P,010701,false,09,einzahlungen_laufende_verwaltung,Einzahlungen aus lfd. Verw.-tätigkeit,=,true,2028,planung,4000,95
P,010701,false,09,einzahlungen_laufende_verwaltung,Einzahlungen aus lfd. Verw.-tätigkeit,=,true,2029,planung,4000,95
P,010701,false,16,auszahlungen_laufende_verwaltung,Auszahlungen aus lfd. Verw.-tätigkeit,=,true,2024,ergebnis,121276,95
P,010701,false,16,auszahlungen_laufende_verwaltung,Auszahlungen aus lfd. Verw.-tätigkeit,=,true,2025,ansatz,142600,95
P,010701,false,16,auszahlungen_laufende_verwaltung,Auszahlungen aus lfd. Verw.-tätigkeit,=,true,2026,ansatz,143900,95
P,010701,false,16,auszahlungen_laufende_verwaltung,Auszahlungen aus lfd. Verw.-tätigkeit,=,true,2026,ve,0,95
P,010701,false,16,auszahlungen_laufende_verwaltung,Auszahlungen aus lfd. Verw.-tätigkeit,=,true,2027,planung,141800,95
P,010701,false,16,auszahlungen_laufende_verwaltung,Auszahlungen aus lfd. Verw.-tätigkeit,=,true,2028,planung,146400,95
P,010701,false,16,auszahlungen_laufende_verwaltung,Auszahlungen aus lfd. Verw.-tätigkeit,=,true,2029,planung,151200,95
P,010701,false,17,saldo_laufende_verwaltung,Saldo aus lfd. Verw.-tätigkeit,=,true,2024,ergebnis,-118522,95
P,010701,false,17,saldo_laufende_verwaltung,Saldo aus lfd. Verw.-tätigkeit,=,true,2025,ansatz,-138600,95
P,010701,false,17,saldo_laufende_verwaltung,Saldo aus lfd. Verw.-tätigkeit,=,true,2026,ansatz,-139900,95
P,010701,false,17,saldo_laufende_verwaltung,Saldo aus lfd. Verw.-tätigkeit,=,true,2026,ve,0,95
P,010701,false,17,saldo_laufende_verwaltung,Saldo aus lfd. Verw.-tätigkeit,=,true,2027,planung,-137800,95
P,010701,false,17,saldo_laufende_verwaltung,Saldo aus lfd. Verw.-tätigkeit,=,true,2028,planung,-142400,95
P,010701,false,17,saldo_laufende_verwaltung,Saldo aus lfd. Verw.-tätigkeit,=,true,2029,planung,-147200,95
P,010801,false,16,auszahlungen_laufende_verwaltung,Auszahlungen aus lfd. Verw.-tätigkeit,=,true,2024,ergebnis,1399,97
P,010801,false,16,auszahlungen_laufende_verwaltung,Auszahlungen aus lfd. Verw.-tätigkeit,=,true,2025,ansatz,3300,97
P,010801,false,16,auszahlungen_laufende_verwaltung,Auszahlungen aus lfd. Verw.-tätigkeit,=,true,2026,ansatz,3400,97
P,010801,false,16,auszahlungen_laufende_verwaltung,Auszahlungen aus lfd. Verw.-tätigkeit,=,true,2026,ve,0,97
P,010801,false,16,auszahlungen_laufende_verwaltung,Auszahlungen aus lfd. Verw.-tätigkeit,=,true,2027,planung,3400,97
P,010801,false,16,auszahlungen_laufende_verwaltung,Auszahlungen aus lfd. Verw.-tätigkeit,=,true,2028,planung,3400,97
P,010801,false,16,auszahlungen_laufende_verwaltung,Auszahlungen aus lfd. Verw.-tätigkeit,=,true,2029,planung,3400,97
P,010801,false,17,saldo_laufende_verwaltung,Saldo aus lfd. Verw.-tätigkeit,=,true,2024,ergebnis,-1399,97
P,010801,false,17,saldo_laufende_verwaltung,Saldo aus lfd. Verw.-tätigkeit,=,true,2025,ansatz,-3300,97
P,010801,false,17,saldo_laufende_verwaltung,Saldo aus lfd. Verw.-tätigkeit,=,true,2026,ansatz,-3400,97
P,010801,false,17,saldo_laufende_verwaltung,Saldo aus lfd. Verw.-tätigkeit,=,true,2026,ve,0,97
P,010801,false,17,saldo_laufende_verwaltung,Saldo aus lfd. Verw.-tätigkeit,=,true,2027,planung,-3400,97
P,010801,false,17,saldo_laufende_verwaltung,Saldo aus lfd. Verw.-tätigkeit,=,true,2028,planung,-3400,97
P,010801,false,17,saldo_laufende_verwaltung,Saldo aus lfd. Verw.-tätigkeit,=,true,2029,planung,-3400,97
P,010901,false,09,einzahlungen_laufende_verwaltung,Einzahlungen aus lfd. Verw.-tätigkeit,=,true,2024,ergebnis,40967,100
P,010901,false,09,einzahlungen_laufende_verwaltung,Einzahlungen aus lfd. Verw.-tätigkeit,=,true,2025,ansatz,0,100
P,010901,false,09,einzahlungen_laufende_verwaltung,Einzahlungen aus lfd. Verw.-tätigkeit,=,true,2026,ansatz,0,100
P,010901,false,09,einzahlungen_laufende_verwaltung,Einzahlungen aus lfd. Verw.-tätigkeit,=,true,2026,ve,0,100
P,010901,false,09,einzahlungen_laufende_verwaltung,Einzahlungen aus lfd. Verw.-tätigkeit,=,true,2027,planung,0,100
P,010901,false,09,einzahlungen_laufende_verwaltung,Einzahlungen aus lfd. Verw.-tätigkeit,=,true,2028,planung,0,100
P,010901,false,09,einzahlungen_laufende_verwaltung,Einzahlungen aus lfd. Verw.-tätigkeit,=,true,2029,planung,0,100
P,010901,false,16,auszahlungen_laufende_verwaltung,Auszahlungen aus lfd. Verw.-tätigkeit,=,true,2024,ergebnis,654874,100
P,010901,false,16,auszahlungen_laufende_verwaltung,Auszahlungen aus lfd. Verw.-tätigkeit,=,true,2025,ansatz,910600,100
P,010901,false,16,auszahlungen_laufende_verwaltung,Auszahlungen aus lfd. Verw.-tätigkeit,=,true,2026,ansatz,716200,100
P,010901,false,16,auszahlungen_laufende_verwaltung,Auszahlungen aus lfd. Verw.-tätigkeit,=,true,2026,ve,0,100
P,010901,false,16,auszahlungen_laufende_verwaltung,Auszahlungen aus lfd. Verw.-tätigkeit,=,true,2027,planung,737300,100
P,010901,false,16,auszahlungen_laufende_verwaltung,Auszahlungen aus lfd. Verw.-tätigkeit,=,true,2028,planung,759400,100
P,010901,false,16,auszahlungen_laufende_verwaltung,Auszahlungen aus lfd. Verw.-tätigkeit,=,true,2029,planung,782000,100
P,010901,false,17,saldo_laufende_verwaltung,Saldo aus lfd. Verw.-tätigkeit,=,true,2024,ergebnis,-613907,100
P,010901,false,17,saldo_laufende_verwaltung,Saldo aus lfd. Verw.-tätigkeit,=,true,2025,ansatz,-910600,100
P,010901,false,17,saldo_laufende_verwaltung,Saldo aus lfd. Verw.-tätigkeit,=,true,2026,ansatz,-716200,100
P,010901,false,17,saldo_laufende_verwaltung,Saldo aus lfd. Verw.-tätigkeit,=,true,2026,ve,0,100
P,010901,false,17,saldo_laufende_verwaltung,Saldo aus lfd. Verw.-tätigkeit,=,true,2027,planung,-737300,100
P,010901,false,17,saldo_laufende_verwaltung,Saldo aus lfd. Verw.-tätigkeit,=,true,2028,planung,-759400,100
P,010901,false,17,saldo_laufende_verwaltung,Saldo aus lfd. Verw.-tätigkeit,=,true,2029,planung,-782000,100
P,010901,false,27,erwerb_finanzanlagen,Ausz. f. Erwerb v. Finanzanlagen,-,false,2024,ergebnis,50000,100
P,010901,false,27,erwerb_finanzanlagen,Ausz. f. Erwerb v. Finanzanlagen,-,false,2025,ansatz,50000,100
P,010901,false,27,erwerb_finanzanlagen,Ausz. f. Erwerb v. Finanzanlagen,-,false,2026,ansatz,50000,100
P,010901,false,27,erwerb_finanzanlagen,Ausz. f. Erwerb v. Finanzanlagen,-,false,2026,ve,0,100
P,010901,false,27,erwerb_finanzanlagen,Ausz. f. Erwerb v. Finanzanlagen,-,false,2027,planung,50000,100
P,010901,false,27,erwerb_finanzanlagen,Ausz. f. Erwerb v. Finanzanlagen,-,false,2028,planung,50000,100
P,010901,false,27,erwerb_finanzanlagen,Ausz. f. Erwerb v. Finanzanlagen,-,false,2029,planung,50000,100
P,010901,false,30,auszahlungen_investitionen,Auszahlungen aus Investitionstätigkeit,=,true,2024,ergebnis,50000,100
P,010901,false,30,auszahlungen_investitionen,Auszahlungen aus Investitionstätigkeit,=,true,2025,ansatz,50000,100
P,010901,false,30,auszahlungen_investitionen,Auszahlungen aus Investitionstätigkeit,=,true,2026,ansatz,50000,100
P,010901,false,30,auszahlungen_investitionen,Auszahlungen aus Investitionstätigkeit,=,true,2026,ve,0,100
P,010901,false,30,auszahlungen_investitionen,Auszahlungen aus Investitionstätigkeit,=,true,2027,planung,50000,100
P,010901,false,30,auszahlungen_investitionen,Auszahlungen aus Investitionstätigkeit,=,true,2028,planung,50000,100
P,010901,false,30,auszahlungen_investitionen,Auszahlungen aus Investitionstätigkeit,=,true,2029,planung,50000,100
P,010901,false,31,saldo_investitionen,Saldo aus Investitionstätigkeit,=,true,2024,ergebnis,-50000,100
P,010901,false,31,saldo_investitionen,Saldo aus Investitionstätigkeit,=,true,2025,ansatz,-50000,100
P,010901,false,31,saldo_investitionen,Saldo aus Investitionstätigkeit,=,true,2026,ansatz,-50000,100
P,010901,false,31,saldo_investitionen,Saldo aus Investitionstätigkeit,=,true,2026,ve,0,100
P,010901,false,31,saldo_investitionen,Saldo aus Investitionstätigkeit,=,true,2027,planung,-50000,100
P,010901,false,31,saldo_investitionen,Saldo aus Investitionstätigkeit,=,true,2028,planung,-50000,100
P,010901,false,31,saldo_investitionen,Saldo aus Investitionstätigkeit,=,true,2029,planung,-50000,100
P,011001,false,16,auszahlungen_laufende_verwaltung,Auszahlungen aus lfd. Verw.-tätigkeit,=,true,2024,ergebnis,329961,104
P,011001,false,16,auszahlungen_laufende_verwaltung,Auszahlungen aus lfd. Verw.-tätigkeit,=,true,2025,ansatz,330600,104
P,011001,false,16,auszahlungen_laufende_verwaltung,Auszahlungen aus lfd. Verw.-tätigkeit,=,true,2026,ansatz,311900,104
P,011001,false,16,auszahlungen_laufende_verwaltung,Auszahlungen aus lfd. Verw.-tätigkeit,=,true,2026,ve,0,104
P,011001,false,16,auszahlungen_laufende_verwaltung,Auszahlungen aus lfd. Verw.-tätigkeit,=,true,2027,planung,321800,104
P,011001,false,16,auszahlungen_laufende_verwaltung,Auszahlungen aus lfd. Verw.-tätigkeit,=,true,2028,planung,332000,104
P,011001,false,16,auszahlungen_laufende_verwaltung,Auszahlungen aus lfd. Verw.-tätigkeit,=,true,2029,planung,342500,104
P,011001,false,17,saldo_laufende_verwaltung,Saldo aus lfd. Verw.-tätigkeit,=,true,2024,ergebnis,-329961,104
P,011001,false,17,saldo_laufende_verwaltung,Saldo aus lfd. Verw.-tätigkeit,=,true,2025,ansatz,-330600,104
P,011001,false,17,saldo_laufende_verwaltung,Saldo aus lfd. Verw.-tätigkeit,=,true,2026,ansatz,-311900,104
P,011001,false,17,saldo_laufende_verwaltung,Saldo aus lfd. Verw.-tätigkeit,=,true,2026,ve,0,104
P,011001,false,17,saldo_laufende_verwaltung,Saldo aus lfd. Verw.-tätigkeit,=,true,2027,planung,-321800,104
P,011001,false,17,saldo_laufende_verwaltung,Saldo aus lfd. Verw.-tätigkeit,=,true,2028,planung,-332000,104
P,011001,false,17,saldo_laufende_verwaltung,Saldo aus lfd. Verw.-tätigkeit,=,true,2029,planung,-342500,104
P,011002,false,09,einzahlungen_laufende_verwaltung,Einzahlungen aus lfd. Verw.-tätigkeit,=,true,2024,ergebnis,11445,106
P,011002,false,09,einzahlungen_laufende_verwaltung,Einzahlungen aus lfd. Verw.-tätigkeit,=,true,2025,ansatz,12200,106
P,011002,false,09,einzahlungen_laufende_verwaltung,Einzahlungen aus lfd. Verw.-tätigkeit,=,true,2026,ansatz,18100,106
P,011002,false,09,einzahlungen_laufende_verwaltung,Einzahlungen aus lfd. Verw.-tätigkeit,=,true,2026,ve,0,106
P,011002,false,09,einzahlungen_laufende_verwaltung,Einzahlungen aus lfd. Verw.-tätigkeit,=,true,2027,planung,18100,106
P,011002,false,09,einzahlungen_laufende_verwaltung,Einzahlungen aus lfd. Verw.-tätigkeit,=,true,2028,planung,18100,106
P,011002,false,09,einzahlungen_laufende_verwaltung,Einzahlungen aus lfd. Verw.-tätigkeit,=,true,2029,planung,18100,106
P,011002,false,16,auszahlungen_laufende_verwaltung,Auszahlungen aus lfd. Verw.-tätigkeit,=,true,2024,ergebnis,145815,106
P,011002,false,16,auszahlungen_laufende_verwaltung,Auszahlungen aus lfd. Verw.-tätigkeit,=,true,2025,ansatz,146600,106
P,011002,false,16,auszahlungen_laufende_verwaltung,Auszahlungen aus lfd. Verw.-tätigkeit,=,true,2026,ansatz,148800,106
P,011002,false,16,auszahlungen_laufende_verwaltung,Auszahlungen aus lfd. Verw.-tätigkeit,=,true,2026,ve,0,106
P,011002,false,16,auszahlungen_laufende_verwaltung,Auszahlungen aus lfd. Verw.-tätigkeit,=,true,2027,planung,151800,106
P,011002,false,16,auszahlungen_laufende_verwaltung,Auszahlungen aus lfd. Verw.-tätigkeit,=,true,2028,planung,154900,106
P,011002,false,16,auszahlungen_laufende_verwaltung,Auszahlungen aus lfd. Verw.-tätigkeit,=,true,2029,planung,88100,106
P,011002,false,17,saldo_laufende_verwaltung,Saldo aus lfd. Verw.-tätigkeit,=,true,2024,ergebnis,-134370,106
P,011002,false,17,saldo_laufende_verwaltung,Saldo aus lfd. Verw.-tätigkeit,=,true,2025,ansatz,-134400,106
P,011002,false,17,saldo_laufende_verwaltung,Saldo aus lfd. Verw.-tätigkeit,=,true,2026,ansatz,-130700,106
P,011002,false,17,saldo_laufende_verwaltung,Saldo aus lfd. Verw.-tätigkeit,=,true,2026,ve,0,106
P,011002,false,17,saldo_laufende_verwaltung,Saldo aus lfd. Verw.-tätigkeit,=,true,2027,planung,-133700,106
P,011002,false,17,saldo_laufende_verwaltung,Saldo aus lfd. Verw.-tätigkeit,=,true,2028,planung,-136800,106
P,011002,false,17,saldo_laufende_verwaltung,Saldo aus lfd. Verw.-tätigkeit,=,true,2029,planung,-70000,106
P,011003,false,09,einzahlungen_laufende_verwaltung,Einzahlungen aus lfd. Verw.-tätigkeit,=,true,2024,ergebnis,119010,108
P,011003,false,09,einzahlungen_laufende_verwaltung,Einzahlungen aus lfd. Verw.-tätigkeit,=,true,2025,ansatz,139500,108
P,011003,false,09,einzahlungen_laufende_verwaltung,Einzahlungen aus lfd. Verw.-tätigkeit,=,true,2026,ansatz,139500,108
P,011003,false,09,einzahlungen_laufende_verwaltung,Einzahlungen aus lfd. Verw.-tätigkeit,=,true,2026,ve,0,108
P,011003,false,09,einzahlungen_laufende_verwaltung,Einzahlungen aus lfd. Verw.-tätigkeit,=,true,2027,planung,189500,108
P,011003,false,09,einzahlungen_laufende_verwaltung,Einzahlungen aus lfd. Verw.-tätigkeit,=,true,2028,planung,189500,108
P,011003,false,09,einzahlungen_laufende_verwaltung,Einzahlungen aus lfd. Verw.-tätigkeit,=,true,2029,planung,189500,108
P,011003,false,16,auszahlungen_laufende_verwaltung,Auszahlungen aus lfd. Verw.-tätigkeit,=,true,2024,ergebnis,211273,108
P,011003,false,16,auszahlungen_laufende_verwaltung,Auszahlungen aus lfd. Verw.-tätigkeit,=,true,2025,ansatz,248900,108
P,011003,false,16,auszahlungen_laufende_verwaltung,Auszahlungen aus lfd. Verw.-tätigkeit,=,true,2026,ansatz,266500,108
P,011003,false,16,auszahlungen_laufende_verwaltung,Auszahlungen aus lfd. Verw.-tätigkeit,=,true,2026,ve,0,108
P,011003,false,16,auszahlungen_laufende_verwaltung,Auszahlungen aus lfd. Verw.-tätigkeit,=,true,2027,planung,239900,108
P,011003,false,16,auszahlungen_laufende_verwaltung,Auszahlungen aus lfd. Verw.-tätigkeit,=,true,2028,planung,243400,108
P,011003,false,16,auszahlungen_laufende_verwaltung,Auszahlungen aus lfd. Verw.-tätigkeit,=,true,2029,planung,247100,108
P,011003,false,17,saldo_laufende_verwaltung,Saldo aus lfd. Verw.-tätigkeit,=,true,2024,ergebnis,-92263,108
P,011003,false,17,saldo_laufende_verwaltung,Saldo aus lfd. Verw.-tätigkeit,=,true,2025,ansatz,-109400,108
P,011003,false,17,saldo_laufende_verwaltung,Saldo aus lfd. Verw.-tätigkeit,=,true,2026,ansatz,-127000,108
P,011003,false,17,saldo_laufende_verwaltung,Saldo aus lfd. Verw.-tätigkeit,=,true,2026,ve,0,108
P,011003,false,17,saldo_laufende_verwaltung,Saldo aus lfd. Verw.-tätigkeit,=,true,2027,planung,-50400,108
P,011003,false,17,saldo_laufende_verwaltung,Saldo aus lfd. Verw.-tätigkeit,=,true,2028,planung,-53900,108
P,011003,false,17,saldo_laufende_verwaltung,Saldo aus lfd. Verw.-tätigkeit,=,true,2029,planung,-57600,108
P,011101,false,09,einzahlungen_laufende_verwaltung,Einzahlungen aus lfd. Verw.-tätigkeit,=,true,2024,ergebnis,19468,110
P,011101,false,09,einzahlungen_laufende_verwaltung,Einzahlungen aus lfd. Verw.-tätigkeit,=,true,2025,ansatz,0,110
P,011101,false,09,einzahlungen_laufende_verwaltung,Einzahlungen aus lfd. Verw.-tätigkeit,=,true,2026,ansatz,0,110
P,011101,false,09,einzahlungen_laufende_verwaltung,Einzahlungen aus lfd. Verw.-tätigkeit,=,true,2026,ve,0,110
P,011101,false,09,einzahlungen_laufende_verwaltung,Einzahlungen aus lfd. Verw.-tätigkeit,=,true,2027,planung,0,110
P,011101,false,09,einzahlungen_laufende_verwaltung,Einzahlungen aus lfd. Verw.-tätigkeit,=,true,2028,planung,0,110
P,011101,false,09,einzahlungen_laufende_verwaltung,Einzahlungen aus lfd. Verw.-tätigkeit,=,true,2029,planung,0,110
P,011101,false,16,auszahlungen_laufende_verwaltung,Auszahlungen aus lfd. Verw.-tätigkeit,=,true,2024,ergebnis,244006,110
P,011101,false,16,auszahlungen_laufende_verwaltung,Auszahlungen aus lfd. Verw.-tätigkeit,=,true,2025,ansatz,300600,110
P,011101,false,16,auszahlungen_laufende_verwaltung,Auszahlungen aus lfd. Verw.-tätigkeit,=,true,2026,ansatz,375300,110
P,011101,false,16,auszahlungen_laufende_verwaltung,Auszahlungen aus lfd. Verw.-tätigkeit,=,true,2026,ve,0,110
P,011101,false,16,auszahlungen_laufende_verwaltung,Auszahlungen aus lfd. Verw.-tätigkeit,=,true,2027,planung,395200,110
P,011101,false,16,auszahlungen_laufende_verwaltung,Auszahlungen aus lfd. Verw.-tätigkeit,=,true,2028,planung,410500,110
P,011101,false,16,auszahlungen_laufende_verwaltung,Auszahlungen aus lfd. Verw.-tätigkeit,=,true,2029,planung,431200,110
P,011101,false,17,saldo_laufende_verwaltung,Saldo aus lfd. Verw.-tätigkeit,=,true,2024,ergebnis,-224539,110
P,011101,false,17,saldo_laufende_verwaltung,Saldo aus lfd. Verw.-tätigkeit,=,true,2025,ansatz,-300600,110
P,011101,false,17,saldo_laufende_verwaltung,Saldo aus lfd. Verw.-tätigkeit,=,true,2026,ansatz,-375300,110
P,011101,false,17,saldo_laufende_verwaltung,Saldo aus lfd. Verw.-tätigkeit,=,true,2026,ve,0,110
P,011101,false,17,saldo_laufende_verwaltung,Saldo aus lfd. Verw.-tätigkeit,=,true,2027,planung,-395200,110
P,011101,false,17,saldo_laufende_verwaltung,Saldo aus lfd. Verw.-tätigkeit,=,true,2028,planung,-410500,110
P,011101,false,17,saldo_laufende_verwaltung,Saldo aus lfd. Verw.-tätigkeit,=,true,2029,planung,-431200,110
P,011101,false,26,erwerb_bewegliches_anlagevermoegen,Ausz. f. Erwerb von bewegl. Anlagevermögen,-,false,2024,ergebnis,35836,110
P,011101,false,26,erwerb_bewegliches_anlagevermoegen,Ausz. f. Erwerb von bewegl. Anlagevermögen,-,false,2025,ansatz,12000,110
P,011101,false,26,erwerb_bewegliches_anlagevermoegen,Ausz. f. Erwerb von bewegl. Anlagevermögen,-,false,2026,ansatz,25000,110
P,011101,false,26,erwerb_bewegliches_anlagevermoegen,Ausz. f. Erwerb von bewegl. Anlagevermögen,-,false,2026,ve,0,110
P,011101,false,26,erwerb_bewegliches_anlagevermoegen,Ausz. f. Erwerb von bewegl. Anlagevermögen,-,false,2027,planung,30000,110
P,011101,false,26,erwerb_bewegliches_anlagevermoegen,Ausz. f. Erwerb von bewegl. Anlagevermögen,-,false,2028,planung,0,110
P,011101,false,26,erwerb_bewegliches_anlagevermoegen,Ausz. f. Erwerb von bewegl. Anlagevermögen,-,false,2029,planung,0,110
P,011101,false,29,sonstige_investitionsauszahlungen,Sonstige Investitionsauszahlungen,-,false,2024,ergebnis,5071,110
P,011101,false,29,sonstige_investitionsauszahlungen,Sonstige Investitionsauszahlungen,-,false,2025,ansatz,0,110
P,011101,false,29,sonstige_investitionsauszahlungen,Sonstige Investitionsauszahlungen,-,false,2026,ansatz,0,110
P,011101,false,29,sonstige_investitionsauszahlungen,Sonstige Investitionsauszahlungen,-,false,2026,ve,0,110
P,011101,false,29,sonstige_investitionsauszahlungen,Sonstige Investitionsauszahlungen,-,false,2027,planung,0,110
P,011101,false,29,sonstige_investitionsauszahlungen,Sonstige Investitionsauszahlungen,-,false,2028,planung,0,110
P,011101,false,29,sonstige_investitionsauszahlungen,Sonstige Investitionsauszahlungen,-,false,2029,planung,0,110
P,011101,false,30,auszahlungen_investitionen,Auszahlungen aus Investitionstätigkeit,=,true,2024,ergebnis,40907,110
P,011101,false,30,auszahlungen_investitionen,Auszahlungen aus Investitionstätigkeit,=,true,2025,ansatz,12000,110
P,011101,false,30,auszahlungen_investitionen,Auszahlungen aus Investitionstätigkeit,=,true,2026,ansatz,25000,110
P,011101,false,30,auszahlungen_investitionen,Auszahlungen aus Investitionstätigkeit,=,true,2026,ve,0,110
P,011101,false,30,auszahlungen_investitionen,Auszahlungen aus Investitionstätigkeit,=,true,2027,planung,30000,110
P,011101,false,30,auszahlungen_investitionen,Auszahlungen aus Investitionstätigkeit,=,true,2028,planung,0,110
P,011101,false,30,auszahlungen_investitionen,Auszahlungen aus Investitionstätigkeit,=,true,2029,planung,0,110
P,011101,false,31,saldo_investitionen,Saldo aus Investitionstätigkeit,=,true,2024,ergebnis,-40907,110
P,011101,false,31,saldo_investitionen,Saldo aus Investitionstätigkeit,=,true,2025,ansatz,-12000,110
P,011101,false,31,saldo_investitionen,Saldo aus Investitionstätigkeit,=,true,2026,ansatz,-25000,110
P,011101,false,31,saldo_investitionen,Saldo aus Investitionstätigkeit,=,true,2026,ve,0,110
P,011101,false,31,saldo_investitionen,Saldo aus Investitionstätigkeit,=,true,2027,planung,-30000,110
P,011101,false,31,saldo_investitionen,Saldo aus Investitionstätigkeit,=,true,2028,planung,0,110
P,011101,false,31,saldo_investitionen,Saldo aus Investitionstätigkeit,=,true,2029,planung,0,110
P,011201,false,09,einzahlungen_laufende_verwaltung,Einzahlungen aus lfd. Verw.-tätigkeit,=,true,2024,ergebnis,18024,114
P,011201,false,09,einzahlungen_laufende_verwaltung,Einzahlungen aus lfd. Verw.-tätigkeit,=,true,2025,ansatz,15650,114
P,011201,false,09,einzahlungen_laufende_verwaltung,Einzahlungen aus lfd. Verw.-tätigkeit,=,true,2026,ansatz,51650,114
P,011201,false,09,einzahlungen_laufende_verwaltung,Einzahlungen aus lfd. Verw.-tätigkeit,=,true,2026,ve,0,114
P,011201,false,09,einzahlungen_laufende_verwaltung,Einzahlungen aus lfd. Verw.-tätigkeit,=,true,2027,planung,51650,114
P,011201,false,09,einzahlungen_laufende_verwaltung,Einzahlungen aus lfd. Verw.-tätigkeit,=,true,2028,planung,51650,114
P,011201,false,09,einzahlungen_laufende_verwaltung,Einzahlungen aus lfd. Verw.-tätigkeit,=,true,2029,planung,51650,114
P,011201,false,16,auszahlungen_laufende_verwaltung,Auszahlungen aus lfd. Verw.-tätigkeit,=,true,2024,ergebnis,431888,114
P,011201,false,16,auszahlungen_laufende_verwaltung,Auszahlungen aus lfd. Verw.-tätigkeit,=,true,2025,ansatz,509250,114
P,011201,false,16,auszahlungen_laufende_verwaltung,Auszahlungen aus lfd. Verw.-tätigkeit,=,true,2026,ansatz,533350,114
P,011201,false,16,auszahlungen_laufende_verwaltung,Auszahlungen aus lfd. Verw.-tätigkeit,=,true,2026,ve,0,114
P,011201,false,16,auszahlungen_laufende_verwaltung,Auszahlungen aus lfd. Verw.-tätigkeit,=,true,2027,planung,507950,114
P,011201,false,16,auszahlungen_laufende_verwaltung,Auszahlungen aus lfd. Verw.-tätigkeit,=,true,2028,planung,518450,114
P,011201,false,16,auszahlungen_laufende_verwaltung,Auszahlungen aus lfd. Verw.-tätigkeit,=,true,2029,planung,528750,114
P,011201,false,17,saldo_laufende_verwaltung,Saldo aus lfd. Verw.-tätigkeit,=,true,2024,ergebnis,-413864,114
P,011201,false,17,saldo_laufende_verwaltung,Saldo aus lfd. Verw.-tätigkeit,=,true,2025,ansatz,-493600,114
P,011201,false,17,saldo_laufende_verwaltung,Saldo aus lfd. Verw.-tätigkeit,=,true,2026,ansatz,-481700,114
P,011201,false,17,saldo_laufende_verwaltung,Saldo aus lfd. Verw.-tätigkeit,=,true,2026,ve,0,114
P,011201,false,17,saldo_laufende_verwaltung,Saldo aus lfd. Verw.-tätigkeit,=,true,2027,planung,-456300,114
P,011201,false,17,saldo_laufende_verwaltung,Saldo aus lfd. Verw.-tätigkeit,=,true,2028,planung,-466800,114
P,011201,false,17,saldo_laufende_verwaltung,Saldo aus lfd. Verw.-tätigkeit,=,true,2029,planung,-477100,114
P,011201,false,18,investitionszuwendungen,Zuwendungen für Investitionsmaßnahmen,+,false,2024,ergebnis,36145,114
P,011201,false,18,investitionszuwendungen,Zuwendungen für Investitionsmaßnahmen,+,false,2025,ansatz,0,114
P,011201,false,18,investitionszuwendungen,Zuwendungen für Investitionsmaßnahmen,+,false,2026,ansatz,0,114
P,011201,false,18,investitionszuwendungen,Zuwendungen für Investitionsmaßnahmen,+,false,2026,ve,0,114
P,011201,false,18,investitionszuwendungen,Zuwendungen für Investitionsmaßnahmen,+,false,2027,planung,0,114
P,011201,false,18,investitionszuwendungen,Zuwendungen für Investitionsmaßnahmen,+,false,2028,planung,0,114
P,011201,false,18,investitionszuwendungen,Zuwendungen für Investitionsmaßnahmen,+,false,2029,planung,0,114
P,011201,false,23,einzahlungen_investitionen,Einzahlungen aus Investitionstätigkeit,=,true,2024,ergebnis,36145,114
P,011201,false,23,einzahlungen_investitionen,Einzahlungen aus Investitionstätigkeit,=,true,2025,ansatz,0,114
P,011201,false,23,einzahlungen_investitionen,Einzahlungen aus Investitionstätigkeit,=,true,2026,ansatz,0,114
P,011201,false,23,einzahlungen_investitionen,Einzahlungen aus Investitionstätigkeit,=,true,2026,ve,0,114
P,011201,false,23,einzahlungen_investitionen,Einzahlungen aus Investitionstätigkeit,=,true,2027,planung,0,114
P,011201,false,23,einzahlungen_investitionen,Einzahlungen aus Investitionstätigkeit,=,true,2028,planung,0,114
P,011201,false,23,einzahlungen_investitionen,Einzahlungen aus Investitionstätigkeit,=,true,2029,planung,0,114
P,011201,false,25,baumassnahmen,Ausz. f. Baumaßnahmen,-,false,2024,ergebnis,0,114
P,011201,false,25,baumassnahmen,Ausz. f. Baumaßnahmen,-,false,2025,ansatz,150000,114
P,011201,false,25,baumassnahmen,Ausz. f. Baumaßnahmen,-,false,2026,ansatz,150000,114
P,011201,false,25,baumassnahmen,Ausz. f. Baumaßnahmen,-,false,2026,ve,0,114
P,011201,false,25,baumassnahmen,Ausz. f. Baumaßnahmen,-,false,2027,planung,0,114
P,011201,false,25,baumassnahmen,Ausz. f. Baumaßnahmen,-,false,2028,planung,0,114
P,011201,false,25,baumassnahmen,Ausz. f. Baumaßnahmen,-,false,2029,planung,0,114
P,011201,false,26,erwerb_bewegliches_anlagevermoegen,Ausz. f. Erwerb von bewegl. Anlagevermögen,-,false,2024,ergebnis,0,114
P,011201,false,26,erwerb_bewegliches_anlagevermoegen,Ausz. f. Erwerb von bewegl. Anlagevermögen,-,false,2025,ansatz,165000,114
P,011201,false,26,erwerb_bewegliches_anlagevermoegen,Ausz. f. Erwerb von bewegl. Anlagevermögen,-,false,2026,ansatz,162500,114
P,011201,false,26,erwerb_bewegliches_anlagevermoegen,Ausz. f. Erwerb von bewegl. Anlagevermögen,-,false,2026,ve,0,114
P,011201,false,26,erwerb_bewegliches_anlagevermoegen,Ausz. f. Erwerb von bewegl. Anlagevermögen,-,false,2027,planung,57500,114
P,011201,false,26,erwerb_bewegliches_anlagevermoegen,Ausz. f. Erwerb von bewegl. Anlagevermögen,-,false,2028,planung,3000,114
P,011201,false,26,erwerb_bewegliches_anlagevermoegen,Ausz. f. Erwerb von bewegl. Anlagevermögen,-,false,2029,planung,3000,114
P,011201,false,30,auszahlungen_investitionen,Auszahlungen aus Investitionstätigkeit,=,true,2024,ergebnis,0,114
P,011201,false,30,auszahlungen_investitionen,Auszahlungen aus Investitionstätigkeit,=,true,2025,ansatz,315000,114
P,011201,false,30,auszahlungen_investitionen,Auszahlungen aus Investitionstätigkeit,=,true,2026,ansatz,312500,114
P,011201,false,30,auszahlungen_investitionen,Auszahlungen aus Investitionstätigkeit,=,true,2026,ve,0,114
P,011201,false,30,auszahlungen_investitionen,Auszahlungen aus Investitionstätigkeit,=,true,2027,planung,57500,114
P,011201,false,30,auszahlungen_investitionen,Auszahlungen aus Investitionstätigkeit,=,true,2028,planung,3000,114
P,011201,false,30,auszahlungen_investitionen,Auszahlungen aus Investitionstätigkeit,=,true,2029,planung,3000,114
P,011201,false,31,saldo_investitionen,Saldo aus Investitionstätigkeit,=,true,2024,ergebnis,36145,115
P,011201,false,31,saldo_investitionen,Saldo aus Investitionstätigkeit,=,true,2025,ansatz,-315000,115
P,011201,false,31,saldo_investitionen,Saldo aus Investitionstätigkeit,=,true,2026,ansatz,-312500,115
P,011201,false,31,saldo_investitionen,Saldo aus Investitionstätigkeit,=,true,2026,ve,0,115
P,011201,false,31,saldo_investitionen,Saldo aus Investitionstätigkeit,=,true,2027,planung,-57500,115
P,011201,false,31,saldo_investitionen,Saldo aus Investitionstätigkeit,=,true,2028,planung,-3000,115
P,011201,false,31,saldo_investitionen,Saldo aus Investitionstätigkeit,=,true,2029,planung,-3000,115
P,011202,false,09,einzahlungen_laufende_verwaltung,Einzahlungen aus lfd. Verw.-tätigkeit,=,true,2024,ergebnis,95482,117
P,011202,false,09,einzahlungen_laufende_verwaltung,Einzahlungen aus lfd. Verw.-tätigkeit,=,true,2025,ansatz,81800,117
P,011202,false,09,einzahlungen_laufende_verwaltung,Einzahlungen aus lfd. Verw.-tätigkeit,=,true,2026,ansatz,84600,117
P,011202,false,09,einzahlungen_laufende_verwaltung,Einzahlungen aus lfd. Verw.-tätigkeit,=,true,2026,ve,0,117
P,011202,false,09,einzahlungen_laufende_verwaltung,Einzahlungen aus lfd. Verw.-tätigkeit,=,true,2027,planung,84600,117
P,011202,false,09,einzahlungen_laufende_verwaltung,Einzahlungen aus lfd. Verw.-tätigkeit,=,true,2028,planung,84600,117
P,011202,false,09,einzahlungen_laufende_verwaltung,Einzahlungen aus lfd. Verw.-tätigkeit,=,true,2029,planung,84600,117
P,011202,false,16,auszahlungen_laufende_verwaltung,Auszahlungen aus lfd. Verw.-tätigkeit,=,true,2024,ergebnis,9566,117
P,011202,false,16,auszahlungen_laufende_verwaltung,Auszahlungen aus lfd. Verw.-tätigkeit,=,true,2025,ansatz,24000,117
P,011202,false,16,auszahlungen_laufende_verwaltung,Auszahlungen aus lfd. Verw.-tätigkeit,=,true,2026,ansatz,24700,117
P,011202,false,16,auszahlungen_laufende_verwaltung,Auszahlungen aus lfd. Verw.-tätigkeit,=,true,2026,ve,0,117
P,011202,false,16,auszahlungen_laufende_verwaltung,Auszahlungen aus lfd. Verw.-tätigkeit,=,true,2027,planung,25500,117
P,011202,false,16,auszahlungen_laufende_verwaltung,Auszahlungen aus lfd. Verw.-tätigkeit,=,true,2028,planung,26400,117
P,011202,false,16,auszahlungen_laufende_verwaltung,Auszahlungen aus lfd. Verw.-tätigkeit,=,true,2029,planung,27300,117
P,011202,false,17,saldo_laufende_verwaltung,Saldo aus lfd. Verw.-tätigkeit,=,true,2024,ergebnis,85916,117
P,011202,false,17,saldo_laufende_verwaltung,Saldo aus lfd. Verw.-tätigkeit,=,true,2025,ansatz,57800,117
P,011202,false,17,saldo_laufende_verwaltung,Saldo aus lfd. Verw.-tätigkeit,=,true,2026,ansatz,59900,117
P,011202,false,17,saldo_laufende_verwaltung,Saldo aus lfd. Verw.-tätigkeit,=,true,2026,ve,0,117
P,011202,false,17,saldo_laufende_verwaltung,Saldo aus lfd. Verw.-tätigkeit,=,true,2027,planung,59100,117
P,011202,false,17,saldo_laufende_verwaltung,Saldo aus lfd. Verw.-tätigkeit,=,true,2028,planung,58200,117
P,011202,false,17,saldo_laufende_verwaltung,Saldo aus lfd. Verw.-tätigkeit,=,true,2029,planung,57300,117
P,011203,false,16,auszahlungen_laufende_verwaltung,Auszahlungen aus lfd. Verw.-tätigkeit,=,true,2024,ergebnis,32568,119
P,011203,false,16,auszahlungen_laufende_verwaltung,Auszahlungen aus lfd. Verw.-tätigkeit,=,true,2025,ansatz,42900,119
P,011203,false,16,auszahlungen_laufende_verwaltung,Auszahlungen aus lfd. Verw.-tätigkeit,=,true,2026,ansatz,45200,119
P,011203,false,16,auszahlungen_laufende_verwaltung,Auszahlungen aus lfd. Verw.-tätigkeit,=,true,2026,ve,0,119
P,011203,false,16,auszahlungen_laufende_verwaltung,Auszahlungen aus lfd. Verw.-tätigkeit,=,true,2027,planung,47000,119
P,011203,false,16,auszahlungen_laufende_verwaltung,Auszahlungen aus lfd. Verw.-tätigkeit,=,true,2028,planung,48900,119
P,011203,false,16,auszahlungen_laufende_verwaltung,Auszahlungen aus lfd. Verw.-tätigkeit,=,true,2029,planung,50900,119
P,011203,false,17,saldo_laufende_verwaltung,Saldo aus lfd. Verw.-tätigkeit,=,true,2024,ergebnis,-32568,119
P,011203,false,17,saldo_laufende_verwaltung,Saldo aus lfd. Verw.-tätigkeit,=,true,2025,ansatz,-42900,119
P,011203,false,17,saldo_laufende_verwaltung,Saldo aus lfd. Verw.-tätigkeit,=,true,2026,ansatz,-45200,119
P,011203,false,17,saldo_laufende_verwaltung,Saldo aus lfd. Verw.-tätigkeit,=,true,2026,ve,0,119
P,011203,false,17,saldo_laufende_verwaltung,Saldo aus lfd. Verw.-tätigkeit,=,true,2027,planung,-47000,119
P,011203,false,17,saldo_laufende_verwaltung,Saldo aus lfd. Verw.-tätigkeit,=,true,2028,planung,-48900,119
P,011203,false,17,saldo_laufende_verwaltung,Saldo aus lfd. Verw.-tätigkeit,=,true,2029,planung,-50900,119
P,011203,false,25,baumassnahmen,Ausz. f. Baumaßnahmen,-,false,2024,ergebnis,101143,119
P,011203,false,25,baumassnahmen,Ausz. f. Baumaßnahmen,-,false,2025,ansatz,0,119
P,011203,false,25,baumassnahmen,Ausz. f. Baumaßnahmen,-,false,2026,ansatz,25000,119
P,011203,false,25,baumassnahmen,Ausz. f. Baumaßnahmen,-,false,2026,ve,0,119
P,011203,false,25,baumassnahmen,Ausz. f. Baumaßnahmen,-,false,2027,planung,0,119
P,011203,false,25,baumassnahmen,Ausz. f. Baumaßnahmen,-,false,2028,planung,0,119
P,011203,false,25,baumassnahmen,Ausz. f. Baumaßnahmen,-,false,2029,planung,0,119
P,011203,false,30,auszahlungen_investitionen,Auszahlungen aus Investitionstätigkeit,=,true,2024,ergebnis,101143,119
P,011203,false,30,auszahlungen_investitionen,Auszahlungen aus Investitionstätigkeit,=,true,2025,ansatz,0,119
P,011203,false,30,auszahlungen_investitionen,Auszahlungen aus Investitionstätigkeit,=,true,2026,ansatz,25000,119
P,011203,false,30,auszahlungen_investitionen,Auszahlungen aus Investitionstätigkeit,=,true,2026,ve,0,119
P,011203,false,30,auszahlungen_investitionen,Auszahlungen aus Investitionstätigkeit,=,true,2027,planung,0,119
P,011203,false,30,auszahlungen_investitionen,Auszahlungen aus Investitionstätigkeit,=,true,2028,planung,0,119
P,011203,false,30,auszahlungen_investitionen,Auszahlungen aus Investitionstätigkeit,=,true,2029,planung,0,119
P,011203,false,31,saldo_investitionen,Saldo aus Investitionstätigkeit,=,true,2024,ergebnis,-101143,119
P,011203,false,31,saldo_investitionen,Saldo aus Investitionstätigkeit,=,true,2025,ansatz,0,119
P,011203,false,31,saldo_investitionen,Saldo aus Investitionstätigkeit,=,true,2026,ansatz,-25000,119
P,011203,false,31,saldo_investitionen,Saldo aus Investitionstätigkeit,=,true,2026,ve,0,119
P,011203,false,31,saldo_investitionen,Saldo aus Investitionstätigkeit,=,true,2027,planung,0,119
P,011203,false,31,saldo_investitionen,Saldo aus Investitionstätigkeit,=,true,2028,planung,0,119
P,011203,false,31,saldo_investitionen,Saldo aus Investitionstätigkeit,=,true,2029,planung,0,119
P,011204,false,09,einzahlungen_laufende_verwaltung,Einzahlungen aus lfd. Verw.-tätigkeit,=,true,2024,ergebnis,429592,121
P,011204,false,09,einzahlungen_laufende_verwaltung,Einzahlungen aus lfd. Verw.-tätigkeit,=,true,2025,ansatz,28950,121
P,011204,false,09,einzahlungen_laufende_verwaltung,Einzahlungen aus lfd. Verw.-tätigkeit,=,true,2026,ansatz,29350,121
P,011204,false,09,einzahlungen_laufende_verwaltung,Einzahlungen aus lfd. Verw.-tätigkeit,=,true,2026,ve,0,121
P,011204,false,09,einzahlungen_laufende_verwaltung,Einzahlungen aus lfd. Verw.-tätigkeit,=,true,2027,planung,29350,121
P,011204,false,09,einzahlungen_laufende_verwaltung,Einzahlungen aus lfd. Verw.-tätigkeit,=,true,2028,planung,29350,121
P,011204,false,09,einzahlungen_laufende_verwaltung,Einzahlungen aus lfd. Verw.-tätigkeit,=,true,2029,planung,29350,121
P,011204,false,16,auszahlungen_laufende_verwaltung,Auszahlungen aus lfd. Verw.-tätigkeit,=,true,2024,ergebnis,442942,121
P,011204,false,16,auszahlungen_laufende_verwaltung,Auszahlungen aus lfd. Verw.-tätigkeit,=,true,2025,ansatz,134000,121
P,011204,false,16,auszahlungen_laufende_verwaltung,Auszahlungen aus lfd. Verw.-tätigkeit,=,true,2026,ansatz,127000,121
P,011204,false,16,auszahlungen_laufende_verwaltung,Auszahlungen aus lfd. Verw.-tätigkeit,=,true,2026,ve,0,121
P,011204,false,16,auszahlungen_laufende_verwaltung,Auszahlungen aus lfd. Verw.-tätigkeit,=,true,2027,planung,126000,121
P,011204,false,16,auszahlungen_laufende_verwaltung,Auszahlungen aus lfd. Verw.-tätigkeit,=,true,2028,planung,141440,121
P,011204,false,16,auszahlungen_laufende_verwaltung,Auszahlungen aus lfd. Verw.-tätigkeit,=,true,2029,planung,134400,121
P,011204,false,17,saldo_laufende_verwaltung,Saldo aus lfd. Verw.-tätigkeit,=,true,2024,ergebnis,-13350,121
P,011204,false,17,saldo_laufende_verwaltung,Saldo aus lfd. Verw.-tätigkeit,=,true,2025,ansatz,-105050,121
P,011204,false,17,saldo_laufende_verwaltung,Saldo aus lfd. Verw.-tätigkeit,=,true,2026,ansatz,-97650,121
P,011204,false,17,saldo_laufende_verwaltung,Saldo aus lfd. Verw.-tätigkeit,=,true,2026,ve,0,121
P,011204,false,17,saldo_laufende_verwaltung,Saldo aus lfd. Verw.-tätigkeit,=,true,2027,planung,-96650,121
P,011204,false,17,saldo_laufende_verwaltung,Saldo aus lfd. Verw.-tätigkeit,=,true,2028,planung,-112090,121
P,011204,false,17,saldo_laufende_verwaltung,Saldo aus lfd. Verw.-tätigkeit,=,true,2029,planung,-105050,121
P,011204,false,19,veraeusserung_sachanlagen,Einz. aus Veräußerung v. Sachanlagen,+,false,2024,ergebnis,2099199,121
P,011204,false,19,veraeusserung_sachanlagen,Einz. aus Veräußerung v. Sachanlagen,+,false,2025,ansatz,3199990,121
P,011204,false,19,veraeusserung_sachanlagen,Einz. aus Veräußerung v. Sachanlagen,+,false,2026,ansatz,2245830,121
P,011204,false,19,veraeusserung_sachanlagen,Einz. aus Veräußerung v. Sachanlagen,+,false,2026,ve,0,121
P,011204,false,19,veraeusserung_sachanlagen,Einz. aus Veräußerung v. Sachanlagen,+,false,2027,planung,2181640,121
P,011204,false,19,veraeusserung_sachanlagen,Einz. aus Veräußerung v. Sachanlagen,+,false,2028,planung,3516928,121
P,011204,false,19,veraeusserung_sachanlagen,Einz. aus Veräußerung v. Sachanlagen,+,false,2029,planung,1830000,121
P,011204,false,21,beitraege,Einz. aus Beiträgen u. ä. Entgelten,+,false,2024,ergebnis,-18590,121
P,011204,false,21,beitraege,Einz. aus Beiträgen u. ä. Entgelten,+,false,2025,ansatz,0,121
P,011204,false,21,beitraege,Einz. aus Beiträgen u. ä. Entgelten,+,false,2026,ansatz,0,121
P,011204,false,21,beitraege,Einz. aus Beiträgen u. ä. Entgelten,+,false,2026,ve,0,121
P,011204,false,21,beitraege,Einz. aus Beiträgen u. ä. Entgelten,+,false,2027,planung,0,121
P,011204,false,21,beitraege,Einz. aus Beiträgen u. ä. Entgelten,+,false,2028,planung,0,121
P,011204,false,21,beitraege,Einz. aus Beiträgen u. ä. Entgelten,+,false,2029,planung,0,121
P,011204,false,23,einzahlungen_investitionen,Einzahlungen aus Investitionstätigkeit,=,true,2024,ergebnis,2080609,121
P,011204,false,23,einzahlungen_investitionen,Einzahlungen aus Investitionstätigkeit,=,true,2025,ansatz,3199990,121
P,011204,false,23,einzahlungen_investitionen,Einzahlungen aus Investitionstätigkeit,=,true,2026,ansatz,2245830,121
P,011204,false,23,einzahlungen_investitionen,Einzahlungen aus Investitionstätigkeit,=,true,2026,ve,0,121
P,011204,false,23,einzahlungen_investitionen,Einzahlungen aus Investitionstätigkeit,=,true,2027,planung,2181640,121
P,011204,false,23,einzahlungen_investitionen,Einzahlungen aus Investitionstätigkeit,=,true,2028,planung,3516928,121
P,011204,false,23,einzahlungen_investitionen,Einzahlungen aus Investitionstätigkeit,=,true,2029,planung,1830000,121
P,011204,false,24,erwerb_grundstuecke_gebaeude,Ausz. f. Erwerb von Grundst. u. Gebäuden,-,false,2024,ergebnis,155165,121
P,011204,false,24,erwerb_grundstuecke_gebaeude,Ausz. f. Erwerb von Grundst. u. Gebäuden,-,false,2025,ansatz,4725000,121
P,011204,false,24,erwerb_grundstuecke_gebaeude,Ausz. f. Erwerb von Grundst. u. Gebäuden,-,false,2026,ansatz,2081384,121
P,011204,false,24,erwerb_grundstuecke_gebaeude,Ausz. f. Erwerb von Grundst. u. Gebäuden,-,false,2026,ve,0,121
P,011204,false,24,erwerb_grundstuecke_gebaeude,Ausz. f. Erwerb von Grundst. u. Gebäuden,-,false,2027,planung,450000,121
P,011204,false,24,erwerb_grundstuecke_gebaeude,Ausz. f. Erwerb von Grundst. u. Gebäuden,-,false,2028,planung,450000,121
P,011204,false,24,erwerb_grundstuecke_gebaeude,Ausz. f. Erwerb von Grundst. u. Gebäuden,-,false,2029,planung,0,121
P,011204,false,25,baumassnahmen,Ausz. f. Baumaßnahmen,-,false,2024,ergebnis,10710,121
P,011204,false,25,baumassnahmen,Ausz. f. Baumaßnahmen,-,false,2025,ansatz,0,121
P,011204,false,25,baumassnahmen,Ausz. f. Baumaßnahmen,-,false,2026,ansatz,0,121
P,011204,false,25,baumassnahmen,Ausz. f. Baumaßnahmen,-,false,2026,ve,0,121
P,011204,false,25,baumassnahmen,Ausz. f. Baumaßnahmen,-,false,2027,planung,0,121
P,011204,false,25,baumassnahmen,Ausz. f. Baumaßnahmen,-,false,2028,planung,0,121
P,011204,false,25,baumassnahmen,Ausz. f. Baumaßnahmen,-,false,2029,planung,0,121
P,011204,false,30,auszahlungen_investitionen,Auszahlungen aus Investitionstätigkeit,=,true,2024,ergebnis,165875,122
P,011204,false,30,auszahlungen_investitionen,Auszahlungen aus Investitionstätigkeit,=,true,2025,ansatz,4725000,122
P,011204,false,30,auszahlungen_investitionen,Auszahlungen aus Investitionstätigkeit,=,true,2026,ansatz,2081384,122
P,011204,false,30,auszahlungen_investitionen,Auszahlungen aus Investitionstätigkeit,=,true,2026,ve,0,122
P,011204,false,30,auszahlungen_investitionen,Auszahlungen aus Investitionstätigkeit,=,true,2027,planung,450000,122
P,011204,false,30,auszahlungen_investitionen,Auszahlungen aus Investitionstätigkeit,=,true,2028,planung,450000,122
P,011204,false,30,auszahlungen_investitionen,Auszahlungen aus Investitionstätigkeit,=,true,2029,planung,0,122
P,011204,false,31,saldo_investitionen,Saldo aus Investitionstätigkeit,=,true,2024,ergebnis,1914734,122
P,011204,false,31,saldo_investitionen,Saldo aus Investitionstätigkeit,=,true,2025,ansatz,-1525010,122
P,011204,false,31,saldo_investitionen,Saldo aus Investitionstätigkeit,=,true,2026,ansatz,164446,122
P,011204,false,31,saldo_investitionen,Saldo aus Investitionstätigkeit,=,true,2026,ve,0,122
P,011204,false,31,saldo_investitionen,Saldo aus Investitionstätigkeit,=,true,2027,planung,1731640,122
P,011204,false,31,saldo_investitionen,Saldo aus Investitionstätigkeit,=,true,2028,planung,3066928,122
P,011204,false,31,saldo_investitionen,Saldo aus Investitionstätigkeit,=,true,2029,planung,1830000,122
P,020101,false,09,einzahlungen_laufende_verwaltung,Einzahlungen aus lfd. Verw.-tätigkeit,=,true,2024,ergebnis,26082,129
P,020101,false,09,einzahlungen_laufende_verwaltung,Einzahlungen aus lfd. Verw.-tätigkeit,=,true,2025,ansatz,20000,129
P,020101,false,09,einzahlungen_laufende_verwaltung,Einzahlungen aus lfd. Verw.-tätigkeit,=,true,2026,ansatz,19900,129
P,020101,false,09,einzahlungen_laufende_verwaltung,Einzahlungen aus lfd. Verw.-tätigkeit,=,true,2026,ve,0,129
P,020101,false,09,einzahlungen_laufende_verwaltung,Einzahlungen aus lfd. Verw.-tätigkeit,=,true,2027,planung,19900,129
P,020101,false,09,einzahlungen_laufende_verwaltung,Einzahlungen aus lfd. Verw.-tätigkeit,=,true,2028,planung,19900,129
P,020101,false,09,einzahlungen_laufende_verwaltung,Einzahlungen aus lfd. Verw.-tätigkeit,=,true,2029,planung,19900,129
P,020101,false,16,auszahlungen_laufende_verwaltung,Auszahlungen aus lfd. Verw.-tätigkeit,=,true,2024,ergebnis,136317,129
P,020101,false,16,auszahlungen_laufende_verwaltung,Auszahlungen aus lfd. Verw.-tätigkeit,=,true,2025,ansatz,219500,129
P,020101,false,16,auszahlungen_laufende_verwaltung,Auszahlungen aus lfd. Verw.-tätigkeit,=,true,2026,ansatz,233100,129
P,020101,false,16,auszahlungen_laufende_verwaltung,Auszahlungen aus lfd. Verw.-tätigkeit,=,true,2026,ve,0,129
P,020101,false,16,auszahlungen_laufende_verwaltung,Auszahlungen aus lfd. Verw.-tätigkeit,=,true,2027,planung,241200,129
P,020101,false,16,auszahlungen_laufende_verwaltung,Auszahlungen aus lfd. Verw.-tätigkeit,=,true,2028,planung,249700,129
P,020101,false,16,auszahlungen_laufende_verwaltung,Auszahlungen aus lfd. Verw.-tätigkeit,=,true,2029,planung,258500,129
P,020101,false,17,saldo_laufende_verwaltung,Saldo aus lfd. Verw.-tätigkeit,=,true,2024,ergebnis,-110235,129
P,020101,false,17,saldo_laufende_verwaltung,Saldo aus lfd. Verw.-tätigkeit,=,true,2025,ansatz,-199500,129
P,020101,false,17,saldo_laufende_verwaltung,Saldo aus lfd. Verw.-tätigkeit,=,true,2026,ansatz,-213200,129
P,020101,false,17,saldo_laufende_verwaltung,Saldo aus lfd. Verw.-tätigkeit,=,true,2026,ve,0,129
P,020101,false,17,saldo_laufende_verwaltung,Saldo aus lfd. Verw.-tätigkeit,=,true,2027,planung,-221300,129
P,020101,false,17,saldo_laufende_verwaltung,Saldo aus lfd. Verw.-tätigkeit,=,true,2028,planung,-229800,129
P,020101,false,17,saldo_laufende_verwaltung,Saldo aus lfd. Verw.-tätigkeit,=,true,2029,planung,-238600,129
P,020201,false,09,einzahlungen_laufende_verwaltung,Einzahlungen aus lfd. Verw.-tätigkeit,=,true,2024,ergebnis,11957,131
P,020201,false,09,einzahlungen_laufende_verwaltung,Einzahlungen aus lfd. Verw.-tätigkeit,=,true,2025,ansatz,12000,131
P,020201,false,09,einzahlungen_laufende_verwaltung,Einzahlungen aus lfd. Verw.-tätigkeit,=,true,2026,ansatz,12000,131
P,020201,false,09,einzahlungen_laufende_verwaltung,Einzahlungen aus lfd. Verw.-tätigkeit,=,true,2026,ve,0,131
P,020201,false,09,einzahlungen_laufende_verwaltung,Einzahlungen aus lfd. Verw.-tätigkeit,=,true,2027,planung,12000,131
P,020201,false,09,einzahlungen_laufende_verwaltung,Einzahlungen aus lfd. Verw.-tätigkeit,=,true,2028,planung,12000,131
P,020201,false,09,einzahlungen_laufende_verwaltung,Einzahlungen aus lfd. Verw.-tätigkeit,=,true,2029,planung,12000,131
P,020201,false,16,auszahlungen_laufende_verwaltung,Auszahlungen aus lfd. Verw.-tätigkeit,=,true,2024,ergebnis,12202,131
P,020201,false,16,auszahlungen_laufende_verwaltung,Auszahlungen aus lfd. Verw.-tätigkeit,=,true,2025,ansatz,13300,131
P,020201,false,16,auszahlungen_laufende_verwaltung,Auszahlungen aus lfd. Verw.-tätigkeit,=,true,2026,ansatz,14900,131
P,020201,false,16,auszahlungen_laufende_verwaltung,Auszahlungen aus lfd. Verw.-tätigkeit,=,true,2026,ve,0,131
P,020201,false,16,auszahlungen_laufende_verwaltung,Auszahlungen aus lfd. Verw.-tätigkeit,=,true,2027,planung,15300,131
P,020201,false,16,auszahlungen_laufende_verwaltung,Auszahlungen aus lfd. Verw.-tätigkeit,=,true,2028,planung,15800,131
P,020201,false,16,auszahlungen_laufende_verwaltung,Auszahlungen aus lfd. Verw.-tätigkeit,=,true,2029,planung,16200,131
P,020201,false,17,saldo_laufende_verwaltung,Saldo aus lfd. Verw.-tätigkeit,=,true,2024,ergebnis,-244,131
P,020201,false,17,saldo_laufende_verwaltung,Saldo aus lfd. Verw.-tätigkeit,=,true,2025,ansatz,-1300,131
P,020201,false,17,saldo_laufende_verwaltung,Saldo aus lfd. Verw.-tätigkeit,=,true,2026,ansatz,-2900,131
P,020201,false,17,saldo_laufende_verwaltung,Saldo aus lfd. Verw.-tätigkeit,=,true,2026,ve,0,131
P,020201,false,17,saldo_laufende_verwaltung,Saldo aus lfd. Verw.-tätigkeit,=,true,2027,planung,-3300,131
P,020201,false,17,saldo_laufende_verwaltung,Saldo aus lfd. Verw.-tätigkeit,=,true,2028,planung,-3800,131
P,020201,false,17,saldo_laufende_verwaltung,Saldo aus lfd. Verw.-tätigkeit,=,true,2029,planung,-4200,131
P,020301,false,09,einzahlungen_laufende_verwaltung,Einzahlungen aus lfd. Verw.-tätigkeit,=,true,2024,ergebnis,6181,133
P,020301,false,09,einzahlungen_laufende_verwaltung,Einzahlungen aus lfd. Verw.-tätigkeit,=,true,2025,ansatz,6700,133
P,020301,false,09,einzahlungen_laufende_verwaltung,Einzahlungen aus lfd. Verw.-tätigkeit,=,true,2026,ansatz,6700,133
P,020301,false,09,einzahlungen_laufende_verwaltung,Einzahlungen aus lfd. Verw.-tätigkeit,=,true,2026,ve,0,133
P,020301,false,09,einzahlungen_laufende_verwaltung,Einzahlungen aus lfd. Verw.-tätigkeit,=,true,2027,planung,6700,133
P,020301,false,09,einzahlungen_laufende_verwaltung,Einzahlungen aus lfd. Verw.-tätigkeit,=,true,2028,planung,6700,133
P,020301,false,09,einzahlungen_laufende_verwaltung,Einzahlungen aus lfd. Verw.-tätigkeit,=,true,2029,planung,6700,133
P,020301,false,16,auszahlungen_laufende_verwaltung,Auszahlungen aus lfd. Verw.-tätigkeit,=,true,2024,ergebnis,79868,133
P,020301,false,16,auszahlungen_laufende_verwaltung,Auszahlungen aus lfd. Verw.-tätigkeit,=,true,2025,ansatz,119000,133
P,020301,false,16,auszahlungen_laufende_verwaltung,Auszahlungen aus lfd. Verw.-tätigkeit,=,true,2026,ansatz,172700,133
P,020301,false,16,auszahlungen_laufende_verwaltung,Auszahlungen aus lfd. Verw.-tätigkeit,=,true,2026,ve,0,133
P,020301,false,16,auszahlungen_laufende_verwaltung,Auszahlungen aus lfd. Verw.-tätigkeit,=,true,2027,planung,168500,133
P,020301,false,16,auszahlungen_laufende_verwaltung,Auszahlungen aus lfd. Verw.-tätigkeit,=,true,2028,planung,174500,133
P,020301,false,16,auszahlungen_laufende_verwaltung,Auszahlungen aus lfd. Verw.-tätigkeit,=,true,2029,planung,180800,133
P,020301,false,17,saldo_laufende_verwaltung,Saldo aus lfd. Verw.-tätigkeit,=,true,2024,ergebnis,-73687,133
P,020301,false,17,saldo_laufende_verwaltung,Saldo aus lfd. Verw.-tätigkeit,=,true,2025,ansatz,-112300,133
P,020301,false,17,saldo_laufende_verwaltung,Saldo aus lfd. Verw.-tätigkeit,=,true,2026,ansatz,-166000,133
P,020301,false,17,saldo_laufende_verwaltung,Saldo aus lfd. Verw.-tätigkeit,=,true,2026,ve,0,133
P,020301,false,17,saldo_laufende_verwaltung,Saldo aus lfd. Verw.-tätigkeit,=,true,2027,planung,-161800,133
P,020301,false,17,saldo_laufende_verwaltung,Saldo aus lfd. Verw.-tätigkeit,=,true,2028,planung,-167800,133
P,020301,false,17,saldo_laufende_verwaltung,Saldo aus lfd. Verw.-tätigkeit,=,true,2029,planung,-174100,133
P,020401,false,09,einzahlungen_laufende_verwaltung,Einzahlungen aus lfd. Verw.-tätigkeit,=,true,2024,ergebnis,108065,135
P,020401,false,09,einzahlungen_laufende_verwaltung,Einzahlungen aus lfd. Verw.-tätigkeit,=,true,2025,ansatz,76000,135
P,020401,false,09,einzahlungen_laufende_verwaltung,Einzahlungen aus lfd. Verw.-tätigkeit,=,true,2026,ansatz,91000,135
P,020401,false,09,einzahlungen_laufende_verwaltung,Einzahlungen aus lfd. Verw.-tätigkeit,=,true,2026,ve,0,135
P,020401,false,09,einzahlungen_laufende_verwaltung,Einzahlungen aus lfd. Verw.-tätigkeit,=,true,2027,planung,91000,135
P,020401,false,09,einzahlungen_laufende_verwaltung,Einzahlungen aus lfd. Verw.-tätigkeit,=,true,2028,planung,91000,135
P,020401,false,09,einzahlungen_laufende_verwaltung,Einzahlungen aus lfd. Verw.-tätigkeit,=,true,2029,planung,91000,135
P,020401,false,16,auszahlungen_laufende_verwaltung,Auszahlungen aus lfd. Verw.-tätigkeit,=,true,2024,ergebnis,173313,135
P,020401,false,16,auszahlungen_laufende_verwaltung,Auszahlungen aus lfd. Verw.-tätigkeit,=,true,2025,ansatz,176400,135
P,020401,false,16,auszahlungen_laufende_verwaltung,Auszahlungen aus lfd. Verw.-tätigkeit,=,true,2026,ansatz,177100,135
P,020401,false,16,auszahlungen_laufende_verwaltung,Auszahlungen aus lfd. Verw.-tätigkeit,=,true,2026,ve,0,135
P,020401,false,16,auszahlungen_laufende_verwaltung,Auszahlungen aus lfd. Verw.-tätigkeit,=,true,2027,planung,181100,135
P,020401,false,16,auszahlungen_laufende_verwaltung,Auszahlungen aus lfd. Verw.-tätigkeit,=,true,2028,planung,185300,135
P,020401,false,16,auszahlungen_laufende_verwaltung,Auszahlungen aus lfd. Verw.-tätigkeit,=,true,2029,planung,189700,135
P,020401,false,17,saldo_laufende_verwaltung,Saldo aus lfd. Verw.-tätigkeit,=,true,2024,ergebnis,-65248,135
P,020401,false,17,saldo_laufende_verwaltung,Saldo aus lfd. Verw.-tätigkeit,=,true,2025,ansatz,-100400,135
P,020401,false,17,saldo_laufende_verwaltung,Saldo aus lfd. Verw.-tätigkeit,=,true,2026,ansatz,-86100,135
P,020401,false,17,saldo_laufende_verwaltung,Saldo aus lfd. Verw.-tätigkeit,=,true,2026,ve,0,135
P,020401,false,17,saldo_laufende_verwaltung,Saldo aus lfd. Verw.-tätigkeit,=,true,2027,planung,-90100,135
P,020401,false,17,saldo_laufende_verwaltung,Saldo aus lfd. Verw.-tätigkeit,=,true,2028,planung,-94300,135
P,020401,false,17,saldo_laufende_verwaltung,Saldo aus lfd. Verw.-tätigkeit,=,true,2029,planung,-98700,135
P,020501,false,09,einzahlungen_laufende_verwaltung,Einzahlungen aus lfd. Verw.-tätigkeit,=,true,2024,ergebnis,20339,137
P,020501,false,09,einzahlungen_laufende_verwaltung,Einzahlungen aus lfd. Verw.-tätigkeit,=,true,2025,ansatz,14000,137
P,020501,false,09,einzahlungen_laufende_verwaltung,Einzahlungen aus lfd. Verw.-tätigkeit,=,true,2026,ansatz,14000,137
P,020501,false,09,einzahlungen_laufende_verwaltung,Einzahlungen aus lfd. Verw.-tätigkeit,=,true,2026,ve,0,137
P,020501,false,09,einzahlungen_laufende_verwaltung,Einzahlungen aus lfd. Verw.-tätigkeit,=,true,2027,planung,14000,137
P,020501,false,09,einzahlungen_laufende_verwaltung,Einzahlungen aus lfd. Verw.-tätigkeit,=,true,2028,planung,14000,137
P,020501,false,09,einzahlungen_laufende_verwaltung,Einzahlungen aus lfd. Verw.-tätigkeit,=,true,2029,planung,14000,137
P,020501,false,16,auszahlungen_laufende_verwaltung,Auszahlungen aus lfd. Verw.-tätigkeit,=,true,2024,ergebnis,68796,137
P,020501,false,16,auszahlungen_laufende_verwaltung,Auszahlungen aus lfd. Verw.-tätigkeit,=,true,2025,ansatz,93800,137
P,020501,false,16,auszahlungen_laufende_verwaltung,Auszahlungen aus lfd. Verw.-tätigkeit,=,true,2026,ansatz,88900,137
P,020501,false,16,auszahlungen_laufende_verwaltung,Auszahlungen aus lfd. Verw.-tätigkeit,=,true,2026,ve,0,137
P,020501,false,16,auszahlungen_laufende_verwaltung,Auszahlungen aus lfd. Verw.-tätigkeit,=,true,2027,planung,91100,137
P,020501,false,16,auszahlungen_laufende_verwaltung,Auszahlungen aus lfd. Verw.-tätigkeit,=,true,2028,planung,94300,137
P,020501,false,16,auszahlungen_laufende_verwaltung,Auszahlungen aus lfd. Verw.-tätigkeit,=,true,2029,planung,98400,137
P,020501,false,17,saldo_laufende_verwaltung,Saldo aus lfd. Verw.-tätigkeit,=,true,2024,ergebnis,-48457,137
P,020501,false,17,saldo_laufende_verwaltung,Saldo aus lfd. Verw.-tätigkeit,=,true,2025,ansatz,-79800,137
P,020501,false,17,saldo_laufende_verwaltung,Saldo aus lfd. Verw.-tätigkeit,=,true,2026,ansatz,-74900,137
P,020501,false,17,saldo_laufende_verwaltung,Saldo aus lfd. Verw.-tätigkeit,=,true,2026,ve,0,137
P,020501,false,17,saldo_laufende_verwaltung,Saldo aus lfd. Verw.-tätigkeit,=,true,2027,planung,-77100,137
P,020501,false,17,saldo_laufende_verwaltung,Saldo aus lfd. Verw.-tätigkeit,=,true,2028,planung,-80300,137
P,020501,false,17,saldo_laufende_verwaltung,Saldo aus lfd. Verw.-tätigkeit,=,true,2029,planung,-84400,137
P,020601,false,09,einzahlungen_laufende_verwaltung,Einzahlungen aus lfd. Verw.-tätigkeit,=,true,2024,ergebnis,12827,139
P,020601,false,09,einzahlungen_laufende_verwaltung,Einzahlungen aus lfd. Verw.-tätigkeit,=,true,2025,ansatz,8000,139
P,020601,false,09,einzahlungen_laufende_verwaltung,Einzahlungen aus lfd. Verw.-tätigkeit,=,true,2026,ansatz,0,139
P,020601,false,09,einzahlungen_laufende_verwaltung,Einzahlungen aus lfd. Verw.-tätigkeit,=,true,2026,ve,0,139
P,020601,false,09,einzahlungen_laufende_verwaltung,Einzahlungen aus lfd. Verw.-tätigkeit,=,true,2027,planung,10000,139
P,020601,false,09,einzahlungen_laufende_verwaltung,Einzahlungen aus lfd. Verw.-tätigkeit,=,true,2028,planung,0,139
P,020601,false,09,einzahlungen_laufende_verwaltung,Einzahlungen aus lfd. Verw.-tätigkeit,=,true,2029,planung,20000,139
P,020601,false,16,auszahlungen_laufende_verwaltung,Auszahlungen aus lfd. Verw.-tätigkeit,=,true,2024,ergebnis,31887,139
P,020601,false,16,auszahlungen_laufende_verwaltung,Auszahlungen aus lfd. Verw.-tätigkeit,=,true,2025,ansatz,47700,139
P,020601,false,16,auszahlungen_laufende_verwaltung,Auszahlungen aus lfd. Verw.-tätigkeit,=,true,2026,ansatz,21100,139
P,020601,false,16,auszahlungen_laufende_verwaltung,Auszahlungen aus lfd. Verw.-tätigkeit,=,true,2026,ve,0,139
P,020601,false,16,auszahlungen_laufende_verwaltung,Auszahlungen aus lfd. Verw.-tätigkeit,=,true,2027,planung,30400,139
P,020601,false,16,auszahlungen_laufende_verwaltung,Auszahlungen aus lfd. Verw.-tätigkeit,=,true,2028,planung,22700,139
P,020601,false,16,auszahlungen_laufende_verwaltung,Auszahlungen aus lfd. Verw.-tätigkeit,=,true,2029,planung,44000,139
P,020601,false,17,saldo_laufende_verwaltung,Saldo aus lfd. Verw.-tätigkeit,=,true,2024,ergebnis,-19060,139
P,020601,false,17,saldo_laufende_verwaltung,Saldo aus lfd. Verw.-tätigkeit,=,true,2025,ansatz,-39700,139
P,020601,false,17,saldo_laufende_verwaltung,Saldo aus lfd. Verw.-tätigkeit,=,true,2026,ansatz,-21100,139
P,020601,false,17,saldo_laufende_verwaltung,Saldo aus lfd. Verw.-tätigkeit,=,true,2026,ve,0,139
P,020601,false,17,saldo_laufende_verwaltung,Saldo aus lfd. Verw.-tätigkeit,=,true,2027,planung,-20400,139
P,020601,false,17,saldo_laufende_verwaltung,Saldo aus lfd. Verw.-tätigkeit,=,true,2028,planung,-22700,139
P,020601,false,17,saldo_laufende_verwaltung,Saldo aus lfd. Verw.-tätigkeit,=,true,2029,planung,-24000,139
P,020701,false,09,einzahlungen_laufende_verwaltung,Einzahlungen aus lfd. Verw.-tätigkeit,=,true,2024,ergebnis,4619,142
P,020701,false,09,einzahlungen_laufende_verwaltung,Einzahlungen aus lfd. Verw.-tätigkeit,=,true,2025,ansatz,8700,142
P,020701,false,09,einzahlungen_laufende_verwaltung,Einzahlungen aus lfd. Verw.-tätigkeit,=,true,2026,ansatz,8700,142
P,020701,false,09,einzahlungen_laufende_verwaltung,Einzahlungen aus lfd. Verw.-tätigkeit,=,true,2026,ve,0,142
P,020701,false,09,einzahlungen_laufende_verwaltung,Einzahlungen aus lfd. Verw.-tätigkeit,=,true,2027,planung,8700,142
P,020701,false,09,einzahlungen_laufende_verwaltung,Einzahlungen aus lfd. Verw.-tätigkeit,=,true,2028,planung,8700,142
P,020701,false,09,einzahlungen_laufende_verwaltung,Einzahlungen aus lfd. Verw.-tätigkeit,=,true,2029,planung,8700,142
P,020701,false,16,auszahlungen_laufende_verwaltung,Auszahlungen aus lfd. Verw.-tätigkeit,=,true,2024,ergebnis,364226,142
P,020701,false,16,auszahlungen_laufende_verwaltung,Auszahlungen aus lfd. Verw.-tätigkeit,=,true,2025,ansatz,479651,142
P,020701,false,16,auszahlungen_laufende_verwaltung,Auszahlungen aus lfd. Verw.-tätigkeit,=,true,2026,ansatz,456092,142
P,020701,false,16,auszahlungen_laufende_verwaltung,Auszahlungen aus lfd. Verw.-tätigkeit,=,true,2026,ve,0,142
P,020701,false,16,auszahlungen_laufende_verwaltung,Auszahlungen aus lfd. Verw.-tätigkeit,=,true,2027,planung,424791,142
P,020701,false,16,auszahlungen_laufende_verwaltung,Auszahlungen aus lfd. Verw.-tätigkeit,=,true,2028,planung,427775,142
P,020701,false,16,auszahlungen_laufende_verwaltung,Auszahlungen aus lfd. Verw.-tätigkeit,=,true,2029,planung,431676,142
P,020701,false,17,saldo_laufende_verwaltung,Saldo aus lfd. Verw.-tätigkeit,=,true,2024,ergebnis,-359607,142
P,020701,false,17,saldo_laufende_verwaltung,Saldo aus lfd. Verw.-tätigkeit,=,true,2025,ansatz,-470951,142
P,020701,false,17,saldo_laufende_verwaltung,Saldo aus lfd. Verw.-tätigkeit,=,true,2026,ansatz,-447392,142
P,020701,false,17,saldo_laufende_verwaltung,Saldo aus lfd. Verw.-tätigkeit,=,true,2026,ve,0,142
P,020701,false,17,saldo_laufende_verwaltung,Saldo aus lfd. Verw.-tätigkeit,=,true,2027,planung,-416091,142
P,020701,false,17,saldo_laufende_verwaltung,Saldo aus lfd. Verw.-tätigkeit,=,true,2028,planung,-419075,142
P,020701,false,17,saldo_laufende_verwaltung,Saldo aus lfd. Verw.-tätigkeit,=,true,2029,planung,-422976,142
P,020701,false,18,investitionszuwendungen,Zuwendungen für Investitionsmaßnahmen,+,false,2024,ergebnis,77854,142
P,020701,false,18,investitionszuwendungen,Zuwendungen für Investitionsmaßnahmen,+,false,2025,ansatz,68000,142
P,020701,false,18,investitionszuwendungen,Zuwendungen für Investitionsmaßnahmen,+,false,2026,ansatz,68000,142
P,020701,false,18,investitionszuwendungen,Zuwendungen für Investitionsmaßnahmen,+,false,2026,ve,0,142
P,020701,false,18,investitionszuwendungen,Zuwendungen für Investitionsmaßnahmen,+,false,2027,planung,318000,142
P,020701,false,18,investitionszuwendungen,Zuwendungen für Investitionsmaßnahmen,+,false,2028,planung,68000,142
P,020701,false,18,investitionszuwendungen,Zuwendungen für Investitionsmaßnahmen,+,false,2029,planung,0,142
P,020701,false,19,veraeusserung_sachanlagen,Einz. aus Veräußerung v. Sachanlagen,+,false,2024,ergebnis,29016,142
P,020701,false,19,veraeusserung_sachanlagen,Einz. aus Veräußerung v. Sachanlagen,+,false,2025,ansatz,0,142
P,020701,false,19,veraeusserung_sachanlagen,Einz. aus Veräußerung v. Sachanlagen,+,false,2026,ansatz,0,142
P,020701,false,19,veraeusserung_sachanlagen,Einz. aus Veräußerung v. Sachanlagen,+,false,2026,ve,0,142
P,020701,false,19,veraeusserung_sachanlagen,Einz. aus Veräußerung v. Sachanlagen,+,false,2027,planung,0,142
P,020701,false,19,veraeusserung_sachanlagen,Einz. aus Veräußerung v. Sachanlagen,+,false,2028,planung,0,142
P,020701,false,19,veraeusserung_sachanlagen,Einz. aus Veräußerung v. Sachanlagen,+,false,2029,planung,0,142
P,020701,false,23,einzahlungen_investitionen,Einzahlungen aus Investitionstätigkeit,=,true,2024,ergebnis,106870,142
P,020701,false,23,einzahlungen_investitionen,Einzahlungen aus Investitionstätigkeit,=,true,2025,ansatz,68000,142
P,020701,false,23,einzahlungen_investitionen,Einzahlungen aus Investitionstätigkeit,=,true,2026,ansatz,68000,142
P,020701,false,23,einzahlungen_investitionen,Einzahlungen aus Investitionstätigkeit,=,true,2026,ve,0,142
P,020701,false,23,einzahlungen_investitionen,Einzahlungen aus Investitionstätigkeit,=,true,2027,planung,318000,142
P,020701,false,23,einzahlungen_investitionen,Einzahlungen aus Investitionstätigkeit,=,true,2028,planung,68000,142
P,020701,false,23,einzahlungen_investitionen,Einzahlungen aus Investitionstätigkeit,=,true,2029,planung,0,142
P,020701,false,24,erwerb_grundstuecke_gebaeude,Ausz. f. Erwerb von Grundst. u. Gebäuden,-,false,2024,ergebnis,0,142
P,020701,false,24,erwerb_grundstuecke_gebaeude,Ausz. f. Erwerb von Grundst. u. Gebäuden,-,false,2025,ansatz,175000,142
P,020701,false,24,erwerb_grundstuecke_gebaeude,Ausz. f. Erwerb von Grundst. u. Gebäuden,-,false,2026,ansatz,0,142
P,020701,false,24,erwerb_grundstuecke_gebaeude,Ausz. f. Erwerb von Grundst. u. Gebäuden,-,false,2026,ve,0,142
P,020701,false,24,erwerb_grundstuecke_gebaeude,Ausz. f. Erwerb von Grundst. u. Gebäuden,-,false,2027,planung,0,142
P,020701,false,24,erwerb_grundstuecke_gebaeude,Ausz. f. Erwerb von Grundst. u. Gebäuden,-,false,2028,planung,0,142
P,020701,false,24,erwerb_grundstuecke_gebaeude,Ausz. f. Erwerb von Grundst. u. Gebäuden,-,false,2029,planung,0,142
P,020701,false,25,baumassnahmen,Ausz. f. Baumaßnahmen,-,false,2024,ergebnis,210330,142
P,020701,false,25,baumassnahmen,Ausz. f. Baumaßnahmen,-,false,2025,ansatz,100000,142
P,020701,false,25,baumassnahmen,Ausz. f. Baumaßnahmen,-,false,2026,ansatz,120000,142
P,020701,false,25,baumassnahmen,Ausz. f. Baumaßnahmen,-,false,2026,ve,3200000,142
P,020701,false,25,baumassnahmen,Ausz. f. Baumaßnahmen,-,false,2027,planung,2000000,142
P,020701,false,25,baumassnahmen,Ausz. f. Baumaßnahmen,-,false,2028,planung,1200000,142
P,020701,false,25,baumassnahmen,Ausz. f. Baumaßnahmen,-,false,2029,planung,0,142
P,020701,false,26,erwerb_bewegliches_anlagevermoegen,Ausz. f. Erwerb von bewegl. Anlagevermögen,-,false,2024,ergebnis,42874,142
P,020701,false,26,erwerb_bewegliches_anlagevermoegen,Ausz. f. Erwerb von bewegl. Anlagevermögen,-,false,2025,ansatz,494400,142
P,020701,false,26,erwerb_bewegliches_anlagevermoegen,Ausz. f. Erwerb von bewegl. Anlagevermögen,-,false,2026,ansatz,354000,142
P,020701,false,26,erwerb_bewegliches_anlagevermoegen,Ausz. f. Erwerb von bewegl. Anlagevermögen,-,false,2026,ve,0,142
P,020701,false,26,erwerb_bewegliches_anlagevermoegen,Ausz. f. Erwerb von bewegl. Anlagevermögen,-,false,2027,planung,324000,142
P,020701,false,26,erwerb_bewegliches_anlagevermoegen,Ausz. f. Erwerb von bewegl. Anlagevermögen,-,false,2028,planung,324000,142
P,020701,false,26,erwerb_bewegliches_anlagevermoegen,Ausz. f. Erwerb von bewegl. Anlagevermögen,-,false,2029,planung,224000,142
P,020701,false,28,aktivierbare_zuwendungen,Ausz. f. aktivierbaren Zuwendungen,-,false,2024,ergebnis,0,142
P,020701,false,28,aktivierbare_zuwendungen,Ausz. f. aktivierbaren Zuwendungen,-,false,2025,ansatz,0,142
P,020701,false,28,aktivierbare_zuwendungen,Ausz. f. aktivierbaren Zuwendungen,-,false,2026,ansatz,140000,142
P,020701,false,28,aktivierbare_zuwendungen,Ausz. f. aktivierbaren Zuwendungen,-,false,2026,ve,0,142
P,020701,false,28,aktivierbare_zuwendungen,Ausz. f. aktivierbaren Zuwendungen,-,false,2027,planung,0,142
P,020701,false,28,aktivierbare_zuwendungen,Ausz. f. aktivierbaren Zuwendungen,-,false,2028,planung,0,142
P,020701,false,28,aktivierbare_zuwendungen,Ausz. f. aktivierbaren Zuwendungen,-,false,2029,planung,0,142
P,020701,false,30,auszahlungen_investitionen,Auszahlungen aus Investitionstätigkeit,=,true,2024,ergebnis,253204,142
P,020701,false,30,auszahlungen_investitionen,Auszahlungen aus Investitionstätigkeit,=,true,2025,ansatz,769400,142
P,020701,false,30,auszahlungen_investitionen,Auszahlungen aus Investitionstätigkeit,=,true,2026,ansatz,614000,142
P,020701,false,30,auszahlungen_investitionen,Auszahlungen aus Investitionstätigkeit,=,true,2026,ve,3200000,142
P,020701,false,30,auszahlungen_investitionen,Auszahlungen aus Investitionstätigkeit,=,true,2027,planung,2324000,142
P,020701,false,30,auszahlungen_investitionen,Auszahlungen aus Investitionstätigkeit,=,true,2028,planung,1524000,142
P,020701,false,30,auszahlungen_investitionen,Auszahlungen aus Investitionstätigkeit,=,true,2029,planung,224000,142
P,020701,false,31,saldo_investitionen,Saldo aus Investitionstätigkeit,=,true,2024,ergebnis,-146333,142
P,020701,false,31,saldo_investitionen,Saldo aus Investitionstätigkeit,=,true,2025,ansatz,-701400,142
P,020701,false,31,saldo_investitionen,Saldo aus Investitionstätigkeit,=,true,2026,ansatz,-546000,142
P,020701,false,31,saldo_investitionen,Saldo aus Investitionstätigkeit,=,true,2026,ve,-3200000,142
P,020701,false,31,saldo_investitionen,Saldo aus Investitionstätigkeit,=,true,2027,planung,-2006000,142
P,020701,false,31,saldo_investitionen,Saldo aus Investitionstätigkeit,=,true,2028,planung,-1456000,142
P,020701,false,31,saldo_investitionen,Saldo aus Investitionstätigkeit,=,true,2029,planung,-224000,142
P,030101,false,09,einzahlungen_laufende_verwaltung,Einzahlungen aus lfd. Verw.-tätigkeit,=,true,2024,ergebnis,23861,152
P,030101,false,09,einzahlungen_laufende_verwaltung,Einzahlungen aus lfd. Verw.-tätigkeit,=,true,2025,ansatz,61800,152
P,030101,false,09,einzahlungen_laufende_verwaltung,Einzahlungen aus lfd. Verw.-tätigkeit,=,true,2026,ansatz,136400,152
P,030101,false,09,einzahlungen_laufende_verwaltung,Einzahlungen aus lfd. Verw.-tätigkeit,=,true,2026,ve,0,152
P,030101,false,09,einzahlungen_laufende_verwaltung,Einzahlungen aus lfd. Verw.-tätigkeit,=,true,2027,planung,126400,152
P,030101,false,09,einzahlungen_laufende_verwaltung,Einzahlungen aus lfd. Verw.-tätigkeit,=,true,2028,planung,126400,152
P,030101,false,09,einzahlungen_laufende_verwaltung,Einzahlungen aus lfd. Verw.-tätigkeit,=,true,2029,planung,126400,152
P,030101,false,16,auszahlungen_laufende_verwaltung,Auszahlungen aus lfd. Verw.-tätigkeit,=,true,2024,ergebnis,522740,152
P,030101,false,16,auszahlungen_laufende_verwaltung,Auszahlungen aus lfd. Verw.-tätigkeit,=,true,2025,ansatz,614300,152
P,030101,false,16,auszahlungen_laufende_verwaltung,Auszahlungen aus lfd. Verw.-tätigkeit,=,true,2026,ansatz,569400,152
P,030101,false,16,auszahlungen_laufende_verwaltung,Auszahlungen aus lfd. Verw.-tätigkeit,=,true,2026,ve,0,152
P,030101,false,16,auszahlungen_laufende_verwaltung,Auszahlungen aus lfd. Verw.-tätigkeit,=,true,2027,planung,564800,152
P,030101,false,16,auszahlungen_laufende_verwaltung,Auszahlungen aus lfd. Verw.-tätigkeit,=,true,2028,planung,574400,152
P,030101,false,16,auszahlungen_laufende_verwaltung,Auszahlungen aus lfd. Verw.-tätigkeit,=,true,2029,planung,577440,152
P,030101,false,17,saldo_laufende_verwaltung,Saldo aus lfd. Verw.-tätigkeit,=,true,2024,ergebnis,-498879,152
P,030101,false,17,saldo_laufende_verwaltung,Saldo aus lfd. Verw.-tätigkeit,=,true,2025,ansatz,-552500,152
P,030101,false,17,saldo_laufende_verwaltung,Saldo aus lfd. Verw.-tätigkeit,=,true,2026,ansatz,-433000,152
P,030101,false,17,saldo_laufende_verwaltung,Saldo aus lfd. Verw.-tätigkeit,=,true,2026,ve,0,152
P,030101,false,17,saldo_laufende_verwaltung,Saldo aus lfd. Verw.-tätigkeit,=,true,2027,planung,-438400,152
P,030101,false,17,saldo_laufende_verwaltung,Saldo aus lfd. Verw.-tätigkeit,=,true,2028,planung,-448000,152
P,030101,false,17,saldo_laufende_verwaltung,Saldo aus lfd. Verw.-tätigkeit,=,true,2029,planung,-451040,152
P,030101,false,18,investitionszuwendungen,Zuwendungen für Investitionsmaßnahmen,+,false,2024,ergebnis,4818,152
P,030101,false,18,investitionszuwendungen,Zuwendungen für Investitionsmaßnahmen,+,false,2025,ansatz,0,152
P,030101,false,18,investitionszuwendungen,Zuwendungen für Investitionsmaßnahmen,+,false,2026,ansatz,0,152
P,030101,false,18,investitionszuwendungen,Zuwendungen für Investitionsmaßnahmen,+,false,2026,ve,0,152
P,030101,false,18,investitionszuwendungen,Zuwendungen für Investitionsmaßnahmen,+,false,2027,planung,0,152
P,030101,false,18,investitionszuwendungen,Zuwendungen für Investitionsmaßnahmen,+,false,2028,planung,0,152
P,030101,false,18,investitionszuwendungen,Zuwendungen für Investitionsmaßnahmen,+,false,2029,planung,0,152
P,030101,false,23,einzahlungen_investitionen,Einzahlungen aus Investitionstätigkeit,=,true,2024,ergebnis,4818,152
P,030101,false,23,einzahlungen_investitionen,Einzahlungen aus Investitionstätigkeit,=,true,2025,ansatz,0,152
P,030101,false,23,einzahlungen_investitionen,Einzahlungen aus Investitionstätigkeit,=,true,2026,ansatz,0,152
P,030101,false,23,einzahlungen_investitionen,Einzahlungen aus Investitionstätigkeit,=,true,2026,ve,0,152
P,030101,false,23,einzahlungen_investitionen,Einzahlungen aus Investitionstätigkeit,=,true,2027,planung,0,152
P,030101,false,23,einzahlungen_investitionen,Einzahlungen aus Investitionstätigkeit,=,true,2028,planung,0,152
P,030101,false,23,einzahlungen_investitionen,Einzahlungen aus Investitionstätigkeit,=,true,2029,planung,0,152
P,030101,false,25,baumassnahmen,Ausz. f. Baumaßnahmen,-,false,2024,ergebnis,5224,152
P,030101,false,25,baumassnahmen,Ausz. f. Baumaßnahmen,-,false,2025,ansatz,1885000,152
P,030101,false,25,baumassnahmen,Ausz. f. Baumaßnahmen,-,false,2026,ansatz,2000000,152
P,030101,false,25,baumassnahmen,Ausz. f. Baumaßnahmen,-,false,2026,ve,2000000,152
P,030101,false,25,baumassnahmen,Ausz. f. Baumaßnahmen,-,false,2027,planung,2000000,152
P,030101,false,25,baumassnahmen,Ausz. f. Baumaßnahmen,-,false,2028,planung,0,152
P,030101,false,25,baumassnahmen,Ausz. f. Baumaßnahmen,-,false,2029,planung,0,152
P,030101,false,26,erwerb_bewegliches_anlagevermoegen,Ausz. f. Erwerb von bewegl. Anlagevermögen,-,false,2024,ergebnis,12852,153
P,030101,false,26,erwerb_bewegliches_anlagevermoegen,Ausz. f. Erwerb von bewegl. Anlagevermögen,-,false,2025,ansatz,2000,153
P,030101,false,26,erwerb_bewegliches_anlagevermoegen,Ausz. f. Erwerb von bewegl. Anlagevermögen,-,false,2026,ansatz,2000,153
P,030101,false,26,erwerb_bewegliches_anlagevermoegen,Ausz. f. Erwerb von bewegl. Anlagevermögen,-,false,2026,ve,0,153
P,030101,false,26,erwerb_bewegliches_anlagevermoegen,Ausz. f. Erwerb von bewegl. Anlagevermögen,-,false,2027,planung,2000,153
P,030101,false,26,erwerb_bewegliches_anlagevermoegen,Ausz. f. Erwerb von bewegl. Anlagevermögen,-,false,2028,planung,2000,153
P,030101,false,26,erwerb_bewegliches_anlagevermoegen,Ausz. f. Erwerb von bewegl. Anlagevermögen,-,false,2029,planung,2000,153
P,030101,false,30,auszahlungen_investitionen,Auszahlungen aus Investitionstätigkeit,=,true,2024,ergebnis,18076,153
P,030101,false,30,auszahlungen_investitionen,Auszahlungen aus Investitionstätigkeit,=,true,2025,ansatz,1887000,153
P,030101,false,30,auszahlungen_investitionen,Auszahlungen aus Investitionstätigkeit,=,true,2026,ansatz,2002000,153
P,030101,false,30,auszahlungen_investitionen,Auszahlungen aus Investitionstätigkeit,=,true,2026,ve,2000000,153
P,030101,false,30,auszahlungen_investitionen,Auszahlungen aus Investitionstätigkeit,=,true,2027,planung,2002000,153
P,030101,false,30,auszahlungen_investitionen,Auszahlungen aus Investitionstätigkeit,=,true,2028,planung,2000,153
P,030101,false,30,auszahlungen_investitionen,Auszahlungen aus Investitionstätigkeit,=,true,2029,planung,2000,153
P,030101,false,31,saldo_investitionen,Saldo aus Investitionstätigkeit,=,true,2024,ergebnis,-13258,153
P,030101,false,31,saldo_investitionen,Saldo aus Investitionstätigkeit,=,true,2025,ansatz,-1887000,153
P,030101,false,31,saldo_investitionen,Saldo aus Investitionstätigkeit,=,true,2026,ansatz,-2002000,153
P,030101,false,31,saldo_investitionen,Saldo aus Investitionstätigkeit,=,true,2026,ve,-2000000,153
P,030101,false,31,saldo_investitionen,Saldo aus Investitionstätigkeit,=,true,2027,planung,-2002000,153
P,030101,false,31,saldo_investitionen,Saldo aus Investitionstätigkeit,=,true,2028,planung,-2000,153
P,030101,false,31,saldo_investitionen,Saldo aus Investitionstätigkeit,=,true,2029,planung,-2000,153
P,030102,false,09,einzahlungen_laufende_verwaltung,Einzahlungen aus lfd. Verw.-tätigkeit,=,true,2024,ergebnis,10543,156
P,030102,false,09,einzahlungen_laufende_verwaltung,Einzahlungen aus lfd. Verw.-tätigkeit,=,true,2025,ansatz,28100,156
P,030102,false,09,einzahlungen_laufende_verwaltung,Einzahlungen aus lfd. Verw.-tätigkeit,=,true,2026,ansatz,71800,156
P,030102,false,09,einzahlungen_laufende_verwaltung,Einzahlungen aus lfd. Verw.-tätigkeit,=,true,2026,ve,0,156
P,030102,false,09,einzahlungen_laufende_verwaltung,Einzahlungen aus lfd. Verw.-tätigkeit,=,true,2027,planung,102300,156
P,030102,false,09,einzahlungen_laufende_verwaltung,Einzahlungen aus lfd. Verw.-tätigkeit,=,true,2028,planung,102300,156
P,030102,false,09,einzahlungen_laufende_verwaltung,Einzahlungen aus lfd. Verw.-tätigkeit,=,true,2029,planung,102300,156
P,030102,false,16,auszahlungen_laufende_verwaltung,Auszahlungen aus lfd. Verw.-tätigkeit,=,true,2024,ergebnis,293208,156
P,030102,false,16,auszahlungen_laufende_verwaltung,Auszahlungen aus lfd. Verw.-tätigkeit,=,true,2025,ansatz,440250,156
P,030102,false,16,auszahlungen_laufende_verwaltung,Auszahlungen aus lfd. Verw.-tätigkeit,=,true,2026,ansatz,421900,156
P,030102,false,16,auszahlungen_laufende_verwaltung,Auszahlungen aus lfd. Verw.-tätigkeit,=,true,2026,ve,0,156
P,030102,false,16,auszahlungen_laufende_verwaltung,Auszahlungen aus lfd. Verw.-tätigkeit,=,true,2027,planung,418200,156
P,030102,false,16,auszahlungen_laufende_verwaltung,Auszahlungen aus lfd. Verw.-tätigkeit,=,true,2028,planung,425500,156
P,030102,false,16,auszahlungen_laufende_verwaltung,Auszahlungen aus lfd. Verw.-tätigkeit,=,true,2029,planung,432000,156
P,030102,false,17,saldo_laufende_verwaltung,Saldo aus lfd. Verw.-tätigkeit,=,true,2024,ergebnis,-282665,156
P,030102,false,17,saldo_laufende_verwaltung,Saldo aus lfd. Verw.-tätigkeit,=,true,2025,ansatz,-412150,156
P,030102,false,17,saldo_laufende_verwaltung,Saldo aus lfd. Verw.-tätigkeit,=,true,2026,ansatz,-350100,156
P,030102,false,17,saldo_laufende_verwaltung,Saldo aus lfd. Verw.-tätigkeit,=,true,2026,ve,0,156
P,030102,false,17,saldo_laufende_verwaltung,Saldo aus lfd. Verw.-tätigkeit,=,true,2027,planung,-315900,156
P,030102,false,17,saldo_laufende_verwaltung,Saldo aus lfd. Verw.-tätigkeit,=,true,2028,planung,-323200,156
P,030102,false,17,saldo_laufende_verwaltung,Saldo aus lfd. Verw.-tätigkeit,=,true,2029,planung,-329700,156
P,030102,false,18,investitionszuwendungen,Zuwendungen für Investitionsmaßnahmen,+,false,2024,ergebnis,36444,156
P,030102,false,18,investitionszuwendungen,Zuwendungen für Investitionsmaßnahmen,+,false,2025,ansatz,0,156
P,030102,false,18,investitionszuwendungen,Zuwendungen für Investitionsmaßnahmen,+,false,2026,ansatz,0,156
P,030102,false,18,investitionszuwendungen,Zuwendungen für Investitionsmaßnahmen,+,false,2026,ve,0,156
P,030102,false,18,investitionszuwendungen,Zuwendungen für Investitionsmaßnahmen,+,false,2027,planung,0,156
P,030102,false,18,investitionszuwendungen,Zuwendungen für Investitionsmaßnahmen,+,false,2028,planung,0,156
P,030102,false,18,investitionszuwendungen,Zuwendungen für Investitionsmaßnahmen,+,false,2029,planung,0,156
P,030102,false,23,einzahlungen_investitionen,Einzahlungen aus Investitionstätigkeit,=,true,2024,ergebnis,36444,156
P,030102,false,23,einzahlungen_investitionen,Einzahlungen aus Investitionstätigkeit,=,true,2025,ansatz,0,156
P,030102,false,23,einzahlungen_investitionen,Einzahlungen aus Investitionstätigkeit,=,true,2026,ansatz,0,156
P,030102,false,23,einzahlungen_investitionen,Einzahlungen aus Investitionstätigkeit,=,true,2026,ve,0,156
P,030102,false,23,einzahlungen_investitionen,Einzahlungen aus Investitionstätigkeit,=,true,2027,planung,0,156
P,030102,false,23,einzahlungen_investitionen,Einzahlungen aus Investitionstätigkeit,=,true,2028,planung,0,156
P,030102,false,23,einzahlungen_investitionen,Einzahlungen aus Investitionstätigkeit,=,true,2029,planung,0,156
P,030102,false,25,baumassnahmen,Ausz. f. Baumaßnahmen,-,false,2024,ergebnis,8593,156
P,030102,false,25,baumassnahmen,Ausz. f. Baumaßnahmen,-,false,2025,ansatz,1500000,156
P,030102,false,25,baumassnahmen,Ausz. f. Baumaßnahmen,-,false,2026,ansatz,1700000,156
P,030102,false,25,baumassnahmen,Ausz. f. Baumaßnahmen,-,false,2026,ve,1700000,156
P,030102,false,25,baumassnahmen,Ausz. f. Baumaßnahmen,-,false,2027,planung,1700000,156
P,030102,false,25,baumassnahmen,Ausz. f. Baumaßnahmen,-,false,2028,planung,0,156
P,030102,false,25,baumassnahmen,Ausz. f. Baumaßnahmen,-,false,2029,planung,0,156
P,030102,false,26,erwerb_bewegliches_anlagevermoegen,Ausz. f. Erwerb von bewegl. Anlagevermögen,-,false,2024,ergebnis,6116,156
P,030102,false,26,erwerb_bewegliches_anlagevermoegen,Ausz. f. Erwerb von bewegl. Anlagevermögen,-,false,2025,ansatz,1000,156
P,030102,false,26,erwerb_bewegliches_anlagevermoegen,Ausz. f. Erwerb von bewegl. Anlagevermögen,-,false,2026,ansatz,1600,156
P,030102,false,26,erwerb_bewegliches_anlagevermoegen,Ausz. f. Erwerb von bewegl. Anlagevermögen,-,false,2026,ve,0,156
P,030102,false,26,erwerb_bewegliches_anlagevermoegen,Ausz. f. Erwerb von bewegl. Anlagevermögen,-,false,2027,planung,1600,156
P,030102,false,26,erwerb_bewegliches_anlagevermoegen,Ausz. f. Erwerb von bewegl. Anlagevermögen,-,false,2028,planung,1600,156
P,030102,false,26,erwerb_bewegliches_anlagevermoegen,Ausz. f. Erwerb von bewegl. Anlagevermögen,-,false,2029,planung,1600,156
P,030102,false,30,auszahlungen_investitionen,Auszahlungen aus Investitionstätigkeit,=,true,2024,ergebnis,14709,156
P,030102,false,30,auszahlungen_investitionen,Auszahlungen aus Investitionstätigkeit,=,true,2025,ansatz,1501000,156
P,030102,false,30,auszahlungen_investitionen,Auszahlungen aus Investitionstätigkeit,=,true,2026,ansatz,1701600,156
P,030102,false,30,auszahlungen_investitionen,Auszahlungen aus Investitionstätigkeit,=,true,2026,ve,1700000,156
P,030102,false,30,auszahlungen_investitionen,Auszahlungen aus Investitionstätigkeit,=,true,2027,planung,1701600,156
P,030102,false,30,auszahlungen_investitionen,Auszahlungen aus Investitionstätigkeit,=,true,2028,planung,1600,156
P,030102,false,30,auszahlungen_investitionen,Auszahlungen aus Investitionstätigkeit,=,true,2029,planung,1600,156
P,030102,false,31,saldo_investitionen,Saldo aus Investitionstätigkeit,=,true,2024,ergebnis,21736,157
P,030102,false,31,saldo_investitionen,Saldo aus Investitionstätigkeit,=,true,2025,ansatz,-1501000,157
P,030102,false,31,saldo_investitionen,Saldo aus Investitionstätigkeit,=,true,2026,ansatz,-1701600,157
P,030102,false,31,saldo_investitionen,Saldo aus Investitionstätigkeit,=,true,2026,ve,-1700000,157
P,030102,false,31,saldo_investitionen,Saldo aus Investitionstätigkeit,=,true,2027,planung,-1701600,157
P,030102,false,31,saldo_investitionen,Saldo aus Investitionstätigkeit,=,true,2028,planung,-1600,157
P,030102,false,31,saldo_investitionen,Saldo aus Investitionstätigkeit,=,true,2029,planung,-1600,157
P,030103,false,09,einzahlungen_laufende_verwaltung,Einzahlungen aus lfd. Verw.-tätigkeit,=,true,2024,ergebnis,21552,159
P,030103,false,09,einzahlungen_laufende_verwaltung,Einzahlungen aus lfd. Verw.-tätigkeit,=,true,2025,ansatz,72150,159
P,030103,false,09,einzahlungen_laufende_verwaltung,Einzahlungen aus lfd. Verw.-tätigkeit,=,true,2026,ansatz,318350,159
P,030103,false,09,einzahlungen_laufende_verwaltung,Einzahlungen aus lfd. Verw.-tätigkeit,=,true,2026,ve,0,159
P,030103,false,09,einzahlungen_laufende_verwaltung,Einzahlungen aus lfd. Verw.-tätigkeit,=,true,2027,planung,241350,159
P,030103,false,09,einzahlungen_laufende_verwaltung,Einzahlungen aus lfd. Verw.-tätigkeit,=,true,2028,planung,241350,159
P,030103,false,09,einzahlungen_laufende_verwaltung,Einzahlungen aus lfd. Verw.-tätigkeit,=,true,2029,planung,241350,159
P,030103,false,16,auszahlungen_laufende_verwaltung,Auszahlungen aus lfd. Verw.-tätigkeit,=,true,2024,ergebnis,810728,159
P,030103,false,16,auszahlungen_laufende_verwaltung,Auszahlungen aus lfd. Verw.-tätigkeit,=,true,2025,ansatz,884850,159
P,030103,false,16,auszahlungen_laufende_verwaltung,Auszahlungen aus lfd. Verw.-tätigkeit,=,true,2026,ansatz,1030800,159
P,030103,false,16,auszahlungen_laufende_verwaltung,Auszahlungen aus lfd. Verw.-tätigkeit,=,true,2026,ve,0,159
P,030103,false,16,auszahlungen_laufende_verwaltung,Auszahlungen aus lfd. Verw.-tätigkeit,=,true,2027,planung,869800,159
P,030103,false,16,auszahlungen_laufende_verwaltung,Auszahlungen aus lfd. Verw.-tätigkeit,=,true,2028,planung,882800,159
P,030103,false,16,auszahlungen_laufende_verwaltung,Auszahlungen aus lfd. Verw.-tätigkeit,=,true,2029,planung,879500,159
P,030103,false,17,saldo_laufende_verwaltung,Saldo aus lfd. Verw.-tätigkeit,=,true,2024,ergebnis,-789176,159
P,030103,false,17,saldo_laufende_verwaltung,Saldo aus lfd. Verw.-tätigkeit,=,true,2025,ansatz,-812700,159
P,030103,false,17,saldo_laufende_verwaltung,Saldo aus lfd. Verw.-tätigkeit,=,true,2026,ansatz,-712450,159
P,030103,false,17,saldo_laufende_verwaltung,Saldo aus lfd. Verw.-tätigkeit,=,true,2026,ve,0,159
P,030103,false,17,saldo_laufende_verwaltung,Saldo aus lfd. Verw.-tätigkeit,=,true,2027,planung,-628450,159
P,030103,false,17,saldo_laufende_verwaltung,Saldo aus lfd. Verw.-tätigkeit,=,true,2028,planung,-641450,159
P,030103,false,17,saldo_laufende_verwaltung,Saldo aus lfd. Verw.-tätigkeit,=,true,2029,planung,-638150,159
P,030103,false,18,investitionszuwendungen,Zuwendungen für Investitionsmaßnahmen,+,false,2024,ergebnis,14969,159
P,030103,false,18,investitionszuwendungen,Zuwendungen für Investitionsmaßnahmen,+,false,2025,ansatz,123000,159
P,030103,false,18,investitionszuwendungen,Zuwendungen für Investitionsmaßnahmen,+,false,2026,ansatz,119000,159
P,030103,false,18,investitionszuwendungen,Zuwendungen für Investitionsmaßnahmen,+,false,2026,ve,0,159
P,030103,false,18,investitionszuwendungen,Zuwendungen für Investitionsmaßnahmen,+,false,2027,planung,0,159
P,030103,false,18,investitionszuwendungen,Zuwendungen für Investitionsmaßnahmen,+,false,2028,planung,0,159
P,030103,false,18,investitionszuwendungen,Zuwendungen für Investitionsmaßnahmen,+,false,2029,planung,0,159
P,030103,false,19,veraeusserung_sachanlagen,Einz. aus Veräußerung v. Sachanlagen,+,false,2024,ergebnis,3000,159
P,030103,false,19,veraeusserung_sachanlagen,Einz. aus Veräußerung v. Sachanlagen,+,false,2025,ansatz,0,159
P,030103,false,19,veraeusserung_sachanlagen,Einz. aus Veräußerung v. Sachanlagen,+,false,2026,ansatz,0,159
P,030103,false,19,veraeusserung_sachanlagen,Einz. aus Veräußerung v. Sachanlagen,+,false,2026,ve,0,159
P,030103,false,19,veraeusserung_sachanlagen,Einz. aus Veräußerung v. Sachanlagen,+,false,2027,planung,0,159
P,030103,false,19,veraeusserung_sachanlagen,Einz. aus Veräußerung v. Sachanlagen,+,false,2028,planung,0,159
P,030103,false,19,veraeusserung_sachanlagen,Einz. aus Veräußerung v. Sachanlagen,+,false,2029,planung,0,159
P,030103,false,23,einzahlungen_investitionen,Einzahlungen aus Investitionstätigkeit,=,true,2024,ergebnis,17969,159
P,030103,false,23,einzahlungen_investitionen,Einzahlungen aus Investitionstätigkeit,=,true,2025,ansatz,123000,159
P,030103,false,23,einzahlungen_investitionen,Einzahlungen aus Investitionstätigkeit,=,true,2026,ansatz,119000,159
P,030103,false,23,einzahlungen_investitionen,Einzahlungen aus Investitionstätigkeit,=,true,2026,ve,0,159
P,030103,false,23,einzahlungen_investitionen,Einzahlungen aus Investitionstätigkeit,=,true,2027,planung,0,159
P,030103,false,23,einzahlungen_investitionen,Einzahlungen aus Investitionstätigkeit,=,true,2028,planung,0,159
P,030103,false,23,einzahlungen_investitionen,Einzahlungen aus Investitionstätigkeit,=,true,2029,planung,0,159
P,030103,false,25,baumassnahmen,Ausz. f. Baumaßnahmen,-,false,2024,ergebnis,0,159
P,030103,false,25,baumassnahmen,Ausz. f. Baumaßnahmen,-,false,2025,ansatz,191000,159
P,030103,false,25,baumassnahmen,Ausz. f. Baumaßnahmen,-,false,2026,ansatz,330000,159
P,030103,false,25,baumassnahmen,Ausz. f. Baumaßnahmen,-,false,2026,ve,2000000,159
P,030103,false,25,baumassnahmen,Ausz. f. Baumaßnahmen,-,false,2027,planung,1000000,159
P,030103,false,25,baumassnahmen,Ausz. f. Baumaßnahmen,-,false,2028,planung,1000000,159
P,030103,false,25,baumassnahmen,Ausz. f. Baumaßnahmen,-,false,2029,planung,0,159
P,030103,false,26,erwerb_bewegliches_anlagevermoegen,Ausz. f. Erwerb von bewegl. Anlagevermögen,-,false,2024,ergebnis,40624,159
P,030103,false,26,erwerb_bewegliches_anlagevermoegen,Ausz. f. Erwerb von bewegl. Anlagevermögen,-,false,2025,ansatz,367000,159
P,030103,false,26,erwerb_bewegliches_anlagevermoegen,Ausz. f. Erwerb von bewegl. Anlagevermögen,-,false,2026,ansatz,367000,159
P,030103,false,26,erwerb_bewegliches_anlagevermoegen,Ausz. f. Erwerb von bewegl. Anlagevermögen,-,false,2026,ve,0,159
P,030103,false,26,erwerb_bewegliches_anlagevermoegen,Ausz. f. Erwerb von bewegl. Anlagevermögen,-,false,2027,planung,2000,159
P,030103,false,26,erwerb_bewegliches_anlagevermoegen,Ausz. f. Erwerb von bewegl. Anlagevermögen,-,false,2028,planung,2000,159
P,030103,false,26,erwerb_bewegliches_anlagevermoegen,Ausz. f. Erwerb von bewegl. Anlagevermögen,-,false,2029,planung,2000,159
P,030103,false,30,auszahlungen_investitionen,Auszahlungen aus Investitionstätigkeit,=,true,2024,ergebnis,40624,160
P,030103,false,30,auszahlungen_investitionen,Auszahlungen aus Investitionstätigkeit,=,true,2025,ansatz,558000,160
P,030103,false,30,auszahlungen_investitionen,Auszahlungen aus Investitionstätigkeit,=,true,2026,ansatz,697000,160
P,030103,false,30,auszahlungen_investitionen,Auszahlungen aus Investitionstätigkeit,=,true,2026,ve,2000000,160
P,030103,false,30,auszahlungen_investitionen,Auszahlungen aus Investitionstätigkeit,=,true,2027,planung,1002000,160
P,030103,false,30,auszahlungen_investitionen,Auszahlungen aus Investitionstätigkeit,=,true,2028,planung,1002000,160
P,030103,false,30,auszahlungen_investitionen,Auszahlungen aus Investitionstätigkeit,=,true,2029,planung,2000,160
P,030103,false,31,saldo_investitionen,Saldo aus Investitionstätigkeit,=,true,2024,ergebnis,-22655,160
P,030103,false,31,saldo_investitionen,Saldo aus Investitionstätigkeit,=,true,2025,ansatz,-435000,160
P,030103,false,31,saldo_investitionen,Saldo aus Investitionstätigkeit,=,true,2026,ansatz,-578000,160
P,030103,false,31,saldo_investitionen,Saldo aus Investitionstätigkeit,=,true,2026,ve,-2000000,160
P,030103,false,31,saldo_investitionen,Saldo aus Investitionstätigkeit,=,true,2027,planung,-1002000,160
P,030103,false,31,saldo_investitionen,Saldo aus Investitionstätigkeit,=,true,2028,planung,-1002000,160
P,030103,false,31,saldo_investitionen,Saldo aus Investitionstätigkeit,=,true,2029,planung,-2000,160
P,030104,false,09,einzahlungen_laufende_verwaltung,Einzahlungen aus lfd. Verw.-tätigkeit,=,true,2024,ergebnis,578737,164
P,030104,false,09,einzahlungen_laufende_verwaltung,Einzahlungen aus lfd. Verw.-tätigkeit,=,true,2025,ansatz,863650,164
P,030104,false,09,einzahlungen_laufende_verwaltung,Einzahlungen aus lfd. Verw.-tätigkeit,=,true,2026,ansatz,920950,164
P,030104,false,09,einzahlungen_laufende_verwaltung,Einzahlungen aus lfd. Verw.-tätigkeit,=,true,2026,ve,0,164
P,030104,false,09,einzahlungen_laufende_verwaltung,Einzahlungen aus lfd. Verw.-tätigkeit,=,true,2027,planung,928350,164
P,030104,false,09,einzahlungen_laufende_verwaltung,Einzahlungen aus lfd. Verw.-tätigkeit,=,true,2028,planung,928350,164
P,030104,false,09,einzahlungen_laufende_verwaltung,Einzahlungen aus lfd. Verw.-tätigkeit,=,true,2029,planung,928350,164
P,030104,false,16,auszahlungen_laufende_verwaltung,Auszahlungen aus lfd. Verw.-tätigkeit,=,true,2024,ergebnis,644333,164
P,030104,false,16,auszahlungen_laufende_verwaltung,Auszahlungen aus lfd. Verw.-tätigkeit,=,true,2025,ansatz,976900,164
P,030104,false,16,auszahlungen_laufende_verwaltung,Auszahlungen aus lfd. Verw.-tätigkeit,=,true,2026,ansatz,1175600,164
P,030104,false,16,auszahlungen_laufende_verwaltung,Auszahlungen aus lfd. Verw.-tätigkeit,=,true,2026,ve,0,164
P,030104,false,16,auszahlungen_laufende_verwaltung,Auszahlungen aus lfd. Verw.-tätigkeit,=,true,2027,planung,1148300,164
P,030104,false,16,auszahlungen_laufende_verwaltung,Auszahlungen aus lfd. Verw.-tätigkeit,=,true,2028,planung,1150200,164
P,030104,false,16,auszahlungen_laufende_verwaltung,Auszahlungen aus lfd. Verw.-tätigkeit,=,true,2029,planung,1151500,164
P,030104,false,17,saldo_laufende_verwaltung,Saldo aus lfd. Verw.-tätigkeit,=,true,2024,ergebnis,-65596,164
P,030104,false,17,saldo_laufende_verwaltung,Saldo aus lfd. Verw.-tätigkeit,=,true,2025,ansatz,-113250,164
P,030104,false,17,saldo_laufende_verwaltung,Saldo aus lfd. Verw.-tätigkeit,=,true,2026,ansatz,-254650,164
P,030104,false,17,saldo_laufende_verwaltung,Saldo aus lfd. Verw.-tätigkeit,=,true,2026,ve,0,164
P,030104,false,17,saldo_laufende_verwaltung,Saldo aus lfd. Verw.-tätigkeit,=,true,2027,planung,-219950,164
P,030104,false,17,saldo_laufende_verwaltung,Saldo aus lfd. Verw.-tätigkeit,=,true,2028,planung,-221850,164
P,030104,false,17,saldo_laufende_verwaltung,Saldo aus lfd. Verw.-tätigkeit,=,true,2029,planung,-223150,164
P,030104,false,18,investitionszuwendungen,Zuwendungen für Investitionsmaßnahmen,+,false,2024,ergebnis,0,164
P,030104,false,18,investitionszuwendungen,Zuwendungen für Investitionsmaßnahmen,+,false,2025,ansatz,467000,164
P,030104,false,18,investitionszuwendungen,Zuwendungen für Investitionsmaßnahmen,+,false,2026,ansatz,467000,164
P,030104,false,18,investitionszuwendungen,Zuwendungen für Investitionsmaßnahmen,+,false,2026,ve,0,164
P,030104,false,18,investitionszuwendungen,Zuwendungen für Investitionsmaßnahmen,+,false,2027,planung,0,164
P,030104,false,18,investitionszuwendungen,Zuwendungen für Investitionsmaßnahmen,+,false,2028,planung,0,164
P,030104,false,18,investitionszuwendungen,Zuwendungen für Investitionsmaßnahmen,+,false,2029,planung,0,164
P,030104,false,23,einzahlungen_investitionen,Einzahlungen aus Investitionstätigkeit,=,true,2024,ergebnis,0,164
P,030104,false,23,einzahlungen_investitionen,Einzahlungen aus Investitionstätigkeit,=,true,2025,ansatz,467000,164
P,030104,false,23,einzahlungen_investitionen,Einzahlungen aus Investitionstätigkeit,=,true,2026,ansatz,467000,164
P,030104,false,23,einzahlungen_investitionen,Einzahlungen aus Investitionstätigkeit,=,true,2026,ve,0,164
P,030104,false,23,einzahlungen_investitionen,Einzahlungen aus Investitionstätigkeit,=,true,2027,planung,0,164
P,030104,false,23,einzahlungen_investitionen,Einzahlungen aus Investitionstätigkeit,=,true,2028,planung,0,164
P,030104,false,23,einzahlungen_investitionen,Einzahlungen aus Investitionstätigkeit,=,true,2029,planung,0,164
P,030104,false,26,erwerb_bewegliches_anlagevermoegen,Ausz. f. Erwerb von bewegl. Anlagevermögen,-,false,2024,ergebnis,5509,164
P,030104,false,26,erwerb_bewegliches_anlagevermoegen,Ausz. f. Erwerb von bewegl. Anlagevermögen,-,false,2025,ansatz,0,164
P,030104,false,26,erwerb_bewegliches_anlagevermoegen,Ausz. f. Erwerb von bewegl. Anlagevermögen,-,false,2026,ansatz,0,164
P,030104,false,26,erwerb_bewegliches_anlagevermoegen,Ausz. f. Erwerb von bewegl. Anlagevermögen,-,false,2026,ve,0,164
P,030104,false,26,erwerb_bewegliches_anlagevermoegen,Ausz. f. Erwerb von bewegl. Anlagevermögen,-,false,2027,planung,0,164
P,030104,false,26,erwerb_bewegliches_anlagevermoegen,Ausz. f. Erwerb von bewegl. Anlagevermögen,-,false,2028,planung,0,164
P,030104,false,26,erwerb_bewegliches_anlagevermoegen,Ausz. f. Erwerb von bewegl. Anlagevermögen,-,false,2029,planung,0,164
P,030104,false,30,auszahlungen_investitionen,Auszahlungen aus Investitionstätigkeit,=,true,2024,ergebnis,5509,164
P,030104,false,30,auszahlungen_investitionen,Auszahlungen aus Investitionstätigkeit,=,true,2025,ansatz,0,164
P,030104,false,30,auszahlungen_investitionen,Auszahlungen aus Investitionstätigkeit,=,true,2026,ansatz,0,164
P,030104,false,30,auszahlungen_investitionen,Auszahlungen aus Investitionstätigkeit,=,true,2026,ve,0,164
P,030104,false,30,auszahlungen_investitionen,Auszahlungen aus Investitionstätigkeit,=,true,2027,planung,0,164
P,030104,false,30,auszahlungen_investitionen,Auszahlungen aus Investitionstätigkeit,=,true,2028,planung,0,164
P,030104,false,30,auszahlungen_investitionen,Auszahlungen aus Investitionstätigkeit,=,true,2029,planung,0,164
P,030104,false,31,saldo_investitionen,Saldo aus Investitionstätigkeit,=,true,2024,ergebnis,-5509,164
P,030104,false,31,saldo_investitionen,Saldo aus Investitionstätigkeit,=,true,2025,ansatz,467000,164
P,030104,false,31,saldo_investitionen,Saldo aus Investitionstätigkeit,=,true,2026,ansatz,467000,164
P,030104,false,31,saldo_investitionen,Saldo aus Investitionstätigkeit,=,true,2026,ve,0,164
P,030104,false,31,saldo_investitionen,Saldo aus Investitionstätigkeit,=,true,2027,planung,0,164
P,030104,false,31,saldo_investitionen,Saldo aus Investitionstätigkeit,=,true,2028,planung,0,164
P,030104,false,31,saldo_investitionen,Saldo aus Investitionstätigkeit,=,true,2029,planung,0,164
P,030201,false,09,einzahlungen_laufende_verwaltung,Einzahlungen aus lfd. Verw.-tätigkeit,=,true,2024,ergebnis,8654,166
P,030201,false,09,einzahlungen_laufende_verwaltung,Einzahlungen aus lfd. Verw.-tätigkeit,=,true,2025,ansatz,8500,166
P,030201,false,09,einzahlungen_laufende_verwaltung,Einzahlungen aus lfd. Verw.-tätigkeit,=,true,2026,ansatz,10000,166
P,030201,false,09,einzahlungen_laufende_verwaltung,Einzahlungen aus lfd. Verw.-tätigkeit,=,true,2026,ve,0,166
P,030201,false,09,einzahlungen_laufende_verwaltung,Einzahlungen aus lfd. Verw.-tätigkeit,=,true,2027,planung,8500,166
P,030201,false,09,einzahlungen_laufende_verwaltung,Einzahlungen aus lfd. Verw.-tätigkeit,=,true,2028,planung,8500,166
P,030201,false,09,einzahlungen_laufende_verwaltung,Einzahlungen aus lfd. Verw.-tätigkeit,=,true,2029,planung,8500,166
P,030201,false,16,auszahlungen_laufende_verwaltung,Auszahlungen aus lfd. Verw.-tätigkeit,=,true,2024,ergebnis,441734,166
P,030201,false,16,auszahlungen_laufende_verwaltung,Auszahlungen aus lfd. Verw.-tätigkeit,=,true,2025,ansatz,490800,166
P,030201,false,16,auszahlungen_laufende_verwaltung,Auszahlungen aus lfd. Verw.-tätigkeit,=,true,2026,ansatz,528200,166
P,030201,false,16,auszahlungen_laufende_verwaltung,Auszahlungen aus lfd. Verw.-tätigkeit,=,true,2026,ve,0,166
P,030201,false,16,auszahlungen_laufende_verwaltung,Auszahlungen aus lfd. Verw.-tätigkeit,=,true,2027,planung,529900,166
P,030201,false,16,auszahlungen_laufende_verwaltung,Auszahlungen aus lfd. Verw.-tätigkeit,=,true,2028,planung,530600,166
P,030201,false,16,auszahlungen_laufende_verwaltung,Auszahlungen aus lfd. Verw.-tätigkeit,=,true,2029,planung,531400,166
P,030201,false,17,saldo_laufende_verwaltung,Saldo aus lfd. Verw.-tätigkeit,=,true,2024,ergebnis,-433080,166
P,030201,false,17,saldo_laufende_verwaltung,Saldo aus lfd. Verw.-tätigkeit,=,true,2025,ansatz,-482300,166
P,030201,false,17,saldo_laufende_verwaltung,Saldo aus lfd. Verw.-tätigkeit,=,true,2026,ansatz,-518200,166
P,030201,false,17,saldo_laufende_verwaltung,Saldo aus lfd. Verw.-tätigkeit,=,true,2026,ve,0,166
P,030201,false,17,saldo_laufende_verwaltung,Saldo aus lfd. Verw.-tätigkeit,=,true,2027,planung,-521400,166
P,030201,false,17,saldo_laufende_verwaltung,Saldo aus lfd. Verw.-tätigkeit,=,true,2028,planung,-522100,166
P,030201,false,17,saldo_laufende_verwaltung,Saldo aus lfd. Verw.-tätigkeit,=,true,2029,planung,-522900,166
P,030301,false,09,einzahlungen_laufende_verwaltung,Einzahlungen aus lfd. Verw.-tätigkeit,=,true,2024,ergebnis,2430,168
P,030301,false,09,einzahlungen_laufende_verwaltung,Einzahlungen aus lfd. Verw.-tätigkeit,=,true,2025,ansatz,4900,168
P,030301,false,09,einzahlungen_laufende_verwaltung,Einzahlungen aus lfd. Verw.-tätigkeit,=,true,2026,ansatz,4900,168
P,030301,false,09,einzahlungen_laufende_verwaltung,Einzahlungen aus lfd. Verw.-tätigkeit,=,true,2026,ve,0,168
P,030301,false,09,einzahlungen_laufende_verwaltung,Einzahlungen aus lfd. Verw.-tätigkeit,=,true,2027,planung,4900,168
P,030301,false,09,einzahlungen_laufende_verwaltung,Einzahlungen aus lfd. Verw.-tätigkeit,=,true,2028,planung,4900,168
P,030301,false,09,einzahlungen_laufende_verwaltung,Einzahlungen aus lfd. Verw.-tätigkeit,=,true,2029,planung,4900,168
P,030301,false,16,auszahlungen_laufende_verwaltung,Auszahlungen aus lfd. Verw.-tätigkeit,=,true,2024,ergebnis,87743,168
P,030301,false,16,auszahlungen_laufende_verwaltung,Auszahlungen aus lfd. Verw.-tätigkeit,=,true,2025,ansatz,81400,168
P,030301,false,16,auszahlungen_laufende_verwaltung,Auszahlungen aus lfd. Verw.-tätigkeit,=,true,2026,ansatz,79400,168
P,030301,false,16,auszahlungen_laufende_verwaltung,Auszahlungen aus lfd. Verw.-tätigkeit,=,true,2026,ve,0,168
P,030301,false,16,auszahlungen_laufende_verwaltung,Auszahlungen aus lfd. Verw.-tätigkeit,=,true,2027,planung,81200,168
P,030301,false,16,auszahlungen_laufende_verwaltung,Auszahlungen aus lfd. Verw.-tätigkeit,=,true,2028,planung,83100,168
P,030301,false,16,auszahlungen_laufende_verwaltung,Auszahlungen aus lfd. Verw.-tätigkeit,=,true,2029,planung,84900,168
P,030301,false,17,saldo_laufende_verwaltung,Saldo aus lfd. Verw.-tätigkeit,=,true,2024,ergebnis,-85313,168
P,030301,false,17,saldo_laufende_verwaltung,Saldo aus lfd. Verw.-tätigkeit,=,true,2025,ansatz,-76500,168
P,030301,false,17,saldo_laufende_verwaltung,Saldo aus lfd. Verw.-tätigkeit,=,true,2026,ansatz,-74500,168
P,030301,false,17,saldo_laufende_verwaltung,Saldo aus lfd. Verw.-tätigkeit,=,true,2026,ve,0,168
P,030301,false,17,saldo_laufende_verwaltung,Saldo aus lfd. Verw.-tätigkeit,=,true,2027,planung,-76300,168
P,030301,false,17,saldo_laufende_verwaltung,Saldo aus lfd. Verw.-tätigkeit,=,true,2028,planung,-78200,168
P,030301,false,17,saldo_laufende_verwaltung,Saldo aus lfd. Verw.-tätigkeit,=,true,2029,planung,-80000,168
P,030301,false,18,investitionszuwendungen,Zuwendungen für Investitionsmaßnahmen,+,false,2024,ergebnis,9832,168
P,030301,false,18,investitionszuwendungen,Zuwendungen für Investitionsmaßnahmen,+,false,2025,ansatz,0,168
P,030301,false,18,investitionszuwendungen,Zuwendungen für Investitionsmaßnahmen,+,false,2026,ansatz,0,168
P,030301,false,18,investitionszuwendungen,Zuwendungen für Investitionsmaßnahmen,+,false,2026,ve,0,168
P,030301,false,18,investitionszuwendungen,Zuwendungen für Investitionsmaßnahmen,+,false,2027,planung,0,168
P,030301,false,18,investitionszuwendungen,Zuwendungen für Investitionsmaßnahmen,+,false,2028,planung,0,168
P,030301,false,18,investitionszuwendungen,Zuwendungen für Investitionsmaßnahmen,+,false,2029,planung,0,168
P,030301,false,23,einzahlungen_investitionen,Einzahlungen aus Investitionstätigkeit,=,true,2024,ergebnis,9832,168
P,030301,false,23,einzahlungen_investitionen,Einzahlungen aus Investitionstätigkeit,=,true,2025,ansatz,0,168
P,030301,false,23,einzahlungen_investitionen,Einzahlungen aus Investitionstätigkeit,=,true,2026,ansatz,0,168
P,030301,false,23,einzahlungen_investitionen,Einzahlungen aus Investitionstätigkeit,=,true,2026,ve,0,168
P,030301,false,23,einzahlungen_investitionen,Einzahlungen aus Investitionstätigkeit,=,true,2027,planung,0,168
P,030301,false,23,einzahlungen_investitionen,Einzahlungen aus Investitionstätigkeit,=,true,2028,planung,0,168
P,030301,false,23,einzahlungen_investitionen,Einzahlungen aus Investitionstätigkeit,=,true,2029,planung,0,168
P,030301,false,31,saldo_investitionen,Saldo aus Investitionstätigkeit,=,true,2024,ergebnis,9832,168
P,030301,false,31,saldo_investitionen,Saldo aus Investitionstätigkeit,=,true,2025,ansatz,0,168
P,030301,false,31,saldo_investitionen,Saldo aus Investitionstätigkeit,=,true,2026,ansatz,0,168
P,030301,false,31,saldo_investitionen,Saldo aus Investitionstätigkeit,=,true,2026,ve,0,168
P,030301,false,31,saldo_investitionen,Saldo aus Investitionstätigkeit,=,true,2027,planung,0,168
P,030301,false,31,saldo_investitionen,Saldo aus Investitionstätigkeit,=,true,2028,planung,0,168
P,030301,false,31,saldo_investitionen,Saldo aus Investitionstätigkeit,=,true,2029,planung,0,168
P,040101,false,09,einzahlungen_laufende_verwaltung,Einzahlungen aus lfd. Verw.-tätigkeit,=,true,2024,ergebnis,34794,173
P,040101,false,09,einzahlungen_laufende_verwaltung,Einzahlungen aus lfd. Verw.-tätigkeit,=,true,2025,ansatz,16100,173
P,040101,false,09,einzahlungen_laufende_verwaltung,Einzahlungen aus lfd. Verw.-tätigkeit,=,true,2026,ansatz,16200,173
P,040101,false,09,einzahlungen_laufende_verwaltung,Einzahlungen aus lfd. Verw.-tätigkeit,=,true,2026,ve,0,173
P,040101,false,09,einzahlungen_laufende_verwaltung,Einzahlungen aus lfd. Verw.-tätigkeit,=,true,2027,planung,16200,173
P,040101,false,09,einzahlungen_laufende_verwaltung,Einzahlungen aus lfd. Verw.-tätigkeit,=,true,2028,planung,11200,173
P,040101,false,09,einzahlungen_laufende_verwaltung,Einzahlungen aus lfd. Verw.-tätigkeit,=,true,2029,planung,11200,173
P,040101,false,16,auszahlungen_laufende_verwaltung,Auszahlungen aus lfd. Verw.-tätigkeit,=,true,2024,ergebnis,54176,173
P,040101,false,16,auszahlungen_laufende_verwaltung,Auszahlungen aus lfd. Verw.-tätigkeit,=,true,2025,ansatz,64650,173
P,040101,false,16,auszahlungen_laufende_verwaltung,Auszahlungen aus lfd. Verw.-tätigkeit,=,true,2026,ansatz,73850,173
P,040101,false,16,auszahlungen_laufende_verwaltung,Auszahlungen aus lfd. Verw.-tätigkeit,=,true,2026,ve,0,173
P,040101,false,16,auszahlungen_laufende_verwaltung,Auszahlungen aus lfd. Verw.-tätigkeit,=,true,2027,planung,63100,173
P,040101,false,16,auszahlungen_laufende_verwaltung,Auszahlungen aus lfd. Verw.-tätigkeit,=,true,2028,planung,59400,173
P,040101,false,16,auszahlungen_laufende_verwaltung,Auszahlungen aus lfd. Verw.-tätigkeit,=,true,2029,planung,60400,173
P,040101,false,17,saldo_laufende_verwaltung,Saldo aus lfd. Verw.-tätigkeit,=,true,2024,ergebnis,-19382,173
P,040101,false,17,saldo_laufende_verwaltung,Saldo aus lfd. Verw.-tätigkeit,=,true,2025,ansatz,-48550,173
P,040101,false,17,saldo_laufende_verwaltung,Saldo aus lfd. Verw.-tätigkeit,=,true,2026,ansatz,-57650,173
P,040101,false,17,saldo_laufende_verwaltung,Saldo aus lfd. Verw.-tätigkeit,=,true,2026,ve,0,173
P,040101,false,17,saldo_laufende_verwaltung,Saldo aus lfd. Verw.-tätigkeit,=,true,2027,planung,-46900,173
P,040101,false,17,saldo_laufende_verwaltung,Saldo aus lfd. Verw.-tätigkeit,=,true,2028,planung,-48200,173
P,040101,false,17,saldo_laufende_verwaltung,Saldo aus lfd. Verw.-tätigkeit,=,true,2029,planung,-49200,173
P,040101,false,26,erwerb_bewegliches_anlagevermoegen,Ausz. f. Erwerb von bewegl. Anlagevermögen,-,false,2024,ergebnis,0,173
P,040101,false,26,erwerb_bewegliches_anlagevermoegen,Ausz. f. Erwerb von bewegl. Anlagevermögen,-,false,2025,ansatz,0,173
P,040101,false,26,erwerb_bewegliches_anlagevermoegen,Ausz. f. Erwerb von bewegl. Anlagevermögen,-,false,2026,ansatz,0,173
P,040101,false,26,erwerb_bewegliches_anlagevermoegen,Ausz. f. Erwerb von bewegl. Anlagevermögen,-,false,2026,ve,0,173
P,040101,false,26,erwerb_bewegliches_anlagevermoegen,Ausz. f. Erwerb von bewegl. Anlagevermögen,-,false,2027,planung,30000,173
P,040101,false,26,erwerb_bewegliches_anlagevermoegen,Ausz. f. Erwerb von bewegl. Anlagevermögen,-,false,2028,planung,0,173
P,040101,false,26,erwerb_bewegliches_anlagevermoegen,Ausz. f. Erwerb von bewegl. Anlagevermögen,-,false,2029,planung,0,173
P,040101,false,30,auszahlungen_investitionen,Auszahlungen aus Investitionstätigkeit,=,true,2024,ergebnis,0,173
P,040101,false,30,auszahlungen_investitionen,Auszahlungen aus Investitionstätigkeit,=,true,2025,ansatz,0,173
P,040101,false,30,auszahlungen_investitionen,Auszahlungen aus Investitionstätigkeit,=,true,2026,ansatz,0,173
P,040101,false,30,auszahlungen_investitionen,Auszahlungen aus Investitionstätigkeit,=,true,2026,ve,0,173
P,040101,false,30,auszahlungen_investitionen,Auszahlungen aus Investitionstätigkeit,=,true,2027,planung,30000,173
P,040101,false,30,auszahlungen_investitionen,Auszahlungen aus Investitionstätigkeit,=,true,2028,planung,0,173
P,040101,false,30,auszahlungen_investitionen,Auszahlungen aus Investitionstätigkeit,=,true,2029,planung,0,173
P,040101,false,31,saldo_investitionen,Saldo aus Investitionstätigkeit,=,true,2024,ergebnis,0,173
P,040101,false,31,saldo_investitionen,Saldo aus Investitionstätigkeit,=,true,2025,ansatz,0,173
P,040101,false,31,saldo_investitionen,Saldo aus Investitionstätigkeit,=,true,2026,ansatz,0,173
P,040101,false,31,saldo_investitionen,Saldo aus Investitionstätigkeit,=,true,2026,ve,0,173
P,040101,false,31,saldo_investitionen,Saldo aus Investitionstätigkeit,=,true,2027,planung,-30000,173
P,040101,false,31,saldo_investitionen,Saldo aus Investitionstätigkeit,=,true,2028,planung,0,173
P,040101,false,31,saldo_investitionen,Saldo aus Investitionstätigkeit,=,true,2029,planung,0,173
P,040201,false,16,auszahlungen_laufende_verwaltung,Auszahlungen aus lfd. Verw.-tätigkeit,=,true,2024,ergebnis,20132,175
P,040201,false,16,auszahlungen_laufende_verwaltung,Auszahlungen aus lfd. Verw.-tätigkeit,=,true,2025,ansatz,14700,175
P,040201,false,16,auszahlungen_laufende_verwaltung,Auszahlungen aus lfd. Verw.-tätigkeit,=,true,2026,ansatz,22100,175
P,040201,false,16,auszahlungen_laufende_verwaltung,Auszahlungen aus lfd. Verw.-tätigkeit,=,true,2026,ve,0,175
P,040201,false,16,auszahlungen_laufende_verwaltung,Auszahlungen aus lfd. Verw.-tätigkeit,=,true,2027,planung,23400,175
P,040201,false,16,auszahlungen_laufende_verwaltung,Auszahlungen aus lfd. Verw.-tätigkeit,=,true,2028,planung,24700,175
P,040201,false,16,auszahlungen_laufende_verwaltung,Auszahlungen aus lfd. Verw.-tätigkeit,=,true,2029,planung,26000,175
P,040201,false,17,saldo_laufende_verwaltung,Saldo aus lfd. Verw.-tätigkeit,=,true,2024,ergebnis,-20132,175
P,040201,false,17,saldo_laufende_verwaltung,Saldo aus lfd. Verw.-tätigkeit,=,true,2025,ansatz,-14700,175
P,040201,false,17,saldo_laufende_verwaltung,Saldo aus lfd. Verw.-tätigkeit,=,true,2026,ansatz,-22100,175
P,040201,false,17,saldo_laufende_verwaltung,Saldo aus lfd. Verw.-tätigkeit,=,true,2026,ve,0,175
P,040201,false,17,saldo_laufende_verwaltung,Saldo aus lfd. Verw.-tätigkeit,=,true,2027,planung,-23400,175
P,040201,false,17,saldo_laufende_verwaltung,Saldo aus lfd. Verw.-tätigkeit,=,true,2028,planung,-24700,175
P,040201,false,17,saldo_laufende_verwaltung,Saldo aus lfd. Verw.-tätigkeit,=,true,2029,planung,-26000,175
P,040301,false,16,auszahlungen_laufende_verwaltung,Auszahlungen aus lfd. Verw.-tätigkeit,=,true,2024,ergebnis,59266,177
P,040301,false,16,auszahlungen_laufende_verwaltung,Auszahlungen aus lfd. Verw.-tätigkeit,=,true,2025,ansatz,66500,177
P,040301,false,16,auszahlungen_laufende_verwaltung,Auszahlungen aus lfd. Verw.-tätigkeit,=,true,2026,ansatz,78800,177
P,040301,false,16,auszahlungen_laufende_verwaltung,Auszahlungen aus lfd. Verw.-tätigkeit,=,true,2026,ve,0,177
P,040301,false,16,auszahlungen_laufende_verwaltung,Auszahlungen aus lfd. Verw.-tätigkeit,=,true,2027,planung,81400,177
P,040301,false,16,auszahlungen_laufende_verwaltung,Auszahlungen aus lfd. Verw.-tätigkeit,=,true,2028,planung,84000,177
P,040301,false,16,auszahlungen_laufende_verwaltung,Auszahlungen aus lfd. Verw.-tätigkeit,=,true,2029,planung,86600,177
P,040301,false,17,saldo_laufende_verwaltung,Saldo aus lfd. Verw.-tätigkeit,=,true,2024,ergebnis,-59266,177
P,040301,false,17,saldo_laufende_verwaltung,Saldo aus lfd. Verw.-tätigkeit,=,true,2025,ansatz,-66500,177
P,040301,false,17,saldo_laufende_verwaltung,Saldo aus lfd. Verw.-tätigkeit,=,true,2026,ansatz,-78800,177
P,040301,false,17,saldo_laufende_verwaltung,Saldo aus lfd. Verw.-tätigkeit,=,true,2026,ve,0,177
P,040301,false,17,saldo_laufende_verwaltung,Saldo aus lfd. Verw.-tätigkeit,=,true,2027,planung,-81400,177
P,040301,false,17,saldo_laufende_verwaltung,Saldo aus lfd. Verw.-tätigkeit,=,true,2028,planung,-84000,177
P,040301,false,17,saldo_laufende_verwaltung,Saldo aus lfd. Verw.-tätigkeit,=,true,2029,planung,-86600,177
P,050102,false,09,einzahlungen_laufende_verwaltung,Einzahlungen aus lfd. Verw.-tätigkeit,=,true,2024,ergebnis,516859,182
P,050102,false,09,einzahlungen_laufende_verwaltung,Einzahlungen aus lfd. Verw.-tätigkeit,=,true,2025,ansatz,351000,182
P,050102,false,09,einzahlungen_laufende_verwaltung,Einzahlungen aus lfd. Verw.-tätigkeit,=,true,2026,ansatz,421000,182
P,050102,false,09,einzahlungen_laufende_verwaltung,Einzahlungen aus lfd. Verw.-tätigkeit,=,true,2026,ve,0,182
P,050102,false,09,einzahlungen_laufende_verwaltung,Einzahlungen aus lfd. Verw.-tätigkeit,=,true,2027,planung,421000,182
P,050102,false,09,einzahlungen_laufende_verwaltung,Einzahlungen aus lfd. Verw.-tätigkeit,=,true,2028,planung,421000,182
P,050102,false,09,einzahlungen_laufende_verwaltung,Einzahlungen aus lfd. Verw.-tätigkeit,=,true,2029,planung,421000,182
P,050102,false,16,auszahlungen_laufende_verwaltung,Auszahlungen aus lfd. Verw.-tätigkeit,=,true,2024,ergebnis,481841,182
P,050102,false,16,auszahlungen_laufende_verwaltung,Auszahlungen aus lfd. Verw.-tätigkeit,=,true,2025,ansatz,686000,182
P,050102,false,16,auszahlungen_laufende_verwaltung,Auszahlungen aus lfd. Verw.-tätigkeit,=,true,2026,ansatz,712600,182
P,050102,false,16,auszahlungen_laufende_verwaltung,Auszahlungen aus lfd. Verw.-tätigkeit,=,true,2026,ve,0,182
P,050102,false,16,auszahlungen_laufende_verwaltung,Auszahlungen aus lfd. Verw.-tätigkeit,=,true,2027,planung,721400,182
P,050102,false,16,auszahlungen_laufende_verwaltung,Auszahlungen aus lfd. Verw.-tätigkeit,=,true,2028,planung,730600,182
P,050102,false,16,auszahlungen_laufende_verwaltung,Auszahlungen aus lfd. Verw.-tätigkeit,=,true,2029,planung,740100,182
P,050102,false,17,saldo_laufende_verwaltung,Saldo aus lfd. Verw.-tätigkeit,=,true,2024,ergebnis,35018,182
P,050102,false,17,saldo_laufende_verwaltung,Saldo aus lfd. Verw.-tätigkeit,=,true,2025,ansatz,-335000,182
P,050102,false,17,saldo_laufende_verwaltung,Saldo aus lfd. Verw.-tätigkeit,=,true,2026,ansatz,-291600,182
P,050102,false,17,saldo_laufende_verwaltung,Saldo aus lfd. Verw.-tätigkeit,=,true,2026,ve,0,182
P,050102,false,17,saldo_laufende_verwaltung,Saldo aus lfd. Verw.-tätigkeit,=,true,2027,planung,-300400,182
P,050102,false,17,saldo_laufende_verwaltung,Saldo aus lfd. Verw.-tätigkeit,=,true,2028,planung,-309600,182
P,050102,false,17,saldo_laufende_verwaltung,Saldo aus lfd. Verw.-tätigkeit,=,true,2029,planung,-319100,182
P,050103,false,16,auszahlungen_laufende_verwaltung,Auszahlungen aus lfd. Verw.-tätigkeit,=,true,2024,ergebnis,70884,184
P,050103,false,16,auszahlungen_laufende_verwaltung,Auszahlungen aus lfd. Verw.-tätigkeit,=,true,2025,ansatz,76800,184
P,050103,false,16,auszahlungen_laufende_verwaltung,Auszahlungen aus lfd. Verw.-tätigkeit,=,true,2026,ansatz,94000,184
P,050103,false,16,auszahlungen_laufende_verwaltung,Auszahlungen aus lfd. Verw.-tätigkeit,=,true,2026,ve,0,184
P,050103,false,16,auszahlungen_laufende_verwaltung,Auszahlungen aus lfd. Verw.-tätigkeit,=,true,2027,planung,97600,184
P,050103,false,16,auszahlungen_laufende_verwaltung,Auszahlungen aus lfd. Verw.-tätigkeit,=,true,2028,planung,101300,184
P,050103,false,16,auszahlungen_laufende_verwaltung,Auszahlungen aus lfd. Verw.-tätigkeit,=,true,2029,planung,105200,184
P,050103,false,17,saldo_laufende_verwaltung,Saldo aus lfd. Verw.-tätigkeit,=,true,2024,ergebnis,-70884,184
P,050103,false,17,saldo_laufende_verwaltung,Saldo aus lfd. Verw.-tätigkeit,=,true,2025,ansatz,-76800,184
P,050103,false,17,saldo_laufende_verwaltung,Saldo aus lfd. Verw.-tätigkeit,=,true,2026,ansatz,-94000,184
P,050103,false,17,saldo_laufende_verwaltung,Saldo aus lfd. Verw.-tätigkeit,=,true,2026,ve,0,184
P,050103,false,17,saldo_laufende_verwaltung,Saldo aus lfd. Verw.-tätigkeit,=,true,2027,planung,-97600,184
P,050103,false,17,saldo_laufende_verwaltung,Saldo aus lfd. Verw.-tätigkeit,=,true,2028,planung,-101300,184
P,050103,false,17,saldo_laufende_verwaltung,Saldo aus lfd. Verw.-tätigkeit,=,true,2029,planung,-105200,184
P,050201,false,16,auszahlungen_laufende_verwaltung,Auszahlungen aus lfd. Verw.-tätigkeit,=,true,2024,ergebnis,22099,187
P,050201,false,16,auszahlungen_laufende_verwaltung,Auszahlungen aus lfd. Verw.-tätigkeit,=,true,2025,ansatz,37200,187
P,050201,false,16,auszahlungen_laufende_verwaltung,Auszahlungen aus lfd. Verw.-tätigkeit,=,true,2026,ansatz,33650,187
P,050201,false,16,auszahlungen_laufende_verwaltung,Auszahlungen aus lfd. Verw.-tätigkeit,=,true,2026,ve,0,187
P,050201,false,16,auszahlungen_laufende_verwaltung,Auszahlungen aus lfd. Verw.-tätigkeit,=,true,2027,planung,34000,187
P,050201,false,16,auszahlungen_laufende_verwaltung,Auszahlungen aus lfd. Verw.-tätigkeit,=,true,2028,planung,34300,187
P,050201,false,16,auszahlungen_laufende_verwaltung,Auszahlungen aus lfd. Verw.-tätigkeit,=,true,2029,planung,34600,187
P,050201,false,17,saldo_laufende_verwaltung,Saldo aus lfd. Verw.-tätigkeit,=,true,2024,ergebnis,-22099,187
P,050201,false,17,saldo_laufende_verwaltung,Saldo aus lfd. Verw.-tätigkeit,=,true,2025,ansatz,-37200,187
P,050201,false,17,saldo_laufende_verwaltung,Saldo aus lfd. Verw.-tätigkeit,=,true,2026,ansatz,-33650,187
P,050201,false,17,saldo_laufende_verwaltung,Saldo aus lfd. Verw.-tätigkeit,=,true,2026,ve,0,187
P,050201,false,17,saldo_laufende_verwaltung,Saldo aus lfd. Verw.-tätigkeit,=,true,2027,planung,-34000,187
P,050201,false,17,saldo_laufende_verwaltung,Saldo aus lfd. Verw.-tätigkeit,=,true,2028,planung,-34300,187
P,050201,false,17,saldo_laufende_verwaltung,Saldo aus lfd. Verw.-tätigkeit,=,true,2029,planung,-34600,187
P,050201,false,18,investitionszuwendungen,Zuwendungen für Investitionsmaßnahmen,+,false,2024,ergebnis,-2322,187
P,050201,false,18,investitionszuwendungen,Zuwendungen für Investitionsmaßnahmen,+,false,2025,ansatz,0,187
P,050201,false,18,investitionszuwendungen,Zuwendungen für Investitionsmaßnahmen,+,false,2026,ansatz,0,187
P,050201,false,18,investitionszuwendungen,Zuwendungen für Investitionsmaßnahmen,+,false,2026,ve,0,187
P,050201,false,18,investitionszuwendungen,Zuwendungen für Investitionsmaßnahmen,+,false,2027,planung,0,187
P,050201,false,18,investitionszuwendungen,Zuwendungen für Investitionsmaßnahmen,+,false,2028,planung,0,187
P,050201,false,18,investitionszuwendungen,Zuwendungen für Investitionsmaßnahmen,+,false,2029,planung,0,187
P,050201,false,23,einzahlungen_investitionen,Einzahlungen aus Investitionstätigkeit,=,true,2024,ergebnis,-2322,187
P,050201,false,23,einzahlungen_investitionen,Einzahlungen aus Investitionstätigkeit,=,true,2025,ansatz,0,187
P,050201,false,23,einzahlungen_investitionen,Einzahlungen aus Investitionstätigkeit,=,true,2026,ansatz,0,187
P,050201,false,23,einzahlungen_investitionen,Einzahlungen aus Investitionstätigkeit,=,true,2026,ve,0,187
P,050201,false,23,einzahlungen_investitionen,Einzahlungen aus Investitionstätigkeit,=,true,2027,planung,0,187
P,050201,false,23,einzahlungen_investitionen,Einzahlungen aus Investitionstätigkeit,=,true,2028,planung,0,187
P,050201,false,23,einzahlungen_investitionen,Einzahlungen aus Investitionstätigkeit,=,true,2029,planung,0,187
P,050201,false,31,saldo_investitionen,Saldo aus Investitionstätigkeit,=,true,2024,ergebnis,-2322,187
P,050201,false,31,saldo_investitionen,Saldo aus Investitionstätigkeit,=,true,2025,ansatz,0,187
P,050201,false,31,saldo_investitionen,Saldo aus Investitionstätigkeit,=,true,2026,ansatz,0,187
P,050201,false,31,saldo_investitionen,Saldo aus Investitionstätigkeit,=,true,2026,ve,0,187
P,050201,false,31,saldo_investitionen,Saldo aus Investitionstätigkeit,=,true,2027,planung,0,187
P,050201,false,31,saldo_investitionen,Saldo aus Investitionstätigkeit,=,true,2028,planung,0,187
P,050201,false,31,saldo_investitionen,Saldo aus Investitionstätigkeit,=,true,2029,planung,0,187
P,050301,false,16,auszahlungen_laufende_verwaltung,Auszahlungen aus lfd. Verw.-tätigkeit,=,true,2024,ergebnis,11021,189
P,050301,false,16,auszahlungen_laufende_verwaltung,Auszahlungen aus lfd. Verw.-tätigkeit,=,true,2025,ansatz,17600,189
P,050301,false,16,auszahlungen_laufende_verwaltung,Auszahlungen aus lfd. Verw.-tätigkeit,=,true,2026,ansatz,18000,189
P,050301,false,16,auszahlungen_laufende_verwaltung,Auszahlungen aus lfd. Verw.-tätigkeit,=,true,2026,ve,0,189
P,050301,false,16,auszahlungen_laufende_verwaltung,Auszahlungen aus lfd. Verw.-tätigkeit,=,true,2027,planung,18700,189
P,050301,false,16,auszahlungen_laufende_verwaltung,Auszahlungen aus lfd. Verw.-tätigkeit,=,true,2028,planung,19400,189
P,050301,false,16,auszahlungen_laufende_verwaltung,Auszahlungen aus lfd. Verw.-tätigkeit,=,true,2029,planung,20200,189
P,050301,false,17,saldo_laufende_verwaltung,Saldo aus lfd. Verw.-tätigkeit,=,true,2024,ergebnis,-11021,189
P,050301,false,17,saldo_laufende_verwaltung,Saldo aus lfd. Verw.-tätigkeit,=,true,2025,ansatz,-17600,189
P,050301,false,17,saldo_laufende_verwaltung,Saldo aus lfd. Verw.-tätigkeit,=,true,2026,ansatz,-18000,189
P,050301,false,17,saldo_laufende_verwaltung,Saldo aus lfd. Verw.-tätigkeit,=,true,2026,ve,0,189
P,050301,false,17,saldo_laufende_verwaltung,Saldo aus lfd. Verw.-tätigkeit,=,true,2027,planung,-18700,189
P,050301,false,17,saldo_laufende_verwaltung,Saldo aus lfd. Verw.-tätigkeit,=,true,2028,planung,-19400,189
P,050301,false,17,saldo_laufende_verwaltung,Saldo aus lfd. Verw.-tätigkeit,=,true,2029,planung,-20200,189
P,050401,false,16,auszahlungen_laufende_verwaltung,Auszahlungen aus lfd. Verw.-tätigkeit,=,true,2024,ergebnis,9059,191
P,050401,false,16,auszahlungen_laufende_verwaltung,Auszahlungen aus lfd. Verw.-tätigkeit,=,true,2025,ansatz,15400,191
P,050401,false,16,auszahlungen_laufende_verwaltung,Auszahlungen aus lfd. Verw.-tätigkeit,=,true,2026,ansatz,14900,191
P,050401,false,16,auszahlungen_laufende_verwaltung,Auszahlungen aus lfd. Verw.-tätigkeit,=,true,2026,ve,0,191
P,050401,false,16,auszahlungen_laufende_verwaltung,Auszahlungen aus lfd. Verw.-tätigkeit,=,true,2027,planung,16400,191
P,050401,false,16,auszahlungen_laufende_verwaltung,Auszahlungen aus lfd. Verw.-tätigkeit,=,true,2028,planung,15900,191
P,050401,false,16,auszahlungen_laufende_verwaltung,Auszahlungen aus lfd. Verw.-tätigkeit,=,true,2029,planung,16500,191
P,050401,false,17,saldo_laufende_verwaltung,Saldo aus lfd. Verw.-tätigkeit,=,true,2024,ergebnis,-9059,191
P,050401,false,17,saldo_laufende_verwaltung,Saldo aus lfd. Verw.-tätigkeit,=,true,2025,ansatz,-15400,191
P,050401,false,17,saldo_laufende_verwaltung,Saldo aus lfd. Verw.-tätigkeit,=,true,2026,ansatz,-14900,191
P,050401,false,17,saldo_laufende_verwaltung,Saldo aus lfd. Verw.-tätigkeit,=,true,2026,ve,0,191
P,050401,false,17,saldo_laufende_verwaltung,Saldo aus lfd. Verw.-tätigkeit,=,true,2027,planung,-16400,191
P,050401,false,17,saldo_laufende_verwaltung,Saldo aus lfd. Verw.-tätigkeit,=,true,2028,planung,-15900,191
P,050401,false,17,saldo_laufende_verwaltung,Saldo aus lfd. Verw.-tätigkeit,=,true,2029,planung,-16500,191
P,060101,false,09,einzahlungen_laufende_verwaltung,Einzahlungen aus lfd. Verw.-tätigkeit,=,true,2024,ergebnis,115045,195
P,060101,false,09,einzahlungen_laufende_verwaltung,Einzahlungen aus lfd. Verw.-tätigkeit,=,true,2025,ansatz,9000,195
P,060101,false,09,einzahlungen_laufende_verwaltung,Einzahlungen aus lfd. Verw.-tätigkeit,=,true,2026,ansatz,0,195
P,060101,false,09,einzahlungen_laufende_verwaltung,Einzahlungen aus lfd. Verw.-tätigkeit,=,true,2026,ve,0,195
P,060101,false,09,einzahlungen_laufende_verwaltung,Einzahlungen aus lfd. Verw.-tätigkeit,=,true,2027,planung,0,195
P,060101,false,09,einzahlungen_laufende_verwaltung,Einzahlungen aus lfd. Verw.-tätigkeit,=,true,2028,planung,0,195
P,060101,false,09,einzahlungen_laufende_verwaltung,Einzahlungen aus lfd. Verw.-tätigkeit,=,true,2029,planung,0,195
P,060101,false,16,auszahlungen_laufende_verwaltung,Auszahlungen aus lfd. Verw.-tätigkeit,=,true,2024,ergebnis,716697,195
P,060101,false,16,auszahlungen_laufende_verwaltung,Auszahlungen aus lfd. Verw.-tätigkeit,=,true,2025,ansatz,677800,195
P,060101,false,16,auszahlungen_laufende_verwaltung,Auszahlungen aus lfd. Verw.-tätigkeit,=,true,2026,ansatz,620400,195
P,060101,false,16,auszahlungen_laufende_verwaltung,Auszahlungen aus lfd. Verw.-tätigkeit,=,true,2026,ve,0,195
P,060101,false,16,auszahlungen_laufende_verwaltung,Auszahlungen aus lfd. Verw.-tätigkeit,=,true,2027,planung,603900,195
P,060101,false,16,auszahlungen_laufende_verwaltung,Auszahlungen aus lfd. Verw.-tätigkeit,=,true,2028,planung,625500,195
P,060101,false,16,auszahlungen_laufende_verwaltung,Auszahlungen aus lfd. Verw.-tätigkeit,=,true,2029,planung,639100,195
P,060101,false,17,saldo_laufende_verwaltung,Saldo aus lfd. Verw.-tätigkeit,=,true,2024,ergebnis,-601652,195
P,060101,false,17,saldo_laufende_verwaltung,Saldo aus lfd. Verw.-tätigkeit,=,true,2025,ansatz,-668800,195
P,060101,false,17,saldo_laufende_verwaltung,Saldo aus lfd. Verw.-tätigkeit,=,true,2026,ansatz,-620400,195
P,060101,false,17,saldo_laufende_verwaltung,Saldo aus lfd. Verw.-tätigkeit,=,true,2026,ve,0,195
P,060101,false,17,saldo_laufende_verwaltung,Saldo aus lfd. Verw.-tätigkeit,=,true,2027,planung,-603900,195
P,060101,false,17,saldo_laufende_verwaltung,Saldo aus lfd. Verw.-tätigkeit,=,true,2028,planung,-625500,195
P,060101,false,17,saldo_laufende_verwaltung,Saldo aus lfd. Verw.-tätigkeit,=,true,2029,planung,-639100,195
P,060201,false,09,einzahlungen_laufende_verwaltung,Einzahlungen aus lfd. Verw.-tätigkeit,=,true,2024,ergebnis,28608,198
P,060201,false,09,einzahlungen_laufende_verwaltung,Einzahlungen aus lfd. Verw.-tätigkeit,=,true,2025,ansatz,0,198
P,060201,false,09,einzahlungen_laufende_verwaltung,Einzahlungen aus lfd. Verw.-tätigkeit,=,true,2026,ansatz,0,198
P,060201,false,09,einzahlungen_laufende_verwaltung,Einzahlungen aus lfd. Verw.-tätigkeit,=,true,2026,ve,0,198
P,060201,false,09,einzahlungen_laufende_verwaltung,Einzahlungen aus lfd. Verw.-tätigkeit,=,true,2027,planung,0,198
P,060201,false,09,einzahlungen_laufende_verwaltung,Einzahlungen aus lfd. Verw.-tätigkeit,=,true,2028,planung,0,198
P,060201,false,09,einzahlungen_laufende_verwaltung,Einzahlungen aus lfd. Verw.-tätigkeit,=,true,2029,planung,0,198
P,060201,false,16,auszahlungen_laufende_verwaltung,Auszahlungen aus lfd. Verw.-tätigkeit,=,true,2024,ergebnis,353411,198
P,060201,false,16,auszahlungen_laufende_verwaltung,Auszahlungen aus lfd. Verw.-tätigkeit,=,true,2025,ansatz,333800,198
P,060201,false,16,auszahlungen_laufende_verwaltung,Auszahlungen aus lfd. Verw.-tätigkeit,=,true,2026,ansatz,339450,198
P,060201,false,16,auszahlungen_laufende_verwaltung,Auszahlungen aus lfd. Verw.-tätigkeit,=,true,2026,ve,0,198
P,060201,false,16,auszahlungen_laufende_verwaltung,Auszahlungen aus lfd. Verw.-tätigkeit,=,true,2027,planung,334600,198
P,060201,false,16,auszahlungen_laufende_verwaltung,Auszahlungen aus lfd. Verw.-tätigkeit,=,true,2028,planung,335100,198
P,060201,false,16,auszahlungen_laufende_verwaltung,Auszahlungen aus lfd. Verw.-tätigkeit,=,true,2029,planung,335500,198
P,060201,false,17,saldo_laufende_verwaltung,Saldo aus lfd. Verw.-tätigkeit,=,true,2024,ergebnis,-324803,198
P,060201,false,17,saldo_laufende_verwaltung,Saldo aus lfd. Verw.-tätigkeit,=,true,2025,ansatz,-333800,198
P,060201,false,17,saldo_laufende_verwaltung,Saldo aus lfd. Verw.-tätigkeit,=,true,2026,ansatz,-339450,198
P,060201,false,17,saldo_laufende_verwaltung,Saldo aus lfd. Verw.-tätigkeit,=,true,2026,ve,0,198
P,060201,false,17,saldo_laufende_verwaltung,Saldo aus lfd. Verw.-tätigkeit,=,true,2027,planung,-334600,198
P,060201,false,17,saldo_laufende_verwaltung,Saldo aus lfd. Verw.-tätigkeit,=,true,2028,planung,-335100,198
P,060201,false,17,saldo_laufende_verwaltung,Saldo aus lfd. Verw.-tätigkeit,=,true,2029,planung,-335500,198
P,060201,false,26,erwerb_bewegliches_anlagevermoegen,Ausz. f. Erwerb von bewegl. Anlagevermögen,-,false,2024,ergebnis,0,198
P,060201,false,26,erwerb_bewegliches_anlagevermoegen,Ausz. f. Erwerb von bewegl. Anlagevermögen,-,false,2025,ansatz,0,198
P,060201,false,26,erwerb_bewegliches_anlagevermoegen,Ausz. f. Erwerb von bewegl. Anlagevermögen,-,false,2026,ansatz,0,198
P,060201,false,26,erwerb_bewegliches_anlagevermoegen,Ausz. f. Erwerb von bewegl. Anlagevermögen,-,false,2026,ve,0,198
P,060201,false,26,erwerb_bewegliches_anlagevermoegen,Ausz. f. Erwerb von bewegl. Anlagevermögen,-,false,2027,planung,65000,198
P,060201,false,26,erwerb_bewegliches_anlagevermoegen,Ausz. f. Erwerb von bewegl. Anlagevermögen,-,false,2028,planung,0,198
P,060201,false,26,erwerb_bewegliches_anlagevermoegen,Ausz. f. Erwerb von bewegl. Anlagevermögen,-,false,2029,planung,0,198
P,060201,false,30,auszahlungen_investitionen,Auszahlungen aus Investitionstätigkeit,=,true,2024,ergebnis,0,198
P,060201,false,30,auszahlungen_investitionen,Auszahlungen aus Investitionstätigkeit,=,true,2025,ansatz,0,198
P,060201,false,30,auszahlungen_investitionen,Auszahlungen aus Investitionstätigkeit,=,true,2026,ansatz,0,198
P,060201,false,30,auszahlungen_investitionen,Auszahlungen aus Investitionstätigkeit,=,true,2026,ve,0,198
P,060201,false,30,auszahlungen_investitionen,Auszahlungen aus Investitionstätigkeit,=,true,2027,planung,65000,198
P,060201,false,30,auszahlungen_investitionen,Auszahlungen aus Investitionstätigkeit,=,true,2028,planung,0,198
P,060201,false,30,auszahlungen_investitionen,Auszahlungen aus Investitionstätigkeit,=,true,2029,planung,0,198
P,060201,false,31,saldo_investitionen,Saldo aus Investitionstätigkeit,=,true,2024,ergebnis,0,198
P,060201,false,31,saldo_investitionen,Saldo aus Investitionstätigkeit,=,true,2025,ansatz,0,198
P,060201,false,31,saldo_investitionen,Saldo aus Investitionstätigkeit,=,true,2026,ansatz,0,198
P,060201,false,31,saldo_investitionen,Saldo aus Investitionstätigkeit,=,true,2026,ve,0,198
P,060201,false,31,saldo_investitionen,Saldo aus Investitionstätigkeit,=,true,2027,planung,-65000,198
P,060201,false,31,saldo_investitionen,Saldo aus Investitionstätigkeit,=,true,2028,planung,0,198
P,060201,false,31,saldo_investitionen,Saldo aus Investitionstätigkeit,=,true,2029,planung,0,198
P,060202,false,09,einzahlungen_laufende_verwaltung,Einzahlungen aus lfd. Verw.-tätigkeit,=,true,2024,ergebnis,20519,201
P,060202,false,09,einzahlungen_laufende_verwaltung,Einzahlungen aus lfd. Verw.-tätigkeit,=,true,2025,ansatz,19650,201
P,060202,false,09,einzahlungen_laufende_verwaltung,Einzahlungen aus lfd. Verw.-tätigkeit,=,true,2026,ansatz,17650,201
P,060202,false,09,einzahlungen_laufende_verwaltung,Einzahlungen aus lfd. Verw.-tätigkeit,=,true,2026,ve,0,201
P,060202,false,09,einzahlungen_laufende_verwaltung,Einzahlungen aus lfd. Verw.-tätigkeit,=,true,2027,planung,9650,201
P,060202,false,09,einzahlungen_laufende_verwaltung,Einzahlungen aus lfd. Verw.-tätigkeit,=,true,2028,planung,9650,201
P,060202,false,09,einzahlungen_laufende_verwaltung,Einzahlungen aus lfd. Verw.-tätigkeit,=,true,2029,planung,9650,201
P,060202,false,16,auszahlungen_laufende_verwaltung,Auszahlungen aus lfd. Verw.-tätigkeit,=,true,2024,ergebnis,256994,201
P,060202,false,16,auszahlungen_laufende_verwaltung,Auszahlungen aus lfd. Verw.-tätigkeit,=,true,2025,ansatz,321030,201
P,060202,false,16,auszahlungen_laufende_verwaltung,Auszahlungen aus lfd. Verw.-tätigkeit,=,true,2026,ansatz,300230,201
P,060202,false,16,auszahlungen_laufende_verwaltung,Auszahlungen aus lfd. Verw.-tätigkeit,=,true,2026,ve,0,201
P,060202,false,16,auszahlungen_laufende_verwaltung,Auszahlungen aus lfd. Verw.-tätigkeit,=,true,2027,planung,264080,201
P,060202,false,16,auszahlungen_laufende_verwaltung,Auszahlungen aus lfd. Verw.-tätigkeit,=,true,2028,planung,269680,201
P,060202,false,16,auszahlungen_laufende_verwaltung,Auszahlungen aus lfd. Verw.-tätigkeit,=,true,2029,planung,274780,201
P,060202,false,17,saldo_laufende_verwaltung,Saldo aus lfd. Verw.-tätigkeit,=,true,2024,ergebnis,-236475,201
P,060202,false,17,saldo_laufende_verwaltung,Saldo aus lfd. Verw.-tätigkeit,=,true,2025,ansatz,-301380,201
P,060202,false,17,saldo_laufende_verwaltung,Saldo aus lfd. Verw.-tätigkeit,=,true,2026,ansatz,-282580,201
P,060202,false,17,saldo_laufende_verwaltung,Saldo aus lfd. Verw.-tätigkeit,=,true,2026,ve,0,201
P,060202,false,17,saldo_laufende_verwaltung,Saldo aus lfd. Verw.-tätigkeit,=,true,2027,planung,-254430,201
P,060202,false,17,saldo_laufende_verwaltung,Saldo aus lfd. Verw.-tätigkeit,=,true,2028,planung,-260030,201
P,060202,false,17,saldo_laufende_verwaltung,Saldo aus lfd. Verw.-tätigkeit,=,true,2029,planung,-265130,201
P,060202,false,18,investitionszuwendungen,Zuwendungen für Investitionsmaßnahmen,+,false,2024,ergebnis,22935,201
P,060202,false,18,investitionszuwendungen,Zuwendungen für Investitionsmaßnahmen,+,false,2025,ansatz,0,201
P,060202,false,18,investitionszuwendungen,Zuwendungen für Investitionsmaßnahmen,+,false,2026,ansatz,0,201
P,060202,false,18,investitionszuwendungen,Zuwendungen für Investitionsmaßnahmen,+,false,2026,ve,0,201
P,060202,false,18,investitionszuwendungen,Zuwendungen für Investitionsmaßnahmen,+,false,2027,planung,0,201
P,060202,false,18,investitionszuwendungen,Zuwendungen für Investitionsmaßnahmen,+,false,2028,planung,0,201
P,060202,false,18,investitionszuwendungen,Zuwendungen für Investitionsmaßnahmen,+,false,2029,planung,0,201
P,060202,false,23,einzahlungen_investitionen,Einzahlungen aus Investitionstätigkeit,=,true,2024,ergebnis,22935,201
P,060202,false,23,einzahlungen_investitionen,Einzahlungen aus Investitionstätigkeit,=,true,2025,ansatz,0,201
P,060202,false,23,einzahlungen_investitionen,Einzahlungen aus Investitionstätigkeit,=,true,2026,ansatz,0,201
P,060202,false,23,einzahlungen_investitionen,Einzahlungen aus Investitionstätigkeit,=,true,2026,ve,0,201
P,060202,false,23,einzahlungen_investitionen,Einzahlungen aus Investitionstätigkeit,=,true,2027,planung,0,201
P,060202,false,23,einzahlungen_investitionen,Einzahlungen aus Investitionstätigkeit,=,true,2028,planung,0,201
P,060202,false,23,einzahlungen_investitionen,Einzahlungen aus Investitionstätigkeit,=,true,2029,planung,0,201
P,060202,false,24,erwerb_grundstuecke_gebaeude,Ausz. f. Erwerb von Grundst. u. Gebäuden,-,false,2024,ergebnis,103135,201
P,060202,false,24,erwerb_grundstuecke_gebaeude,Ausz. f. Erwerb von Grundst. u. Gebäuden,-,false,2025,ansatz,25000,201
P,060202,false,24,erwerb_grundstuecke_gebaeude,Ausz. f. Erwerb von Grundst. u. Gebäuden,-,false,2026,ansatz,0,201
P,060202,false,24,erwerb_grundstuecke_gebaeude,Ausz. f. Erwerb von Grundst. u. Gebäuden,-,false,2026,ve,0,201
P,060202,false,24,erwerb_grundstuecke_gebaeude,Ausz. f. Erwerb von Grundst. u. Gebäuden,-,false,2027,planung,0,201
P,060202,false,24,erwerb_grundstuecke_gebaeude,Ausz. f. Erwerb von Grundst. u. Gebäuden,-,false,2028,planung,0,201
P,060202,false,24,erwerb_grundstuecke_gebaeude,Ausz. f. Erwerb von Grundst. u. Gebäuden,-,false,2029,planung,0,201
P,060202,false,25,baumassnahmen,Ausz. f. Baumaßnahmen,-,false,2024,ergebnis,0,201
P,060202,false,25,baumassnahmen,Ausz. f. Baumaßnahmen,-,false,2025,ansatz,0,201
P,060202,false,25,baumassnahmen,Ausz. f. Baumaßnahmen,-,false,2026,ansatz,175000,201
P,060202,false,25,baumassnahmen,Ausz. f. Baumaßnahmen,-,false,2026,ve,0,201
P,060202,false,25,baumassnahmen,Ausz. f. Baumaßnahmen,-,false,2027,planung,0,201
P,060202,false,25,baumassnahmen,Ausz. f. Baumaßnahmen,-,false,2028,planung,0,201
P,060202,false,25,baumassnahmen,Ausz. f. Baumaßnahmen,-,false,2029,planung,0,201
P,060202,false,30,auszahlungen_investitionen,Auszahlungen aus Investitionstätigkeit,=,true,2024,ergebnis,103135,201
P,060202,false,30,auszahlungen_investitionen,Auszahlungen aus Investitionstätigkeit,=,true,2025,ansatz,25000,201
P,060202,false,30,auszahlungen_investitionen,Auszahlungen aus Investitionstätigkeit,=,true,2026,ansatz,175000,201
P,060202,false,30,auszahlungen_investitionen,Auszahlungen aus Investitionstätigkeit,=,true,2026,ve,0,201
P,060202,false,30,auszahlungen_investitionen,Auszahlungen aus Investitionstätigkeit,=,true,2027,planung,0,201
P,060202,false,30,auszahlungen_investitionen,Auszahlungen aus Investitionstätigkeit,=,true,2028,planung,0,201
P,060202,false,30,auszahlungen_investitionen,Auszahlungen aus Investitionstätigkeit,=,true,2029,planung,0,201
P,060202,false,31,saldo_investitionen,Saldo aus Investitionstätigkeit,=,true,2024,ergebnis,-80200,201
P,060202,false,31,saldo_investitionen,Saldo aus Investitionstätigkeit,=,true,2025,ansatz,-25000,201
P,060202,false,31,saldo_investitionen,Saldo aus Investitionstätigkeit,=,true,2026,ansatz,-175000,201
P,060202,false,31,saldo_investitionen,Saldo aus Investitionstätigkeit,=,true,2026,ve,0,201
P,060202,false,31,saldo_investitionen,Saldo aus Investitionstätigkeit,=,true,2027,planung,0,201
P,060202,false,31,saldo_investitionen,Saldo aus Investitionstätigkeit,=,true,2028,planung,0,201
P,060202,false,31,saldo_investitionen,Saldo aus Investitionstätigkeit,=,true,2029,planung,0,201
P,080101,false,09,einzahlungen_laufende_verwaltung,Einzahlungen aus lfd. Verw.-tätigkeit,=,true,2024,ergebnis,0,206
P,080101,false,09,einzahlungen_laufende_verwaltung,Einzahlungen aus lfd. Verw.-tätigkeit,=,true,2025,ansatz,100,206
P,080101,false,09,einzahlungen_laufende_verwaltung,Einzahlungen aus lfd. Verw.-tätigkeit,=,true,2026,ansatz,100,206
P,080101,false,09,einzahlungen_laufende_verwaltung,Einzahlungen aus lfd. Verw.-tätigkeit,=,true,2026,ve,0,206
P,080101,false,09,einzahlungen_laufende_verwaltung,Einzahlungen aus lfd. Verw.-tätigkeit,=,true,2027,planung,100,206
P,080101,false,09,einzahlungen_laufende_verwaltung,Einzahlungen aus lfd. Verw.-tätigkeit,=,true,2028,planung,100,206
P,080101,false,09,einzahlungen_laufende_verwaltung,Einzahlungen aus lfd. Verw.-tätigkeit,=,true,2029,planung,100,206
P,080101,false,16,auszahlungen_laufende_verwaltung,Auszahlungen aus lfd. Verw.-tätigkeit,=,true,2024,ergebnis,122147,206
P,080101,false,16,auszahlungen_laufende_verwaltung,Auszahlungen aus lfd. Verw.-tätigkeit,=,true,2025,ansatz,223650,206
P,080101,false,16,auszahlungen_laufende_verwaltung,Auszahlungen aus lfd. Verw.-tätigkeit,=,true,2026,ansatz,230070,206
P,080101,false,16,auszahlungen_laufende_verwaltung,Auszahlungen aus lfd. Verw.-tätigkeit,=,true,2026,ve,0,206
P,080101,false,16,auszahlungen_laufende_verwaltung,Auszahlungen aus lfd. Verw.-tätigkeit,=,true,2027,planung,170720,206
P,080101,false,16,auszahlungen_laufende_verwaltung,Auszahlungen aus lfd. Verw.-tätigkeit,=,true,2028,planung,174720,206
P,080101,false,16,auszahlungen_laufende_verwaltung,Auszahlungen aus lfd. Verw.-tätigkeit,=,true,2029,planung,176620,206
P,080101,false,17,saldo_laufende_verwaltung,Saldo aus lfd. Verw.-tätigkeit,=,true,2024,ergebnis,-122147,206
P,080101,false,17,saldo_laufende_verwaltung,Saldo aus lfd. Verw.-tätigkeit,=,true,2025,ansatz,-223550,206
P,080101,false,17,saldo_laufende_verwaltung,Saldo aus lfd. Verw.-tätigkeit,=,true,2026,ansatz,-229970,206
P,080101,false,17,saldo_laufende_verwaltung,Saldo aus lfd. Verw.-tätigkeit,=,true,2026,ve,0,206
P,080101,false,17,saldo_laufende_verwaltung,Saldo aus lfd. Verw.-tätigkeit,=,true,2027,planung,-170620,206
P,080101,false,17,saldo_laufende_verwaltung,Saldo aus lfd. Verw.-tätigkeit,=,true,2028,planung,-174620,206
P,080101,false,17,saldo_laufende_verwaltung,Saldo aus lfd. Verw.-tätigkeit,=,true,2029,planung,-176520,206
P,080101,false,25,baumassnahmen,Ausz. f. Baumaßnahmen,-,false,2024,ergebnis,0,206
P,080101,false,25,baumassnahmen,Ausz. f. Baumaßnahmen,-,false,2025,ansatz,0,206
P,080101,false,25,baumassnahmen,Ausz. f. Baumaßnahmen,-,false,2026,ansatz,85000,206
P,080101,false,25,baumassnahmen,Ausz. f. Baumaßnahmen,-,false,2026,ve,0,206
P,080101,false,25,baumassnahmen,Ausz. f. Baumaßnahmen,-,false,2027,planung,0,206
P,080101,false,25,baumassnahmen,Ausz. f. Baumaßnahmen,-,false,2028,planung,0,206
P,080101,false,25,baumassnahmen,Ausz. f. Baumaßnahmen,-,false,2029,planung,0,206
P,080101,false,26,erwerb_bewegliches_anlagevermoegen,Ausz. f. Erwerb von bewegl. Anlagevermögen,-,false,2024,ergebnis,0,206
P,080101,false,26,erwerb_bewegliches_anlagevermoegen,Ausz. f. Erwerb von bewegl. Anlagevermögen,-,false,2025,ansatz,20000,206
P,080101,false,26,erwerb_bewegliches_anlagevermoegen,Ausz. f. Erwerb von bewegl. Anlagevermögen,-,false,2026,ansatz,200000,206
P,080101,false,26,erwerb_bewegliches_anlagevermoegen,Ausz. f. Erwerb von bewegl. Anlagevermögen,-,false,2026,ve,0,206
P,080101,false,26,erwerb_bewegliches_anlagevermoegen,Ausz. f. Erwerb von bewegl. Anlagevermögen,-,false,2027,planung,0,206
P,080101,false,26,erwerb_bewegliches_anlagevermoegen,Ausz. f. Erwerb von bewegl. Anlagevermögen,-,false,2028,planung,0,206
P,080101,false,26,erwerb_bewegliches_anlagevermoegen,Ausz. f. Erwerb von bewegl. Anlagevermögen,-,false,2029,planung,0,206
P,080101,false,30,auszahlungen_investitionen,Auszahlungen aus Investitionstätigkeit,=,true,2024,ergebnis,0,206
P,080101,false,30,auszahlungen_investitionen,Auszahlungen aus Investitionstätigkeit,=,true,2025,ansatz,20000,206
P,080101,false,30,auszahlungen_investitionen,Auszahlungen aus Investitionstätigkeit,=,true,2026,ansatz,285000,206
P,080101,false,30,auszahlungen_investitionen,Auszahlungen aus Investitionstätigkeit,=,true,2026,ve,0,206
P,080101,false,30,auszahlungen_investitionen,Auszahlungen aus Investitionstätigkeit,=,true,2027,planung,0,206
P,080101,false,30,auszahlungen_investitionen,Auszahlungen aus Investitionstätigkeit,=,true,2028,planung,0,206
P,080101,false,30,auszahlungen_investitionen,Auszahlungen aus Investitionstätigkeit,=,true,2029,planung,0,206
P,080101,false,31,saldo_investitionen,Saldo aus Investitionstätigkeit,=,true,2024,ergebnis,0,206
P,080101,false,31,saldo_investitionen,Saldo aus Investitionstätigkeit,=,true,2025,ansatz,-20000,206
P,080101,false,31,saldo_investitionen,Saldo aus Investitionstätigkeit,=,true,2026,ansatz,-285000,206
P,080101,false,31,saldo_investitionen,Saldo aus Investitionstätigkeit,=,true,2026,ve,0,206
P,080101,false,31,saldo_investitionen,Saldo aus Investitionstätigkeit,=,true,2027,planung,0,206
P,080101,false,31,saldo_investitionen,Saldo aus Investitionstätigkeit,=,true,2028,planung,0,206
P,080101,false,31,saldo_investitionen,Saldo aus Investitionstätigkeit,=,true,2029,planung,0,206
P,090101,false,09,einzahlungen_laufende_verwaltung,Einzahlungen aus lfd. Verw.-tätigkeit,=,true,2024,ergebnis,775,212
P,090101,false,09,einzahlungen_laufende_verwaltung,Einzahlungen aus lfd. Verw.-tätigkeit,=,true,2025,ansatz,600,212
P,090101,false,09,einzahlungen_laufende_verwaltung,Einzahlungen aus lfd. Verw.-tätigkeit,=,true,2026,ansatz,0,212
P,090101,false,09,einzahlungen_laufende_verwaltung,Einzahlungen aus lfd. Verw.-tätigkeit,=,true,2026,ve,0,212
P,090101,false,09,einzahlungen_laufende_verwaltung,Einzahlungen aus lfd. Verw.-tätigkeit,=,true,2027,planung,0,212
P,090101,false,09,einzahlungen_laufende_verwaltung,Einzahlungen aus lfd. Verw.-tätigkeit,=,true,2028,planung,0,212
P,090101,false,09,einzahlungen_laufende_verwaltung,Einzahlungen aus lfd. Verw.-tätigkeit,=,true,2029,planung,0,212
P,090101,false,16,auszahlungen_laufende_verwaltung,Auszahlungen aus lfd. Verw.-tätigkeit,=,true,2024,ergebnis,149264,212
P,090101,false,16,auszahlungen_laufende_verwaltung,Auszahlungen aus lfd. Verw.-tätigkeit,=,true,2025,ansatz,226550,212
P,090101,false,16,auszahlungen_laufende_verwaltung,Auszahlungen aus lfd. Verw.-tätigkeit,=,true,2026,ansatz,115550,212
P,090101,false,16,auszahlungen_laufende_verwaltung,Auszahlungen aus lfd. Verw.-tätigkeit,=,true,2026,ve,0,212
P,090101,false,16,auszahlungen_laufende_verwaltung,Auszahlungen aus lfd. Verw.-tätigkeit,=,true,2027,planung,94950,212
P,090101,false,16,auszahlungen_laufende_verwaltung,Auszahlungen aus lfd. Verw.-tätigkeit,=,true,2028,planung,90350,212
P,090101,false,16,auszahlungen_laufende_verwaltung,Auszahlungen aus lfd. Verw.-tätigkeit,=,true,2029,planung,92850,212
P,090101,false,17,saldo_laufende_verwaltung,Saldo aus lfd. Verw.-tätigkeit,=,true,2024,ergebnis,-148489,212
P,090101,false,17,saldo_laufende_verwaltung,Saldo aus lfd. Verw.-tätigkeit,=,true,2025,ansatz,-225950,212
P,090101,false,17,saldo_laufende_verwaltung,Saldo aus lfd. Verw.-tätigkeit,=,true,2026,ansatz,-115550,212
P,090101,false,17,saldo_laufende_verwaltung,Saldo aus lfd. Verw.-tätigkeit,=,true,2026,ve,0,212
P,090101,false,17,saldo_laufende_verwaltung,Saldo aus lfd. Verw.-tätigkeit,=,true,2027,planung,-94950,212
P,090101,false,17,saldo_laufende_verwaltung,Saldo aus lfd. Verw.-tätigkeit,=,true,2028,planung,-90350,212
P,090101,false,17,saldo_laufende_verwaltung,Saldo aus lfd. Verw.-tätigkeit,=,true,2029,planung,-92850,212
P,090101,false,24,erwerb_grundstuecke_gebaeude,Ausz. f. Erwerb von Grundst. u. Gebäuden,-,false,2024,ergebnis,2275,212
P,090101,false,24,erwerb_grundstuecke_gebaeude,Ausz. f. Erwerb von Grundst. u. Gebäuden,-,false,2025,ansatz,75000,212
P,090101,false,24,erwerb_grundstuecke_gebaeude,Ausz. f. Erwerb von Grundst. u. Gebäuden,-,false,2026,ansatz,20000,212
P,090101,false,24,erwerb_grundstuecke_gebaeude,Ausz. f. Erwerb von Grundst. u. Gebäuden,-,false,2026,ve,0,212
P,090101,false,24,erwerb_grundstuecke_gebaeude,Ausz. f. Erwerb von Grundst. u. Gebäuden,-,false,2027,planung,50000,212
P,090101,false,24,erwerb_grundstuecke_gebaeude,Ausz. f. Erwerb von Grundst. u. Gebäuden,-,false,2028,planung,0,212
P,090101,false,24,erwerb_grundstuecke_gebaeude,Ausz. f. Erwerb von Grundst. u. Gebäuden,-,false,2029,planung,0,212
P,090101,false,30,auszahlungen_investitionen,Auszahlungen aus Investitionstätigkeit,=,true,2024,ergebnis,2275,212
P,090101,false,30,auszahlungen_investitionen,Auszahlungen aus Investitionstätigkeit,=,true,2025,ansatz,75000,212
P,090101,false,30,auszahlungen_investitionen,Auszahlungen aus Investitionstätigkeit,=,true,2026,ansatz,20000,212
P,090101,false,30,auszahlungen_investitionen,Auszahlungen aus Investitionstätigkeit,=,true,2026,ve,0,212
P,090101,false,30,auszahlungen_investitionen,Auszahlungen aus Investitionstätigkeit,=,true,2027,planung,50000,212
P,090101,false,30,auszahlungen_investitionen,Auszahlungen aus Investitionstätigkeit,=,true,2028,planung,0,212
P,090101,false,30,auszahlungen_investitionen,Auszahlungen aus Investitionstätigkeit,=,true,2029,planung,0,212
P,090101,false,31,saldo_investitionen,Saldo aus Investitionstätigkeit,=,true,2024,ergebnis,-2275,212
P,090101,false,31,saldo_investitionen,Saldo aus Investitionstätigkeit,=,true,2025,ansatz,-75000,212
P,090101,false,31,saldo_investitionen,Saldo aus Investitionstätigkeit,=,true,2026,ansatz,-20000,212
P,090101,false,31,saldo_investitionen,Saldo aus Investitionstätigkeit,=,true,2026,ve,0,212
P,090101,false,31,saldo_investitionen,Saldo aus Investitionstätigkeit,=,true,2027,planung,-50000,212
P,090101,false,31,saldo_investitionen,Saldo aus Investitionstätigkeit,=,true,2028,planung,0,212
P,090101,false,31,saldo_investitionen,Saldo aus Investitionstätigkeit,=,true,2029,planung,0,212
P,090201,false,16,auszahlungen_laufende_verwaltung,Auszahlungen aus lfd. Verw.-tätigkeit,=,true,2024,ergebnis,35209,216
P,090201,false,16,auszahlungen_laufende_verwaltung,Auszahlungen aus lfd. Verw.-tätigkeit,=,true,2025,ansatz,39300,216
P,090201,false,16,auszahlungen_laufende_verwaltung,Auszahlungen aus lfd. Verw.-tätigkeit,=,true,2026,ansatz,11500,216
P,090201,false,16,auszahlungen_laufende_verwaltung,Auszahlungen aus lfd. Verw.-tätigkeit,=,true,2026,ve,0,216
P,090201,false,16,auszahlungen_laufende_verwaltung,Auszahlungen aus lfd. Verw.-tätigkeit,=,true,2027,planung,12000,216
P,090201,false,16,auszahlungen_laufende_verwaltung,Auszahlungen aus lfd. Verw.-tätigkeit,=,true,2028,planung,12500,216
P,090201,false,16,auszahlungen_laufende_verwaltung,Auszahlungen aus lfd. Verw.-tätigkeit,=,true,2029,planung,13000,216
P,090201,false,17,saldo_laufende_verwaltung,Saldo aus lfd. Verw.-tätigkeit,=,true,2024,ergebnis,-35209,216
P,090201,false,17,saldo_laufende_verwaltung,Saldo aus lfd. Verw.-tätigkeit,=,true,2025,ansatz,-39300,216
P,090201,false,17,saldo_laufende_verwaltung,Saldo aus lfd. Verw.-tätigkeit,=,true,2026,ansatz,-11500,216
P,090201,false,17,saldo_laufende_verwaltung,Saldo aus lfd. Verw.-tätigkeit,=,true,2026,ve,0,216
P,090201,false,17,saldo_laufende_verwaltung,Saldo aus lfd. Verw.-tätigkeit,=,true,2027,planung,-12000,216
P,090201,false,17,saldo_laufende_verwaltung,Saldo aus lfd. Verw.-tätigkeit,=,true,2028,planung,-12500,216
P,090201,false,17,saldo_laufende_verwaltung,Saldo aus lfd. Verw.-tätigkeit,=,true,2029,planung,-13000,216
P,090201,false,24,erwerb_grundstuecke_gebaeude,Ausz. f. Erwerb von Grundst. u. Gebäuden,-,false,2024,ergebnis,3455,216
P,090201,false,24,erwerb_grundstuecke_gebaeude,Ausz. f. Erwerb von Grundst. u. Gebäuden,-,false,2025,ansatz,0,216
P,090201,false,24,erwerb_grundstuecke_gebaeude,Ausz. f. Erwerb von Grundst. u. Gebäuden,-,false,2026,ansatz,0,216
P,090201,false,24,erwerb_grundstuecke_gebaeude,Ausz. f. Erwerb von Grundst. u. Gebäuden,-,false,2026,ve,0,216
P,090201,false,24,erwerb_grundstuecke_gebaeude,Ausz. f. Erwerb von Grundst. u. Gebäuden,-,false,2027,planung,100000,216
P,090201,false,24,erwerb_grundstuecke_gebaeude,Ausz. f. Erwerb von Grundst. u. Gebäuden,-,false,2028,planung,100000,216
P,090201,false,24,erwerb_grundstuecke_gebaeude,Ausz. f. Erwerb von Grundst. u. Gebäuden,-,false,2029,planung,50000,216
P,090201,false,30,auszahlungen_investitionen,Auszahlungen aus Investitionstätigkeit,=,true,2024,ergebnis,3455,216
P,090201,false,30,auszahlungen_investitionen,Auszahlungen aus Investitionstätigkeit,=,true,2025,ansatz,0,216
P,090201,false,30,auszahlungen_investitionen,Auszahlungen aus Investitionstätigkeit,=,true,2026,ansatz,0,216
P,090201,false,30,auszahlungen_investitionen,Auszahlungen aus Investitionstätigkeit,=,true,2026,ve,0,216
P,090201,false,30,auszahlungen_investitionen,Auszahlungen aus Investitionstätigkeit,=,true,2027,planung,100000,216
P,090201,false,30,auszahlungen_investitionen,Auszahlungen aus Investitionstätigkeit,=,true,2028,planung,100000,216
P,090201,false,30,auszahlungen_investitionen,Auszahlungen aus Investitionstätigkeit,=,true,2029,planung,50000,216
P,090201,false,31,saldo_investitionen,Saldo aus Investitionstätigkeit,=,true,2024,ergebnis,-3455,216
P,090201,false,31,saldo_investitionen,Saldo aus Investitionstätigkeit,=,true,2025,ansatz,0,216
P,090201,false,31,saldo_investitionen,Saldo aus Investitionstätigkeit,=,true,2026,ansatz,0,216
P,090201,false,31,saldo_investitionen,Saldo aus Investitionstätigkeit,=,true,2026,ve,0,216
P,090201,false,31,saldo_investitionen,Saldo aus Investitionstätigkeit,=,true,2027,planung,-100000,216
P,090201,false,31,saldo_investitionen,Saldo aus Investitionstätigkeit,=,true,2028,planung,-100000,216
P,090201,false,31,saldo_investitionen,Saldo aus Investitionstätigkeit,=,true,2029,planung,-50000,216
P,090202,false,16,auszahlungen_laufende_verwaltung,Auszahlungen aus lfd. Verw.-tätigkeit,=,true,2024,ergebnis,5754,219
P,090202,false,16,auszahlungen_laufende_verwaltung,Auszahlungen aus lfd. Verw.-tätigkeit,=,true,2025,ansatz,8200,219
P,090202,false,16,auszahlungen_laufende_verwaltung,Auszahlungen aus lfd. Verw.-tätigkeit,=,true,2026,ansatz,6200,219
P,090202,false,16,auszahlungen_laufende_verwaltung,Auszahlungen aus lfd. Verw.-tätigkeit,=,true,2026,ve,0,219
P,090202,false,16,auszahlungen_laufende_verwaltung,Auszahlungen aus lfd. Verw.-tätigkeit,=,true,2027,planung,6200,219
P,090202,false,16,auszahlungen_laufende_verwaltung,Auszahlungen aus lfd. Verw.-tätigkeit,=,true,2028,planung,6200,219
P,090202,false,16,auszahlungen_laufende_verwaltung,Auszahlungen aus lfd. Verw.-tätigkeit,=,true,2029,planung,6200,219
P,090202,false,17,saldo_laufende_verwaltung,Saldo aus lfd. Verw.-tätigkeit,=,true,2024,ergebnis,-5754,219
P,090202,false,17,saldo_laufende_verwaltung,Saldo aus lfd. Verw.-tätigkeit,=,true,2025,ansatz,-8200,219
P,090202,false,17,saldo_laufende_verwaltung,Saldo aus lfd. Verw.-tätigkeit,=,true,2026,ansatz,-6200,219
P,090202,false,17,saldo_laufende_verwaltung,Saldo aus lfd. Verw.-tätigkeit,=,true,2026,ve,0,219
P,090202,false,17,saldo_laufende_verwaltung,Saldo aus lfd. Verw.-tätigkeit,=,true,2027,planung,-6200,219
P,090202,false,17,saldo_laufende_verwaltung,Saldo aus lfd. Verw.-tätigkeit,=,true,2028,planung,-6200,219
P,090202,false,17,saldo_laufende_verwaltung,Saldo aus lfd. Verw.-tätigkeit,=,true,2029,planung,-6200,219
P,100101,false,16,auszahlungen_laufende_verwaltung,Auszahlungen aus lfd. Verw.-tätigkeit,=,true,2024,ergebnis,89176,223
P,100101,false,16,auszahlungen_laufende_verwaltung,Auszahlungen aus lfd. Verw.-tätigkeit,=,true,2025,ansatz,75500,223
P,100101,false,16,auszahlungen_laufende_verwaltung,Auszahlungen aus lfd. Verw.-tätigkeit,=,true,2026,ansatz,72700,223
P,100101,false,16,auszahlungen_laufende_verwaltung,Auszahlungen aus lfd. Verw.-tätigkeit,=,true,2026,ve,0,223
P,100101,false,16,auszahlungen_laufende_verwaltung,Auszahlungen aus lfd. Verw.-tätigkeit,=,true,2027,planung,75600,223
P,100101,false,16,auszahlungen_laufende_verwaltung,Auszahlungen aus lfd. Verw.-tätigkeit,=,true,2028,planung,78600,223
P,100101,false,16,auszahlungen_laufende_verwaltung,Auszahlungen aus lfd. Verw.-tätigkeit,=,true,2029,planung,81700,223
P,100101,false,17,saldo_laufende_verwaltung,Saldo aus lfd. Verw.-tätigkeit,=,true,2024,ergebnis,-89176,223
P,100101,false,17,saldo_laufende_verwaltung,Saldo aus lfd. Verw.-tätigkeit,=,true,2025,ansatz,-75500,223
P,100101,false,17,saldo_laufende_verwaltung,Saldo aus lfd. Verw.-tätigkeit,=,true,2026,ansatz,-72700,223
P,100101,false,17,saldo_laufende_verwaltung,Saldo aus lfd. Verw.-tätigkeit,=,true,2026,ve,0,223
P,100101,false,17,saldo_laufende_verwaltung,Saldo aus lfd. Verw.-tätigkeit,=,true,2027,planung,-75600,223
P,100101,false,17,saldo_laufende_verwaltung,Saldo aus lfd. Verw.-tätigkeit,=,true,2028,planung,-78600,223
P,100101,false,17,saldo_laufende_verwaltung,Saldo aus lfd. Verw.-tätigkeit,=,true,2029,planung,-81700,223
P,100201,false,09,einzahlungen_laufende_verwaltung,Einzahlungen aus lfd. Verw.-tätigkeit,=,true,2024,ergebnis,0,225
P,100201,false,09,einzahlungen_laufende_verwaltung,Einzahlungen aus lfd. Verw.-tätigkeit,=,true,2025,ansatz,0,225
P,100201,false,09,einzahlungen_laufende_verwaltung,Einzahlungen aus lfd. Verw.-tätigkeit,=,true,2026,ansatz,7500,225
P,100201,false,09,einzahlungen_laufende_verwaltung,Einzahlungen aus lfd. Verw.-tätigkeit,=,true,2026,ve,0,225
P,100201,false,09,einzahlungen_laufende_verwaltung,Einzahlungen aus lfd. Verw.-tätigkeit,=,true,2027,planung,0,225
P,100201,false,09,einzahlungen_laufende_verwaltung,Einzahlungen aus lfd. Verw.-tätigkeit,=,true,2028,planung,0,225
P,100201,false,09,einzahlungen_laufende_verwaltung,Einzahlungen aus lfd. Verw.-tätigkeit,=,true,2029,planung,0,225
P,100201,false,16,auszahlungen_laufende_verwaltung,Auszahlungen aus lfd. Verw.-tätigkeit,=,true,2024,ergebnis,4129,225
P,100201,false,16,auszahlungen_laufende_verwaltung,Auszahlungen aus lfd. Verw.-tätigkeit,=,true,2025,ansatz,10600,225
P,100201,false,16,auszahlungen_laufende_verwaltung,Auszahlungen aus lfd. Verw.-tätigkeit,=,true,2026,ansatz,21300,225
P,100201,false,16,auszahlungen_laufende_verwaltung,Auszahlungen aus lfd. Verw.-tätigkeit,=,true,2026,ve,0,225
P,100201,false,16,auszahlungen_laufende_verwaltung,Auszahlungen aus lfd. Verw.-tätigkeit,=,true,2027,planung,6500,225
P,100201,false,16,auszahlungen_laufende_verwaltung,Auszahlungen aus lfd. Verw.-tätigkeit,=,true,2028,planung,6700,225
P,100201,false,16,auszahlungen_laufende_verwaltung,Auszahlungen aus lfd. Verw.-tätigkeit,=,true,2029,planung,6900,225
P,100201,false,17,saldo_laufende_verwaltung,Saldo aus lfd. Verw.-tätigkeit,=,true,2024,ergebnis,-4129,225
P,100201,false,17,saldo_laufende_verwaltung,Saldo aus lfd. Verw.-tätigkeit,=,true,2025,ansatz,-10600,225
P,100201,false,17,saldo_laufende_verwaltung,Saldo aus lfd. Verw.-tätigkeit,=,true,2026,ansatz,-13800,225
P,100201,false,17,saldo_laufende_verwaltung,Saldo aus lfd. Verw.-tätigkeit,=,true,2026,ve,0,225
P,100201,false,17,saldo_laufende_verwaltung,Saldo aus lfd. Verw.-tätigkeit,=,true,2027,planung,-6500,225
P,100201,false,17,saldo_laufende_verwaltung,Saldo aus lfd. Verw.-tätigkeit,=,true,2028,planung,-6700,225
P,100201,false,17,saldo_laufende_verwaltung,Saldo aus lfd. Verw.-tätigkeit,=,true,2029,planung,-6900,225
P,100301,false,09,einzahlungen_laufende_verwaltung,Einzahlungen aus lfd. Verw.-tätigkeit,=,true,2024,ergebnis,0,227
P,100301,false,09,einzahlungen_laufende_verwaltung,Einzahlungen aus lfd. Verw.-tätigkeit,=,true,2025,ansatz,200,227
P,100301,false,09,einzahlungen_laufende_verwaltung,Einzahlungen aus lfd. Verw.-tätigkeit,=,true,2026,ansatz,200,227
P,100301,false,09,einzahlungen_laufende_verwaltung,Einzahlungen aus lfd. Verw.-tätigkeit,=,true,2026,ve,0,227
P,100301,false,09,einzahlungen_laufende_verwaltung,Einzahlungen aus lfd. Verw.-tätigkeit,=,true,2027,planung,200,227
P,100301,false,09,einzahlungen_laufende_verwaltung,Einzahlungen aus lfd. Verw.-tätigkeit,=,true,2028,planung,200,227
P,100301,false,09,einzahlungen_laufende_verwaltung,Einzahlungen aus lfd. Verw.-tätigkeit,=,true,2029,planung,200,227
P,100301,false,16,auszahlungen_laufende_verwaltung,Auszahlungen aus lfd. Verw.-tätigkeit,=,true,2024,ergebnis,44802,227
P,100301,false,16,auszahlungen_laufende_verwaltung,Auszahlungen aus lfd. Verw.-tätigkeit,=,true,2025,ansatz,52100,227
P,100301,false,16,auszahlungen_laufende_verwaltung,Auszahlungen aus lfd. Verw.-tätigkeit,=,true,2026,ansatz,51300,227
P,100301,false,16,auszahlungen_laufende_verwaltung,Auszahlungen aus lfd. Verw.-tätigkeit,=,true,2026,ve,0,227
P,100301,false,16,auszahlungen_laufende_verwaltung,Auszahlungen aus lfd. Verw.-tätigkeit,=,true,2027,planung,53300,227
P,100301,false,16,auszahlungen_laufende_verwaltung,Auszahlungen aus lfd. Verw.-tätigkeit,=,true,2028,planung,55300,227
P,100301,false,16,auszahlungen_laufende_verwaltung,Auszahlungen aus lfd. Verw.-tätigkeit,=,true,2029,planung,57400,227
P,100301,false,17,saldo_laufende_verwaltung,Saldo aus lfd. Verw.-tätigkeit,=,true,2024,ergebnis,-44802,227
P,100301,false,17,saldo_laufende_verwaltung,Saldo aus lfd. Verw.-tätigkeit,=,true,2025,ansatz,-51900,227
P,100301,false,17,saldo_laufende_verwaltung,Saldo aus lfd. Verw.-tätigkeit,=,true,2026,ansatz,-51100,227
P,100301,false,17,saldo_laufende_verwaltung,Saldo aus lfd. Verw.-tätigkeit,=,true,2026,ve,0,227
P,100301,false,17,saldo_laufende_verwaltung,Saldo aus lfd. Verw.-tätigkeit,=,true,2027,planung,-53100,227
P,100301,false,17,saldo_laufende_verwaltung,Saldo aus lfd. Verw.-tätigkeit,=,true,2028,planung,-55100,227
P,100301,false,17,saldo_laufende_verwaltung,Saldo aus lfd. Verw.-tätigkeit,=,true,2029,planung,-57200,227
P,100401,false,09,einzahlungen_laufende_verwaltung,Einzahlungen aus lfd. Verw.-tätigkeit,=,true,2024,ergebnis,206345,229
P,100401,false,09,einzahlungen_laufende_verwaltung,Einzahlungen aus lfd. Verw.-tätigkeit,=,true,2025,ansatz,247850,229
P,100401,false,09,einzahlungen_laufende_verwaltung,Einzahlungen aus lfd. Verw.-tätigkeit,=,true,2026,ansatz,225450,229
P,100401,false,09,einzahlungen_laufende_verwaltung,Einzahlungen aus lfd. Verw.-tätigkeit,=,true,2026,ve,0,229
P,100401,false,09,einzahlungen_laufende_verwaltung,Einzahlungen aus lfd. Verw.-tätigkeit,=,true,2027,planung,225450,229
P,100401,false,09,einzahlungen_laufende_verwaltung,Einzahlungen aus lfd. Verw.-tätigkeit,=,true,2028,planung,225450,229
P,100401,false,09,einzahlungen_laufende_verwaltung,Einzahlungen aus lfd. Verw.-tätigkeit,=,true,2029,planung,225450,229
P,100401,false,16,auszahlungen_laufende_verwaltung,Auszahlungen aus lfd. Verw.-tätigkeit,=,true,2024,ergebnis,393668,229
P,100401,false,16,auszahlungen_laufende_verwaltung,Auszahlungen aus lfd. Verw.-tätigkeit,=,true,2025,ansatz,488700,229
P,100401,false,16,auszahlungen_laufende_verwaltung,Auszahlungen aus lfd. Verw.-tätigkeit,=,true,2026,ansatz,458400,229
P,100401,false,16,auszahlungen_laufende_verwaltung,Auszahlungen aus lfd. Verw.-tätigkeit,=,true,2026,ve,0,229
P,100401,false,16,auszahlungen_laufende_verwaltung,Auszahlungen aus lfd. Verw.-tätigkeit,=,true,2027,planung,450600,229
P,100401,false,16,auszahlungen_laufende_verwaltung,Auszahlungen aus lfd. Verw.-tätigkeit,=,true,2028,planung,459600,229
P,100401,false,16,auszahlungen_laufende_verwaltung,Auszahlungen aus lfd. Verw.-tätigkeit,=,true,2029,planung,468500,229
P,100401,false,17,saldo_laufende_verwaltung,Saldo aus lfd. Verw.-tätigkeit,=,true,2024,ergebnis,-187323,229
P,100401,false,17,saldo_laufende_verwaltung,Saldo aus lfd. Verw.-tätigkeit,=,true,2025,ansatz,-240850,229
P,100401,false,17,saldo_laufende_verwaltung,Saldo aus lfd. Verw.-tätigkeit,=,true,2026,ansatz,-232950,229
P,100401,false,17,saldo_laufende_verwaltung,Saldo aus lfd. Verw.-tätigkeit,=,true,2026,ve,0,229
P,100401,false,17,saldo_laufende_verwaltung,Saldo aus lfd. Verw.-tätigkeit,=,true,2027,planung,-225150,229
P,100401,false,17,saldo_laufende_verwaltung,Saldo aus lfd. Verw.-tätigkeit,=,true,2028,planung,-234150,229
P,100401,false,17,saldo_laufende_verwaltung,Saldo aus lfd. Verw.-tätigkeit,=,true,2029,planung,-243050,229
P,100401,false,25,baumassnahmen,Ausz. f. Baumaßnahmen,-,false,2024,ergebnis,569804,230
P,100401,false,25,baumassnahmen,Ausz. f. Baumaßnahmen,-,false,2025,ansatz,65000,230
P,100401,false,25,baumassnahmen,Ausz. f. Baumaßnahmen,-,false,2026,ansatz,90000,230
P,100401,false,25,baumassnahmen,Ausz. f. Baumaßnahmen,-,false,2026,ve,0,230
P,100401,false,25,baumassnahmen,Ausz. f. Baumaßnahmen,-,false,2027,planung,0,230
P,100401,false,25,baumassnahmen,Ausz. f. Baumaßnahmen,-,false,2028,planung,0,230
P,100401,false,25,baumassnahmen,Ausz. f. Baumaßnahmen,-,false,2029,planung,0,230
P,100401,false,26,erwerb_bewegliches_anlagevermoegen,Ausz. f. Erwerb von bewegl. Anlagevermögen,-,false,2024,ergebnis,9207,230
P,100401,false,26,erwerb_bewegliches_anlagevermoegen,Ausz. f. Erwerb von bewegl. Anlagevermögen,-,false,2025,ansatz,24000,230
P,100401,false,26,erwerb_bewegliches_anlagevermoegen,Ausz. f. Erwerb von bewegl. Anlagevermögen,-,false,2026,ansatz,6000,230
P,100401,false,26,erwerb_bewegliches_anlagevermoegen,Ausz. f. Erwerb von bewegl. Anlagevermögen,-,false,2026,ve,0,230
P,100401,false,26,erwerb_bewegliches_anlagevermoegen,Ausz. f. Erwerb von bewegl. Anlagevermögen,-,false,2027,planung,6000,230
P,100401,false,26,erwerb_bewegliches_anlagevermoegen,Ausz. f. Erwerb von bewegl. Anlagevermögen,-,false,2028,planung,6000,230
P,100401,false,26,erwerb_bewegliches_anlagevermoegen,Ausz. f. Erwerb von bewegl. Anlagevermögen,-,false,2029,planung,6000,230
P,100401,false,30,auszahlungen_investitionen,Auszahlungen aus Investitionstätigkeit,=,true,2024,ergebnis,579011,230
P,100401,false,30,auszahlungen_investitionen,Auszahlungen aus Investitionstätigkeit,=,true,2025,ansatz,89000,230
P,100401,false,30,auszahlungen_investitionen,Auszahlungen aus Investitionstätigkeit,=,true,2026,ansatz,96000,230
P,100401,false,30,auszahlungen_investitionen,Auszahlungen aus Investitionstätigkeit,=,true,2026,ve,0,230
P,100401,false,30,auszahlungen_investitionen,Auszahlungen aus Investitionstätigkeit,=,true,2027,planung,6000,230
P,100401,false,30,auszahlungen_investitionen,Auszahlungen aus Investitionstätigkeit,=,true,2028,planung,6000,230
P,100401,false,30,auszahlungen_investitionen,Auszahlungen aus Investitionstätigkeit,=,true,2029,planung,6000,230
P,100401,false,31,saldo_investitionen,Saldo aus Investitionstätigkeit,=,true,2024,ergebnis,-579011,230
P,100401,false,31,saldo_investitionen,Saldo aus Investitionstätigkeit,=,true,2025,ansatz,-89000,230
P,100401,false,31,saldo_investitionen,Saldo aus Investitionstätigkeit,=,true,2026,ansatz,-96000,230
P,100401,false,31,saldo_investitionen,Saldo aus Investitionstätigkeit,=,true,2026,ve,0,230
P,100401,false,31,saldo_investitionen,Saldo aus Investitionstätigkeit,=,true,2027,planung,-6000,230
P,100401,false,31,saldo_investitionen,Saldo aus Investitionstätigkeit,=,true,2028,planung,-6000,230
P,100401,false,31,saldo_investitionen,Saldo aus Investitionstätigkeit,=,true,2029,planung,-6000,230
P,110101,false,09,einzahlungen_laufende_verwaltung,Einzahlungen aus lfd. Verw.-tätigkeit,=,true,2024,ergebnis,1131653,233
P,110101,false,09,einzahlungen_laufende_verwaltung,Einzahlungen aus lfd. Verw.-tätigkeit,=,true,2025,ansatz,1291300,233
P,110101,false,09,einzahlungen_laufende_verwaltung,Einzahlungen aus lfd. Verw.-tätigkeit,=,true,2026,ansatz,1226952,233
P,110101,false,09,einzahlungen_laufende_verwaltung,Einzahlungen aus lfd. Verw.-tätigkeit,=,true,2026,ve,0,233
P,110101,false,09,einzahlungen_laufende_verwaltung,Einzahlungen aus lfd. Verw.-tätigkeit,=,true,2027,planung,1247030,233
P,110101,false,09,einzahlungen_laufende_verwaltung,Einzahlungen aus lfd. Verw.-tätigkeit,=,true,2028,planung,1302940,233
P,110101,false,09,einzahlungen_laufende_verwaltung,Einzahlungen aus lfd. Verw.-tätigkeit,=,true,2029,planung,1420240,233
P,110101,false,16,auszahlungen_laufende_verwaltung,Auszahlungen aus lfd. Verw.-tätigkeit,=,true,2024,ergebnis,1113454,233
P,110101,false,16,auszahlungen_laufende_verwaltung,Auszahlungen aus lfd. Verw.-tätigkeit,=,true,2025,ansatz,1226500,233
P,110101,false,16,auszahlungen_laufende_verwaltung,Auszahlungen aus lfd. Verw.-tätigkeit,=,true,2026,ansatz,1165400,233
P,110101,false,16,auszahlungen_laufende_verwaltung,Auszahlungen aus lfd. Verw.-tätigkeit,=,true,2026,ve,0,233
P,110101,false,16,auszahlungen_laufende_verwaltung,Auszahlungen aus lfd. Verw.-tätigkeit,=,true,2027,planung,1185900,233
P,110101,false,16,auszahlungen_laufende_verwaltung,Auszahlungen aus lfd. Verw.-tätigkeit,=,true,2028,planung,1242400,233
P,110101,false,16,auszahlungen_laufende_verwaltung,Auszahlungen aus lfd. Verw.-tätigkeit,=,true,2029,planung,1359700,233
P,110101,false,17,saldo_laufende_verwaltung,Saldo aus lfd. Verw.-tätigkeit,=,true,2024,ergebnis,18198,233
P,110101,false,17,saldo_laufende_verwaltung,Saldo aus lfd. Verw.-tätigkeit,=,true,2025,ansatz,64800,233
P,110101,false,17,saldo_laufende_verwaltung,Saldo aus lfd. Verw.-tätigkeit,=,true,2026,ansatz,61552,233
P,110101,false,17,saldo_laufende_verwaltung,Saldo aus lfd. Verw.-tätigkeit,=,true,2026,ve,0,233
P,110101,false,17,saldo_laufende_verwaltung,Saldo aus lfd. Verw.-tätigkeit,=,true,2027,planung,61130,233
P,110101,false,17,saldo_laufende_verwaltung,Saldo aus lfd. Verw.-tätigkeit,=,true,2028,planung,60540,233
P,110101,false,17,saldo_laufende_verwaltung,Saldo aus lfd. Verw.-tätigkeit,=,true,2029,planung,60540,233
P,120101,false,16,auszahlungen_laufende_verwaltung,Auszahlungen aus lfd. Verw.-tätigkeit,=,true,2024,ergebnis,76712,242
P,120101,false,16,auszahlungen_laufende_verwaltung,Auszahlungen aus lfd. Verw.-tätigkeit,=,true,2025,ansatz,102300,242
P,120101,false,16,auszahlungen_laufende_verwaltung,Auszahlungen aus lfd. Verw.-tätigkeit,=,true,2026,ansatz,121900,242
P,120101,false,16,auszahlungen_laufende_verwaltung,Auszahlungen aus lfd. Verw.-tätigkeit,=,true,2026,ve,0,242
P,120101,false,16,auszahlungen_laufende_verwaltung,Auszahlungen aus lfd. Verw.-tätigkeit,=,true,2027,planung,95600,242
P,120101,false,16,auszahlungen_laufende_verwaltung,Auszahlungen aus lfd. Verw.-tätigkeit,=,true,2028,planung,647548,242
P,120101,false,16,auszahlungen_laufende_verwaltung,Auszahlungen aus lfd. Verw.-tätigkeit,=,true,2029,planung,1245375,242
P,120101,false,17,saldo_laufende_verwaltung,Saldo aus lfd. Verw.-tätigkeit,=,true,2024,ergebnis,-76712,242
P,120101,false,17,saldo_laufende_verwaltung,Saldo aus lfd. Verw.-tätigkeit,=,true,2025,ansatz,-102300,242
P,120101,false,17,saldo_laufende_verwaltung,Saldo aus lfd. Verw.-tätigkeit,=,true,2026,ansatz,-121900,242
P,120101,false,17,saldo_laufende_verwaltung,Saldo aus lfd. Verw.-tätigkeit,=,true,2026,ve,0,242
P,120101,false,17,saldo_laufende_verwaltung,Saldo aus lfd. Verw.-tätigkeit,=,true,2027,planung,-95600,242
P,120101,false,17,saldo_laufende_verwaltung,Saldo aus lfd. Verw.-tätigkeit,=,true,2028,planung,-647548,242
P,120101,false,17,saldo_laufende_verwaltung,Saldo aus lfd. Verw.-tätigkeit,=,true,2029,planung,-1245375,242
P,120101,false,18,investitionszuwendungen,Zuwendungen für Investitionsmaßnahmen,+,false,2024,ergebnis,1241136,242
P,120101,false,18,investitionszuwendungen,Zuwendungen für Investitionsmaßnahmen,+,false,2025,ansatz,606000,242
P,120101,false,18,investitionszuwendungen,Zuwendungen für Investitionsmaßnahmen,+,false,2026,ansatz,425000,242
P,120101,false,18,investitionszuwendungen,Zuwendungen für Investitionsmaßnahmen,+,false,2026,ve,0,242
P,120101,false,18,investitionszuwendungen,Zuwendungen für Investitionsmaßnahmen,+,false,2027,planung,425000,242
P,120101,false,18,investitionszuwendungen,Zuwendungen für Investitionsmaßnahmen,+,false,2028,planung,425000,242
P,120101,false,18,investitionszuwendungen,Zuwendungen für Investitionsmaßnahmen,+,false,2029,planung,75000,242
P,120101,false,21,beitraege,Einz. aus Beiträgen u. ä. Entgelten,+,false,2024,ergebnis,94559,242
P,120101,false,21,beitraege,Einz. aus Beiträgen u. ä. Entgelten,+,false,2025,ansatz,80000,242
P,120101,false,21,beitraege,Einz. aus Beiträgen u. ä. Entgelten,+,false,2026,ansatz,1237000,242
P,120101,false,21,beitraege,Einz. aus Beiträgen u. ä. Entgelten,+,false,2026,ve,0,242
P,120101,false,21,beitraege,Einz. aus Beiträgen u. ä. Entgelten,+,false,2027,planung,154140,242
P,120101,false,21,beitraege,Einz. aus Beiträgen u. ä. Entgelten,+,false,2028,planung,2229815,242
P,120101,false,21,beitraege,Einz. aus Beiträgen u. ä. Entgelten,+,false,2029,planung,1848825,242
P,120101,false,23,einzahlungen_investitionen,Einzahlungen aus Investitionstätigkeit,=,true,2024,ergebnis,1335695,242
P,120101,false,23,einzahlungen_investitionen,Einzahlungen aus Investitionstätigkeit,=,true,2025,ansatz,686000,242
P,120101,false,23,einzahlungen_investitionen,Einzahlungen aus Investitionstätigkeit,=,true,2026,ansatz,1662000,242
P,120101,false,23,einzahlungen_investitionen,Einzahlungen aus Investitionstätigkeit,=,true,2026,ve,0,242
P,120101,false,23,einzahlungen_investitionen,Einzahlungen aus Investitionstätigkeit,=,true,2027,planung,579140,242
P,120101,false,23,einzahlungen_investitionen,Einzahlungen aus Investitionstätigkeit,=,true,2028,planung,2654815,242
P,120101,false,23,einzahlungen_investitionen,Einzahlungen aus Investitionstätigkeit,=,true,2029,planung,1923825,242
P,120101,false,24,erwerb_grundstuecke_gebaeude,Ausz. f. Erwerb von Grundst. u. Gebäuden,-,false,2024,ergebnis,0,242
P,120101,false,24,erwerb_grundstuecke_gebaeude,Ausz. f. Erwerb von Grundst. u. Gebäuden,-,false,2025,ansatz,300000,242
P,120101,false,24,erwerb_grundstuecke_gebaeude,Ausz. f. Erwerb von Grundst. u. Gebäuden,-,false,2026,ansatz,450000,242
P,120101,false,24,erwerb_grundstuecke_gebaeude,Ausz. f. Erwerb von Grundst. u. Gebäuden,-,false,2026,ve,0,242
P,120101,false,24,erwerb_grundstuecke_gebaeude,Ausz. f. Erwerb von Grundst. u. Gebäuden,-,false,2027,planung,300000,242
P,120101,false,24,erwerb_grundstuecke_gebaeude,Ausz. f. Erwerb von Grundst. u. Gebäuden,-,false,2028,planung,300000,242
P,120101,false,24,erwerb_grundstuecke_gebaeude,Ausz. f. Erwerb von Grundst. u. Gebäuden,-,false,2029,planung,300000,242
P,120101,false,25,baumassnahmen,Ausz. f. Baumaßnahmen,-,false,2024,ergebnis,1874696,242
P,120101,false,25,baumassnahmen,Ausz. f. Baumaßnahmen,-,false,2025,ansatz,3250000,242
P,120101,false,25,baumassnahmen,Ausz. f. Baumaßnahmen,-,false,2026,ansatz,2160000,242
P,120101,false,25,baumassnahmen,Ausz. f. Baumaßnahmen,-,false,2026,ve,2700000,242
P,120101,false,25,baumassnahmen,Ausz. f. Baumaßnahmen,-,false,2027,planung,5190000,242
P,120101,false,25,baumassnahmen,Ausz. f. Baumaßnahmen,-,false,2028,planung,2000000,242
P,120101,false,25,baumassnahmen,Ausz. f. Baumaßnahmen,-,false,2029,planung,0,242
P,120101,false,30,auszahlungen_investitionen,Auszahlungen aus Investitionstätigkeit,=,true,2024,ergebnis,1874696,242
P,120101,false,30,auszahlungen_investitionen,Auszahlungen aus Investitionstätigkeit,=,true,2025,ansatz,3550000,242
P,120101,false,30,auszahlungen_investitionen,Auszahlungen aus Investitionstätigkeit,=,true,2026,ansatz,2610000,242
P,120101,false,30,auszahlungen_investitionen,Auszahlungen aus Investitionstätigkeit,=,true,2026,ve,2700000,242
P,120101,false,30,auszahlungen_investitionen,Auszahlungen aus Investitionstätigkeit,=,true,2027,planung,5490000,242
P,120101,false,30,auszahlungen_investitionen,Auszahlungen aus Investitionstätigkeit,=,true,2028,planung,2300000,242
P,120101,false,30,auszahlungen_investitionen,Auszahlungen aus Investitionstätigkeit,=,true,2029,planung,300000,242
P,120101,false,31,saldo_investitionen,Saldo aus Investitionstätigkeit,=,true,2024,ergebnis,-539001,242
P,120101,false,31,saldo_investitionen,Saldo aus Investitionstätigkeit,=,true,2025,ansatz,-2864000,242
P,120101,false,31,saldo_investitionen,Saldo aus Investitionstätigkeit,=,true,2026,ansatz,-948000,242
P,120101,false,31,saldo_investitionen,Saldo aus Investitionstätigkeit,=,true,2026,ve,-2700000,242
P,120101,false,31,saldo_investitionen,Saldo aus Investitionstätigkeit,=,true,2027,planung,-4910860,242
P,120101,false,31,saldo_investitionen,Saldo aus Investitionstätigkeit,=,true,2028,planung,354815,242
P,120101,false,31,saldo_investitionen,Saldo aus Investitionstätigkeit,=,true,2029,planung,1623825,242
P,120102,false,09,einzahlungen_laufende_verwaltung,Einzahlungen aus lfd. Verw.-tätigkeit,=,true,2024,ergebnis,19671,248
P,120102,false,09,einzahlungen_laufende_verwaltung,Einzahlungen aus lfd. Verw.-tätigkeit,=,true,2025,ansatz,2500,248
P,120102,false,09,einzahlungen_laufende_verwaltung,Einzahlungen aus lfd. Verw.-tätigkeit,=,true,2026,ansatz,2500,248
P,120102,false,09,einzahlungen_laufende_verwaltung,Einzahlungen aus lfd. Verw.-tätigkeit,=,true,2026,ve,0,248
P,120102,false,09,einzahlungen_laufende_verwaltung,Einzahlungen aus lfd. Verw.-tätigkeit,=,true,2027,planung,2500,248
P,120102,false,09,einzahlungen_laufende_verwaltung,Einzahlungen aus lfd. Verw.-tätigkeit,=,true,2028,planung,2150,248
P,120102,false,09,einzahlungen_laufende_verwaltung,Einzahlungen aus lfd. Verw.-tätigkeit,=,true,2029,planung,2150,248
P,120102,false,16,auszahlungen_laufende_verwaltung,Auszahlungen aus lfd. Verw.-tätigkeit,=,true,2024,ergebnis,1146583,248
P,120102,false,16,auszahlungen_laufende_verwaltung,Auszahlungen aus lfd. Verw.-tätigkeit,=,true,2025,ansatz,1155000,248
P,120102,false,16,auszahlungen_laufende_verwaltung,Auszahlungen aus lfd. Verw.-tätigkeit,=,true,2026,ansatz,1202500,248
P,120102,false,16,auszahlungen_laufende_verwaltung,Auszahlungen aus lfd. Verw.-tätigkeit,=,true,2026,ve,0,248
P,120102,false,16,auszahlungen_laufende_verwaltung,Auszahlungen aus lfd. Verw.-tätigkeit,=,true,2027,planung,1309400,248
P,120102,false,16,auszahlungen_laufende_verwaltung,Auszahlungen aus lfd. Verw.-tätigkeit,=,true,2028,planung,1331800,248
P,120102,false,16,auszahlungen_laufende_verwaltung,Auszahlungen aus lfd. Verw.-tätigkeit,=,true,2029,planung,1344600,248
P,120102,false,17,saldo_laufende_verwaltung,Saldo aus lfd. Verw.-tätigkeit,=,true,2024,ergebnis,-1126912,248
P,120102,false,17,saldo_laufende_verwaltung,Saldo aus lfd. Verw.-tätigkeit,=,true,2025,ansatz,-1152500,248
P,120102,false,17,saldo_laufende_verwaltung,Saldo aus lfd. Verw.-tätigkeit,=,true,2026,ansatz,-1200000,248
P,120102,false,17,saldo_laufende_verwaltung,Saldo aus lfd. Verw.-tätigkeit,=,true,2026,ve,0,248
P,120102,false,17,saldo_laufende_verwaltung,Saldo aus lfd. Verw.-tätigkeit,=,true,2027,planung,-1306900,248
P,120102,false,17,saldo_laufende_verwaltung,Saldo aus lfd. Verw.-tätigkeit,=,true,2028,planung,-1329650,248
P,120102,false,17,saldo_laufende_verwaltung,Saldo aus lfd. Verw.-tätigkeit,=,true,2029,planung,-1342450,248
P,120102,false,18,investitionszuwendungen,Zuwendungen für Investitionsmaßnahmen,+,false,2024,ergebnis,734700,248
P,120102,false,18,investitionszuwendungen,Zuwendungen für Investitionsmaßnahmen,+,false,2025,ansatz,0,248
P,120102,false,18,investitionszuwendungen,Zuwendungen für Investitionsmaßnahmen,+,false,2026,ansatz,0,248
P,120102,false,18,investitionszuwendungen,Zuwendungen für Investitionsmaßnahmen,+,false,2026,ve,0,248
P,120102,false,18,investitionszuwendungen,Zuwendungen für Investitionsmaßnahmen,+,false,2027,planung,0,248
P,120102,false,18,investitionszuwendungen,Zuwendungen für Investitionsmaßnahmen,+,false,2028,planung,0,248
P,120102,false,18,investitionszuwendungen,Zuwendungen für Investitionsmaßnahmen,+,false,2029,planung,0,248
P,120102,false,19,veraeusserung_sachanlagen,Einz. aus Veräußerung v. Sachanlagen,+,false,2024,ergebnis,462634,248
P,120102,false,19,veraeusserung_sachanlagen,Einz. aus Veräußerung v. Sachanlagen,+,false,2025,ansatz,0,248
P,120102,false,19,veraeusserung_sachanlagen,Einz. aus Veräußerung v. Sachanlagen,+,false,2026,ansatz,0,248
P,120102,false,19,veraeusserung_sachanlagen,Einz. aus Veräußerung v. Sachanlagen,+,false,2026,ve,0,248
P,120102,false,19,veraeusserung_sachanlagen,Einz. aus Veräußerung v. Sachanlagen,+,false,2027,planung,0,248
P,120102,false,19,veraeusserung_sachanlagen,Einz. aus Veräußerung v. Sachanlagen,+,false,2028,planung,0,248
P,120102,false,19,veraeusserung_sachanlagen,Einz. aus Veräußerung v. Sachanlagen,+,false,2029,planung,0,248
P,120102,false,23,einzahlungen_investitionen,Einzahlungen aus Investitionstätigkeit,=,true,2024,ergebnis,1197334,249
P,120102,false,23,einzahlungen_investitionen,Einzahlungen aus Investitionstätigkeit,=,true,2025,ansatz,0,249
P,120102,false,23,einzahlungen_investitionen,Einzahlungen aus Investitionstätigkeit,=,true,2026,ansatz,0,249
P,120102,false,23,einzahlungen_investitionen,Einzahlungen aus Investitionstätigkeit,=,true,2026,ve,0,249
P,120102,false,23,einzahlungen_investitionen,Einzahlungen aus Investitionstätigkeit,=,true,2027,planung,0,249
P,120102,false,23,einzahlungen_investitionen,Einzahlungen aus Investitionstätigkeit,=,true,2028,planung,0,249
P,120102,false,23,einzahlungen_investitionen,Einzahlungen aus Investitionstätigkeit,=,true,2029,planung,0,249
P,120102,false,26,erwerb_bewegliches_anlagevermoegen,Ausz. f. Erwerb von bewegl. Anlagevermögen,-,false,2024,ergebnis,134535,249
P,120102,false,26,erwerb_bewegliches_anlagevermoegen,Ausz. f. Erwerb von bewegl. Anlagevermögen,-,false,2025,ansatz,0,249
P,120102,false,26,erwerb_bewegliches_anlagevermoegen,Ausz. f. Erwerb von bewegl. Anlagevermögen,-,false,2026,ansatz,0,249
P,120102,false,26,erwerb_bewegliches_anlagevermoegen,Ausz. f. Erwerb von bewegl. Anlagevermögen,-,false,2026,ve,0,249
P,120102,false,26,erwerb_bewegliches_anlagevermoegen,Ausz. f. Erwerb von bewegl. Anlagevermögen,-,false,2027,planung,0,249
P,120102,false,26,erwerb_bewegliches_anlagevermoegen,Ausz. f. Erwerb von bewegl. Anlagevermögen,-,false,2028,planung,0,249
P,120102,false,26,erwerb_bewegliches_anlagevermoegen,Ausz. f. Erwerb von bewegl. Anlagevermögen,-,false,2029,planung,0,249
P,120102,false,30,auszahlungen_investitionen,Auszahlungen aus Investitionstätigkeit,=,true,2024,ergebnis,134535,249
P,120102,false,30,auszahlungen_investitionen,Auszahlungen aus Investitionstätigkeit,=,true,2025,ansatz,0,249
P,120102,false,30,auszahlungen_investitionen,Auszahlungen aus Investitionstätigkeit,=,true,2026,ansatz,0,249
P,120102,false,30,auszahlungen_investitionen,Auszahlungen aus Investitionstätigkeit,=,true,2026,ve,0,249
P,120102,false,30,auszahlungen_investitionen,Auszahlungen aus Investitionstätigkeit,=,true,2027,planung,0,249
P,120102,false,30,auszahlungen_investitionen,Auszahlungen aus Investitionstätigkeit,=,true,2028,planung,0,249
P,120102,false,30,auszahlungen_investitionen,Auszahlungen aus Investitionstätigkeit,=,true,2029,planung,0,249
P,120102,false,31,saldo_investitionen,Saldo aus Investitionstätigkeit,=,true,2024,ergebnis,1062799,249
P,120102,false,31,saldo_investitionen,Saldo aus Investitionstätigkeit,=,true,2025,ansatz,0,249
P,120102,false,31,saldo_investitionen,Saldo aus Investitionstätigkeit,=,true,2026,ansatz,0,249
P,120102,false,31,saldo_investitionen,Saldo aus Investitionstätigkeit,=,true,2026,ve,0,249
P,120102,false,31,saldo_investitionen,Saldo aus Investitionstätigkeit,=,true,2027,planung,0,249
P,120102,false,31,saldo_investitionen,Saldo aus Investitionstätigkeit,=,true,2028,planung,0,249
P,120102,false,31,saldo_investitionen,Saldo aus Investitionstätigkeit,=,true,2029,planung,0,249
P,120201,false,16,auszahlungen_laufende_verwaltung,Auszahlungen aus lfd. Verw.-tätigkeit,=,true,2024,ergebnis,342461,251
P,120201,false,16,auszahlungen_laufende_verwaltung,Auszahlungen aus lfd. Verw.-tätigkeit,=,true,2025,ansatz,550750,251
P,120201,false,16,auszahlungen_laufende_verwaltung,Auszahlungen aus lfd. Verw.-tätigkeit,=,true,2026,ansatz,558150,251
P,120201,false,16,auszahlungen_laufende_verwaltung,Auszahlungen aus lfd. Verw.-tätigkeit,=,true,2026,ve,0,251
P,120201,false,16,auszahlungen_laufende_verwaltung,Auszahlungen aus lfd. Verw.-tätigkeit,=,true,2027,planung,559000,251
P,120201,false,16,auszahlungen_laufende_verwaltung,Auszahlungen aus lfd. Verw.-tätigkeit,=,true,2028,planung,559900,251
P,120201,false,16,auszahlungen_laufende_verwaltung,Auszahlungen aus lfd. Verw.-tätigkeit,=,true,2029,planung,560800,251
P,120201,false,17,saldo_laufende_verwaltung,Saldo aus lfd. Verw.-tätigkeit,=,true,2024,ergebnis,-342461,251
P,120201,false,17,saldo_laufende_verwaltung,Saldo aus lfd. Verw.-tätigkeit,=,true,2025,ansatz,-550750,251
P,120201,false,17,saldo_laufende_verwaltung,Saldo aus lfd. Verw.-tätigkeit,=,true,2026,ansatz,-558150,251
P,120201,false,17,saldo_laufende_verwaltung,Saldo aus lfd. Verw.-tätigkeit,=,true,2026,ve,0,251
P,120201,false,17,saldo_laufende_verwaltung,Saldo aus lfd. Verw.-tätigkeit,=,true,2027,planung,-559000,251
P,120201,false,17,saldo_laufende_verwaltung,Saldo aus lfd. Verw.-tätigkeit,=,true,2028,planung,-559900,251
P,120201,false,17,saldo_laufende_verwaltung,Saldo aus lfd. Verw.-tätigkeit,=,true,2029,planung,-560800,251
P,120201,false,18,investitionszuwendungen,Zuwendungen für Investitionsmaßnahmen,+,false,2024,ergebnis,0,251
P,120201,false,18,investitionszuwendungen,Zuwendungen für Investitionsmaßnahmen,+,false,2025,ansatz,582000,251
P,120201,false,18,investitionszuwendungen,Zuwendungen für Investitionsmaßnahmen,+,false,2026,ansatz,672000,251
P,120201,false,18,investitionszuwendungen,Zuwendungen für Investitionsmaßnahmen,+,false,2026,ve,0,251
P,120201,false,18,investitionszuwendungen,Zuwendungen für Investitionsmaßnahmen,+,false,2027,planung,3627000,251
P,120201,false,18,investitionszuwendungen,Zuwendungen für Investitionsmaßnahmen,+,false,2028,planung,27000,251
P,120201,false,18,investitionszuwendungen,Zuwendungen für Investitionsmaßnahmen,+,false,2029,planung,0,251
P,120201,false,23,einzahlungen_investitionen,Einzahlungen aus Investitionstätigkeit,=,true,2024,ergebnis,0,251
P,120201,false,23,einzahlungen_investitionen,Einzahlungen aus Investitionstätigkeit,=,true,2025,ansatz,582000,251
P,120201,false,23,einzahlungen_investitionen,Einzahlungen aus Investitionstätigkeit,=,true,2026,ansatz,672000,251
P,120201,false,23,einzahlungen_investitionen,Einzahlungen aus Investitionstätigkeit,=,true,2026,ve,0,251
P,120201,false,23,einzahlungen_investitionen,Einzahlungen aus Investitionstätigkeit,=,true,2027,planung,3627000,251
P,120201,false,23,einzahlungen_investitionen,Einzahlungen aus Investitionstätigkeit,=,true,2028,planung,27000,251
P,120201,false,23,einzahlungen_investitionen,Einzahlungen aus Investitionstätigkeit,=,true,2029,planung,0,251
P,120201,false,25,baumassnahmen,Ausz. f. Baumaßnahmen,-,false,2024,ergebnis,171684,251
P,120201,false,25,baumassnahmen,Ausz. f. Baumaßnahmen,-,false,2025,ansatz,730000,251
P,120201,false,25,baumassnahmen,Ausz. f. Baumaßnahmen,-,false,2026,ansatz,830000,251
P,120201,false,25,baumassnahmen,Ausz. f. Baumaßnahmen,-,false,2026,ve,0,251
P,120201,false,25,baumassnahmen,Ausz. f. Baumaßnahmen,-,false,2027,planung,3030000,251
P,120201,false,25,baumassnahmen,Ausz. f. Baumaßnahmen,-,false,2028,planung,1030000,251
P,120201,false,25,baumassnahmen,Ausz. f. Baumaßnahmen,-,false,2029,planung,0,251
P,120201,false,30,auszahlungen_investitionen,Auszahlungen aus Investitionstätigkeit,=,true,2024,ergebnis,171684,251
P,120201,false,30,auszahlungen_investitionen,Auszahlungen aus Investitionstätigkeit,=,true,2025,ansatz,730000,251
P,120201,false,30,auszahlungen_investitionen,Auszahlungen aus Investitionstätigkeit,=,true,2026,ansatz,830000,251
P,120201,false,30,auszahlungen_investitionen,Auszahlungen aus Investitionstätigkeit,=,true,2026,ve,0,251
P,120201,false,30,auszahlungen_investitionen,Auszahlungen aus Investitionstätigkeit,=,true,2027,planung,3030000,251
P,120201,false,30,auszahlungen_investitionen,Auszahlungen aus Investitionstätigkeit,=,true,2028,planung,1030000,251
P,120201,false,30,auszahlungen_investitionen,Auszahlungen aus Investitionstätigkeit,=,true,2029,planung,0,251
P,120201,false,31,saldo_investitionen,Saldo aus Investitionstätigkeit,=,true,2024,ergebnis,-171684,251
P,120201,false,31,saldo_investitionen,Saldo aus Investitionstätigkeit,=,true,2025,ansatz,-148000,251
P,120201,false,31,saldo_investitionen,Saldo aus Investitionstätigkeit,=,true,2026,ansatz,-158000,251
P,120201,false,31,saldo_investitionen,Saldo aus Investitionstätigkeit,=,true,2026,ve,0,251
P,120201,false,31,saldo_investitionen,Saldo aus Investitionstätigkeit,=,true,2027,planung,597000,251
P,120201,false,31,saldo_investitionen,Saldo aus Investitionstätigkeit,=,true,2028,planung,-1003000,251
P,120201,false,31,saldo_investitionen,Saldo aus Investitionstätigkeit,=,true,2029,planung,0,251
P,120301,false,09,einzahlungen_laufende_verwaltung,Einzahlungen aus lfd. Verw.-tätigkeit,=,true,2024,ergebnis,44850,254
P,120301,false,09,einzahlungen_laufende_verwaltung,Einzahlungen aus lfd. Verw.-tätigkeit,=,true,2025,ansatz,44000,254
P,120301,false,09,einzahlungen_laufende_verwaltung,Einzahlungen aus lfd. Verw.-tätigkeit,=,true,2026,ansatz,60490,254
P,120301,false,09,einzahlungen_laufende_verwaltung,Einzahlungen aus lfd. Verw.-tätigkeit,=,true,2026,ve,0,254
P,120301,false,09,einzahlungen_laufende_verwaltung,Einzahlungen aus lfd. Verw.-tätigkeit,=,true,2027,planung,61690,254
P,120301,false,09,einzahlungen_laufende_verwaltung,Einzahlungen aus lfd. Verw.-tätigkeit,=,true,2028,planung,62890,254
P,120301,false,09,einzahlungen_laufende_verwaltung,Einzahlungen aus lfd. Verw.-tätigkeit,=,true,2029,planung,64190,254
P,120301,false,16,auszahlungen_laufende_verwaltung,Auszahlungen aus lfd. Verw.-tätigkeit,=,true,2024,ergebnis,51953,254
P,120301,false,16,auszahlungen_laufende_verwaltung,Auszahlungen aus lfd. Verw.-tätigkeit,=,true,2025,ansatz,62400,254
P,120301,false,16,auszahlungen_laufende_verwaltung,Auszahlungen aus lfd. Verw.-tätigkeit,=,true,2026,ansatz,68600,254
P,120301,false,16,auszahlungen_laufende_verwaltung,Auszahlungen aus lfd. Verw.-tätigkeit,=,true,2026,ve,0,254
P,120301,false,16,auszahlungen_laufende_verwaltung,Auszahlungen aus lfd. Verw.-tätigkeit,=,true,2027,planung,69800,254
P,120301,false,16,auszahlungen_laufende_verwaltung,Auszahlungen aus lfd. Verw.-tätigkeit,=,true,2028,planung,71000,254
P,120301,false,16,auszahlungen_laufende_verwaltung,Auszahlungen aus lfd. Verw.-tätigkeit,=,true,2029,planung,72300,254
P,120301,false,17,saldo_laufende_verwaltung,Saldo aus lfd. Verw.-tätigkeit,=,true,2024,ergebnis,-7103,254
P,120301,false,17,saldo_laufende_verwaltung,Saldo aus lfd. Verw.-tätigkeit,=,true,2025,ansatz,-18400,254
P,120301,false,17,saldo_laufende_verwaltung,Saldo aus lfd. Verw.-tätigkeit,=,true,2026,ansatz,-8110,254
P,120301,false,17,saldo_laufende_verwaltung,Saldo aus lfd. Verw.-tätigkeit,=,true,2026,ve,0,254
P,120301,false,17,saldo_laufende_verwaltung,Saldo aus lfd. Verw.-tätigkeit,=,true,2027,planung,-8110,254
P,120301,false,17,saldo_laufende_verwaltung,Saldo aus lfd. Verw.-tätigkeit,=,true,2028,planung,-8110,254
P,120301,false,17,saldo_laufende_verwaltung,Saldo aus lfd. Verw.-tätigkeit,=,true,2029,planung,-8110,254
P,130101,false,09,einzahlungen_laufende_verwaltung,Einzahlungen aus lfd. Verw.-tätigkeit,=,true,2024,ergebnis,415,259
P,130101,false,09,einzahlungen_laufende_verwaltung,Einzahlungen aus lfd. Verw.-tätigkeit,=,true,2025,ansatz,0,259
P,130101,false,09,einzahlungen_laufende_verwaltung,Einzahlungen aus lfd. Verw.-tätigkeit,=,true,2026,ansatz,0,259
P,130101,false,09,einzahlungen_laufende_verwaltung,Einzahlungen aus lfd. Verw.-tätigkeit,=,true,2026,ve,0,259
P,130101,false,09,einzahlungen_laufende_verwaltung,Einzahlungen aus lfd. Verw.-tätigkeit,=,true,2027,planung,0,259
P,130101,false,09,einzahlungen_laufende_verwaltung,Einzahlungen aus lfd. Verw.-tätigkeit,=,true,2028,planung,0,259
P,130101,false,09,einzahlungen_laufende_verwaltung,Einzahlungen aus lfd. Verw.-tätigkeit,=,true,2029,planung,0,259
P,130101,false,16,auszahlungen_laufende_verwaltung,Auszahlungen aus lfd. Verw.-tätigkeit,=,true,2024,ergebnis,40857,259
P,130101,false,16,auszahlungen_laufende_verwaltung,Auszahlungen aus lfd. Verw.-tätigkeit,=,true,2025,ansatz,45800,259
P,130101,false,16,auszahlungen_laufende_verwaltung,Auszahlungen aus lfd. Verw.-tätigkeit,=,true,2026,ansatz,50800,259
P,130101,false,16,auszahlungen_laufende_verwaltung,Auszahlungen aus lfd. Verw.-tätigkeit,=,true,2026,ve,0,259
P,130101,false,16,auszahlungen_laufende_verwaltung,Auszahlungen aus lfd. Verw.-tätigkeit,=,true,2027,planung,52400,259
P,130101,false,16,auszahlungen_laufende_verwaltung,Auszahlungen aus lfd. Verw.-tätigkeit,=,true,2028,planung,54100,259
P,130101,false,16,auszahlungen_laufende_verwaltung,Auszahlungen aus lfd. Verw.-tätigkeit,=,true,2029,planung,55800,259
P,130101,false,17,saldo_laufende_verwaltung,Saldo aus lfd. Verw.-tätigkeit,=,true,2024,ergebnis,-40442,259
P,130101,false,17,saldo_laufende_verwaltung,Saldo aus lfd. Verw.-tätigkeit,=,true,2025,ansatz,-45800,259
P,130101,false,17,saldo_laufende_verwaltung,Saldo aus lfd. Verw.-tätigkeit,=,true,2026,ansatz,-50800,259
P,130101,false,17,saldo_laufende_verwaltung,Saldo aus lfd. Verw.-tätigkeit,=,true,2026,ve,0,259
P,130101,false,17,saldo_laufende_verwaltung,Saldo aus lfd. Verw.-tätigkeit,=,true,2027,planung,-52400,259
P,130101,false,17,saldo_laufende_verwaltung,Saldo aus lfd. Verw.-tätigkeit,=,true,2028,planung,-54100,259
P,130101,false,17,saldo_laufende_verwaltung,Saldo aus lfd. Verw.-tätigkeit,=,true,2029,planung,-55800,259
P,130101,false,24,erwerb_grundstuecke_gebaeude,Ausz. f. Erwerb von Grundst. u. Gebäuden,-,false,2024,ergebnis,145420,259
P,130101,false,24,erwerb_grundstuecke_gebaeude,Ausz. f. Erwerb von Grundst. u. Gebäuden,-,false,2025,ansatz,220000,259
P,130101,false,24,erwerb_grundstuecke_gebaeude,Ausz. f. Erwerb von Grundst. u. Gebäuden,-,false,2026,ansatz,0,259
P,130101,false,24,erwerb_grundstuecke_gebaeude,Ausz. f. Erwerb von Grundst. u. Gebäuden,-,false,2026,ve,0,259
P,130101,false,24,erwerb_grundstuecke_gebaeude,Ausz. f. Erwerb von Grundst. u. Gebäuden,-,false,2027,planung,0,259
P,130101,false,24,erwerb_grundstuecke_gebaeude,Ausz. f. Erwerb von Grundst. u. Gebäuden,-,false,2028,planung,0,259
P,130101,false,24,erwerb_grundstuecke_gebaeude,Ausz. f. Erwerb von Grundst. u. Gebäuden,-,false,2029,planung,0,259
P,130101,false,30,auszahlungen_investitionen,Auszahlungen aus Investitionstätigkeit,=,true,2024,ergebnis,145420,259
P,130101,false,30,auszahlungen_investitionen,Auszahlungen aus Investitionstätigkeit,=,true,2025,ansatz,220000,259
P,130101,false,30,auszahlungen_investitionen,Auszahlungen aus Investitionstätigkeit,=,true,2026,ansatz,0,259
P,130101,false,30,auszahlungen_investitionen,Auszahlungen aus Investitionstätigkeit,=,true,2026,ve,0,259
P,130101,false,30,auszahlungen_investitionen,Auszahlungen aus Investitionstätigkeit,=,true,2027,planung,0,259
P,130101,false,30,auszahlungen_investitionen,Auszahlungen aus Investitionstätigkeit,=,true,2028,planung,0,259
P,130101,false,30,auszahlungen_investitionen,Auszahlungen aus Investitionstätigkeit,=,true,2029,planung,0,259
P,130101,false,31,saldo_investitionen,Saldo aus Investitionstätigkeit,=,true,2024,ergebnis,-145420,259
P,130101,false,31,saldo_investitionen,Saldo aus Investitionstätigkeit,=,true,2025,ansatz,-220000,259
P,130101,false,31,saldo_investitionen,Saldo aus Investitionstätigkeit,=,true,2026,ansatz,0,259
P,130101,false,31,saldo_investitionen,Saldo aus Investitionstätigkeit,=,true,2026,ve,0,259
P,130101,false,31,saldo_investitionen,Saldo aus Investitionstätigkeit,=,true,2027,planung,0,259
P,130101,false,31,saldo_investitionen,Saldo aus Investitionstätigkeit,=,true,2028,planung,0,259
P,130101,false,31,saldo_investitionen,Saldo aus Investitionstätigkeit,=,true,2029,planung,0,259
P,130201,false,09,einzahlungen_laufende_verwaltung,Einzahlungen aus lfd. Verw.-tätigkeit,=,true,2024,ergebnis,409,262
P,130201,false,09,einzahlungen_laufende_verwaltung,Einzahlungen aus lfd. Verw.-tätigkeit,=,true,2025,ansatz,300,262
P,130201,false,09,einzahlungen_laufende_verwaltung,Einzahlungen aus lfd. Verw.-tätigkeit,=,true,2026,ansatz,300,262
P,130201,false,09,einzahlungen_laufende_verwaltung,Einzahlungen aus lfd. Verw.-tätigkeit,=,true,2026,ve,0,262
P,130201,false,09,einzahlungen_laufende_verwaltung,Einzahlungen aus lfd. Verw.-tätigkeit,=,true,2027,planung,300,262
P,130201,false,09,einzahlungen_laufende_verwaltung,Einzahlungen aus lfd. Verw.-tätigkeit,=,true,2028,planung,300,262
P,130201,false,09,einzahlungen_laufende_verwaltung,Einzahlungen aus lfd. Verw.-tätigkeit,=,true,2029,planung,300,262
P,130201,false,16,auszahlungen_laufende_verwaltung,Auszahlungen aus lfd. Verw.-tätigkeit,=,true,2024,ergebnis,187928,262
P,130201,false,16,auszahlungen_laufende_verwaltung,Auszahlungen aus lfd. Verw.-tätigkeit,=,true,2025,ansatz,236300,262
P,130201,false,16,auszahlungen_laufende_verwaltung,Auszahlungen aus lfd. Verw.-tätigkeit,=,true,2026,ansatz,237250,262
P,130201,false,16,auszahlungen_laufende_verwaltung,Auszahlungen aus lfd. Verw.-tätigkeit,=,true,2026,ve,0,262
P,130201,false,16,auszahlungen_laufende_verwaltung,Auszahlungen aus lfd. Verw.-tätigkeit,=,true,2027,planung,245050,262
P,130201,false,16,auszahlungen_laufende_verwaltung,Auszahlungen aus lfd. Verw.-tätigkeit,=,true,2028,planung,253250,262
P,130201,false,16,auszahlungen_laufende_verwaltung,Auszahlungen aus lfd. Verw.-tätigkeit,=,true,2029,planung,261750,262
P,130201,false,17,saldo_laufende_verwaltung,Saldo aus lfd. Verw.-tätigkeit,=,true,2024,ergebnis,-187519,262
P,130201,false,17,saldo_laufende_verwaltung,Saldo aus lfd. Verw.-tätigkeit,=,true,2025,ansatz,-236000,262
P,130201,false,17,saldo_laufende_verwaltung,Saldo aus lfd. Verw.-tätigkeit,=,true,2026,ansatz,-236950,262
P,130201,false,17,saldo_laufende_verwaltung,Saldo aus lfd. Verw.-tätigkeit,=,true,2026,ve,0,262
P,130201,false,17,saldo_laufende_verwaltung,Saldo aus lfd. Verw.-tätigkeit,=,true,2027,planung,-244750,262
P,130201,false,17,saldo_laufende_verwaltung,Saldo aus lfd. Verw.-tätigkeit,=,true,2028,planung,-252950,262
P,130201,false,17,saldo_laufende_verwaltung,Saldo aus lfd. Verw.-tätigkeit,=,true,2029,planung,-261450,262
P,130201,false,26,erwerb_bewegliches_anlagevermoegen,Ausz. f. Erwerb von bewegl. Anlagevermögen,-,false,2024,ergebnis,0,262
P,130201,false,26,erwerb_bewegliches_anlagevermoegen,Ausz. f. Erwerb von bewegl. Anlagevermögen,-,false,2025,ansatz,8500,262
P,130201,false,26,erwerb_bewegliches_anlagevermoegen,Ausz. f. Erwerb von bewegl. Anlagevermögen,-,false,2026,ansatz,3000,262
P,130201,false,26,erwerb_bewegliches_anlagevermoegen,Ausz. f. Erwerb von bewegl. Anlagevermögen,-,false,2026,ve,0,262
P,130201,false,26,erwerb_bewegliches_anlagevermoegen,Ausz. f. Erwerb von bewegl. Anlagevermögen,-,false,2027,planung,3000,262
P,130201,false,26,erwerb_bewegliches_anlagevermoegen,Ausz. f. Erwerb von bewegl. Anlagevermögen,-,false,2028,planung,3000,262
P,130201,false,26,erwerb_bewegliches_anlagevermoegen,Ausz. f. Erwerb von bewegl. Anlagevermögen,-,false,2029,planung,3000,262
P,130201,false,30,auszahlungen_investitionen,Auszahlungen aus Investitionstätigkeit,=,true,2024,ergebnis,0,262
P,130201,false,30,auszahlungen_investitionen,Auszahlungen aus Investitionstätigkeit,=,true,2025,ansatz,8500,262
P,130201,false,30,auszahlungen_investitionen,Auszahlungen aus Investitionstätigkeit,=,true,2026,ansatz,3000,262
P,130201,false,30,auszahlungen_investitionen,Auszahlungen aus Investitionstätigkeit,=,true,2026,ve,0,262
P,130201,false,30,auszahlungen_investitionen,Auszahlungen aus Investitionstätigkeit,=,true,2027,planung,3000,262
P,130201,false,30,auszahlungen_investitionen,Auszahlungen aus Investitionstätigkeit,=,true,2028,planung,3000,262
P,130201,false,30,auszahlungen_investitionen,Auszahlungen aus Investitionstätigkeit,=,true,2029,planung,3000,262
P,130201,false,31,saldo_investitionen,Saldo aus Investitionstätigkeit,=,true,2024,ergebnis,0,262
P,130201,false,31,saldo_investitionen,Saldo aus Investitionstätigkeit,=,true,2025,ansatz,-8500,262
P,130201,false,31,saldo_investitionen,Saldo aus Investitionstätigkeit,=,true,2026,ansatz,-3000,262
P,130201,false,31,saldo_investitionen,Saldo aus Investitionstätigkeit,=,true,2026,ve,0,262
P,130201,false,31,saldo_investitionen,Saldo aus Investitionstätigkeit,=,true,2027,planung,-3000,262
P,130201,false,31,saldo_investitionen,Saldo aus Investitionstätigkeit,=,true,2028,planung,-3000,262
P,130201,false,31,saldo_investitionen,Saldo aus Investitionstätigkeit,=,true,2029,planung,-3000,262
P,130301,false,09,einzahlungen_laufende_verwaltung,Einzahlungen aus lfd. Verw.-tätigkeit,=,true,2024,ergebnis,149351,266
P,130301,false,09,einzahlungen_laufende_verwaltung,Einzahlungen aus lfd. Verw.-tätigkeit,=,true,2025,ansatz,70001,266
P,130301,false,09,einzahlungen_laufende_verwaltung,Einzahlungen aus lfd. Verw.-tätigkeit,=,true,2026,ansatz,63000,266
P,130301,false,09,einzahlungen_laufende_verwaltung,Einzahlungen aus lfd. Verw.-tätigkeit,=,true,2026,ve,0,266
P,130301,false,09,einzahlungen_laufende_verwaltung,Einzahlungen aus lfd. Verw.-tätigkeit,=,true,2027,planung,63000,266
P,130301,false,09,einzahlungen_laufende_verwaltung,Einzahlungen aus lfd. Verw.-tätigkeit,=,true,2028,planung,63000,266
P,130301,false,09,einzahlungen_laufende_verwaltung,Einzahlungen aus lfd. Verw.-tätigkeit,=,true,2029,planung,63000,266
P,130301,false,16,auszahlungen_laufende_verwaltung,Auszahlungen aus lfd. Verw.-tätigkeit,=,true,2024,ergebnis,169046,266
P,130301,false,16,auszahlungen_laufende_verwaltung,Auszahlungen aus lfd. Verw.-tätigkeit,=,true,2025,ansatz,182550,266
P,130301,false,16,auszahlungen_laufende_verwaltung,Auszahlungen aus lfd. Verw.-tätigkeit,=,true,2026,ansatz,205050,266
P,130301,false,16,auszahlungen_laufende_verwaltung,Auszahlungen aus lfd. Verw.-tätigkeit,=,true,2026,ve,0,266
P,130301,false,16,auszahlungen_laufende_verwaltung,Auszahlungen aus lfd. Verw.-tätigkeit,=,true,2027,planung,194100,266
P,130301,false,16,auszahlungen_laufende_verwaltung,Auszahlungen aus lfd. Verw.-tätigkeit,=,true,2028,planung,196000,266
P,130301,false,16,auszahlungen_laufende_verwaltung,Auszahlungen aus lfd. Verw.-tätigkeit,=,true,2029,planung,197800,266
P,130301,false,17,saldo_laufende_verwaltung,Saldo aus lfd. Verw.-tätigkeit,=,true,2024,ergebnis,-19695,266
P,130301,false,17,saldo_laufende_verwaltung,Saldo aus lfd. Verw.-tätigkeit,=,true,2025,ansatz,-112549,266
P,130301,false,17,saldo_laufende_verwaltung,Saldo aus lfd. Verw.-tätigkeit,=,true,2026,ansatz,-142050,266
P,130301,false,17,saldo_laufende_verwaltung,Saldo aus lfd. Verw.-tätigkeit,=,true,2026,ve,0,266
P,130301,false,17,saldo_laufende_verwaltung,Saldo aus lfd. Verw.-tätigkeit,=,true,2027,planung,-131100,266
P,130301,false,17,saldo_laufende_verwaltung,Saldo aus lfd. Verw.-tätigkeit,=,true,2028,planung,-133000,266
P,130301,false,17,saldo_laufende_verwaltung,Saldo aus lfd. Verw.-tätigkeit,=,true,2029,planung,-134800,266
P,130301,false,24,erwerb_grundstuecke_gebaeude,Ausz. f. Erwerb von Grundst. u. Gebäuden,-,false,2024,ergebnis,0,266
P,130301,false,24,erwerb_grundstuecke_gebaeude,Ausz. f. Erwerb von Grundst. u. Gebäuden,-,false,2025,ansatz,43000,266
P,130301,false,24,erwerb_grundstuecke_gebaeude,Ausz. f. Erwerb von Grundst. u. Gebäuden,-,false,2026,ansatz,80000,266
P,130301,false,24,erwerb_grundstuecke_gebaeude,Ausz. f. Erwerb von Grundst. u. Gebäuden,-,false,2026,ve,0,266
P,130301,false,24,erwerb_grundstuecke_gebaeude,Ausz. f. Erwerb von Grundst. u. Gebäuden,-,false,2027,planung,0,266
P,130301,false,24,erwerb_grundstuecke_gebaeude,Ausz. f. Erwerb von Grundst. u. Gebäuden,-,false,2028,planung,0,266
P,130301,false,24,erwerb_grundstuecke_gebaeude,Ausz. f. Erwerb von Grundst. u. Gebäuden,-,false,2029,planung,0,266
P,130301,false,26,erwerb_bewegliches_anlagevermoegen,Ausz. f. Erwerb von bewegl. Anlagevermögen,-,false,2024,ergebnis,1226,266
P,130301,false,26,erwerb_bewegliches_anlagevermoegen,Ausz. f. Erwerb von bewegl. Anlagevermögen,-,false,2025,ansatz,0,266
P,130301,false,26,erwerb_bewegliches_anlagevermoegen,Ausz. f. Erwerb von bewegl. Anlagevermögen,-,false,2026,ansatz,11000,266
P,130301,false,26,erwerb_bewegliches_anlagevermoegen,Ausz. f. Erwerb von bewegl. Anlagevermögen,-,false,2026,ve,0,266
P,130301,false,26,erwerb_bewegliches_anlagevermoegen,Ausz. f. Erwerb von bewegl. Anlagevermögen,-,false,2027,planung,6000,266
P,130301,false,26,erwerb_bewegliches_anlagevermoegen,Ausz. f. Erwerb von bewegl. Anlagevermögen,-,false,2028,planung,0,266
P,130301,false,26,erwerb_bewegliches_anlagevermoegen,Ausz. f. Erwerb von bewegl. Anlagevermögen,-,false,2029,planung,0,266
P,130301,false,30,auszahlungen_investitionen,Auszahlungen aus Investitionstätigkeit,=,true,2024,ergebnis,1226,266
P,130301,false,30,auszahlungen_investitionen,Auszahlungen aus Investitionstätigkeit,=,true,2025,ansatz,43000,266
P,130301,false,30,auszahlungen_investitionen,Auszahlungen aus Investitionstätigkeit,=,true,2026,ansatz,91000,266
P,130301,false,30,auszahlungen_investitionen,Auszahlungen aus Investitionstätigkeit,=,true,2026,ve,0,266
P,130301,false,30,auszahlungen_investitionen,Auszahlungen aus Investitionstätigkeit,=,true,2027,planung,6000,266
P,130301,false,30,auszahlungen_investitionen,Auszahlungen aus Investitionstätigkeit,=,true,2028,planung,0,266
P,130301,false,30,auszahlungen_investitionen,Auszahlungen aus Investitionstätigkeit,=,true,2029,planung,0,266
P,130301,false,31,saldo_investitionen,Saldo aus Investitionstätigkeit,=,true,2024,ergebnis,-1226,266
P,130301,false,31,saldo_investitionen,Saldo aus Investitionstätigkeit,=,true,2025,ansatz,-43000,266
P,130301,false,31,saldo_investitionen,Saldo aus Investitionstätigkeit,=,true,2026,ansatz,-91000,266
P,130301,false,31,saldo_investitionen,Saldo aus Investitionstätigkeit,=,true,2026,ve,0,266
P,130301,false,31,saldo_investitionen,Saldo aus Investitionstätigkeit,=,true,2027,planung,-6000,266
P,130301,false,31,saldo_investitionen,Saldo aus Investitionstätigkeit,=,true,2028,planung,0,266
P,130301,false,31,saldo_investitionen,Saldo aus Investitionstätigkeit,=,true,2029,planung,0,266
P,140101,false,09,einzahlungen_laufende_verwaltung,Einzahlungen aus lfd. Verw.-tätigkeit,=,true,2024,ergebnis,16955,270
P,140101,false,09,einzahlungen_laufende_verwaltung,Einzahlungen aus lfd. Verw.-tätigkeit,=,true,2025,ansatz,50000,270
P,140101,false,09,einzahlungen_laufende_verwaltung,Einzahlungen aus lfd. Verw.-tätigkeit,=,true,2026,ansatz,50000,270
P,140101,false,09,einzahlungen_laufende_verwaltung,Einzahlungen aus lfd. Verw.-tätigkeit,=,true,2026,ve,0,270
P,140101,false,09,einzahlungen_laufende_verwaltung,Einzahlungen aus lfd. Verw.-tätigkeit,=,true,2027,planung,50000,270
P,140101,false,09,einzahlungen_laufende_verwaltung,Einzahlungen aus lfd. Verw.-tätigkeit,=,true,2028,planung,50000,270
P,140101,false,09,einzahlungen_laufende_verwaltung,Einzahlungen aus lfd. Verw.-tätigkeit,=,true,2029,planung,50000,270
P,140101,false,16,auszahlungen_laufende_verwaltung,Auszahlungen aus lfd. Verw.-tätigkeit,=,true,2024,ergebnis,293969,270
P,140101,false,16,auszahlungen_laufende_verwaltung,Auszahlungen aus lfd. Verw.-tätigkeit,=,true,2025,ansatz,186100,270
P,140101,false,16,auszahlungen_laufende_verwaltung,Auszahlungen aus lfd. Verw.-tätigkeit,=,true,2026,ansatz,110200,270
P,140101,false,16,auszahlungen_laufende_verwaltung,Auszahlungen aus lfd. Verw.-tätigkeit,=,true,2026,ve,0,270
P,140101,false,16,auszahlungen_laufende_verwaltung,Auszahlungen aus lfd. Verw.-tätigkeit,=,true,2027,planung,118100,270
P,140101,false,16,auszahlungen_laufende_verwaltung,Auszahlungen aus lfd. Verw.-tätigkeit,=,true,2028,planung,113100,270
P,140101,false,16,auszahlungen_laufende_verwaltung,Auszahlungen aus lfd. Verw.-tätigkeit,=,true,2029,planung,110700,270
P,140101,false,17,saldo_laufende_verwaltung,Saldo aus lfd. Verw.-tätigkeit,=,true,2024,ergebnis,-277014,270
P,140101,false,17,saldo_laufende_verwaltung,Saldo aus lfd. Verw.-tätigkeit,=,true,2025,ansatz,-136100,270
P,140101,false,17,saldo_laufende_verwaltung,Saldo aus lfd. Verw.-tätigkeit,=,true,2026,ansatz,-60200,270
P,140101,false,17,saldo_laufende_verwaltung,Saldo aus lfd. Verw.-tätigkeit,=,true,2026,ve,0,270
P,140101,false,17,saldo_laufende_verwaltung,Saldo aus lfd. Verw.-tätigkeit,=,true,2027,planung,-68100,270
P,140101,false,17,saldo_laufende_verwaltung,Saldo aus lfd. Verw.-tätigkeit,=,true,2028,planung,-63100,270
P,140101,false,17,saldo_laufende_verwaltung,Saldo aus lfd. Verw.-tätigkeit,=,true,2029,planung,-60700,270
P,150101,false,09,einzahlungen_laufende_verwaltung,Einzahlungen aus lfd. Verw.-tätigkeit,=,true,2024,ergebnis,14538,274
P,150101,false,09,einzahlungen_laufende_verwaltung,Einzahlungen aus lfd. Verw.-tätigkeit,=,true,2025,ansatz,10000,274
P,150101,false,09,einzahlungen_laufende_verwaltung,Einzahlungen aus lfd. Verw.-tätigkeit,=,true,2026,ansatz,11000,274
P,150101,false,09,einzahlungen_laufende_verwaltung,Einzahlungen aus lfd. Verw.-tätigkeit,=,true,2026,ve,0,274
P,150101,false,09,einzahlungen_laufende_verwaltung,Einzahlungen aus lfd. Verw.-tätigkeit,=,true,2027,planung,11000,274
P,150101,false,09,einzahlungen_laufende_verwaltung,Einzahlungen aus lfd. Verw.-tätigkeit,=,true,2028,planung,11000,274
P,150101,false,09,einzahlungen_laufende_verwaltung,Einzahlungen aus lfd. Verw.-tätigkeit,=,true,2029,planung,11000,274
P,150101,false,16,auszahlungen_laufende_verwaltung,Auszahlungen aus lfd. Verw.-tätigkeit,=,true,2024,ergebnis,144630,274
P,150101,false,16,auszahlungen_laufende_verwaltung,Auszahlungen aus lfd. Verw.-tätigkeit,=,true,2025,ansatz,124400,274
P,150101,false,16,auszahlungen_laufende_verwaltung,Auszahlungen aus lfd. Verw.-tätigkeit,=,true,2026,ansatz,127400,274
P,150101,false,16,auszahlungen_laufende_verwaltung,Auszahlungen aus lfd. Verw.-tätigkeit,=,true,2026,ve,0,274
P,150101,false,16,auszahlungen_laufende_verwaltung,Auszahlungen aus lfd. Verw.-tätigkeit,=,true,2027,planung,124300,274
P,150101,false,16,auszahlungen_laufende_verwaltung,Auszahlungen aus lfd. Verw.-tätigkeit,=,true,2028,planung,128200,274
P,150101,false,16,auszahlungen_laufende_verwaltung,Auszahlungen aus lfd. Verw.-tätigkeit,=,true,2029,planung,132200,274
P,150101,false,17,saldo_laufende_verwaltung,Saldo aus lfd. Verw.-tätigkeit,=,true,2024,ergebnis,-130091,274
P,150101,false,17,saldo_laufende_verwaltung,Saldo aus lfd. Verw.-tätigkeit,=,true,2025,ansatz,-114400,274
P,150101,false,17,saldo_laufende_verwaltung,Saldo aus lfd. Verw.-tätigkeit,=,true,2026,ansatz,-116400,274
P,150101,false,17,saldo_laufende_verwaltung,Saldo aus lfd. Verw.-tätigkeit,=,true,2026,ve,0,274
P,150101,false,17,saldo_laufende_verwaltung,Saldo aus lfd. Verw.-tätigkeit,=,true,2027,planung,-113300,274
P,150101,false,17,saldo_laufende_verwaltung,Saldo aus lfd. Verw.-tätigkeit,=,true,2028,planung,-117200,274
P,150101,false,17,saldo_laufende_verwaltung,Saldo aus lfd. Verw.-tätigkeit,=,true,2029,planung,-121200,274
P,150101,false,28,aktivierbare_zuwendungen,Ausz. f. aktivierbaren Zuwendungen,-,false,2024,ergebnis,0,274
P,150101,false,28,aktivierbare_zuwendungen,Ausz. f. aktivierbaren Zuwendungen,-,false,2025,ansatz,119000,274
P,150101,false,28,aktivierbare_zuwendungen,Ausz. f. aktivierbaren Zuwendungen,-,false,2026,ansatz,30000,274
P,150101,false,28,aktivierbare_zuwendungen,Ausz. f. aktivierbaren Zuwendungen,-,false,2026,ve,0,274
P,150101,false,28,aktivierbare_zuwendungen,Ausz. f. aktivierbaren Zuwendungen,-,false,2027,planung,30000,274
P,150101,false,28,aktivierbare_zuwendungen,Ausz. f. aktivierbaren Zuwendungen,-,false,2028,planung,18000,274
P,150101,false,28,aktivierbare_zuwendungen,Ausz. f. aktivierbaren Zuwendungen,-,false,2029,planung,0,274
P,150101,false,30,auszahlungen_investitionen,Auszahlungen aus Investitionstätigkeit,=,true,2024,ergebnis,0,274
P,150101,false,30,auszahlungen_investitionen,Auszahlungen aus Investitionstätigkeit,=,true,2025,ansatz,119000,274
P,150101,false,30,auszahlungen_investitionen,Auszahlungen aus Investitionstätigkeit,=,true,2026,ansatz,30000,274
P,150101,false,30,auszahlungen_investitionen,Auszahlungen aus Investitionstätigkeit,=,true,2026,ve,0,274
P,150101,false,30,auszahlungen_investitionen,Auszahlungen aus Investitionstätigkeit,=,true,2027,planung,30000,274
P,150101,false,30,auszahlungen_investitionen,Auszahlungen aus Investitionstätigkeit,=,true,2028,planung,18000,274
P,150101,false,30,auszahlungen_investitionen,Auszahlungen aus Investitionstätigkeit,=,true,2029,planung,0,274
P,150101,false,31,saldo_investitionen,Saldo aus Investitionstätigkeit,=,true,2024,ergebnis,0,274
P,150101,false,31,saldo_investitionen,Saldo aus Investitionstätigkeit,=,true,2025,ansatz,-119000,274
P,150101,false,31,saldo_investitionen,Saldo aus Investitionstätigkeit,=,true,2026,ansatz,-30000,274
P,150101,false,31,saldo_investitionen,Saldo aus Investitionstätigkeit,=,true,2026,ve,0,274
P,150101,false,31,saldo_investitionen,Saldo aus Investitionstätigkeit,=,true,2027,planung,-30000,274
P,150101,false,31,saldo_investitionen,Saldo aus Investitionstätigkeit,=,true,2028,planung,-18000,274
P,150101,false,31,saldo_investitionen,Saldo aus Investitionstätigkeit,=,true,2029,planung,0,274
P,150102,false,16,auszahlungen_laufende_verwaltung,Auszahlungen aus lfd. Verw.-tätigkeit,=,true,2024,ergebnis,104720,277
P,150102,false,16,auszahlungen_laufende_verwaltung,Auszahlungen aus lfd. Verw.-tätigkeit,=,true,2025,ansatz,110835,277
P,150102,false,16,auszahlungen_laufende_verwaltung,Auszahlungen aus lfd. Verw.-tätigkeit,=,true,2026,ansatz,72554,277
P,150102,false,16,auszahlungen_laufende_verwaltung,Auszahlungen aus lfd. Verw.-tätigkeit,=,true,2026,ve,0,277
P,150102,false,16,auszahlungen_laufende_verwaltung,Auszahlungen aus lfd. Verw.-tätigkeit,=,true,2027,planung,111600,277
P,150102,false,16,auszahlungen_laufende_verwaltung,Auszahlungen aus lfd. Verw.-tätigkeit,=,true,2028,planung,115300,277
P,150102,false,16,auszahlungen_laufende_verwaltung,Auszahlungen aus lfd. Verw.-tätigkeit,=,true,2029,planung,119200,277
P,150102,false,17,saldo_laufende_verwaltung,Saldo aus lfd. Verw.-tätigkeit,=,true,2024,ergebnis,-104720,277
P,150102,false,17,saldo_laufende_verwaltung,Saldo aus lfd. Verw.-tätigkeit,=,true,2025,ansatz,-110835,277
P,150102,false,17,saldo_laufende_verwaltung,Saldo aus lfd. Verw.-tätigkeit,=,true,2026,ansatz,-72554,277
P,150102,false,17,saldo_laufende_verwaltung,Saldo aus lfd. Verw.-tätigkeit,=,true,2026,ve,0,277
P,150102,false,17,saldo_laufende_verwaltung,Saldo aus lfd. Verw.-tätigkeit,=,true,2027,planung,-111600,277
P,150102,false,17,saldo_laufende_verwaltung,Saldo aus lfd. Verw.-tätigkeit,=,true,2028,planung,-115300,277
P,150102,false,17,saldo_laufende_verwaltung,Saldo aus lfd. Verw.-tätigkeit,=,true,2029,planung,-119200,277
P,160101,false,09,einzahlungen_laufende_verwaltung,Einzahlungen aus lfd. Verw.-tätigkeit,=,true,2024,ergebnis,22834172,281
P,160101,false,09,einzahlungen_laufende_verwaltung,Einzahlungen aus lfd. Verw.-tätigkeit,=,true,2025,ansatz,21850000,281
P,160101,false,09,einzahlungen_laufende_verwaltung,Einzahlungen aus lfd. Verw.-tätigkeit,=,true,2026,ansatz,20553000,281
P,160101,false,09,einzahlungen_laufende_verwaltung,Einzahlungen aus lfd. Verw.-tätigkeit,=,true,2026,ve,0,281
P,160101,false,09,einzahlungen_laufende_verwaltung,Einzahlungen aus lfd. Verw.-tätigkeit,=,true,2027,planung,23410000,281
P,160101,false,09,einzahlungen_laufende_verwaltung,Einzahlungen aus lfd. Verw.-tätigkeit,=,true,2028,planung,24429000,281
P,160101,false,09,einzahlungen_laufende_verwaltung,Einzahlungen aus lfd. Verw.-tätigkeit,=,true,2029,planung,25053000,281
P,160101,false,16,auszahlungen_laufende_verwaltung,Auszahlungen aus lfd. Verw.-tätigkeit,=,true,2024,ergebnis,10986289,281
P,160101,false,16,auszahlungen_laufende_verwaltung,Auszahlungen aus lfd. Verw.-tätigkeit,=,true,2025,ansatz,11311766,281
P,160101,false,16,auszahlungen_laufende_verwaltung,Auszahlungen aus lfd. Verw.-tätigkeit,=,true,2026,ansatz,11328681,281
P,160101,false,16,auszahlungen_laufende_verwaltung,Auszahlungen aus lfd. Verw.-tätigkeit,=,true,2026,ve,0,281
P,160101,false,16,auszahlungen_laufende_verwaltung,Auszahlungen aus lfd. Verw.-tätigkeit,=,true,2027,planung,13308800,281
P,160101,false,16,auszahlungen_laufende_verwaltung,Auszahlungen aus lfd. Verw.-tätigkeit,=,true,2028,planung,14022300,281
P,160101,false,16,auszahlungen_laufende_verwaltung,Auszahlungen aus lfd. Verw.-tätigkeit,=,true,2029,planung,14527000,281
P,160101,false,17,saldo_laufende_verwaltung,Saldo aus lfd. Verw.-tätigkeit,=,true,2024,ergebnis,11847883,281
P,160101,false,17,saldo_laufende_verwaltung,Saldo aus lfd. Verw.-tätigkeit,=,true,2025,ansatz,10538234,281
P,160101,false,17,saldo_laufende_verwaltung,Saldo aus lfd. Verw.-tätigkeit,=,true,2026,ansatz,9224319,281
P,160101,false,17,saldo_laufende_verwaltung,Saldo aus lfd. Verw.-tätigkeit,=,true,2026,ve,0,281
P,160101,false,17,saldo_laufende_verwaltung,Saldo aus lfd. Verw.-tätigkeit,=,true,2027,planung,10101200,281
P,160101,false,17,saldo_laufende_verwaltung,Saldo aus lfd. Verw.-tätigkeit,=,true,2028,planung,10406700,281
P,160101,false,17,saldo_laufende_verwaltung,Saldo aus lfd. Verw.-tätigkeit,=,true,2029,planung,10526000,281
P,160101,false,18,investitionszuwendungen,Zuwendungen für Investitionsmaßnahmen,+,false,2024,ergebnis,1794144,281
P,160101,false,18,investitionszuwendungen,Zuwendungen für Investitionsmaßnahmen,+,false,2025,ansatz,1846000,281
P,160101,false,18,investitionszuwendungen,Zuwendungen für Investitionsmaßnahmen,+,false,2026,ansatz,1991000,281
P,160101,false,18,investitionszuwendungen,Zuwendungen für Investitionsmaßnahmen,+,false,2026,ve,0,281
P,160101,false,18,investitionszuwendungen,Zuwendungen für Investitionsmaßnahmen,+,false,2027,planung,1991000,281
P,160101,false,18,investitionszuwendungen,Zuwendungen für Investitionsmaßnahmen,+,false,2028,planung,1991000,281
P,160101,false,18,investitionszuwendungen,Zuwendungen für Investitionsmaßnahmen,+,false,2029,planung,1991000,281
P,160101,false,22,sonstige_investitionseinzahlungen,Sonstige Investitionseinzahlungen,+,false,2024,ergebnis,86187,281
P,160101,false,22,sonstige_investitionseinzahlungen,Sonstige Investitionseinzahlungen,+,false,2025,ansatz,0,281
P,160101,false,22,sonstige_investitionseinzahlungen,Sonstige Investitionseinzahlungen,+,false,2026,ansatz,0,281
P,160101,false,22,sonstige_investitionseinzahlungen,Sonstige Investitionseinzahlungen,+,false,2026,ve,0,281
P,160101,false,22,sonstige_investitionseinzahlungen,Sonstige Investitionseinzahlungen,+,false,2027,planung,0,281
P,160101,false,22,sonstige_investitionseinzahlungen,Sonstige Investitionseinzahlungen,+,false,2028,planung,0,281
P,160101,false,22,sonstige_investitionseinzahlungen,Sonstige Investitionseinzahlungen,+,false,2029,planung,0,281
P,160101,false,23,einzahlungen_investitionen,Einzahlungen aus Investitionstätigkeit,=,true,2024,ergebnis,1880331,281
P,160101,false,23,einzahlungen_investitionen,Einzahlungen aus Investitionstätigkeit,=,true,2025,ansatz,1846000,281
P,160101,false,23,einzahlungen_investitionen,Einzahlungen aus Investitionstätigkeit,=,true,2026,ansatz,1991000,281
P,160101,false,23,einzahlungen_investitionen,Einzahlungen aus Investitionstätigkeit,=,true,2026,ve,0,281
P,160101,false,23,einzahlungen_investitionen,Einzahlungen aus Investitionstätigkeit,=,true,2027,planung,1991000,281
P,160101,false,23,einzahlungen_investitionen,Einzahlungen aus Investitionstätigkeit,=,true,2028,planung,1991000,281
P,160101,false,23,einzahlungen_investitionen,Einzahlungen aus Investitionstätigkeit,=,true,2029,planung,1991000,281
P,160101,false,31,saldo_investitionen,Saldo aus Investitionstätigkeit,=,true,2024,ergebnis,1880331,281
P,160101,false,31,saldo_investitionen,Saldo aus Investitionstätigkeit,=,true,2025,ansatz,1846000,281
P,160101,false,31,saldo_investitionen,Saldo aus Investitionstätigkeit,=,true,2026,ansatz,1991000,281
P,160101,false,31,saldo_investitionen,Saldo aus Investitionstätigkeit,=,true,2026,ve,0,281
P,160101,false,31,saldo_investitionen,Saldo aus Investitionstätigkeit,=,true,2027,planung,1991000,281
P,160101,false,31,saldo_investitionen,Saldo aus Investitionstätigkeit,=,true,2028,planung,1991000,281
P,160101,false,31,saldo_investitionen,Saldo aus Investitionstätigkeit,=,true,2029,planung,1991000,281
P,160101,false,33,kreditaufnahme,Aufnahme und Rückflüsse von Darlehen,+,false,2024,ergebnis,0,281
P,160101,false,33,kreditaufnahme,Aufnahme und Rückflüsse von Darlehen,+,false,2025,ansatz,7400000,281
P,160101,false,33,kreditaufnahme,Aufnahme und Rückflüsse von Darlehen,+,false,2026,ansatz,5200000,281
P,160101,false,33,kreditaufnahme,Aufnahme und Rückflüsse von Darlehen,+,false,2026,ve,0,281
P,160101,false,33,kreditaufnahme,Aufnahme und Rückflüsse von Darlehen,+,false,2027,planung,9500000,281
P,160101,false,33,kreditaufnahme,Aufnahme und Rückflüsse von Darlehen,+,false,2028,planung,0,281
P,160101,false,33,kreditaufnahme,Aufnahme und Rückflüsse von Darlehen,+,false,2029,planung,0,281
P,160101,false,34,saldo_finanzierung,Saldo aus Finanzierungstätigkeit,=,true,2024,ergebnis,-400183,281
P,160101,false,34,saldo_finanzierung,Saldo aus Finanzierungstätigkeit,=,true,2025,ansatz,6910000,281
P,160101,false,34,saldo_finanzierung,Saldo aus Finanzierungstätigkeit,=,true,2026,ansatz,4750000,281
P,160101,false,34,saldo_finanzierung,Saldo aus Finanzierungstätigkeit,=,true,2026,ve,0,281
P,160101,false,34,saldo_finanzierung,Saldo aus Finanzierungstätigkeit,=,true,2027,planung,8930000,281
P,160101,false,34,saldo_finanzierung,Saldo aus Finanzierungstätigkeit,=,true,2028,planung,-850000,281
P,160101,false,34,saldo_finanzierung,Saldo aus Finanzierungstätigkeit,=,true,2029,planung,-830000,281
P,160101,false,35,tilgung,Tilgung und Gewährung von Darlehen,-,false,2024,ergebnis,400183,281
P,160101,false,35,tilgung,Tilgung und Gewährung von Darlehen,-,false,2025,ansatz,490000,281
P,160101,false,35,tilgung,Tilgung und Gewährung von Darlehen,-,false,2026,ansatz,450000,281
P,160101,false,35,tilgung,Tilgung und Gewährung von Darlehen,-,false,2026,ve,0,281
P,160101,false,35,tilgung,Tilgung und Gewährung von Darlehen,-,false,2027,planung,570000,281
P,160101,false,35,tilgung,Tilgung und Gewährung von Darlehen,-,false,2028,planung,850000,281
P,160101,false,35,tilgung,Tilgung und Gewährung von Darlehen,-,false,2029,planung,830000,281
