produkt,block,position,zu_zeilen,betrag,text,pdf_seite
0111101,1,1,,,"Aufgrund der geplanten Umstellung auf eine neue Finanzbuchhaltungssoftware muss die Zuordnung zu den Sachkonten geändert werden, so dass sich tlw. Verschiebungen zwischen den Sachkonten ergeben. Bei größeren Veränderungen erfolgt ggf. eine entsprechende Erläuterung. Zu den einzelnen Ergebniszeilen ist folgendes festzustellen:",118
0111101,2,2,07,200,Sonstige ordentliche Erträge,118
0111101,2,3,07,,Es handelt sich um vermischte Erträge.,118
0111101,3,4,11,392740,Personalaufwendungen,118
0111101,3,5,11,,Zu den Personalaufwendungen wird auf die Erläuterungen im Vorbericht verwiesen.,118
0111101,4,6,16,253950,Sonstige ordentliche Aufwendungen,118
0111101,4,7,16,234850,Aufwendungen für ehrenamtliche und sonstige Tätigkeiten,118
0111101,4,8,16,,"Hierbei handelt sich um die Aufwandsentschädigungen für die Mandatsträger (Ratsmitglieder, ehrenamtliche Stellvertretende Bürgermeister, Ortsvorsteher, Fraktionsvorsitzende und Stellvertreter, Sachkundige Bürger). Darüber hinaus sind hier die Reisekosten und die Erstattungen für den Ausfall von Arbeitsentgelt der Rats- und Ausschussmitglieder erfasst. Die im Einzelnen zu zahlenden Beträge ergeben sich aus der Anwendung der Entschädigungsverordnung der Landes NRW und der Hauptsatzung der Stadt Hörstel.",118
0111101,4,9,16,3500,Geschäftsaufwendungen,118
0111101,4,10,16,,Erfasst werden hier die Kosten für die Neu- und Ersatzbeschaffungen von Tablets für die politischen Vertreter. Außerdem sind die Kosten für die öffentlichen Bekanntmachungen der Rats- und Ausschusssitzungen enthalten.,118
0111101,4,11,16,1200,Versicherungen,118
0111101,4,12,16,,Die kommunalen Mandatsträger sind in Ausübung ihres Mandats beim Gemeindeunfallversicherungsverband versichert.,118
0111101,4,13,16,4000,Verfügungsmittel,118
0111101,4,14,16,,"Verfügungsmittel sind Beträge, die dem Bürgermeister für dienstliche Zwecke, für die keine Aufwendungen veranschlagt sind, zur Verfügung stehen.",118
0111101,4,15,16,8400,Fraktionszuwendungen,118
0111101,4,16,16,,"Der Rat der Stadt Hörstel hat in seiner Sitzung am 02.02.2005 die Höhe der an die Ratsfraktionen zu zahlenden Zuwendungen im Sinne des § 56 Abs. 3 GO.NW. beschlossen. Neben einem Sockelbetrag von 400 € jährlich erhält jede Fraktion eine Zuwendung von 16,50 € je Ratsmitglied und Monat. Außerdem hat der Rat in seiner Sitzung am 17.11.2009 beschlossen, einem Ratsmitglied, das weder einer Fraktion noch einer Gruppe angehört, eine finanzielle Zuwendung in Höhe der Hälfte der finanziellen Zuwendung, die eine Gruppe mit zwei Mitgliedern erhalten würde (§ 56 III 6 GO.NW.), z. Zt. 265,34 € jährlich, zu zahlen.",118
0111101,4,17,16,2000,Übrige weitere sonstige Aufwendungen aus laufender Verwaltungstätigkeit,118
0111101,4,18,16,,Es handelt sich um vermischte Aufwendungen.,118
0111101,5,19,28,18036,Aufwendungen aus internen Leistungsbeziehungen,118
0111101,5,20,28,,Der Haushaltsansatz bezieht sich auf die Verrechnung von Sachkosten aus dem Produkt „Zentrale Verwaltungsdienste“.,119
0111102,1,1,,,"Aufgrund der geplanten Umstellung auf eine neue Finanzbuchhaltungssoftware muss die Zuordnung zu den Sachkonten geändert werden, so dass sich tlw. Verschiebungen zwischen den Sachkonten ergeben. Bei größeren Veränderungen erfolgt ggf. eine entsprechende Erläuterung. Zu den einzelnen Ergebniszeilen ist folgendes festzustellen:",125
0111102,2,2,02,23000,Zuwendungen und allgemeine Umlagen,125
0111102,2,3,02,,Das Anlagevermögen im Produkt „Zentrale Verwaltungsdienste“ ist teilweise mit Zuwendungen Dritter finanziert worden.,125
0111102,3,4,06,200,Kostenerstattungen und Kostenumlagen,125
0111102,3,5,06,,Kosten für private Telefonate und Kopien sowie private Portokosten sind von den Bediensteten zu erstatten.,125
0111102,4,6,07,350,Sonstige ordentliche Erträge,125
0111102,4,7,07,,Es handelt sich um vermischte Erträge.,125
0111102,5,8,11,446802,Personalaufwendungen,125
0111102,5,9,11,,Zu den Personalaufwendungen wird auf die Erläuterungen im Vorbericht verwiesen.,125
0111102,6,10,13,42200,Aufwendungen für Sach- und Dienstleistungen,125
0111102,6,11,13,21000,Haltung von Fahrzeugen,125
0111102,6,12,13,14000,Unterhaltung des beweglichen Vermögens,125
0111102,6,13,13,,"Hierbei handelt es sich um die Kosten für die Unterhaltung der Einrichtungsgegenstände und Maschinen der Verwaltung (Telefonanlage, Alarmanlage, Frankiermaschine usw.). Diese werden zunächst vollständig im Produkt „Zentrale Verwaltungsdienste“ verbucht und dann über interne Leistungsverrechnungen den übrigen Produkten zugeordnet.",125
0111102,6,14,13,1500,Aufwendungen für sonstige Sachleistungen,125
0111102,6,15,13,,"Hierbei handelt es sich um die Kosten für Waren und Güter, die zum Verzehr und Verbraucht bestimmt sind.",125
0111102,6,16,13,5700,Aufwendungen für sonstige Dienstleistungen,125
0111102,6,17,13,,Es handelt sich hierbei um die Kosten für die externe Wahrnehmung der Aufgaben des Datenschutzes durch einen Angestellten der Kommunalen ADV-Anwendergemeinschaft West (KAAW).,125
0111102,7,18,14,129000,Bilanzielle Abschreibung,125
0111102,7,19,14,,Es wird auf die Erläuterungen im Vorbericht verwiesen.,125
0111102,8,20,15,8000,Transferaufwendungen,125
0111102,8,21,15,,Die Stadt Hörstel zahlt bei Geburt eines dritten Kindes 100 € und ab dem vierten Kind 500 € Zuschuss.,125
0111102,9,22,16,207000,Sonstige ordentliche Aufwendungen,126
0111102,9,23,16,14000,Besondere Aufwendungen für Beschäftigte,126
0111102,9,24,16,,"Es handelt sich um Fahrtkosten, Reisekosten und Tagegelder, die bisher unter dem Sachkonto Geschäftsaufwand dargestellt wurden.",126
0111102,9,25,16,12000,Mieten und Pachten,126
0111102,9,26,16,,"Aus wirtschaftlichen Gründen werden Dienstwagen teilweise geleast. Außerdem wird hier die Miete für das Dienstgebäude Münsterstr. 2 veranschlagt (bis 2025, jetzt im Produkt ""Zentrales Gebäudemanagement).",126
0111102,9,27,16,127500,Geschäftsaufwendungen,126
0111102,9,28,16,,Aufwendungen für:,126
0111102,9,29,16,,Bürobedarf,126
0111102,9,30,16,,"Gesetzesblätter, Bücher, Zeitschriften",126
0111102,9,31,16,,"für Ehrungen, Kranzspenden, Nachrufe, Kosten für besondere Anlässe (bis 2025, siehe übrige weitere sonstige Aufwendungen aus laufender Verwaltungstätigkeit)",126
0111102,9,32,16,,"Fernsprechgebühren, Porto",126
0111102,9,33,16,,"Fahrtkosten, Reisekosten, Tagegelder (bis 2025, siehe besondere Aufwendungen für Beschäftigte)",126
0111102,9,34,16,,Kopierkosten und die,126
0111102,9,35,16,,Beschaffung Geringwertiger Wirtschaftsgüter. werden zunächst vollständig im Produkt „Zentrale Verwaltungsdienste“ verbucht und dann über interne Leistungsverrechnungen den übrigen Produkten zugeordnet.,126
0111102,9,36,16,20500,Geschäftsaufwendungen - Mitgliedsbeiträge,126
0111102,9,37,16,,"Hier werden die Mitgliedsbeiträge zum Städte- und Gemeindebund, zur Euregio und zur KGSt erfasst.",126
0111102,9,38,16,22000,Übrige weitere sonstige Aufwendungen auf laufender Verwaltungstätigkeit,126
0111102,9,39,16,,"Es handelt sich um die Kosten für Ehrungen, Kranzspenden, Nachrufe und Kosten für besondere Anlässe (bis 2025 Geschäftsaufwand) sowie um vermische Aufwendungen.",126
0111102,10,40,27,560786,Erträge aus internen Leistungsbeziehungen,126
0111102,10,41,27,,"Die Aufwendungen dieses Produktes und Aufwendungen aus Internen Leistungsbeziehungen sind teilweise nicht vollständig dem Produkt „Zentrale Verwaltungsdienste“ zuzuordnen. Deshalb erfolgt eine verursachungsgerechte Verteilung dieser Aufwendungen auf alle übrigen Produkte im Wege einer internen Leistungsverrechnung. Damit ist eine produktscharfe Zuordnung dieser Aufwendungen sichergestellt. Für das Produkt „Zentrale Verwaltungsdienste“ stellt diese Verrechnung einen Ertrag, für alle übrigen Produkte anteilmäßig Aufwand dar.",126
0111102,11,42,28,236526,Aufwendungen aus internen Leistungsbeziehungen,126
0111102,11,43,28,,"Hierbei handelt es sich zum einen um die Verrechnung der Leistungen des Baubetriebshofes. Die Höhe der für Leistungen des Baubetriebshofes zu verrechnenden Kosten richtet sich nach dem Umfang der voraussichtlichen bzw. tatsächlichen Inanspruchnahme. Die Aufwendungen für Sach- und Dienstleistungen (Bauliche Unterhaltung, Bewirtschaftung der Grundstücke und baulichen Anlagen) werden im Produkt „01.111.10 Zentrales Gebäudemanagement“ veranschlagt und über die Internen Leistungsverrechnungen diesem Produkt zugeordnet.",126
0111103,1,1,,,"Aufgrund der geplanten Umstellung auf eine neue Finanzbuchhaltungssoftware muss die Zuordnung zu den Sachkonten geändert werden, so dass sich tlw. Verschiebungen zwischen den Sachkonten ergeben. Bei größeren Veränderungen erfolgt ggf. eine entsprechende Erläuterung. Zu den einzelnen Ergebniszeilen ist folgendes festzustellen:",131
0111103,2,2,11,3458,Personalaufwendungen,131
0111103,2,3,11,,Zu den Personalaufwendungen wird auf die Erläuterungen im Vorbericht verwiesen.,131
0111103,3,4,15,500,Transferaufwendungen,131
0111103,3,5,15,,Es handelt sich dabei um den vom Rat am 25.03.2003 beschlossen jährlichen Zuschuss in Höhe von 500 € für den Förderverein „Städtepartnerschaften e.V.“.,131
0111103,4,6,16,5530,Sonstige ordentliche Aufwendungen,131
0111103,4,7,16,,Zu den Geschäftsaufwendungen gehören zum einen der Mitgliedsbeitrag zum Rat der Gemeinden und Regionen Europas (rd. 530 €) und zum anderen die im Zusammenhang mit den Städtepartnerschaften entstehenden Sachkosten (grundsätzlich jährlich rd. 5.000 €.),131
0111103,5,8,28,324,Aufwendungen aus internen Leistungsbeziehungen,131
0111103,5,9,28,,Der Haushaltsansatz bezieht sich auf die Verrechnung von Sachkosten aus dem Produkt „01.111.02 Zentrale Verwaltungsdienste“.,131
0111104,1,1,,,"Aufgrund der geplanten Umstellung auf eine neue Finanzbuchhaltungssoftware muss die Zuordnung zu den Sachkonten geändert werden, so dass sich tlw. Verschiebungen zwischen den Sachkonten ergeben. Bei größeren Veränderungen erfolgt ggf. eine entsprechende Erläuterung. Zu den einzelnen Ergebniszeilen ist folgendes festzustellen:",136
0111104,2,2,07,24300,Sonstige ordentliche Erträge,136
0111104,2,3,07,,Es handelt sich hauptsächlich um Erträge aus der Auflösung und Herabsetzung von Pensionsrückstellungen.,136
0111104,3,4,11,480389,Personalaufwendungen,136
0111104,3,5,11,,Zu den Personalaufwendungen wird auf die Erläuterungen im Vorbericht verwiesen.,136
0111104,4,6,12,990700,Versorgungsaufwendungen,136
0111104,4,7,12,,"Ab dem Haushaltsjahr 2024 werden die Versorgungsaufwendungen zentral im Produkt ""01.111.04 Personalwesen"" veranschlagt. Aufgrund eines vorliegenden Gutachtes sind in 2026 voraussichtlich keine Zuführungen zu den Pensionsrückstellungen für Versorgungsempfänger erforderlich sein, sind die Aufwendungen wesentlich geringer als im Haushaltsjahr 2025. Es wird auf die Erläuterungen im Vorbericht verwiesen.",136
0111104,5,8,13,30200,Aufwendungen für Sach- und Dienstleistungen,136
0111104,5,9,13,,Erfasst werden hier die Kosten für die Bearbeitung von Beihilfeanträgen im Krankheits- bzw. Pflegefall im Rahmen interkommunaler Zusammenarbeit durch die Kommunale Versorgungskasse Westfalen-Lippe. Die Durchführung der Gehaltsabrechnungen ist an das Shared-Service-Center der Kommunalen ADV-Anwendergemeinschaft West (KAAW) übertragen worden. Außerdem werden hier die Kosten für externe Stellenbewertungen und für ein externes Beratungsangebot für die Beschäftigten der Stadt Hörstel erfasst.,136
0111104,6,10,16,153920,Sonstige ordentliche Aufwendungen,136
0111104,6,11,16,2000,Sonstige Personal- und Versorgungsaufwendungen,136
0111104,6,12,16,,"Hierbei handelt es sich um die Aufwendungen zur Förderung der Betriebsgemeinschaft. Diese wurden bis 2025 unter dem Sachkonto ""Besondere Aufwendungen für Beschäftigte"" aufgeführt.",136
0111104,6,13,16,91500,Besondere Aufwendungen für Beschäftigte,136
0111104,6,14,16,,Hierzu gehören die Aufwendungen,136
0111104,6,15,16,,für die Aus- und Fortbildung von Verwaltungsangehörigen,136
0111104,6,16,16,,für die arbeits- und sicherheitstechnische Betreuung und,136
0111104,6,17,16,,für die Förderung der Betriebsgemeinschaft (wird ab 2026 unter Sonstige Personal- und Versorgungsaufwendungen aufgeführt),136
0111104,6,18,16,24420,Geschäftsaufwendungen,136
0111104,6,19,16,,Zu den Geschäftsaufwendungen gehören der Beitrag zum Kommunalen Arbeitgeberverband und die Kosten für Stellenausschreibungen.,136
0111104,6,20,16,34000,Versicherungen,136
0111104,6,21,16,,Erfasst werden hier die an den Gemeindeunfallversicherungsverband zu zahlenden Beiträge der gesetzlichen Unfallversicherung für die Tariflich Beschäftigten.,137
0111104,6,22,16,2000,Übrige weitere sonstige Aufwendungen aus laufender Verwaltungstätigkeit,137
0111104,6,23,16,,Es handelt sich um vermischte Aufwendungen.,137
0111104,7,24,27,422699,Erträge aus internen Leistungsbeziehungen,137
0111104,7,25,27,,"Verrechnet werden hier die Gemeinkosten für die Querschnittsfunktionen der Gebührenhaushalte „Öffentliche Abwasserbeseitigung“, „Private Grundstücksentwässerungsanlagen“, „Umlage Gewässerunterhaltung“, „Abfallbeseitigung“ und „Straßenreinigung“ sowie für die als Kostenrechnende Einrichtungen geführten Bereiche „Baubetriebshof“ und „Hallenbad“. Bei diesen Produkten sind entsprechende Aufwandspositionen ausgewiesen und erläutert.",137
0111104,8,26,28,60994,Aufwendungen aus internen Leistungsbeziehungen,137
0111104,8,27,28,,Der Haushaltsansatz bezieht sich auf die Verrechnung von Sachkosten aus dem Produkt „01.111.02 Zentrale Verwaltungsdienste“.,137
0111105,1,1,,,"Aufgrund der geplanten Umstellung auf eine neue Finanzbuchhaltungssoftware muss die Zuordnung zu den Sachkonten geändert werden, so dass sich tlw. Verschiebungen zwischen den Sachkonten ergeben. Bei größeren Veränderungen erfolgt ggf. eine entsprechende Erläuterung. Zu den einzelnen Ergebniszeilen ist folgendes festzustellen:",142
0111105,2,2,,18984,Personalsaufwendungen,142
0111105,2,3,,,Zu den Personalaufwendungen wird auf die Erläuterungen im Vorbericht verwiesen.,142
0111105,3,4,16,90,Sonstige ordentliche Aufwendungen,142
0111105,3,5,16,,Dem Personalrat wird eine Aufwandsentschädigung nach der sogenannten Aufwandsdeckungsverordnung gewährt.,142
0111105,4,6,28,9766,Aufwendungen aus internen Leistungsbeziehungen,142
0111105,4,7,28,,Der Haushaltsansatz bezieht sich auf die Verrechnung von Sachkosten aus dem Produkt „Zentrale Verwaltungsdienste“. Außerdem werden hier die Aufwendungen für die Personalratstätigkeit der Mitarbeiter des Baubetriebshofes verrechnet.,142
0111106,1,1,,,"Aufgrund der geplanten Umstellung auf eine neue Finanzbuchhaltungssoftware muss die Zuordnung zu den Sachkonten geändert werden, so dass sich tlw. Verschiebungen zwischen den Sachkonten ergeben. Bei größeren Veränderungen erfolgt ggf. eine entsprechende Erläuterung. Zu den einzelnen Ergebniszeilen ist folgendes festzustellen:",146
0111106,2,2,11,16737,Personalaufwendungen,146
0111106,2,3,11,,Zu den Personalaufwendungen wird auf die Erläuterungen im Vorbericht verwiesen.,146
0111106,3,4,16,1000,Sonstige ordentliche Aufwendungen,146
0111106,3,5,16,,Für Kosten im Rahmen von Gleichstellungsaufgaben wurden wie in den Vorjahren 1.000 € veranschlagt.,146
0111106,4,6,28,1330,Aufwendungen aus internen Leistungsbeziehungen,146
0111106,4,7,28,,Der Haushaltsansatz bezieht sich auf die Verrechnung von Sachkosten aus dem Produkt „Zentrale Verwaltungsdienste“.,146
0111107,1,1,,,"Aufgrund der geplanten Umstellung auf eine neue Finanzbuchhaltungssoftware muss die Zuordnung zu den Sachkonten geändert werden, so dass sich tlw. Verschiebungen zwischen den Sachkonten ergeben. Bei größeren Veränderungen erfolgt ggf. eine entsprechende Erläuterung. Zu den einzelnen Ergebniszeilen ist folgendes festzustellen:",151
0111107,2,2,04,500,Öffentlich-rechtliche Leistungsentgelte,151
0111107,2,3,04,,"Im Produkt „Finanzwesen, Rechnungsprüfung und Versicherungsangelegenheiten“ ergeben sich Verwaltungsgebühren vor allem durch die Ausstellung steuerlicher Unbedenklichkeitsbescheinigungen.",151
0111107,3,4,06,26660,Kostenerstattungen und Kostenumlagen,151
0111107,3,5,06,,"Die Stadt Hörstel erhält für die Wahrnehmung der Geschäftsführung von den Unterhaltungsverbänden „Bevergerner Aa“, „Dreierwalder Aa“ und „Hörsteler Aa“ Verwaltungskostenbeiträge. Außerdem erhält die Stadt Hörstel für die Personalgestellung an die Hörsteler Energie GmbH entsprechende Kostenerstattungen.",151
0111107,4,6,07,36600,Sonstige ordentliche Erträge,151
0111107,4,7,07,,Erfasst werden hier Säumniszuschläge und Gebühren aus dem Verwaltungszwangsverfahren sowie Stundungszinsen.,151
0111107,5,8,11,843981,Personalaufwendungen,151
0111107,5,9,11,,Zu den Personalaufwendungen wird auf die Erläuterungen im Vorbericht verwiesen.,151
0111107,6,10,13,37780,Aufwendungen für Sach- und Dienstleistungen,151
0111107,6,11,13,,Zu den Aufwendungen für Sach- und Dienstleistungen gehören vor allem Prüfungs- und Beratungskosten. Diese wurden bis 2025 unter Sonstige ordentliche Aufwendungen aufgeführt.,151
0111107,7,12,16,104600,Sonstige ordentliche Aufwendungen,151
0111107,7,13,16,5500,Geschäftsaufwendungen,151
0111107,7,14,16,,Zu den Geschäftsaufwendungen gehören die Aufwendungen für nachfolgende Positionen,151
0111107,7,15,16,,öffentliche Bekanntmachungen,151
0111107,7,16,16,,Gerichts- und Prozesskosten,151
0111107,7,17,16,,Zwangsvollstreckungsmaßnahmen,151
0111107,7,18,16,,im Rahmen der Durchführung von Insolvenzverfahren,151
0111107,7,19,16,,Prüfungs- und Beratungskosten (Diese werden ab 2026 unter Aufwendungen für Sach- und Dienstleistungen erfasst.),151
0111107,7,20,16,98900,Versicherungen,151
0111107,7,21,16,,Erfasst wird hier der kommunale Beitrag zur gesetzlichen Unfallversicherung. Außerdem wird hier der Beitrag für die allgemeine Haftpflichtversicherung und die Eigenschadenversicherung nachgewiesen.,151
0111107,8,22,28,64169,Aufwendungen aus internen Leistungsbeziehungen,151
0111107,8,23,28,,Der Haushaltsansatz bezieht sich auf die Verrechnung von Sachkosten aus dem Produkt „Zentrale Verwaltungsdienste“.,152
0111108,1,1,,,"Aufgrund der geplanten Umstellung auf eine neue Finanzbuchhaltungssoftware muss die Zuordnung zu den Sachkonten geändert werden, so dass sich tlw. Verschiebungen zwischen den Sachkonten ergeben. Bei größeren Veränderungen erfolgt ggf. eine entsprechende Erläuterung. Zu den einzelnen Ergebniszeilen ist folgendes festzustellen:",157
0111108,2,2,02,68000,Zuwendungen und allgemeine Umlagen,157
0111108,2,3,02,,Das Anlagevermögen im Produkt „Technikunterstütze Informationsverarbeitung“ ist teilweise mit Zuwendungen Dritter (Allgemeine Investitionspauschale) finanziert worden.,157
0111108,3,4,06,2000,Kostenerstattungen und Kostenumlagen,157
0111108,3,5,06,,Mitarbeiter der Stadt Hörstel arbeiten im Bereich der IT-Sicherheit und im Bereich der Schul-IT für die Kommunale ADV-Anwendergemeinschaft (KAAW). Für diese Personalgestellung erhält die Stadt Hörstel entsprechende Kostenerstattungen.,157
0111108,4,6,11,404616,Personalaufwendungen,157
0111108,4,7,11,,Zu den Personalaufwendungen wird auf die Erläuterungen im Vorbericht verwiesen.,157
0111108,5,8,13,344500,Aufwendungen für Sach- und Dienstleistungen,157
0111108,5,9,13,6000,Unterhaltung des sonstigen beweglichen Vermögens,157
0111108,5,10,13,,"Hierbei handelt es sich um die Kosten für die laufende Unterhaltung der EDV-Hardware (Reparaturen, Ersatzteile etc.).",157
0111108,5,11,13,338500,Aufwendungen für sonstige Dienstleistungen,157
0111108,5,12,13,,Die Stadt Hörstel ist Mitglied der Kommunalen ADV-Anwendergemeinschaft West (KAAW). Die Mitglieder haben hierfür eine entsprechende Umlage zu zahlen. Außerdem werden unter diesem Sachkonto auch die Dienstleistungen im Zusammenhang mit der Anschaffung von Hard- und Software und Mittel für Scandienstleistungen veranschlagt. Ab 2026 werden unter dieser Position auch die Wartungskosten für die Software und Datenbanken erfasst. Diese standen bis 2025 unter der Position Sonstige ordentliche Aufwendungen.,157
0111108,6,13,14,22500,Bilanzielle Abschreibungen,157
0111108,6,14,14,,Es wird auf die Erläuterungen im Vorbericht verwiesen.,157
0111108,7,15,16,60000,Sonstige ordentliche Aufwendungen,157
0111108,7,16,16,,Zu den Geschäftsaufwendungen gehören die Aufwendungen für nachfolgende Positionen,157
0111108,7,17,16,,Wartung der Software und der Datenbanken (werden ab 2026 unter Aufwendungen für sonstige Dienstleistungen erfasst),157
0111108,7,18,16,,"IT-Leitungen (Standardfestverbindung, Telefonkosten, Internet usw.)",157
0111108,7,19,16,,Verbrauchsmaterial für Drucker und dergleichen und,157
0111108,7,20,16,,Anschaffung von Hard- und Software als geringwertige Wirtschaftsgüter (GWG).,157
0111108,8,21,27,20884,Erträge aus internen Leistungsbeziehungen,157
0111108,8,22,27,,"Verrechnet wird hier der TUI-Sachkostenaufschlag der Gebührenhaushalte „Öffentliche Abwasserbeseitigung“, „Private Grundstücksentwässerungsanlagen“, „Umlage Gewässerunterhaltung“, „Abfallbeseitigung“ und „Straßenreinigung“ sowie der als Kostenrechnende Einrichtung geführten Bereiche „Baubetriebshof“ und „Hallenbad“. Bei diesen Produkten sind entsprechende Aufwandspositionen ausgewiesen und erläutert.",158
0111108,9,23,28,32761,Aufwendungen aus internen Leistungsbeziehungen,158
0111108,9,24,28,,Der Haushaltsansatz bezieht sich auf die Verrechnung von Sachkosten aus dem Produkt „Zentrale Verwaltungsdienste“.,158
0111109,1,1,,,"Aufgrund der geplanten Umstellung auf eine neue Finanzbuchhaltungssoftware muss die Zuordnung zu den Sachkonten geändert werden, so dass sich tlw. Verschiebungen zwischen den Sachkonten ergeben. Bei größeren Veränderungen erfolgt ggf. eine entsprechende Erläuterung. Zu den einzelnen Ergebniszeilen ist folgendes festzustellen:",165
0111109,2,2,02,7900,Zuwendungen und allgemeine Umlagen,165
0111109,2,3,02,,Das Anlagevermögen im Produkt „Liegenschaftsverwaltung“ ist teilweise mit Zuwendungen Dritter finanziert worden.,165
0111109,3,4,05,327211,Privatrechtliche Leistungsentgelte,165
0111109,3,5,05,,Erfasst werden hier,165
0111109,3,6,05,,Pachten aus unbebauten Grundstücken,165
0111109,3,7,05,,Jagdpachtgelder und,165
0111109,3,8,05,,Mieten und Pachten einschl. Nebenkosten für Flächen und Gebäude auf dem ehem. Flugplatz in Dreierwalde,165
0111109,4,9,07,1035668,Sonstige ordentliche Erträge,165
0111109,4,10,07,,"Bei den Erträgen aus der Veräußerung von Grundstücken und Gebäuden handelt es sich um Verkaufserlöse, soweit diese über den bilanzierten Werten liegen. Es ergeben sich jährliche Schwankungen je nach Umfang der verkauften Grundstücke und des einzelnen Verkaufserlöses im Vergleich zum Bilanzwert.",165
0111109,5,11,11,30535,Personalaufwendungen,165
0111109,5,12,11,,Zu den Personalaufwendungen wird auf die Erläuterungen im Vorbericht verwiesen.,165
0111109,6,13,13,215200,Aufwendungen für Sach- und Dienstleistungen,165
0111109,6,14,13,0,Unterhaltung der Grundstücke und baulichen Anlagen,165
0111109,6,15,13,,"Hierbei handelt es sich um die Kosten für die laufende bauliche Unterhaltung aller unbebauten Grundstücke, einschließlich der Infrastruktur des ehem. Flugplatz Dreierwalde. Ab 2026 erfolgt die Darstellung unter Instandhaltung des Infrastrukturvermögens.",165
0111109,6,16,13,15000,Instandhaltung des Infrastrukturvermögens,165
0111109,6,17,13,,"Hierbei handelt es sich um die Kosten für die Instandhaltung aller unbebauten Grundstücke, einschließlich der Infrastruktur des ehem. Flugplatz Dreierwalde (bis 2025 Unterhaltung der Grundstücke und baulichen Anlagen).",165
0111109,6,18,13,14200,Unterhaltung und Bewirtschaftung des Infrastrukturvermögens,165
0111109,6,19,13,,"Hierbei handelt es sich um die Kosten für Abgaben aller unbebauten Grundstücke, einschließlich der Infrastruktur des ehem. Flugplatz Dreierwalde (bis 2025 Sonstige Steuern).",165
0111109,6,20,13,186000,Aufwendungen für sonstige Dienstleistungen,165
0111109,6,21,13,,Es handelt sich um die Kosten für,165
0111109,6,22,13,,"die Bauleitplanung (120.000 €), bis 2025 im Produkt 09.511.01 ""Räumliche Planungs- und Entwicklungsmaßnahmen, Geoinformationen""",165
0111109,6,23,13,,"Vermarktung und Präsentation Gewerbegebiet und Energie-Innovationspark ehem. Flugplatz Dreierwalde, bisher unter Geschäftsaufwand",166
0111109,6,24,13,,"sonstige Kosten für externe Dienstleistungen (bis 2025 unter Geschäftsaufwand bzw. im Produkt 15.571.01 ""Wirtschaftsförderung"").",166
0111109,7,25,14,18000,Bilanzielle Abschreibungen,166
0111109,7,26,14,,Es wird auf die Erläuterung im Vorbericht verwiesen.,166
0111109,8,27,16,58800,Sonstige ordentliche Aufwendungen,166
0111109,8,28,16,,Hier werden ab 2026 die Versicherungsbeiträge für die Infrastruktur einschl. Gebäude des ehem. Flugplatzes Dreierwalde und die Aufwendungen für Steuern veranschlagt. Die Aufwendungen für Abgaben (außer Steuern) werden ab 2026 unter Unterhaltung und Bewirtschaftung des Infrastrukturvermögens erfasst.,166
0111109,9,29,27,206475,Erträge aus internen Leistungsbeziehungen,166
0111109,9,30,27,,"Erfasst werden hier die Grundsteuern, die die Stadt Hörstel für eigene bebaute und unbebaute Grundstücke zu zahlen hat. Diese sind aus statistischen Gründen und im Hinblick auf die Ermittlung der Steuerkraft im kommunalen Finanzausgleich gesondert zu erfassen und buchhalterisch nachzuweisen. Die Erträge bzgl. der Mieten (außer ehem. Flugplatz Dreierwalde) werden im Produkt „01.111.10 Zentrales Gebäudemanagement“ veranschlagt und über die Internen Leistungsverrechnungen diesem Produkt zugeordnet.",166
0111109,10,31,28,181684,Aufwendungen aus internen Leistungsbeziehungen,166
0111109,10,32,28,,"Der Haushaltsansatz bezieht sich auf die Verrechnung von Sachkosten aus dem Produkt „01.111.02 - Zentrale Verwaltungsdienste“ und für Leistungen des Baubetriebshofes. Die Kosten für die bauliche Unterhaltung und für die Bewirtschaftung städt. Gebäude sowie die Aufwendungen für Steuern, Abgaben und Versicherungen werden beim Produkt „01.111.10 - Zentrales Gebäudemanagement“ veranschlagt und über die Internen Leistungsverrechnungen diesem Produkt zugeordnet.",166
0111110,1,1,,,"Aufgrund der geplanten Umstellung auf eine neue Finanzbuchhaltungssoftware muss die Zuordnung zu den Sachkonten geändert werden, so dass sich tlw. Verschiebungen zwischen den Sachkonten ergeben. Bei größeren Veränderungen erfolgt ggf. eine entsprechende Erläuterung. Zu den einzelnen Ergebniszeilen ist folgendes festzustellen:",172
0111110,2,2,02,69630,Zuwendungen und allgemeine Umlagen,172
0111110,2,3,02,,Es handelt sich um die Bundeszuweisung für das zentrale Energiemanagement und um Förderungen für die Installation von Wärmepumpen in Reinings Mühle in Dreierwalde und in der Kindertagesstätte (ehem. Bruchsteinschule) in Bevergern.,172
0111110,3,4,04,56000,Öffentlich-rechtliche Leistungsentgelte,172
0111110,3,5,04,,"Es handelt sich um Benutzungsgebühren und ähnliche Entgelte für Sportplätze, Sporthallen und die Begegnungsstätte Hof Lammers.",172
0111110,4,6,05,177160,Privatrechtliche Leistungsentgelte,172
0111110,4,7,05,103900,Mieten und Pachten -hoheitlich- PK,172
0111110,4,8,05,,"Es handelt sich um Erträge aus Mieten und Mietnebenkosten von städtischen Wohnungen des allgemeinen Grundvermögens, die intern an den Fachbereich Soziales vermietet werden zur Unterbringung von Flüchtlingen und Bürgergeld-Empfängern.",172
0111110,4,9,05,3260,Mieten und Pachten zu 19 % USt - PK,172
0111110,4,10,05,,"Es handelt sich um Mieterträge, die steuerpflichtig sind aufgrund von § 2 b UStG (Unterstellung Feuerwehrfahrzeuge) oder aufgrund der Zuordnung zu dem BgA Sportstätten (Vermietung Flächen für PV-Anlagen).",172
0111110,4,11,05,63000,Mieten und Pachten -USt frei- PK,172
0111110,4,12,05,,"Es handelt sich um Erträge aus Mieten und Mietnebenkosten von städtischen Wohnungen des allgemeinen Grundvermögens, die an Dritte vermietet werden.",172
0111110,4,13,05,6500,Sonstige privatrechtliche Leistungsentgelte zu 19 % USt.,172
0111110,4,14,05,,"Es handelt sich um Erträge aus der Vergütung für Stromeinspeisungen für PV-Anlagen, für das Blockheizkraftwerk und die Wasserturbine an Reinings Mühle.",172
0111110,5,15,06,7370,Kostenerstattungen und Kostenumlagen,172
0111110,5,16,06,2920,"Erträge aus Kostenerstattungen, Kostenumlagen von privaten Unternehmen - USt-frei",172
0111110,5,17,06,,Bei den Erträgen handelt es sich u. a. um die Kostenerstattungen der Inventarversicherungen und Erstattung der Betriebskosten für die Gymnastikhalle des SC Hörstel. Diese Aufwendungen wurden bis 2025 unter Erträge aus Kostenerstattungen und Kostenumlagen von übrigen Bereichen - USt.-frei aufgeführt. Außerdem werden hier Ersatzleistungen für Schadensfälle und Versicherungsleistungen für die BgA Sportstätten und Sportfreianlagen veranschlagt.,172
0111110,5,18,06,2200,"Erträge aus Kostenerstattungen, Kostenumlagen von privaten Unternehmen - zu 19 % USt.",172
0111110,5,19,06,,"Hier werden Erträge aus Kostenerstattungen für den Bereich der Sporthallen und Sportfreianlagen veranschlagt, insbesondere für die Tennisanlagen in Riesenbeck und Bevergern und für die Schießsportanlage Riesenbeck. Diese Aufwendungen wurden bis 2025 unter Erträge aus Kostenerstattungen und Kostenumlagen von übrigen Bereichen zu 19 % USt. aufgeführt.",172
0111110,5,20,06,250,"Erträge aus Kostenerstattungen, Kostenumlagen von privaten Unternehmen - zu 7 % USt.",173
0111110,5,21,06,,Es handelt sich um Erstattungen von Betriebskosten für die Schießsportanlage Riesenbeck und durch den Bürgerschützenverein Dreierwalde. Diese Aufwendungen wurden bis 2025 unter Erträge aus Kostenerstattungen und Kostenumlagen von übrigen Bereichen - zu 7% USt. aufgeführt.,173
0111110,6,22,11,496924,Personalaufwendungen,173
0111110,6,23,11,,Zu den Personalaufwendungen wird auf die Erläuterungen im Vorbericht verwiesen.,173
0111110,7,24,13,3856172,Aufwendungen für Sach- und Dienstleistungen,173
0111110,7,25,13,1277001,Unterhaltung der Grundstücke und bauliche Anlagen,173
0111110,7,26,13,,"Es handelt sich um die Aufwendungen für die bauliche Unterhaltung aller städtischen Gebäude (Dienstgebäude der Verwaltung, Schulen, Feuerwehr, Hallenbad, Bauhof, Sporthallen und Sportplätze u. a.). Neben der normalen laufenden Unterhaltung wurden in 2026 zusätzlich Beträge für folgende größere Maßnahmen veranschlagt: Einbau einer Wärmepumpe in das Gebäude Reinings 75.000 € Mühle, Dreierwalde, als Ersatz für die Gasheizung Einbau einer Wärmepumpe in die Kindertagesstätte, ehem. Bruchsteinschule Bevergern, als Ersatz für die 75.000 € bisherige Gasheizung Feuerwehrgerätehaus Hörstel, Erneuerung der Torsteu-10.500 € erung Heimathaus Bevergern, Instandsetzung der Stuckdecke 22.500 € und Umstellung Beleuchtung auf LED Grüne Halle, Riesenbeck, Umstellung der Beleuchtung 20.000 € auf LED Sanierung der Besuchertoiletten Sportfreianlage Bever-50.000 € gern Erneuerung Windfedern, Alte Mädchenschule Riesen-11.500 € beck Erneuerung Gebäudeleittechnik Feuerwehrgerätehaus 35.500 € Bevergern, Dreierwalde, Grundschule Dreierwalde",173
0111110,7,27,13,17000,Instandhaltung des Infrastrukturvermögens,173
0111110,7,28,13,,"Hier werden die Aufwendungen für die bauliche Unterhaltung des Infrastrukturvermögens, z. B. Gefallenengedenkstätten, städt. Bildstöcke und den Informationspavillon ""Red Box"" am Nassen Dreieck veranschlagt.",173
0111110,7,29,13,498890,Stromkosten – Bewirtschaftung der Grundstücke und baulichen Anlagen,173
0111110,7,30,13,,Hier werden die Kosten für Strom für alle städtischen Gebäude veranschlagt.,173
0111110,7,31,13,251049,Wasser- und Abwasserkosten – Bewirtschaftung der Grundstücke und bauliche Anlagen,173
0111110,7,32,13,,Hier werden die Kosten für Wasser und Abwasser für alle städtischen Gebäude veranschlagt.,173
0111110,7,33,13,692067,Heizkosten – Bewirtschaftung der Grundstücke und bauliche Anlagen,174
0111110,7,34,13,,Hier werden die Kosten für die Beheizung für alle städtischen Gebäude veranschlagt.,174
0111110,7,35,13,762615,Reinigungskosten – Bewirtschaftung der Grundstücke und bauliche Anlagen,174
0111110,7,36,13,,Hier werden hier die Reinigungskosten für alle städtischen Gebäude veranschlagt.,174
0111110,7,37,13,241500,Sonstige Betriebskosten – Bewirtschaftung der Grundstücke und bauliche Anlagen,174
0111110,7,38,13,,"Unter dieser Position werden z. B. die Kosten für die Abfallbeseitigung, die Straßenreinigung etc. veranschlagt.",174
0111110,7,39,13,5050,Stromkosten - Unterhaltung und Bewirtschaftung des Infrastrukturvermögens,174
0111110,7,40,13,,Es handelt sich um die Stromkosten der öffentlichen Grünanlagen.,174
0111110,7,41,13,111000,Aufwendungen für sonstige Dienstleistungen,174
0111110,7,42,13,,Es handelt sich um die Kosten für die Erstellung des Energieberichtes und die Kosten für Sanierungskonzepte für städt. Gebäude.,174
0111110,8,43,14,37000,Bilanzielle Abschreibungen,174
0111110,8,44,14,,Es wird auf die Erläuterungen im Vorbericht verwiesen.,174
0111110,9,45,16,635400,Sonstige ordentliche Aufwendungen,174
0111110,9,46,16,430000,Mieten und Pachten,174
0111110,9,47,16,,"Es handelt sich um Kosten für angemietete Objekte (Pavillons), insbesondere St.-Bonifatius-Grundschule sowie am Tiefen Weg 5 und Postdamm 95 zur Unterbringung von Flüchtlingen. Außerdem werden hier ab 2026 die Kosten für das Dienstgebäude Münsterstr. (bisher Produkt 01.111.02 Zentrale Verwaltungsdienste) und die Kosten für angemietete Wohnungen für den Fachbereich Soziales (bisher Produkt 05.375.01 Soziale Einrichtungen für Flüchtlinge) veranschlagt.",174
0111110,9,48,16,28500,Geschäftsaufwendungen,174
0111110,9,49,16,,"Hierunter fallen die Geschäftsaufwendungen zur Unterhaltung von Einrichtungsgegenständen, der Anschaffung von Geringwertigen Wirtschaftsgütern sowie die Kosten für Telefon und Internet.",174
0111110,9,50,16,55770,Sonstige Steuern,174
0111110,9,51,16,,Es handelt sich um die Grundsteuern für städtische Gebäude.,174
0111110,9,52,16,120380,Versicherungen,174
0111110,9,53,16,,Hierunter fallen die Kosten für die Gebäudeversicherungen.,174
0111110,10,54,27,4490765,Erträge aus internen Leistungsbeziehungen,174
0111110,10,55,27,,"Da die in diesem Produkt veranschlagten Aufwendungen größtenteils anteilig auf die jeweiligen Produkte verteilt werden, denen sie zuzuordnen sind, ergeben sich hier entsprechende Erträge.",174
0111110,11,56,28,329849,Aufwendungen aus internen Leistungsbeziehungen,174
0111110,11,57,28,,"Da die in diesem Produkt veranschlagten Erträge anteilig auf die jeweiligen Produkte verteilt werden, denen sie zuzuordnen sind, ergeben sich hier entsprechende Aufwendungen. Außerdem handelt es sich um die Verrechnung von Sachkosten aus dem Produkt ""Zentrale Verwaltungsdienste"".",175
0111112,1,1,,,"Aufgrund der geplanten Umstellung auf eine neue Finanzbuchhaltungssoftware muss die Zuordnung zu den Sachkonten geändert werden, so dass sich tlw. Verschiebungen zwischen den Sachkonten ergeben. Bei größeren Veränderungen erfolgt ggf. eine entsprechende Erläuterung. Zu den einzelnen Ergebniszeilen ist folgendes festzustellen:",182
0111112,2,2,02,241000,Zuwendungen und allgemeine Umlagen,182
0111112,2,3,02,,Das Anlagevermögen im Produkt „Baubetriebshof“ ist teilweise mit Zuwendungen Dritter finanziert worden. Hierbei handelt es sich um die anteilig zugeordnete „Allgemeine Investitionspauschale“.,182
0111112,3,4,05,3340,Privatrechtliche Leistungsentgelte,182
0111112,3,5,05,,"Ein Teil des Bauhofgeländes wird zum Betrieb eines Funkmastes in Anspruch genommen. Außerdem ist die Dachfläche des Bauhofgebäudes teilweise zum Betrieb einer Photovoltaikanlage verpachtet. Auch werden hier die Entgelte von Dritten für die Inanspruchnahme des Baubetriebshofes (z.B. Unfallverursacher, Trödelmarktveranstalter) veranschlagt.",182
0111112,4,6,07,12982,Sonstige ordentliche Erträge,182
0111112,4,7,07,,Es handelt sich um Erträge aus der Auflösung und Herabsetzung von Rückstellungen für Altersteilzeit und um vermischte Erträge.,182
0111112,5,8,11,1539169,Personalaufwendungen,182
0111112,5,9,11,,Zu den Personalaufwendungen wird auf die Erläuterungen im Vorbericht verwiesen.,182
0111112,6,10,13,241000,Aufwendungen für Sach- und Dienstleistungen,182
0111112,6,11,13,220000,Haltung von Fahrzeugen,182
0111112,6,12,13,,"Hierbei handelt es sich überwiegend um die Reparatur-, Inspektions- und Treibstoffkosten. Die Haftpflicht- und Kaskoversicherungen für die Fahrzeuge werden ab 2026 unter dem Sachkonto Versicherungen aufgeführt.",182
0111112,6,13,13,21000,Unterhaltung des beweglichen Vermögens,182
0111112,6,14,13,,Für Unterhaltung des beweglichen Vermögens fallen Kosten in Höhe von 21.000 € an (bis 2025 unter dem Punkt Geschäftsaufwand erfasst).,182
0111112,7,15,14,266000,Bilanzielle Abschreibungen,182
0111112,7,16,14,,Es wird auf die Erläuterungen im Vorbericht verwiesen.,182
0111112,8,17,16,16000,Sonstige ordentliche Aufwendungen,182
0111112,8,18,16,9300,Besondere Aufwendungen für Beschäftigte,182
0111112,8,19,16,,Ab 2026 werden hier die Kosten für Arbeitskleidung erfasst. Diese waren bis 2025 unter dem Punkt Geschäftsaufwendungen erfasst.,182
0111112,8,20,16,6200,Geschäftsaufwendungen,183
0111112,8,21,16,,"Hierbei handelt es sich um Geschäftsaufwendungen für die Beschaffung von Geringwertigen Wirtschaftsgütern, Kleinmaterial und allgemeine sächliche Ausgaben.",183
0111112,8,22,16,20000,Versicherungen,183
0111112,8,23,16,,Ab 2026 werden hier die Haftpflicht- und Kaskoversicherungen für die Fahrzeuge des Bauhofes erfasst.,183
0111112,9,24,27,2133500,Erträge aus internen Leistungsbeziehungen,183
0111112,9,25,27,,"Wie bereits oben dargestellt, wird der Baubetriebshof als kostenrechnende Einrichtung geführt. Die die Leistungen des Bauhofes in Anspruch nehmenden anderen Produkte haben hierfür entsprechende Entgelte zu zahlen. Diese „Entgeltzahlung“ erfolgt in Form einer internen Leistungsverrechnung. Außerdem werden hier Erlöse aus Inneren Verrechnungen des Gebäudemanagement veranschlagt.",183
0111112,10,26,28,274532,Aufwendungen aus internen Leistungsbeziehungen,183
0111112,10,27,28,,"Es handelt sich um Verrechnung von Sachkosten aus dem Produkt „01.111.02 - Zentrale Verwaltungsdienste“, TUI-Sachkostenaufschlag, Gemeinkostenaufschlag für Querschnittsfunktionen. Die Aufwendungen für Sach- und Dienstleistungen (Unterhaltung der Grundstücke und Bauliche Anlagen, Bewirtschaftung der Grundstücke und baulichen Anlagen) sowie sonstige ordentliche Aufwendungen (Steuern und Versicherungen) werden beim Produkt „01.111.10 -Zentrales Gebäudemanagement“ veranschlagt und über die Internen Leistungsverrechnungen diesem Produkt zugeordnet.",183
0212101,1,1,,,"Aufgrund der geplanten Umstellung auf eine neue Finanzbuchhaltungssoftware muss die Zuordnung zu den Sachkonten geändert werden, so dass sich tlw. Verschiebungen zwischen den Sachkonten ergeben. Bei größeren Veränderungen erfolgt ggf. eine entsprechende Erläuterung. Zu den einzelnen Ergebniszeilen ist folgendes festzustellen:",192
0212101,2,2,02,0,Zuwendungen und allgemeine Umlagen,192
0212101,2,3,02,,"Zu den Europa-, Bundestags- und Landtagswahlen wird vom Land bzw. über das Land eine Zuweisung gewährt. In 2025 fanden Bundestagswahlen und in 2027 finden Landtagswahlen statt. In 2025 hat der Kreis Steinfurt einen entsprechenden Zuschuss zu den Kommunalwahlen gezahlt. Da in 2026 keine Wahlen stattfinden, liegt der Ansatz bei 0 €.",192
0212101,3,4,11,14409,Personalaufwendungen,192
0212101,3,5,11,,Zu den Personalaufwendungen wird auf die Erläuterungen im Vorbericht verwiesen.,192
0212101,4,6,16,0,Sonstige ordentliche Aufwendungen,192
0212101,4,7,16,,"Hierzu gehören sämtliche Aufwendungen, die im Zusammenhang mit der Vorbereitung und Durchführung von Wahlen anfallen (Vordrucke, Wahlzettel, Porto, Verpflegungszuschuss für die Wahlhelfer, Öffentliche Bekanntmachungen etc.). Da in 2026 keine Wahlen stattfinden, liegt der Ansatz bei 0 €.",192
0212101,5,8,28,909,Aufwendungen aus internen Leistungsbeziehungen,192
0212101,5,9,28,,Der Haushaltsansatz bezieht sich auf die Verrechnung von Sachkosten aus dem Produkt „01.111.02 - Zentrale Verwaltungsdienste“ und auf die Verrechnung von Leistungen des Baubetriebshofes.,192
0212201,1,1,,,"Aufgrund der geplanten Umstellung auf eine neue Finanzbuchhaltungssoftware muss die Zuordnung zu den Sachkonten geändert werden, so dass sich tlw. Verschiebungen zwischen den Sachkonten ergeben. Bei größeren Veränderungen erfolgt ggf. eine entsprechende Erläuterung. Zu den einzelnen Ergebniszeilen ist folgendes festzustellen:",197
0212201,2,2,02,6800,Zuwendungen und allgemeine Umlagen,197
0212201,2,3,02,,Das Anlagevermögen im Produkt „Allgemeine Ordnungsverwaltung“ ist teilweise mit Zuwendungen Dritter finanziert worden.,197
0212201,3,4,04,195150,Öffentlich-rechtliche Leistungsentgelte,197
0212201,3,5,04,,"Als Gegenleistung für die Erstellung von Ausweisen und sonstigen Dokumenten, Bescheinigungen, Erlaubnisse usw. erhebt die Stadt Hörstel Verwaltungsgebühren. Ab 2026 werden hierunter auch Kosten im Zusammenhang mit der Unterbringung von Obdachlosen (i. d. R. Miete oder Nutzungsentschädigungen) erfasst, die von diesen zu erstatten sind. Bis 2025 waren diese unter Kostenerstattungen und Kostenumlagen aufgeführt.",197
0212201,4,6,06,0,Kostenerstattungen und Kostenumlagen,197
0212201,4,7,06,,Im Zusammenhang mit der Unterbringung von Obdachlosen haben diese die Kosten der Unterbringung (in der Regel Miete oder Nutzungsentschädigungen) zu erstatten. Ab 2026 werden diese Kosten unter den Öffentlich-rechtlichen Leistungsentgelten erfasst.,197
0212201,5,8,07,26500,Sonstige ordentliche Erträge,197
0212201,5,9,07,,Es handelt sich um Bußgelder bei festgestellten Ordnungswidrigkeiten in den verschiedenen Bereichen des Ordnungsrechts und um andere sonstige ordentliche Erträge. Dies sind insbesondere die Erträge aus dem Anfertigen von Passbildern. Hierfür entstehen dann wieder entsprechende Kosten.,197
0212201,6,10,11,532187,Personalaufwendungen,197
0212201,6,11,11,,Zu den Personalaufwendungen wird auf die Erläuterungen im Vorbericht verwiesen.,197
0212201,7,12,13,201150,Aufwendungen für Sach- und Dienstleistungen,197
0212201,7,13,13,5400,Unterhaltung des beweglichen Vermögens,197
0212201,7,14,13,,Aufwendungen für die laufende Unterhaltung der Notstromversorgung der Feuerwehrgerätehäuser und des Dienstgebäudes Kalixtusstr. 6.,197
0212201,7,15,13,125000,Aufwendungen für sonstige Sachleistungen,197
0212201,7,16,13,,"Es handelt sich um die Abführung der Gebührenanteile für Personalausweise, Reisepässe usw. und um die Unterhaltung der ""Dog Stations"". Bisher wurden diese Kosten unter Geschäftsaufwand dargestellt.",197
0212201,7,17,13,70750,Aufwendungen für sonstige Dienstleistungen,198
0212201,7,18,13,,Hierunter fallen :,198
0212201,7,19,13,,"Aufwendungen für die Bekämpfung des Eichenprozessionsspinners (bis 2025 unter Übrige weitere sonstige Aufwendungen aus laufender Verwaltungstätigkeit),",198
0212201,7,20,13,,"Aufwendungen für den Kampfmittelräumdienst (bis 2025 unter Übrige weitere sonstige Aufwendungen aus laufender Verwaltungstätigkeit),",198
0212201,7,21,13,,Aufwendungen für die Unterbringung von Fundtieren (bis 2025 unter Geschäftsaufwendungen),198
0212201,7,22,13,,Aufwendungen für einen Sicherheitsdienst für Kontrollfahrten (bis 2025 unter Übrige weitere Aufwendungen aus laufender Verwaltungstätigkeit),198
0212201,7,23,13,,Aufwendungen für das Erstellen von Passbildern mithilfe von Kameras von der KAAW (Kommunale ADV-Anwendergemeinschaft West),198
0212201,8,24,14,12025,Bilanzielle Abschreibungen,198
0212201,8,25,14,,Es wird auf die Erläuterungen im Vorbericht verwiesen.,198
0212201,9,26,16,11825,Sonstige ordentliche Aufwendungen,198
0212201,9,27,16,6625,Geschäftsaufwendungen,198
0212201,9,28,16,,"Zu den Geschäftsaufwendungen gehören insbesondere die Sächlichen Verwaltungskosten des Schiedsamtes, Kosten für Geringwertige Wirtschaftsgüter und vermischte Aufwendungen. Die Abführung der Gebührenanteile werden ab 2026 unter Aufwendungen für sonstige Sachleistungen veranschlagt.",198
0212201,9,29,16,5000,Übrige weitere sonstige Aufwendungen aus laufender Verwaltungstätigkeit,198
0212201,9,30,16,,Hier werden ab 2026 die Aufwendungen für die Unterbringung von Obdachlosen erfasst. Die Kosten für die Bekämpfung des Eichenprozessionsspinners und für den Kampfmittelräumdienst werden ab 2026 unter Aufwendungen für Sach- und Dienstleistungen aufgeführt.,198
0212201,10,31,28,67189,Aufwendungen aus internen Leistungsbeziehungen,198
0212201,10,32,28,,Der Haushaltsansatz erfasst zum einen die Verrechnung der Leistungen des Baubetriebshofes und zum anderen die Verrechnung von Sachkosten aus dem Produkt „01.111.02 - Zentrale Verwaltungsdienste“.,198
0212202,1,1,,,"Aufgrund der geplanten Umstellung auf eine neue Finanzbuchhaltungssoftware muss die Zuordnung zu den Sachkonten geändert werden, so dass sich tlw. Verschiebungen zwischen den Sachkonten ergeben. Bei größeren Veränderungen erfolgt ggf. eine entsprechende Erläuterung. Zu den einzelnen Ergebniszeilen ist folgendes festzustellen:",203
0212202,2,2,04,30500,Öffentlich-rechtliche Leistungsentgelte,203
0212202,2,3,04,,Erfasst werden hier die Standesamtsgebühren.,203
0212202,3,4,05,1800,Privatrechtliche Leistungsentgelte,203
0212202,3,5,05,,Es handelt sich um Verkaufserlöse aus dem Verkauf von Familienstammbüchern.,203
0212202,4,6,11,87337,Personalaufwendungen,203
0212202,4,7,11,,Zu den Personalaufwendungen wird auf die Erläuterungen im Vorbericht verwiesen.,203
0212202,4,8,11,1800,Aufwendungen für sonstige Sachleistungen,203
0212202,4,9,11,,"Es handelt sich um die Kosten für die Anschaffung von Familienstammbüchern, die bisher unter den Sonstigen ordentlichen Aufwendungen dargestellt wurden.",203
0212202,5,10,16,7900,Sonstige ordentliche Aufwendungen,203
0212202,5,11,16,,"Es handelt sich um die Aufwandsentschädigung für die Standesbeamten, Geschäftsaufwendungen für die Anschaffung von Familienstammbüchern (bis 2025) und die Abführung anteiliger Standesamtsgebühren bei Trauungen außerhalb.",203
0212202,6,12,28,5729,Aufwendungen aus internen Leistungsbeziehungen,203
0212202,6,13,28,,Der Haushaltsansatz bezieht sich auf die Verrechnung von Sachkosten aus dem Produkt „01.111.02 - Zentrale Verwaltungsdienste“.,203
0212601,1,1,,,"Aufgrund der geplanten Umstellung auf eine neue Finanzbuchhaltungssoftware muss die Zuordnung zu den Sachkonten geändert werden, so dass sich tlw. Verschiebungen zwischen den Sachkonten ergeben. Bei größeren Veränderungen erfolgt ggf. eine entsprechende Erläuterung. Zu den einzelnen Ergebniszeilen ist folgendes festzustellen:",210
0212601,2,2,02,294000,Zuwendungen und allgemeine Umlagen,210
0212601,2,3,02,,"Mitglieder der Freiwilligen Feuerwehr nehmen an Lehrgängen der Landesfeuerwehrschule teil. Das Land erstattet hierfür die entstandenen Kosten für Verdienstausfall, Fahrten und Tagegelder. Das Anlagevermögen im Produkt „Brandschutz“ ist teilweise mit Zuwendungen Dritter finanziert worden.",210
0212601,3,4,04,12501,Öffentlich-rechtliche Leistungsentgelte,210
0212601,3,5,04,,Es handelt sich um Gebühren für die Durchführung der Brandschau und bei kostenpflichtigen Einsätzen der Feuerwehr.,210
0212601,4,6,05,4380,Privatrechtliche Leistungsentgelte,210
0212601,4,7,05,,Es handelt sich um die Mieteinnahmen für die Unterstellung von Bundes- und Kreisfahrzeugen und um sonstige Einnahmen.,210
0212601,5,8,11,147022,Personalaufwendungen,210
0212601,5,9,11,,Zu den Personalaufwendungen wird auf die Erläuterungen im Vorbericht verwiesen.,210
0212601,6,10,13,106551,Aufwendungen für Sach- und Dienstleistungen,210
0212601,6,11,13,5750,Instandhaltung des Infrastrukturvermögens,210
0212601,6,12,13,,Hierbei handelt es sich um die Kosten für die Unterhaltung und Wartung der Warnsysteme für die Bevölkerung und die Kosten für die Unterhaltung der Löschwasserversorgung.,210
0212601,6,13,13,51800,Haltung von Fahrzeugen,210
0212601,6,14,13,45000,Unterhaltung des beweglichen Vermögens,210
0212601,6,15,13,,Hierbei handelt es sich um die Kosten für die Unterhaltung der Geräte und Ausrüstungsgegenstände. Die jährlich anfallenden Kosten können je nach Beschädigungen bei den Einsätzen schwanken.,210
0212601,6,16,13,4001,Aufwendungen für sonstige Sachleistungen,210
0212601,6,17,13,,"Hierbei handelt es sich um die Kosten für Waren und Güter, die zum Verzehr und Verbrauch bestimmt sind, in diesem Fall u. a.um die Beschaffung und Entsorgung von Ölbindemitteln. Bisher waren diese Kosten unter Geschäftsaufwand veranschlagt.",210
0212601,7,18,14,379000,Bilanzielle Abschreibungen,210
0212601,7,19,14,,Es wird auf die Erläuterungen im Vorbericht verwiesen.,210
0212601,8,20,15,7660,Transferaufwendungen,211
0212601,8,21,15,,Die Stadt Hörstel gewährt der Freiwilligen Feuerwehr seit Jahren einen Zuschuss von 15 € je Mitglied der Wehr. Außerdem wird den Jugendfeuerwehren ein Zuschuss von je 800 € gezahlt. Darüber hinaus ist hier vor dem Hintergrund des Einsatzes des DRK im Brandschutz und Katastrophenfall der Zuschuss an die vier DRK-Ortsvereine von je 255 € = 1.020 € erfasst.,211
0212601,9,22,16,147921,Sonstige ordentliche Aufwendungen,211
0212601,9,23,16,102761,Aufwendungen für ehrenamtliche und sonstige Tätigkeiten,211
0212601,9,24,16,,Hier handelt es sich um Kosten für:,211
0212601,9,25,16,,Aufwandsentschädigungen für den Wehr- und die Löschzugführer und deren Vertreter sowie der Geräte- und Atemschutzwarte,211
0212601,9,26,16,,Teilnahme an Lehrgängen der Landesfeuerwehrschule (bisher Geschäftsauswand),211
0212601,9,27,16,,Abführung der Personalkosten an die Feuerwehr bei kostenpflichtigen Einsätzen (bisher Geschäftsauswand),211
0212601,9,28,16,,Sterbegelder (bisher Geschäftsauswand),211
0212601,9,29,16,,Kosten für die Erstattung Kosten Arbeitsausfall an Arbeitgeber bei Einsätzen,211
0212601,9,30,16,13640,Geschäftsaufwendungen,211
0212601,9,31,16,,Hierzu gehören die Aufwendungen für:,211
0212601,9,32,16,,Alarmierung der Feuerwehr,211
0212601,9,33,16,,"Kosten für Verbrauchsmaterial wie Literatur, Toner, Kosten Rundfunkbeitrag, Kosten für Internet und Telefon, Software",211
0212601,9,34,16,,Beiträge an Verbände der Freiwilligen Feuerwehr,211
0212601,9,35,16,,"Allgemeine Geschäftsbedürfnisse, Reisekosten",211
0212601,9,36,16,21000,Versicherungen,211
0212601,9,37,16,,Hierzu gehören die Beiträge zur Unfall- und Haftpflichtversicherung für die Mitglieder der Feuerwehr.,211
0212601,9,38,16,5820,Übrige weitere Aufwendungen aus laufender Verwaltungstätigkeit,211
0212601,9,39,16,,Hierzu gehören die Kosten für Geschenke und Kosten für die Verpflegung bei Einsätzen.,211
0212601,10,40,28,150213,Aufwendungen aus internen Leistungsbeziehungen,211
0212601,10,41,28,,"Der Haushaltsansatz erfasst zum einen die Verrechnung der Leistungen des Baubetriebshofes und zum anderen die Verrechnung von Sachkosten aus dem Produkt „01.111.02 - Zentrale Verwaltungsdienste“. Die Aufwendungen für Sach- und Dienstleistungen (Unterhaltung der Grundstücke und Bauliche Anlagen, Bewirtschaftung der Grundstücke und baulichen Anlagen) sowie sonstige ordentliche Aufwendungen (Steuern und Versicherungen Feuerwehrgerätehäuser) werden beim Produkt „01.111.10 - Zentrales Gebäudemanagement“ veranschlagt und über die Internen Leistungsverrechnungen diesem Produkt zugeordnet.",211
0321101,1,1,,,"Aufgrund der geplanten Umstellung auf eine neue Finanzbuchhaltungssoftware muss die Zuordnung zu den Sachkonten geändert werden, so dass sich tlw. Verschiebungen zwischen den Sachkonten ergeben. Bei größeren Veränderungen erfolgt ggf. eine entsprechende Erläuterung. Zu den einzelnen Ergebniszeilen ist folgendes festzustellen:",224
0321101,2,2,02,551521,Zuwendungen und allgemeine Umlagen,224
0321101,2,3,02,7800,Zuweisungen und Zuschüsse für laufende Zwecke vom Land,224
0321101,2,4,02,,"Es handelt sich um Zuwendungen für die Kosten des Administrators aus dem Digitalpakt und die Zuweisung aus dem Programm ""Kultur und Schule"". Die Zuweisungen für die ""Verlässlichen Schulzeiten"" und die Offene Ganztagsschule werden ab 2025 im neuen Produkt ""03.232.01 - Schulische Ganztagsbetreuung"" veranschlagt.",224
0321101,2,5,02,13500,Zuweisungen und Zuschüsse für laufende Zwecke von den Gemeinden (GV),224
0321101,2,6,02,,Der Bund stellt dem Kreis Steinfurt Mittel zur Finanzierung der Schulsozialarbeit im Rahmen des Bildungs- und Teilhabepaketes (BuT) zur Verfügung. Der Kreis Steinfurt teilt diese Mittel den Städten und Gemeinden zur Einrichtung von Stellen bzw. Stellenanteilen zu. Die Stadt Hörstel wiederum hat zur Durchführung dieser Aufgabe mit der Evangelischen Jugendhilfe eine entsprechende Vereinbarung geschlossen.,224
0321101,2,7,02,264000,Erträge aus der Auflösung von Sonderposten aus Zuwendungen,224
0321101,2,8,02,,"Das Anlagevermögen ist teilweise mit Zuwendungen Dritter, insbesondere mit Zuwendungen des Landes, finanziert worden. Außerdem handelt es sich um die Erträge aus der Auflösung der Schulpauschale. Die Erträge aus der Auflösung der Schulpauschale stehen ab 2026 unter einem gesonderten Punkt.",224
0321101,2,9,02,266221,Erträge aus der Auflösung von Sonderposten aus Zuwendungen - Schulpauschale,224
0321101,2,10,02,,Ab 2026 werden hier die Erträge aus der Auflösung der Schulpauschale gesondert dargestellt.,224
0321101,3,11,05,100,Privatrechtliche Leistungsentgelte,224
0321101,3,12,05,,Es handelt sich um Versicherungsleistungen bzw. um Ersatzleistungen der Verursacher bei Schadensfällen. Diese stehen ab 2026 unter den Kostenerstattungen und Kostenumlagen. Die Erträge aus der Vermietung digitale Alarmierung Kreis belaufen sich auf 100 €.,224
0321101,4,13,06,1000,Kostenerstattungen und Kostenumlagen,224
0321101,4,14,06,,Ab 2026 werden die Versicherungsleistungen bzw. die Ersatzleistungen der Verursacher bei Schadensfällen hier dargestellt.,224
0321101,5,15,07,4878,Sonstige ordentliche Erträge,224
0321101,5,16,07,,Es handelt sich hauptsächlich um Erträge aus der Auflösung von Rückstellungen für die Altersteilzeit.,224
0321101,6,17,11,284112,Personalaufwendungen,224
0321101,6,18,11,,Zu den Personalaufwendungen wird auf die Erläuterungen im Vorbericht verwiesen.,224
0321101,7,19,13,109000,Aufwendungen für Sach- und Dienstleistungen,224
0321101,7,20,13,1500,Unterhaltung des beweglichen Vermögens,225
0321101,7,21,13,,Für die Unterhaltung des beweglichen Vermögens fallen Kosten in Höhe von rd. 1.500 € an.,225
0321101,7,22,13,35500,Lernmittel nach dem Lernmittelfreiheitsgesetz,225
0321101,7,23,13,,"Der Schulträger hat entsprechend den Bestimmungen des Schulgesetzes gesetzlich festgelegte Aufwendungen im Rahmen der Lernmittelfreiheit zu erbringen. Diese belaufen sich für den Bereich der Grundschulen auf bis zu 48 € je Schüler. Hiervon abzusetzen ist der Elternanteil von einem Drittel sowie der evtl. gewährte Rabatt. Darüber hinaus übernimmt die Stadt Hörstel für die Kinder, die an dem Unterricht in Deutsch als Zweitsprache teilnehmen, einen zusätzlichen Betrag von bis zu 57 € pro Kind.",225
0321101,7,24,13,23600,Aufwendungen für sonstige Sachleistungen,225
0321101,7,25,13,,"Ab 2026 handelt es sich hierbei um den Teil der budgetierten Mittel der Grundschulen, der für Lehr- und Lernmittel zur Verfügung steht. Außerdem werden hier die sächlichen Kosten für den ""Gemeinsamen Unterricht"" berücksichtigt.",225
0321101,7,26,13,48400,Aufwendungen für sonstige Dienstleistungen,225
0321101,7,27,13,,"Es handelt sich um Kosten, die von Dritter Seite erbracht werden, insbesondere ab 2026 die Kosten für die Sport- und Schwimmfahren sowie sonstige schulische Fahrten (41.066 €). Diese Kosten wurden bisher im Produkt 03.241.01 ""Schülerbeförderung"" dargestellt. Außerdem werden hier die Kosten für das Lernen mit neuen Medien und für das Programm ""Kultur und Schule"" berücksichtigt.",225
0321101,8,28,14,442000,Bilanzielle Abschreibungen,225
0321101,8,29,14,,Es wird auf die Erläuterungen im Vorbericht verwiesen.,225
0321101,9,30,15,26500,Transferaufwendungen,225
0321101,9,31,15,,Lt. Ratsbeschluss vom 18.12.2019 werden Zuschüsse an die Fördervereine der Grundschulen für die Kosten der Wasserspender gezahlt. Für die Ausgaben der Schulsozialarbeit nach dem Bildungs- und Teilhabepaket wurden 21.500 € veranschlagt.,225
0321101,10,32,16,156100,Sonstige ordentliche Aufwendungen,225
0321101,10,33,16,12900,Mieten und Pachten,225
0321101,10,34,16,,"Es handelt sich hierbei um den Teil der budgetierten Mittel der Grundschulen, der für die Miete für Kopierer berücksichtigt wird. Dieser war bis 2025 unter Geschäftsaufwendungen aufgeführt.",225
0321101,10,35,16,43900,Geschäftsaufwendungen,225
0321101,10,36,16,,"Bis 2025 wurden hier hauptsächlich die budgetierten Mittel der Grundschulen für Lehr- und Lernmittel, die Unterhaltung von Einrichtungsgegenständen bzw. die nicht investive Beschaffung von geringwertigen Wirtschaftsgütern sowie Mitgliedsbeiträge veranschlagt. Ab 2026 werden die budgetierten Mittel der Grundschulen auf insgesamt vier Positionen aufgeteilt. An dieser Stelle verbleiben die budgetierten Mittel für allgemeinen Geschäftsaufwand, z.B. für Lizenzen, Bürobedarf, Schreib und Zeichenmaterial, Kosten für Porto, Telefon, Internet, Rundfunkbeiträge sowie Kosten für die Beschaffung von geringwertigen Wirtschaftsgütern. Die anderen Mittel sind unter den Positionen Aufwendungen für sonstige Sachleistungen, Mieten und Pachten und Geschäftsaufwendungen - Mitgliedsbeiträge aufgeführt.",225
0321101,10,37,16,2300,Geschäftsaufwendungen - Mitgliedsbeiträge,225
0321101,10,38,16,,"Ab 2026 wird hier der Teil der budgetierten Mittel der Grundschulen dargestellt, der die Mitgliedsbeiträge, z. B. für den DJH Hauptverband e.V., abdecken soll.",225
0321101,10,39,16,67000,Versicherungen,226
0321101,10,40,16,,Es handelt sich hauptsächlich um die Kosten für Versicherungen für die Schülerunfall- und Haftpflichtversicherung.,226
0321101,10,41,16,30000,Übrige weitere sonstige Aufwendungen aus laufender Verwaltungstätigkeit,226
0321101,10,42,16,,Es handelt sich hauptsächlich um die Kosten für die Nutzung des Hallenbades und der Sporthallen sowie um vermischte und übrige weitere sonstige Aufwendungen aus laufender Verwaltungstätigkeit. Diese Kosten waren bis 2025 unter Geschäftsaufwendungen dargestellt.,226
0321101,11,43,27,3118,Erträge aus internen Leistungsbeziehungen,226
0321101,11,44,27,,"Die Mieterträge, die jetzt im Produkt Zentrales Gebäudemanagement veranschlagt sind, werden über die Interne Leistungsverrechnung diesem Produkt zugeordnet.",226
0321101,12,45,28,686976,Aufwendungen aus internen Leistungsbeziehungen,226
0321101,12,46,28,,Die Aufwendungen aus internen Leistungsbeziehungen umfassen:,226
0321101,12,47,28,,Verrechnung der Leistungen des Baubetriebshofes,226
0321101,12,48,28,,Verrechnung der Kosten für die Sporthallennutzung durch die Grundschulen,226
0321101,12,49,28,,Verrechnung der Kosten für die Nutzung des Hallenbads durch die Grundschulen,226
0321101,12,50,28,,"Verrechnung von Sachkosten aus dem Produkt ""01.111.02 - Zentrale Verwaltungsdienste“",226
0321101,12,51,28,,"Verrechnung der Sach- und Dienstleistungen Produkt ""01.111.10- Zentrales Gebäudemanagement"" Die anteiligen Beträge für die Verrechnung der Kosten für die Sporthallen- bzw. Hallenbadnutzung durch die Grundschulen wurden anhand der Nutzungszeiten ermittelt und betreffen die über die zu versteuernden Aufwendungen hinausgehenden Anteile.",226
0321801,1,1,,,"Aufgrund der geplanten Umstellung auf eine neue Finanzbuchhaltungssoftware muss die Zuordnung zu den Sachkonten geändert werden, so dass sich tlw. Verschiebungen zwischen den Sachkonten ergeben. Bei größeren Veränderungen erfolgt ggf. eine entsprechende Erläuterung. Zu den einzelnen Ergebniszeilen ist folgendes festzustellen:",233
0321801,2,2,02,856279,Zuwendungen und allgemeine Umlagen,233
0321801,2,3,02,,"Es handelt sich um Landeszuweisungen für die Schulsozialarbeit und für die Kosten des Administrators aus dem Digitalpakt. Das Anlagevermögen der Harkenberg Gesamtschule ist teilweise mit Zuwendungen Dritter, insbesondere mit Zuwendungen des Landes, finanziert worden. Außerdem werden hier die Erträge aus der Auflösung der Schulpauschale dargestellt.",233
0321801,3,4,05,19100,Privatrechtliche Leistungsentgelte,233
0321801,3,5,05,,Es handelt sich um die Erträge aus dem Verkauf der Logbücher der Schule und dem Verkauf aus dem Kiosk der Schülerfirma. Diese waren bis 2025 in den anderen sonstigen Erträgen veranschlagt. Die Aufwendungen sind in den Aufwendungen für Sonstige Sachleistungen enthalten.,233
0321801,3,6,05,1500,Kostenerstattungen und Umlagen,233
0321801,3,7,05,,Es handelt sich um Versicherungsleistungen bzw. um Ersatzleistungen der Verursacher bei Schadensfällen.,233
0321801,4,8,07,390,Sonstige ordentliche Erträge,233
0321801,4,9,07,,"Es handelt sich um vermischte Erträge. Bis 2025 wurden hier auch die Erträge der Schülerfirma, die einen Kiosk betreibt, veranschlagt (Siehe Privatrechtliche Leistungsentgelte).",233
0321801,5,10,11,393235,Personalaufwendungen,233
0321801,5,11,11,,Zu den Personalaufwendungen wird auf die Erläuterungen im Vorbericht verwiesen.,233
0321801,6,12,13,172400,Aufwendungen für Sach- und Dienstleistungen,233
0321801,6,13,13,5000,Instandhaltung der Gebäude und baulichen Anlagen,233
0321801,6,14,13,,Hierbei handelt es sich um die Kosten für die laufende bauliche Unterhaltung der Außensportanlage Gesamtschule.,233
0321801,6,15,13,9000,Unterhaltung des beweglichen Vermögens,233
0321801,6,16,13,,"Erfasst werden hier die Kosten für die Unterhaltung des beweglichen Vermögens, u. a. Wartungskosten der Telefonanlage und die Kosten für die Überprüfung und Reparatur von Schultafeln.",233
0321801,6,17,13,59500,Lernmittel nach dem Lernmittelfreiheitsgesetz,233
0321801,6,18,13,,Der Schulträger hat entsprechend den Bestimmungen des Schulgesetzes gesetzlich festgelegte Aufwendungen im Rahmen der Lernmittelfreiheit zu erbringen. Diese belaufen sich für den Bereich der Gesamtschule auf bis zu 102 € je Beschulten für die Jahrgänge 5-11 und bis zu 93 € je Beschulten für die Jahrgänge 11-13. Hiervon abzusetzen ist der Elternanteil von einem Drittel sowie der evtl. gewährte Rabatt.,233
0321801,6,19,13,51100,Aufwendungen für sonstige Sachleistungen,233
0321801,6,20,13,,"Es handelt sich um die Aufwendungen für die Schülerfirma, die einen Kiosk betreibt und um die Kosten für das erstellte . Außerdem werden hier die Kosten des Schulbudgets, der für Lehr- und Lernmittel benötigt wird, berücksichtigt.",234
0321801,6,21,13,47800,Aufwendungen für sonstige Dienstleistungen,234
0321801,6,22,13,,"Es handelt sich um Kosten, die von Dritter Seite erbracht werden, insbesondere ab 2026 die Kosten für die Sport- und Schwimmfahren sowie sonstige schulische Fahrten (41.066 €). Diese Kosten wurden bisher im Produkt 03.241.01 ""Schülerbeförderung"" dargestellt. Außerdem werden hier die Kosten für das Lernen mit neuen Medien und für das Programm ""Kultur und Schule"" berücksichtigt. Zusätzlich beinhaltet der Ansatz ab 2026 noch einen Teil der budgetierten Mittel der Gesamtschule.",234
0321801,7,23,14,507100,Bilanzielle Abschreibungen,234
0321801,7,24,14,,Es wird auf die Erläuterungen im Vorbericht verwiesen.,234
0321801,8,25,16,168650,Sonstige ordentliche Aufwendungen,234
0321801,8,26,16,13000,Mieten und Pachten,234
0321801,8,27,16,,Hierunter fallen ab 2026 hauptsächlich alle Aufwendungen für die Anmietung von Kopiergeräten. Diese sind hier als Teil der budgetierten Mittel der Gesamtschule aufgeführt und waren bis 2025 unter dem Punkt Geschäftsaufwendungen erfasst.,234
0321801,8,28,16,56600,Geschäftsaufwendungen,234
0321801,8,29,16,,"Bis 2025 wurden hier hauptsächlich die budgetierten Mittel der Gesamtschule für Lehr- und Lernmittel, die Unterhaltung von Einrichtungsgegenständen bzw. die nicht investive Beschaffung von geringwertigen Wirtschaftsgütern sowie Mitgliedsbeiträge dargestellt. Ab 2026 werden die budgetierten Mittel der Gesamtschule auf insgesamt vier Positionen aufgeteilt. An dieser Stelle verbleiben lediglich die budgetierten Mittel für Geschäftsaufwand, z. B. für Lizenzen, Bürobedarf, Schreib- und Zeichenmaterial, Kosten für Porto, Telefon, Internet, Rundfunkbeiträge bzw. die nicht investive Beschaffung von geringwertigen Wirtschaftsgütern. Die anderen Mittel sind unter den Positionen Aufwendungen für sonstige Dienstleistungen, Mieten und Pachten und Geschäftsaufwendungen - Mitgliedsbeiträge aufgeführt.",234
0321801,8,30,16,1000,Geschäftsaufwendungen - Mitgliedsbeiträge,234
0321801,8,31,16,,"Hierunter ist ab 2026 der Teil der budgetierten Mittel aufgeführt, der die Zahlung von Mitgliedsbeiträgen, z. B. an den DJH Hauptverband e.V., beinhaltet. Dieser war bis 2025 unter Geschäftsaufwendungen erfasst.",234
0321801,8,32,16,65800,Versicherungen,234
0321801,8,33,16,,"Hierzu gehören die Versicherungsbeiträge für die Schülerunfall- und -haftpflichtversicherung. Übrige weitere sonstige Aufwendungen aus laufender Verwaltungstätigkeit Ansatz 2025 = 1000 €, Ansatz 2026 = 33.000 € Es handelt sich hauptsächlich um die Kosten für die Nutzung des Hallenbades und der Sporthallen sowie um vermischte und übrige weitere Aufwendungen. Diese Kosten waren bis 2025 unter Geschäftsaufwand dargestellt.",234
0321801,9,34,27,2832,Erträge aus internen Leistungsbeziehungen,234
0321801,9,35,27,,"Die Mieterträge, die jetzt im Produkt ""01.111.10 - Zentrales Gebäudemanagement"" veranschlagt sind, werden über die Interne Leistungsverrechnung diesem Produkt zugeordnet.",234
0321801,10,36,28,676002,Aufwendungen aus internen Leistungsbeziehungen,234
0321801,10,37,28,,Die Aufwendungen aus internen Leistungsbeziehungen umfassen:,234
0321801,10,38,28,,Verrechnung der Leistungen des Baubetriebshofes,235
0321801,10,39,28,,Verrechnung der Kosten für die Sporthallennutzung durch die Gesamtschule,235
0321801,10,40,28,,Verrechnung der Kosten für die Hallenbadnutzung durch die Gesamtschule,235
0321801,10,41,28,,Verrechnung von Sachkosten aus dem Produkt „01.111.02 - Allg. Verwaltungsdienste“,235
0321801,10,42,28,,"Verrechnung der Sach- und Dienstleistungen Produkt ""01.111.10 - Zentrales Gebäudemanagement"" Die anteiligen Beträge für die Verrechnung der Kosten für die Sporthallen- bzw. Hallenbadnutzung durch die Gesamtschule wurden anhand der Nutzungszeiten ermittelt und betreffen die über die zu versteuernden Aufwendungen hinausgehenden Anteile.",235
0323201,1,1,,,"Das Produkt wurde aufgrund einer Änderung der Finanzstatistik durch den Landesbetrieb Information und Technik (IT NRW) ab 2025 neu eingerichtet. Bisher wurden die Erträge und Aufwendungen in den Produkten ""03.211.01 - Grundschulen"" und ""03.218.01 - Harkenberg-Gesamtschule Hörstel"" veranschlagt. Aufgrund der geplanten Umstellung auf eine neue Finanzbuchhaltungssoftware muss die Zuordnung zu den Sachkonten geändert werden, so dass sich tlw. Verschiebungen zwischen den Sachkonten ergeben. Bei größeren Veränderungen erfolgt ggf. eine entsprechende Erläuterung. Zu den einzelnen Ergebniszeilen ist folgendes festzustellen:",240
0323201,2,2,02,605000,Zuwendungen und allgemeine Umlagen,240
0323201,2,3,02,,Es handelt sich um Landeszuweisungen für die Betreuungsmaßnahmen Verlässliche Schulzeiten und Offene Ganztagsschule im Primarbereich.,240
0323201,3,4,04,424400,Öffentlich-rechtliche Leistungsentgelte,240
0323201,3,5,04,,Hierbei handelt es sich um die Elternbeiträge für die Betreuungsmaßnahmen „Acht bis eins bzw. bis zwei“ und die Offene Ganztagsschule sowie für die Ferienbetreuungsmaßnahmen.,240
0323201,4,6,05,33000,Privatrechtliche Leistungsentgelte,240
0323201,4,7,05,,Es handelt sich um die Pachterträge durch die Vermietung der Mensa.,240
0323201,5,8,11,350789,Personalaufwendungen,240
0323201,5,9,11,,Zu den Personalaufwendungen wird auf die Erläuterungen im Vorbericht verwiesen.,240
0323201,6,10,13,1644200,Aufwendungen für Sach- und Dienstleistungen,240
0323201,6,11,13,5800,Unterhaltung des sonstigen beweglichen Vermögens,240
0323201,6,12,13,,Hierbei handelt es sich hauptsächlich um die Kosten für die Unterhaltung und Wartung der Kücheneinrichtung der Mensa.,240
0323201,6,13,13,1638400,Aufwendungen für sonstige Dienstleistungen,240
0323201,6,14,13,,"Hierunter fallen die Aufwendungen für die Betreuungsmaßnahmen „Acht bis eins bzw. zwei“, die Offene Ganztagsschule und für die Ferienbetreuungsmaßnahme in den Sommerferien.",240
0323201,7,15,15,86000,Transferaufwendungen,240
0323201,7,16,15,,Es handelt sich um die Zuschüsse für die Mittagsverpflegung der Schüler.,240
0323201,8,17,16,48000,Sonstige ordentliche Aufwendungen,240
0323201,8,18,16,,Hierbei handelt es sich um die Miete der Pavillonanlage an der von-Galen-Straße 1 für die OGS der Antonius-Grundschule und um Geschäftsaufwendungen.,240
0323201,9,19,28,8685,Aufwendungen aus internen Leistungsbeziehungen,240
0323201,9,20,28,,Die Aufwendungen aus internen Leistungsbeziehungen umfassen die Kosten für die Verrechnung von Sachkosten aus dem Produkt „01.111.02 - Allg. Verwaltungsdienste“.,241
0324101,1,1,,,"Aufgrund der geplanten Umstellung auf eine neue Finanzbuchhaltungssoftware muss die Zuordnung zu den Sachkonten geändert werden, so dass sich tlw. Verschiebungen zwischen den Sachkonten ergeben. Bei größeren Veränderungen erfolgt ggf. eine entsprechende Erläuterung. Zu den einzelnen Ergebniszeilen ist folgendes festzustellen:",246
0324101,2,2,02,145000,Zuwendungen und allgemeine Umlagen,246
0324101,2,3,02,,Im Schuljahr 2021/2022 wurde für die Schüler/innen der Grundschulen und der Gesamtschule das SchülerTicket Westfalen im Solidarmodell eingeführt. Der Kreis Steinfurt erhält für das SchülerTicket Landesmittel für den Öffentlichen Personennahverkehr und leitet entsprechende Beträge an die Stadt Hörstel weiter. Für die SchülerTickets der Schüler/innen an den Grundschulen werden voraussichtlich 43.500 € und für die SchülerTickets der Schüler/innen an der Gesamtschule werden voraussichtlich 101.500 € gezahlt.,246
0324101,3,4,11,16587,Personalaufwendungen,246
0324101,3,5,11,,Zu den Personalaufwendungen wird auf die Erläuterungen im Vorbericht verwiesen.,246
0324101,4,6,13,1021800,Aufwendungen für Sach- und Dienstleistungen,246
0324101,4,7,13,,Im Schuljahr 2021/2022 wurde für die Schüler/innen der Grundschulen und der Gesamtschule das SchülerTicket Westfalen im Solidarmodell eingeführt. Dadurch können alle Schüler/innen den öffentlichen Personennahverkehr kostenlos nutzen. Dem Aufwand stehen entsprechende Erträge gegenüber (siehe Erläuterungen zu „Zuwendungen und allgemeine Umlagen“). Die Gesamtkosten belaufen sich in 2026 auf 1.021.800 € und verteilen sich auf die einzelnen Schularten wie folgt: Grundschule 313.900 € (Vorjahr: 335.600 €) Gesamtschule 707.900 € (Vorjahr: 692.700 €),246
0324101,5,8,28,1100,Aufwendungen aus internen Leistungsbeziehungen,246
0324101,5,9,28,,Der Haushaltsansatz bezieht sich auf die Verrechnung von Sachkosten aus dem Produkt „01.111.02 - Zentrale Verwaltungsdienste“.,246
0426301,1,1,,,"Aufgrund der geplanten Umstellung auf eine neue Finanzbuchhaltungssoftware muss die Zuordnung zu den Sachkonten geändert werden, so dass sich tlw. Verschiebungen zwischen den Sachkonten ergeben. Bei größeren Veränderungen erfolgt ggf. eine entsprechende Erläuterung. Zu den einzelnen Ergebniszeilen ist folgendes festzustellen:",254
0426301,2,2,11,7381,Personalaufwendungen,254
0426301,2,3,11,,Zu den Personalaufwendungen wird auf die Erläuterungen im Vorbericht verwiesen.,254
0426301,3,4,15,90500,Transferaufwendungen,254
0426301,3,5,15,,Auf Basis einer zwischen den Städten Ibbenbüren und Hörstel geschlossenen öffentlich-rechtlichen Vereinbarung beteiligt sich die Stadt Hörstel an den Kosten der Musikschule. Aufgrund der Tarifsteigerungen im öffentlichen Dienst steigt der Zuschuss regelmäßig.,254
0426301,4,6,28,188,Aufwendungen aus internen Leistungsbeziehungen,254
0426301,4,7,28,,Der Haushaltsansatz erfasst die Verrechnung von Sachkosten aus dem Produkt „01.111.02 - Zentrale Verwaltungsdienste“.,254
0427101,1,1,,,"Aufgrund der geplanten Umstellung auf eine neue Finanzbuchhaltungssoftware muss die Zuordnung zu den Sachkonten geändert werden, so dass sich tlw. Verschiebungen zwischen den Sachkonten ergeben. Bei größeren Veränderungen erfolgt ggf. eine entsprechende Erläuterung. Zu den einzelnen Ergebniszeilen ist folgendes festzustellen:",258
0427101,2,2,11,20162,Personalaufwendungen,258
0427101,2,3,11,,Zu den Personalaufwendungen wird auf die Erläuterungen im Vorbericht verwiesen.,258
0427101,3,4,15,52500,Transferaufwendungen,258
0427101,3,5,15,,"Auf Basis einer öffentlich-rechtlichen Vereinbarung wird das Defizit von den kooperierenden Städten Ibbenbüren, Hörstel und den Gemeinden Hopsten, Mettingen und Recke getragen.",258
0427101,4,6,16,1100,Sonstige ordentliche Aufwendungen,258
0427101,4,7,16,,Zu den Geschäftsaufwendungen gehören die Sachaufwendungen der Volkshochschule (z.B. Aufwendungen für die Überlassung von Räumen).,258
0427101,5,8,28,1070,Aufwendungen aus internen Leistungsbeziehungen,258
0427101,5,9,28,,Der Haushaltsansatz bezieht sich auf die Verrechnung von Sachkosten aus dem Produkt „01.111.02 - Zentrale Verwaltungsdienste“.,258
0427201,1,1,,,"Aufgrund der geplanten Umstellung auf eine neue Finanzbuchhaltungssoftware muss die Zuordnung zu den Sachkonten geändert werden, so dass sich tlw. Verschiebungen zwischen den Sachkonten ergeben. Bei größeren Veränderungen erfolgt ggf. eine entsprechende Erläuterung. Zu den einzelnen Ergebniszeilen ist folgendes festzustellen:",262
0427201,2,2,11,2091,Personalaufwendungen,262
0427201,2,3,11,,Zu den Personalaufwendungen wird auf die Erläuterungen im Vorbericht verwiesen.,262
0427201,3,4,15,13500,Transferaufwendungen,262
0427201,3,5,15,,"Der Rat der Stadt Hörstel hat im Rahmen der Etatberatungen 2020 beschlossen, den jährlichen städtischen Zuschuss für die Führung der katholischen Büchereien auf 0,60 € je Einwohner festzusetzen. Stichtag für die Festsetzung der Zahlen der zu berücksichtigenden Einwohner ist jeweils der 30.06. des dem Haushaltsjahr vorangegangenen Kalenderjahres entsprechend der stadtteilbezogenen Statistik des Einwohnermeldeamtes. Jede katholische Bücherei erhält zunächst einen Betrag von 0,30 € je Einwohner des betreffenden Stadtteiles. Der dann vom Gesamtzuschuss (auf der Grundlage von 0,60 € je Einwohner) verbleibende Restbetrag wird zu gleichen Teilen auf die vier katholischen Büchereien verteilt. Der Gesamtzuschuss beläuft sich für 2026 auf 13.500 €.",262
0427201,4,6,28,148,Aufwendungen aus internen Leistungsbeziehungen,262
0427201,4,7,28,,Der Haushaltsansatz bezieht sich auf die Verrechnung von Sachkosten aus dem Produkt „01.111.02- Zentrale Verwaltungsdienste“.,262
0428101,1,1,,,"Aufgrund der geplanten Umstellung auf eine neue Finanzbuchhaltungssoftware muss die Zuordnung zu den Sachkonten geändert werden, so dass sich tlw. Verschiebungen zwischen den Sachkonten ergeben. Bei größeren Veränderungen erfolgt ggf. eine entsprechende Erläuterung. Zu den einzelnen Ergebniszeilen ist folgendes festzustellen:",267
0428101,2,2,02,36500,Zuwendungen und allgemeine Umlagen,267
0428101,2,3,02,,"Das Anlagevermögen ist teilweise mit Zuwendungen Dritter, insbesondere mit Zuwendungen des Landes, finanziert worden.",267
0428101,3,4,11,13904,Personalaufwendungen,267
0428101,3,5,11,,Zu den Personalaufwendungen wird auf die Erläuterungen im Vorbericht verwiesen.,267
0428101,4,6,14,47000,Bilanzielle Abschreibungen,267
0428101,4,7,14,,Es wird auf die Erläuterungen im Vorbericht verwiesen.,267
0428101,5,8,15,9400,Transferaufwendungen,267
0428101,5,9,15,8500,Zuweisungen und Zuschüsse für laufende Zwecke an Übrige Bereiche,267
0428101,5,10,15,,"Die Stadt Hörstel erstattet dem Heimatverein Hörstel in pauschalierter Form die Betriebskosten für ""Knollmanns Mühle"".",267
0428101,5,11,15,900,Aufwendungen aus der Auflösung von ARAP für geleistete Zuwendungen,267
0428101,5,12,15,,"Die Stadt Hörstel hat dem Heimatverein Bevergern für die Einrichtung einer Samenstube im Heimathaus Bevergern einen Zuschuss gewährt. Der Investitionszuschuss ist mit einer zeitlichen Zweckbindung versehen. Haushaltsrechtlich handelt es sich dabei um einen Aktiven Rechnungsabgrenzungsposten (ARAP), der über den Zeitraum der Zweckbindung aufwandswirksam aufgelöst wird.",267
0428101,6,13,16,15800,Sonstige ordentliche Aufwendungen,267
0428101,6,14,16,,Die Stadt Hörstel hat die Begegnungsstätte Reinings Mühle im Erbbaurecht gepachtet. Hierfür fällt ein jährlicher Erbbauzins an.,267
0428101,7,15,27,68453,Erträge aus internen Leistungsbeziehungen,267
0428101,7,16,27,,"Erfasst werden hier die Grundsteuern, die die Stadt Hörstel für eigene Grundstücke (in diesem Produkt die Begegnungsstätte Hof Lammers) zu zahlen hat. Diese sind aus statistischen Gründen und im Hinblick auf die Ermittlung der Steuerkraft im kommunalen Finanzausgleich gesondert zu erfassen und buchhalterisch nachzuweisen. Die Erträge, die jetzt im Produkt ""01.111.10 - Zentrales Gebäudemanagement"" veranschlagt sind, werden über die Interne Leistungsverrechnung diesem Produkt zugeordnet.",267
0428101,8,17,28,179376,Aufwendungen aus internen Leistungsbeziehungen,267
0428101,8,18,28,,"Der Haushaltsansatz erfasst zum einen die Verrechnung der Leistungen des Baubetriebshofes und zum anderen die Verrechnung von Sachkosten aus dem Produkt „01.111.02 - Zentrale Verwaltungsdienste“. Die Sach- und Dienstleistungen Produkt ""01.111.10 - Zentrales Gebäudemanagement"" werden über die Internen Leistungsverrechnungen diesem Produkt zugeordnet.",267
0428102,1,1,,,"Aufgrund der geplanten Umstellung auf eine neue Finanzbuchhaltungssoftware muss die Zuordnung zu den Sachkonten geändert werden, so dass sich tlw. Verschiebungen zwischen den Sachkonten ergeben. Bei größeren Veränderungen erfolgt ggf. eine entsprechende Erläuterung. Zu den einzelnen Ergebniszeilen ist folgendes festzustellen:",272
0428102,2,2,02,13800,Zuwendungen und allgemeine Umlagen,272
0428102,2,3,02,,"Erfasst wird hier die Landeszuweisung für das Projekt „Kulturrucksack NRW“, für die Massenentsäuerung von Archivalien (vgl. hierzu auch die Erläuterungen zu „Geschäftsaufwendungen“) und für den Heimatpreis NRW.",272
0428102,3,4,05,28668,Privatrechtliche Leistungsentgelte,272
0428102,3,5,05,,Bei der Durchführung von Kulturveranstaltungen werden teilweise Eintrittsgelder erhoben. Außerdem beteiligen sich im Einzelfall Sponsoren an den Aufwendungen für die Veranstaltungen. Auch aus dem Verkauf von Heimatbüchern ergeben sich Erträge.,272
0428102,4,6,06,49000,Kostenerstattungen und Kostenumlagen,272
0428102,4,7,06,,Es handelt sich um die Kostenerstattung der Gemeinden Recke und Hopsten für die Tätigkeit des Archivars der Stadt Hörstel für diese Gemeinden.,272
0428102,5,8,11,183174,Personalaufwendungen,272
0428102,5,9,11,,Zu den Personalaufwendungen wird auf die Erläuterungen im Vorbericht verwiesen.,272
0428102,6,10,13,37900,Aufwendungen für Sach- und Dienstleistungen,272
0428102,6,11,13,,"Die Stadt Hörstel beteiligt sich mit einem Festbetrag von 55.000 € an den Betriebskosten für das DA Kunsthaus Kloster Gravenhorst. Ab 2026 werden diese Kosten unter Transferaufwendungen aufgeführt. Ab 2026 werden hier die Kosten für die Durchführung von eigenen Kulturveranstaltungen und die Kosten des Projektes Kulturrucksack veranschlagt, die bisher unter Geschäftsaufwand dargestellt wurden.",272
0428102,7,12,15,62120,Transferaufwendungen,272
0428102,7,13,15,,"Erfasst werden hier Zuschüsse an die weltlichen Chöre (1.100 €), die Heimatvereine (1.020 €) und die Aufwendungen für den Heimatpreis (5.000 €). Ab 2026 ist hier auch die Beteiligung der Stadt Hörstel an den Betriebskosten für das DA Kunsthaus Kloster Gravenhorst aufgeführt (Ratsbeschluss vom 28.03.2012). Aufgrund der vom Rat beschlossenen Kündigung des Vertrages wurden die Mittel nur noch für 2026 veranschlagt.",272
0428102,8,14,16,6860,Sonstige ordentliche Aufwendungen,272
0428102,8,15,16,5860,Geschäftsaufwendungen,272
0428102,8,16,16,,Zu den Geschäftsaufwendungen gehören bis 2025 im Wesentlichen die Aufwendungen für die Durchführung eigener Kulturveranstaltungen und die Kosten des Projektes „Kulturrucksack NRW“. Diese werden ab 2026 unter den Aufwendungen für Sach- und Dienstleistungen dargestellt. Hier verbleiben die sächlichen Aufwendungen des Stadtarchivs und Mitgliedsbeiträge.,272
0428102,8,17,16,1000,Übrige weitere sonstige Aufwendungen aus laufender Verwaltungstätigkeit,273
0428102,8,18,16,,Es handelt sich um vermischte Aufwendungen.,273
0428102,9,19,28,20251,Aufwendungen aus internen Leistungsbeziehungen,273
0428102,9,20,28,,Der Haushaltsansatz erfasst zum einen die Verrechnung der Leistungen des Baubetriebshofes und zum anderen die Verrechnung von Sachkosten aus dem Produkt „01.111.02 - Zentrale Verwaltungsdienste“.,273
0531201,1,1,,,"Das Produkt wurde aufgrund einer Änderung der Finanzstatistik durch den Landesbetrieb Information und Technik (IT NRW) ab 2025 aufgegeben. Die Erträge und Aufwendungen werden ab 2025 in den drei neu eingerichteten Produkten ""05.316.01 - Leistungen für Unterkunft und Heizung (KdU) nach § 22 SGB II"", ""05.317.01 - Leistungen für Bildung und Teilhabe nach § 28 SGB II"", und ""05.318.01 - Bürgergeld, Eingliederungsleistungen (nur Optionskommunen, ohne KdU)"" veranschlagt. Zu den einzelnen Ergebniszeilen ist folgendes festzustellen:",282
0531201,2,2,02,,Zuwendungen und allgemeine Umlagen,282
0531201,2,3,02,,Seit dem 01.01.2005 nimmt der Kreis Steinfurt als sogenannter Optionskreis die Aufgaben der Grundsicherung für Arbeitssuchende (SGB II) wahr. In diesem Rahmen hat der Kreis Steinfurt die Aufgaben des sog. ersten persönlichen Ansprechpartners (insbesondere die Leistungsgewährung) an die Stadt Hörstel delegiert. Die hiermit verbundenen Personal- und Sachkosten werden in pauschalierter Form vom Bund erstattet. Die in den einzelnen Jahren unterschiedliche Erstattungshöhe hat mit der Anzahl der Fälle und der Höhe der Fallzahlenpauschale zu tun. Die gestiegenen Fallzahlen insbesondere durch die Ukraine Flüchtlinge wirken sich erst zeitversetzt ab 2024 aus.,282
0531201,3,4,07,,Sonstige ordentliche Erträge,282
0531201,3,5,07,,Die Durchsetzung von Verpflichtungen (z. B. Auskunftspflichten Unterhaltspflichtiger) erfolgt im Einzelfall im Wege der Festsetzung von Zwangsgeldern. Dazu kommen noch Erträge aus der Auflösung und Herabsetzung von Pensions- und Beihilferückstellungen und vermischte Erträge.,282
0531201,3,6,07,,Personal- und Versorgungsaufwendungen,282
0531201,3,7,07,,Zu den Personal- und Versorgungsaufwendungen wird auf die Erläuterungen im Vorbericht verwiesen.,282
0531201,4,8,16,,Sonstige ordentliche Aufwendungen,282
0531201,4,9,16,,Geschäftsaufwendungen,282
0531201,4,10,16,,"Hierunter fallen die Aufwendungen für Gerichts-, Prozess- und ähnliche Kosten.",282
0531201,4,11,16,,Leistungsbeteiligung bei Leistungen für Unterkunft und Heizung an Arbeitsuchende,282
0531201,4,12,16,,Nach § 5 des Gesetzes zur Ausführung des Zweiten Buches Sozialgesetzbuch für das Land Nordrhein-Westfalen (AG-SGB II MRW) tragen die Städte und Gemeinden 50 % der Aufwendungen für kommunale Leistungen nach § 6 Abs. 1 Nr. 2 SGB II. Hierbei handelt es sich im Wesentlichen um die Kosten der Unterkunft der Bürgergeld-Empfänger. Die Höhe der Kostenbeteiligung der Stadt Hörstel ist insbesondere von der Entwicklung der Fallzahlen und von der Entwicklung der Höhe der Miete und Mietnebenkosten abhängig.,282
0531201,5,13,28,,Aufwendungen aus internen Leistungsbeziehungen,282
0531201,5,14,28,,Der Haushaltsansatz bezieht sich auf die Verrechnung von Sachkosten aus dem Produkt „01.111.02 - Zentrale Verwaltungsdienste“.,282
0531301,1,1,,,"Aufgrund der geplanten Umstellung auf eine neue Finanzbuchhaltungssoftware muss die Zuordnung zu den Sachkonten geändert werden, so dass sich tlw. Verschiebungen zwischen den Sachkonten ergeben. Bei größeren Veränderungen erfolgt ggf. eine entsprechende Erläuterung. Zu den einzelnen Ergebniszeilen ist folgendes festzustellen:",287
0531301,2,2,02,999000,Zuwendungen und allgemeine Umlagen,287
0531301,2,3,02,999000,Zuweisungen und Zuschüsse für laufende Zwecke vom Land,287
0531301,2,4,02,,"Die monatliche Pauschalzuweisung je Flüchtling beläuft sich zur Zeit auf 1.013 € (Vorjahr 875 €) für die Kosten des Lebensunterhaltes, die Unterkunftskosten und die Kosten der Krankenhilfe. Ausgeschlossen hierbei sind jedoch Personen mit Duldungsstatus. Da noch unklar ist, mit welcher Personenzahl in 2026 zu rechnen ist, wird zunächst mit 120 Personen und einer Erstattung für 80 Personen kalkuliert. Es ergibt sich daher ein Betrag von rd. 972.000 €. Das Land NRW hat in den Jahren 2021-2024 Ausgleichszahlungen für bestandsgeduldete Personen geleistet, seit 2025 sind keine Zahlungen vorgesehen. Außerdem werden seit 2022 pauschale Landeszuweisungen von einmalig 12.000 € je Person für neue geduldete Personen durch das Land gezahlt. Hierfür wurden für 2026 27.000 € veranschlagt.",287
0531301,3,5,03,60000,Sonstige Transfererträge,287
0531301,3,6,03,,"Im Zusammenhang mit der Leistungsgewährung nach dem AsylbLG ergeben sich im Einzelfall Erstattungsansprüche gegenüber anderen Sozialleistungsträgern (z.B. Agentur für Arbeit, Krankenkassen). Außerdem haben Flüchtlinge zu Unrecht erbrachte und kostenersatzpflichtige Leistungen nach dem AsylbLG sowie darlehnsweise gewährte Hilfen zu erstatten.",287
0531301,4,7,11,185372,Personalaufwendungen,287
0531301,4,8,11,,Zu den Personalaufwendungen wird auf die Erläuterungen im Vorbericht verwiesen.,287
0531301,5,9,13,4800,Aufwendungen für Sach- und Dienstleistungen,287
0531301,5,10,13,,"Die Städte und Gemeinden des Kreises Steinfurt haben einen Solidarfonds zur Abrechnung der Krankenhilfeaufwendungen für Asylbewerber gegründet. Die Verwaltung erfolgt durch den Kreis Steinfurt, dem die anteiligen Personalkosten zu erstatten sind.",287
0531301,6,11,15,1515000,Transferaufwendungen,287
0531301,6,12,15,1475000,Soziale Leistungen an natürliche Personen außerhalb von Einrichtungen,287
0531301,6,13,15,,"Ab 2026 werden hier die Leistungen nach dem Asylbewerberleistungsgesetz (1.250.000 €) und Krankenhilfe nach dem Asylbewerberleistungsgesetz (225.000 €) erfasst. Bei der Krankenhilfe ist zu berücksichtigen, dass diese nicht für alle Leistungsempfänger durch die Stadt Hörstel zu erbringen sind, da diese tlw. aufgrund von Vorversicherungszeiten freiwillig in der gesetzlichen Krankenversicherung angemeldet werden konnten. Es ist noch unklar, mit welcher Personenzahl in 2026 zu rechnen ist. Es wurde bei der Kalkulation von 175 Personen mit Kosten von 800 € für den Lebensunterhalt und 200 € (145 Personen) Kosten für die Krankenhilfe kalkuliert. Eventuelle Änderungen des Asylrechts sind bei den Haushaltsansätzen noch nicht berücksichtigt, ggfs. ändern sich die Aufwendungen hierdurch noch entsprechend.",287
0531301,6,14,15,40000,Leistungen aus dem Bildungs- und Teilhabepaket,287
0531301,6,15,15,,"Kinder und Jugendliche, die das 25. Lebensjahr noch nicht vollendet haben und eine allgemeinbildende oder berufsbildende Schule oder eine Kindertages- oder Kinderpflegeeinrichtung besuchen und Leistungen nach dem Asylbewerberleistungsgesetz beziehen, sollen mit den Leistungen aus dem Bildungs- und Teilhabepaket die Möglichkeit erhalten, durch entsprechende Kostenübernahmen am sozialen und kulturellen Leben teilzunehmen.",288
0531301,6,16,15,0,Sonstige soziale Leistungen,288
0531301,6,17,15,,Bis 2025 wurden hier die Leistungen nach dem Asylbewerberleistungsgesetz und für die Krankenhilfe erfasst. Diese werden ab 2026 unter Soziale Leistungen an natürliche Personen außerhalb von Einrichtungen erfasst.,288
0531301,7,18,16,5500,Sonstige ordentliche Aufwendungen,288
0531301,7,19,16,,"Der ehrenamtlichen Flüchtlingshilfe werden eventuell anfallende ungedeckte Materialkosten bis zu einem Betrag von 5.000 € erstattet. Zusätzlich wurden noch Gerichts-, Prozess- und ähnliche Kosten in Höhe von 500 € berücksichtigt.",288
0531301,8,20,28,14105,Aufwendungen aus internen Leistungsbeziehungen,288
0531301,8,21,28,,Der Haushaltsansatz bezieht sich auf die Verrechnung von Sachkosten aus dem Produkt „01.111.02 - Zentrale Verwaltungsdienste“.,288
0531601,1,1,,,"Das Produkt wurde aufgrund einer Änderung der Finanzstatistik durch den Landesbetrieb Information und Technik (IT NRW) ab 2025 eingerichtet. Die Erträge und Aufwendungen des bisherigen Produktes ""05.312.01 - Grundsicherungsleistungen nach dem SGB II"" werden ab 2025 in den drei neu eingerichteten Produkten ""05.316.01 - Leistungen für Unterkunft und Heizung (KdU) nach § 22 SGB II"", ""05.317.01 - Leistungen für Bildung und Teilhabe nach § 28 SGB II"", und ""05.318.01 - Bürgergeld, Eingliederungsleistungen (nur Optionskommunen, ohne KdU)"" veranschlagt. Aufgrund der geplanten Umstellung auf eine neue Finanzbuchhaltungssoftware muss die Zuordnung zu den Sachkonten geändert werden, so dass sich tlw. Verschiebungen zwischen den Sachkonten ergeben. Bei größeren Veränderungen erfolgt ggf. eine entsprechende Erläuterung. Zu den einzelnen Ergebniszeilen ist folgendes festzustellen:",293
0531601,2,2,02,99200,Zuwendungen und allgemeine Umlagen,293
0531601,2,3,02,,"Seit dem 01.01.2005 nimmt der Kreis Steinfurt als sogenannter Optionskreis die Aufgaben der Grundsicherung für Arbeitssuchende (SGB II) wahr. In diesem Rahmen hat der Kreis Steinfurt die Aufgaben des sog. ersten persönlichen Ansprechpartners (insbesondere die Leistungsgewährung) an die Stadt Hörstel delegiert. Die hiermit verbundenen Personal- und Sachkosten werden in pauschalierter Form vom Bund erstattet. Die in den einzelnen Jahren unterschiedliche Erstattungshöhe hat mit der Anzahl der Fälle und der Höhe der Fallzahlenpauschale zu tun. Die Zuwendung ist aufgeteilt auf drei Produkte, siehe Erläuterungen oben.",293
0531601,3,4,07,200,Sonstige ordentliche Erträge,293
0531601,3,5,07,,Es handelt sich um Erträge aus Bußgeldern und um sonstige ordentliche Erträge.,293
0531601,4,6,11,138107,Personalaufwendungen,293
0531601,4,7,11,,Zu den Personalaufwendungen wird auf die Erläuterungen im Vorbericht verwiesen.,293
0531601,5,8,15,900000,Transferaufwendungen,293
0531601,5,9,15,,Die Leistungsbeteiligung bei Leistungen für Unterkunft und Heizung wird ab 2026 unter den Transferaufwendungen aufgeführt. Nach § 5 des Gesetzes zur Ausführung des Zweiten Buches Sozialgesetzbuch für das Land Nordrhein-Westfalen (AG-SGB II NRW) tragen die Städte und Gemeinden 50 % der Aufwendungen für kommunale Leistungen nach § 6 Abs. 1 Nr. 2 SGB II. Hierbei handelt es sich im Wesentlichen um die Kosten der Unterkunft der Bürgergeld-Empfänger. Die Höhe der Kostenbeteiligung der Stadt Hörstel ist insbesondere von der Entwicklung der Fallzahlen und von der Entwicklung der Höhe der Miete und Mietnebenkosten abhängig.,293
0531601,6,10,16,1700,Sonstige ordentliche Aufwendungen,293
0531601,6,11,16,1700,Geschäftsaufwendungen,293
0531601,6,12,16,,"Hierzu gehören die Gerichts-, Prozess- und ähnliche Kosten. Die Leistungsbeteiligung bei Leistungen für Unterkunft und Heizung an Arbeitssuchende wird ab 2026 unter Transferaufwendungen geführt.",293
0531601,7,13,28,9438,Aufwendungen aus internen Leistungsbeziehungen,293
0531601,7,14,28,,Der Haushaltsansatz bezieht sich auf die Verrechnung von Sachkosten aus dem Produkt „01.111.02 - Zentrale Verwaltungsdienste“.,293
0531701,1,1,,,"Das Produkt wurde aufgrund einer Änderung der Finanzstatistik durch den Landesbetrieb Information und Technik IT NRW ab 2025 eingerichtet. Die Erträge und Aufwendungen des bisherigen Produktes ""05.312.01 - Grundsicherungsleistungen nach dem SGB II"" werden ab 2025 in den drei neu eingerichteten Produkten ""05.316.01 - Leistungen für Unterkunft und Heizung (KdU) nach § 22 SGB II"", ""05.317.01 - Leistungen für Bildung und Teilhabe nach § 28 SGB II"", und ""05.318.01 - Bürgergeld, Eingliederungsleistungen (nur Optionskommunen, ohne KdU)"" veranschlagt. Aufgrund der geplanten Umstellung auf eine neue Finanzbuchhaltungssoftware muss die Zuordnung zu den Sachkonten geändert werden, so dass sich tlw. Verschiebungen zwischen den Sachkonten ergeben. Bei größeren Veränderungen erfolgt ggf. eine entsprechende Erläuterung. Zu den einzelnen Ergebniszeilen ist folgendes festzustellen:",297
0531701,2,2,02,4030,Zuwendungen und allgemeine Umlagen,297
0531701,2,3,02,,"Seit dem 01.01.2005 nimmt der Kreis Steinfurt als sogenannter Optionskreis die Aufgaben der Grundsicherung für Arbeitssuchende (SGB II) wahr. In diesem Rahmen hat der Kreis Steinfurt die Aufgaben des sog. ersten persönlichen Ansprechpartners (insbesondere die Leistungsgewährung) an die Stadt Hörstel delegiert. Die hiermit verbundenen Personal- und Sachkosten werden in pauschalierter Form vom Bund erstattet. Die in den einzelnen Jahren unterschiedliche Erstattungshöhe hat mit der Anzahl der Fälle und der Höhe der Fallzahlenpauschale zu tun. Die Zuwendung ist aufgeteilt auf drei Produkte, siehe Erläuterungen oben.",297
0531701,3,4,11,5691,Personalaufwendungen,297
0531701,3,5,11,,Zu den Personalaufwendungen wird auf die Erläuterungen im Vorbericht verwiesen.,297
0531701,4,6,28,933,Aufwendungen aus internen Leistungsbeziehungen,297
0531701,4,7,28,,Der Haushaltsansatz bezieht sich auf die Verrechnung von Sachkosten aus dem Produkt „01.111.02 - Zentrale Verwaltungsdienste“.,297
0531801,1,1,,,"Das Produkt wurde aufgrund einer Änderung der Finanzstatistik durch den Landesbetrieb Information und Technik (IT NRW) ab 2025 eingerichtet. Die Erträge und Aufwendungen des bisherigen Produktes ""05.312.01 - Grundsicherungsleistungen nach dem SGB II"" werden ab 2025 in den drei neu eingerichteten Produkten ""05.316.01 - Leistungen für Unterkunft und Heizung (KdU)"" nach § 22 SGB II, ""05.317.01 - Leistungen für Bildung und Teilhabe nach § 28 SGB II"", und ""05.318.01 - Bürgergeld, Eingliederungsleistungen (nur Optionskommunen, ohne KdU)"" veranschlagt. Aufgrund der geplanten Umstellung auf eine neue Finanzbuchhaltungssoftware muss die Zuordnung zu den Sachkonten geändert werden, so dass sich tlw. Verschiebungen zwischen den Sachkonten ergeben. Bei größeren Veränderungen erfolgt ggf. eine entsprechende Erläuterung. Zu den einzelnen Ergebniszeilen ist folgendes festzustellen:",302
0531801,2,2,02,221000,Zuwendungen und allgemeine Umlagen,302
0531801,2,3,02,,"Seit dem 01.01.2005 nimmt der Kreis Steinfurt als sogenannter Optionskreis die Aufgaben der Grundsicherung für Arbeitssuchende (SGB II) wahr. In diesem Rahmen hat der Kreis Steinfurt die Aufgaben des sog. ersten persönlichen Ansprechpartners (insbesondere die Leistungsgewährung) an die Stadt Hörstel delegiert. Die hiermit verbundenen Personal- und Sachkosten werden in pauschalierter Form vom Bund erstattet. Die in den einzelnen Jahren unterschiedliche Erstattungshöhe hat mit der Anzahl der Fälle und der Höhe der Fallzahlenpauschale zu tun. Die Zuwendung ist aufgeteilt auf drei Produkte, siehe Erläuterungen oben.",302
0531801,3,4,11,289894,Personalaufwendungen,302
0531801,3,5,11,,Zu den Personalaufwendungen wird auf die Erläuterungen im Vorbericht verwiesen.,302
0531801,4,6,16,3400,Sonstige ordentliche Aufwendungen,302
0531801,4,7,16,,"Herzu gehören Gerichts-, Prozess- und ähnliche Kosten.",302
0531801,5,8,28,20987,Aufwendungen aus internen Leistungsbeziehungen,302
0531801,5,9,28,,Der Haushaltsansatz bezieht sich auf die Verrechnung von Sachkosten aus dem Produkt „01.111.02 - Zentrale Verwaltungsdienste“.,302
0533301,1,1,,,"Aufgrund der geplanten Umstellung auf eine neue Finanzbuchhaltungssoftware muss die Zuordnung zu den Sachkonten geändert werden, so dass sich tlw. Verschiebungen zwischen den Sachkonten ergeben. Bei größeren Veränderungen erfolgt ggf. eine entsprechende Erläuterung. Zu den einzelnen Ergebniszeilen ist folgendes festzustellen:",306
0533301,2,2,11,107718,Personalaufwendungen,306
0533301,2,3,11,,Zu den Personalaufwendungen wird auf die Erläuterungen im Vorbericht verwiesen.,306
0533301,3,4,16,1000,Sonstige ordentliche Aufwendungen,306
0533301,3,5,16,,"Hierunter fallen Gerichts-, Prozess- und ähnliche Kosten.",306
0533301,4,6,28,8135,Aufwendungen aus internen Leistungsbeziehungen,306
0533301,4,7,28,,Der Haushaltsansatz bezieht sich auf die Verrechnung von Sachkosten aus dem Produkt „01.111.02 - Zentrale Verwaltungsdienste“.,306
0534501,1,1,,,"Das Produkt wurde aufgrund einer Änderung der Finanzstatistik durch den Landesbetrieb Information und Technik IT NRW ab 2025 eingerichtet. Die Erträge und Aufwendungen des bisherigen Produktes ""05.351.01 - Wohngeld"" werden ab 2025 hier veranschlagt. Aufgrund der geplanten Umstellung auf eine neue Finanzbuchhaltungssoftware muss die Zuordnung zu den Sachkonten geändert werden, so dass sich tlw. Verschiebungen zwischen den Sachkonten ergeben. Bei größeren Veränderungen erfolgt ggf. eine entsprechende Erläuterung. Zu den einzelnen Ergebniszeilen ist folgendes festzustellen:",310
0534501,2,2,07,500,Sonstige ordentliche Erträge,310
0534501,2,3,07,,"Es handelt sich um Bußgelder, die auf Grund falscher Angaben von den jeweiligen Wohngeldbeziehern zu zahlen sind.",310
0534501,3,4,11,121849,Personalaufwendungen,310
0534501,3,5,11,,Zu den Personalaufwendungen wird auf die Erläuterungen im Vorbericht verwiesen.,310
0534501,4,6,16,500,Sonstige ordentliche Aufwendungen,310
0534501,4,7,16,,"Hierunter fallen Gerichts-, Prozess- und ähnliche Kosten.",310
0534501,5,8,28,10211,Aufwendungen aus internen Leistungsbeziehungen,310
0534501,5,9,28,,Der Haushaltsansatz bezieht sich auf die Verrechnung von Sachkosten aus dem Produkt „01.111.02 - Zentrale Verwaltungsdienste“.,310
0535101,1,1,,,"Ab 2025 wurde aufgrund einer Änderung der Finanzstatistik durch den Landesbetrieb Information und Technik IT NRW das neue Produkt ""05.345.01 - Umsetzung des Wohngeldgesetzes"" eingerichtet. Daher werden bei diesem Produkt ab 2025 keine Erträge und Aufwendungen veranschlagt. Zu den einzelnen Ergebniszeilen ist folgendes festzustellen:",314
0535101,2,2,07,,Sonstige ordentliche Erträge,314
0535101,2,3,07,,"Es handelt sich um Bußgelder, die auf Grund falscher Angaben von den jeweiligen Wohngeldbeziehern zu zahlen sind.",314
0535101,3,4,11,,Personalaufwendungen,314
0535101,3,5,11,,Zu den Personalaufwendungen wird auf die Erläuterungen im Vorbericht verwiesen.,314
0535101,4,6,16,,Sonstige ordentliche Aufwendungen,314
0535101,4,7,16,,"Hierunter fallen die Gerichts-, Prozess- und ähnliche Kosten.",314
0535101,5,8,28,,Aufwendungen aus internen Leistungsbeziehungen,314
0535101,5,9,28,,Der Haushaltsansatz bezieht sich auf die Verrechnung von Sachkosten aus dem Produkt „01.111.02 - Zentrale Verwaltungsdienste“.,314
0535102,1,1,,,"Aufgrund der geplanten Umstellung auf eine neue Finanzbuchhaltungssoftware muss die Zuordnung zu den Sachkonten geändert werden, so dass sich tlw. Verschiebungen zwischen den Sachkonten ergeben. Bei größeren Veränderungen erfolgt ggf. eine entsprechende Erläuterung. Zu den einzelnen Ergebniszeilen ist folgendes festzustellen:",318
0535102,2,2,11,31099,Personalaufwendungen,318
0535102,2,3,11,,Es wird auf die Erläuterungen im Vorbericht verwiesen.,318
0535102,3,4,15,15000,Transferaufwendungen,318
0535102,3,5,15,,Erfasst werden hier die vom Rat beschlossenen Zuschüsse zu den Restmüllgebühren aus sozialen Gründen.,318
0535102,4,6,28,2685,Aufwendungen aus internen Leistungsbeziehungen,318
0535102,4,7,28,,Der Haushaltsansatz erfasst die Verrechnung von Sachkosten aus dem Produkt „01.111.02 - Zentrale Verwaltungsdienste“.,318
0537501,1,1,,,"Aufgrund der geplanten Umstellung auf eine neue Finanzbuchhaltungssoftware muss die Zuordnung zu den Sachkonten geändert werden, so dass sich tlw. Verschiebungen zwischen den Sachkonten ergeben. Bei größeren Veränderungen erfolgt ggf. eine entsprechende Erläuterung. Zu den einzelnen Ergebniszeilen ist folgendes festzustellen:",323
0537501,2,2,02,1200,Zuwendungen und allgemeine Umlagen,323
0537501,2,3,02,,"Das Anlagevermögen ist mit Zuwendungen Dritter, insbesondere mit Zuwendungen des Landes, finanziert worden.",323
0537501,3,4,04,1500000,Öffentlich-rechtliche Leistungsentgelte,323
0537501,3,5,04,,Es handelt sich um die Nutzungsgebühren auf Basis der vom Rat beschlossenen Benutzungs- und Gebührensatzung für Unterkünfte für Flüchtlinge.,323
0537501,4,6,06,500,Kostenerstattungen und Kostenumlagen,323
0537501,4,7,06,,Es handelt sich um vermischte Erträge. Diese wurden bis 2025 unter Sonstige ordentliche Erträge aufgeführt.,323
0537501,5,8,07,0,Sonstige ordentliche Erträge,323
0537501,5,9,07,,Es handelt sich um vermischte Erträge. Diese werden ab 2026 unter Kostenerstattungen und Kostenumlagen aufgeführt.,323
0537501,6,10,11,336381,Personalaufwendungen,323
0537501,6,11,11,,Zu den Personalaufwendungen wird auf die Erläuterungen im Vorbericht verwiesen.,323
0537501,7,12,13,16000,Aufwendungen für Sach- und Dienstleistungen,323
0537501,7,13,13,0,Bewirtschaftung angemieteter Grundstücke und baulicher Anlagen,323
0537501,7,14,13,,"Hierbei handelt es sich um die Betriebskosten und Kosten für kleinere Reparaturen für angemietete Wohnungen und Unterkünfte. Diese werden ab 2026 im Produkt ""01.111.10 - Zentrales Gebäudemanagement"" aufgeführt.",323
0537501,7,15,13,16000,Aufwendungen für sonstige Dienstleistungen,323
0537501,7,16,13,,"Hierbei handelt es sich um die Kosten für Sicherheitsdienste für die Unterkunft Münsterstr. 2. Die Leichtbauhallen an der Talstraße wurden im Jahr 2025 abgebaut, daher ergibt sich die Reduzierung des Ansatzes.",323
0537501,8,17,14,253000,Bilanzielle Abschreibungen,323
0537501,8,18,14,,Es wird auf die Erläuterungen im Vorbericht verwiesen.,323
0537501,9,19,16,26000,Sonstige ordentliche Aufwendungen,323
0537501,9,20,16,0,Mieten und Pachten,323
0537501,9,21,16,,"Die Aufwendungen für angemietete Wohnungen und Unterkünfte werden ab 2026 im Produkt ""01.111.10 - Zentrales Gebäudemanagement"" erfasst.",323
0537501,9,22,16,26000,Geschäftsaufwendungen,324
0537501,9,23,16,,"Aufwendungen für Einrichtungsgegenstände für die Unterkünfte für Flüchtlinge. Die Aufwendungen für angemietete Wohnungen und Unterkünfte werden ab 2026 im Produkt ""01.111.10 - Zentrales Gebäudemanagement"" erfasst.",324
0537501,10,24,27,1500,Erträge aus internen Leistungsbeziehungen,324
0537501,10,25,27,,"Erfasst werden hier die Grundsteuern, die die Stadt Hörstel für eigene Grundstücke (in diesem Produkt die Übergangsheime) zu zahlen hat. Diese sind aus statistischen Gründen und im Hinblick auf die Ermittlung der Steuerkraft im kommunalen Finanzausgleich gesondert zu erfassen und buchhalterisch nachzuweisen.",324
0537501,11,26,28,1646024,Aufwendungen aus internen Leistungsbeziehungen,324
0537501,11,27,28,,Der Haushaltsansatz erfasst zum einen die Verrechnung der Leistungen des Baubetriebshofes und zum anderen die Verrechnung von Sachkosten aus dem Produkt „01.111.02 - Zentrale Verwaltungsdienste“. Die Aufwendungen für die eigenen und angemieteten Flüchtlingsunterkünfte werden beim Produkt „01.111.10 - Zentrales Gebäudemanagement“ veranschlagt und über die Internen Leistungsverrechnungen diesem Produkt zugeordnet.,324
0636101,1,1,,,"Aufgrund der geplanten Umstellung auf eine neue Finanzbuchhaltungssoftware muss die Zuordnung zu den Sachkonten geändert werden, so dass sich tlw. Verschiebungen zwischen den Sachkonten ergeben. Bei größeren Veränderungen erfolgt ggf. eine entsprechende Erläuterung. Zu den einzelnen Ergebniszeilen ist folgendes festzustellen:",332
0636101,2,2,02,34000,Zuwendungen und allgemeine Umlagen,332
0636101,2,3,02,,Das Anlagevermögen (ehem. Bruchsteinschule in Bevergern) ist mit Zuwendungen des Landes finanziert worden.,332
0636101,3,4,05,10000,Privatrechtliche Leistungsentgelte,332
0636101,3,5,05,,"Dem DRK-Kreisverband ist zur Errichtung einer Kindertagesstätte in Dreierwalde ein Grundstück im Erbbaurechtswege überlassen worden. Hierfür ergibt sich ein Erbbauzins. Ab 2026 können aus der Vermietung der von der Stadt Hörstel errichteten provisorischen Kindertagesstätte keine Mieterträge mehr generiert werden, daher reduziert sich der Ansatz.",332
0636101,4,6,11,136902,Personalaufwendungen,332
0636101,4,7,11,,Zu den Personalaufwendungen wird auf die Erläuterungen im Vorbericht verwiesen.,332
0636101,5,8,14,14500,Bilanzielle Abschreibungen,332
0636101,5,9,14,,Es wird auf die Erläuterungen im Vorbericht verwiesen,332
0636101,6,10,15,1139500,Transferaufwendungen,332
0636101,6,11,15,1115500,Zuweisungen und Zuschüsse für laufende,332
0636101,6,12,15,,"Die Stadt Hörstel gewährt Zuschüsse für Kindertagesstätten. Die Zuschüsse zu den Betriebskosten orientieren sich an den Trägeranteilen der Einrichtungsbudgets, die sich wiederum aus Kindpauschalen für die angemeldeten Kinder zusammensetzen. Außerdem werden Zuschüsse an die Kindertagesstätten für die Fahrten zu den außerschulischen Lernstandorten Bioenergiepark Saerbeck und Kloster Gravenhorst veranschlagt.",332
0636101,6,13,15,24000,Aufwendungen aus der Auflösung von ARAP für geleistete Zuwendungen,332
0636101,6,14,15,,"Die Stadt Hörstel hat Investitionszuschüsse für den Ausbau von Kindertagesstätten, insbesondere für die U3-Betreuung gewährt. Die Investitionszuschüsse sind mit einer zeitlichen Zweckbindung versehen. Haushaltsrechtlich handelt es sich dabei um einen Aktiven Rechnungsabgrenzungsposten (ARAP), der über den Zeitraum der Zweckbindung aufwandswirksam aufgelöst wird.",332
0636101,7,15,16,25000,Sonstige ordentliche Aufwendungen,332
0636101,7,16,16,,Es handelt sich um Haushaltsmittel für die Anmietung von Pavillonanlagen für die provisorischen Kindertagesstätten.,332
0636101,8,17,28,89680,Aufwendungen aus internen Leistungsbeziehungen,332
0636101,8,18,28,,Der Haushaltsansatz erfasst zum einen die Verrechnung der Leistungen des Baubetriebshofes und zum anderen die Verrechnung von Sachkosten aus dem Produkt „01.111.02 - Zentrale Verwaltungsdienste“. Die Aufwendungen für Sach- und Dienstleistungen bzgl. der ehem. Bruchsteinschule Bevergern und der provisorischen Kindertagesstätten werden im Produkt „01.111.10 - Zentrales Gebäudemanagement“ veranschlagt und über die Internen Leistungsverrechnungen diesem Produkt zugeordnet.,332
0636201,1,1,,,"Aufgrund der geplanten Umstellung auf eine neue Finanzbuchhaltungssoftware muss die Zuordnung zu den Sachkonten geändert werden, so dass sich tlw. Verschiebungen zwischen den Sachkonten ergeben. Bei größeren Veränderungen erfolgt ggf. eine entsprechende Erläuterung. Zu den einzelnen Ergebniszeilen ist folgendes festzustellen:",338
0636201,2,2,11,39579,Personalaufwendungen,338
0636201,2,3,11,,Zu den Personalaufwendungen wird auf die Erläuterungen im Vorbericht verwiesen.,338
0636201,3,4,15,150100,Transferaufwendungen,338
0636201,3,5,15,,Die Stadt Hörstel gewährt verschiedene Zuschüsse für die Jugendarbeit. Im Einzelnen handelt es sich in 2026 dabei um den Zuschuss an die Ev. Jugendhilfe Münsterland gGmbH zur Mitfinanzierung der Stelle des Streetworkers (105.000 €) und Zuschüsse zur Förderung der Jugendarbeit.,338
0636201,4,6,16,4150,Sonstige ordentliche Aufwendungen,338
0636201,4,7,16,,"Es handelt sich hier um Aufwendungen, die im Zusammenhang mit der Ferienaktion „Freier Eintritt ins Hallenbad“ anfallen (Bustransfer zum Hallenbad und fiktive Gebühren der Hallenbadnutzung in Höhe des zu versteuernden Betrages) sowie um den Mitgliedsbeitrag zum Deutschen Jugendherbergswerk.",338
0636201,5,8,28,2473,Aufwendungen aus internen Leistungsbeziehungen,338
0636201,5,9,28,,Der Haushaltsansatz bezieht sich auf die Verrechnung von Sachkosten aus dem Produkt „01.111.02 - Zentrale Verwaltungsdienste“.,338
0636601,1,1,,,"Aufgrund der geplanten Umstellung auf eine neue Finanzbuchhaltungssoftware muss die Zuordnung zu den Sachkonten geändert werden, so dass sich tlw. Verschiebungen zwischen den Sachkonten ergeben. Bei größeren Veränderungen erfolgt ggf. eine entsprechende Erläuterung. Zu den einzelnen Ergebniszeilen ist folgendes festzustellen:",344
0636601,2,2,02,60500,Zuwendungen und allgemeine Umlagen,344
0636601,2,3,02,,Hierbei handelt es sich um Erträge aus der Auflösung von Sonderposten aus Zuwendungen.,344
0636601,3,4,11,24759,Personalaufwendungen,344
0636601,3,5,11,,Zu den Personalaufwendungen wird auf die Erläuterungen im Vorbericht verwiesen.,344
0636601,4,6,13,27000,Aufwendungen für Sach- und Dienstleistungen,344
0636601,4,7,13,,Aufwendungen für die laufende Unterhaltung der Spiel- und Bolzplätze im Stadtgebiet und dem Skatepark in Hörstel.,344
0636601,5,8,14,53500,Bilanzielle Abschreibungen,344
0636601,5,9,14,,Es wird auf die Erläuterungen im Vorbericht verwiesen.,344
0636601,6,10,28,131816,Aufwendungen aus internen Leistungsbeziehungen,344
0636601,6,11,28,,Der Haushaltsansatz erfasst zum einen die Verrechnung der Leistungen des Baubetriebshofes und zum anderen die Verrechnung von Sachkosten aus dem Produkt „01.111.02 - Zentrale Verwaltungsdienste“.,344
0741101,1,1,,,"Aufgrund der geplanten Umstellung auf eine neue Finanzbuchhaltungssoftware muss die Zuordnung zu den Sachkonten geändert werden, so dass sich tlw. Verschiebungen zwischen den Sachkonten ergeben. Bei größeren Veränderungen erfolgt ggf. eine entsprechende Erläuterung. Zu der einzigen Ergebniszeile ist folgendes festzustellen:",351
0741101,2,2,,345000,Sonstige Transferaufwendungen,351
0741101,2,3,,,"Hier werden Mittel zur Krankenhausfinanzierung auf Landesebene erfasst, welche die Stadt Hörstel an das Land zu zahlen hat. Die Beteiligungsquote der Kommunen beträgt 40 %. Der Anteil der Stadt Hörstel wurde für die Jahre 2026 bis 2029 mit je 345.000 € veranschlagt.",351
0842101,1,1,,,"Aufgrund der geplanten Umstellung auf eine neue Finanzbuchhaltungssoftware muss die Zuordnung zu den Sachkonten geändert werden, so dass sich tlw. Verschiebungen zwischen den Sachkonten ergeben. Bei größeren Veränderungen erfolgt ggf. eine entsprechende Erläuterung. Die Defizite der Produkte ""08.421.01 - Förderung des Sports"", ""08.424.01 - Sportfreianlagen"" und "" 08.424.02 - Sporthallen"" stellen insgesamt den Umfang der Förderung der Sportvereine durch die Stadt Hörstel dar. Zu den einzelnen Ergebniszeilen ist folgendes festzustellen:",360
0842101,2,2,11,33151,Personalaufwendungen,360
0842101,2,3,11,,Zu den Personalaufwendungen wird auf die Erläuterungen im Vorbericht verwiesen.,360
0842101,3,4,15,95600,Transferaufwendungen,360
0842101,3,5,15,,"Die Stadt Hörstel gewährt den sporttreibenden Vereinen und Verbänden aufgrund entsprechender Ratsbeschlüsse jährliche Zuschüsse. Außerdem hat die Stadt Hörstel einen Investitionszuschuss für den Bau der Bewegungshalle in Bevergern und der Gymnastikhalle in Dreierwalde gewährt. Der Investitionszuschuss ist mit einer zeitlichen Zweckbindung versehen. Haushaltsrechtlich handelt es sich dabei um einen Aktiven Rechnungsabgrenzungsposten (ARAP), der über den Zeitraum der Zweckbindung aufwandswirksam aufgelöst wird.",360
0842101,4,6,16,4500,Sonstige ordentliche Aufwendungen,360
0842101,4,7,16,,Es handelt sich um Mieten und Pachten.,360
0842101,5,8,28,80086,Aufwendungen aus internen Leistungsbeziehungen,360
0842101,5,9,28,,Der Haushaltsansatz 2026 setzt sich wie folgt zusammen:,360
0842101,5,10,28,,Verrechnung der Leistungen des Baubetriebshofes 8.000 €,360
0842101,5,11,28,,Verrechnung der Kosten für die Nutzung des Hallenba-70.000 € des durch die Sportvereine,360
0842101,5,12,28,,Verrechnung von Sachkosten aus dem Produkt 2.086 € „01.111.02 - Zentrale Verwaltungsdienste“ Summe 80.086 € Die anteiligen Beträge für die Verrechnung der Kosten für die Nutzung des Hallenbades durch die Sportvereine wurden anhand der Nutzungszeiten ermittelt und betreffen die über die zu versteuernden Aufwendungen hinausgehenden Anteile.,360
0842401,1,1,,,"Die Sportfreianlagen sind Teil des Betriebes gewerblicher Art (BgA) „Sportstätten-Sportfreianlagen“. Das bedeutet, dass zum einen die Erträge umsatzsteuerpflichtig sind, zum anderen aber für die Aufwendungen eine Vorsteuerabzugsberechtigung besteht. Ergebniswirksam und damit im Ergebnisplan erfasst sind lediglich die Netto-Erträge und die Netto-Aufwendungen (d.h. jeweils ohne Umsatzsteuer bzw. Vorsteuer). Da Umsatz- bzw. Vorsteuer jedoch finanzwirksam sind, sind die hierfür anfallenden Beträge im Finanzplan zu erfassen und entsprechend darzustellen. Die Defizite der Produkte ""08.421.01 - Förderung des Sports"", ""08.424.01 - Sportfreianlagen"" und "" 08.424.02 - Sporthallen"" stellen insgesamt den Umfang der Förderung der Sportvereine durch die Stadt Hörstel dar. Aufgrund der geplanten Umstellung auf eine neue Finanzbuchhaltungssoftware muss die Zuordnung zu den Sachkonten geändert werden, so dass sich tlw. Verschiebungen zwischen den Sachkonten ergeben. Bei größeren Veränderungen erfolgt ggf. eine entsprechende Erläuterung. Zu den einzelnen Ergebniszeilen ist folgendes festzustellen:",366
0842401,2,2,02,94000,Zuwendungen und allgemeine Umlagen,366
0842401,2,3,02,,Das Anlagevermögen ist teilweise mit Zuwendungen Dritter finanziert worden.,366
0842401,3,4,06,7600,Kostenerstattungen und Kostenumlagen,366
0842401,3,5,06,,"Hier werden die Kostenbeteiligungen der Sportvereine an den Frühjahrsinstandsetzungen der Tennisplätze, an den Betriebskosten im Rahmen der Budgetvereinbarung und an den Personalkosten für die Reinigung des Jugend- und Besprechungsraumes im Umkleidegebäude der Sportanlage Hörstel erfasst.",366
0842401,4,6,11,71942,Personalaufwendungen,366
0842401,4,7,11,,Zu den Personalaufwendungen wird auf die Erläuterungen im Vorbericht verwiesen.,366
0842401,5,8,13,105500,Aufwendungen für Sach- und Dienstleistungen,366
0842401,5,9,13,97000,Instandhaltung des Infrastrukturvermögens,366
0842401,5,10,13,,"Ab 2026 werden hier die Aufwendungen für die laufende Unterhaltung der Sportplätze in allen Stadtteilen (z. B. Düngung, Vertikutieren und Aerifizieren von Rasenspielfeldern, Unterhaltung der Beregnungsanlagen, Frühjahrsinstandsetzung der Tennisplätze, Pflege Kunstrasen) erfasst. Diese waren bisher unter Unterhaltung des sonstigen unbeweglichen Vermögens aufgeführt.",366
0842401,5,11,13,0,Unterhaltung des sonstigen unbeweglichen Vermögens,366
0842401,5,12,13,,"Ab 2026 werden die Aufwendungen für die laufende Unterhaltung der Sportplätze in allen Stadtteilen (z.B. Düngung, Vertikutieren und Aerifizieren von Rasenspielfeldern, Unterhaltung der Beregnungsanlagen, Frühjahrsinstandsetzung der Tennisplätze, Pflege Kunstrasen) unter Instandhaltung des Infrastrukturvermögens aufgeführt (s.o.).",366
0842401,5,13,13,7500,Haltung von Fahrzeugen,366
0842401,5,14,13,,Die Rasenmäher des Bauhofes werden zu einem großen Anteil auch für die Unterhaltung der Sportstätten eingesetzt. Die Aufwendungen werden aus steuerlichen Gründen anteilig dem BgA „Sportstätten-Sportfreianlagen“ zugeordnet. Außerdem werden hier die Aufwendungen für die Unterhaltung der Mähroboter berücksichtigt.,366
0842401,5,15,13,1000,Unterhaltung des beweglichen Vermögens,366
0842401,5,16,13,,Es handelt sich um die Aufwendungen für die Unterhaltung von Einrichtungsgegenständen und für die Beschaffung von Geringwertigen Wirtschaftsgütern.,367
0842401,6,17,14,156000,Bilanzielle Abschreibungen,367
0842401,6,18,14,,Es wird auf die Erläuterungen im Vorbericht verwiesen.,367
0842401,7,19,15,6400,Transferaufwendungen,367
0842401,7,20,15,,"Die Stadt Hörstel hat einen Investitionszuschuss für den Bau der Tartanbahn der Sportanlage in Riesenbeck gewährt. Der Investitionszuschuss ist mit einer zeitlichen Zweckbindung versehen. Haushaltsrechtlich handelt es sich dabei um einen Aktiven Rechnungsabgrenzungsposten (ARAP), der über den Zeitraum der Zweckbindung aufwandswirksam aufgelöst wird.",367
0842401,8,21,16,300,Sonstige ordentliche Aufwendungen,367
0842401,8,22,16,,Es handelt sich um die anteiligen Versicherungsbeiträge des Großflächenmäher für den BgA „Sportstätten-Sportfreianlagen“.,367
0842401,9,23,27,37730,Erträge aus internen Leistungsbeziehungen,367
0842401,9,24,27,,"Die in diesem Produkt aus der Bewirtschaftung der Sportfreianlagen erzielten Erträge werden tlw. im Produkt „01.111.10 - Zentrales Gebäudemanagement“ veranschlagt und über die Internen Leistungsverrechnungen diesem Produkt zugeordnet. Hierunter fallen auch die Nutzungsgebühren, die durch die Vereine zu zahlen sind und Erträge aus der Verpachtung von Dachflächen an die Hörsteler Energie GmbH für die installierten PV-Anlagen.",367
0842401,10,25,28,352025,Aufwendungen aus internen Leistungsbeziehungen,367
0842401,10,26,28,,"Der Haushaltsansatz erfasst zum einen die Verrechnung der Leistungen des Baubetriebshofes und zum anderen die Verrechnung von Sachkosten aus dem Produkt „01.111.02 - Zentrale Verwaltungsdienste“. Die Aufwendungen für Sach- und Dienstleistungen (Unterhaltung der Grundstücke und Bauliche Anlagen, Bewirtschaftung der Grundstücke und baulichen Anlagen) sowie sonstige ordentliche Aufwendungen (Steuern und Versicherungen) werden beim Produkt „01.111.10 - Zentrales Gebäudemanagement“ veranschlagt und über die Internen Leistungsverrechnungen diesem Produkt zugeordnet.",367
0842402,1,1,,,"Die Sporthallen sind Teil des Betriebes gewerblicher Art (BgA) „Sportstätten-Sporthallen“. Das bedeutet, dass zum einen die Erträge umsatzsteuerpflichtig sind, zum anderen aber für die Aufwendungen eine Vorsteuerabzugsberechtigung besteht. Ergebniswirksam und damit im Ergebnisplan erfasst sind lediglich die Netto-Erträge und die Netto-Aufwendungen (d.h. jeweils ohne Umsatzsteuer bzw. Vorsteuer). Da Umsatz- bzw. Vorsteuer jedoch finanzwirksam sind, sind die hierfür anfallenden Beträge im Finanzplan zu erfassen und entsprechend darzustellen. Die „Grüne Halle“, die in 2020 übernommen wurde, zählt nicht zum BgA. Aufgrund von §2b UstG kann hier jedoch auch teilweise die Vorsteuer erstattet werden. Die Defizite der Produkte „Förderung des Sports“, „Sportfreianlagen“ und „Sporthallen“ stellen insgesamt den Umfang der Förderung der Sportvereine der Stadt Hörstel dar. Aufgrund der geplanten Umstellung auf eine neue Finanzbuchhaltungssoftware muss die Zuordnung zu den Sachkonten geändert werden, so dass sich tlw. Verschiebungen zwischen den Sachkonten ergeben. Bei größeren Veränderungen erfolgt ggf. eine entsprechende Erläuterung. Zu den einzelnen Ergebniszeilen ist folgendes festzustellen:",373
0842402,2,2,02,95000,Zuwendungen und allgemeine Umlagen,373
0842402,2,3,02,,Das Anlagevermögen im Produkt „Sporthallen“ ist teilweise mit Zuwendungen Dritter finanziert worden.,373
0842402,3,4,04,53000,Öffentlich-rechtliche Leistungsentgelte,373
0842402,3,5,04,,"Hierunter werden die für die Umsatzsteuer maßgeblichen „Nutzungsgebühren“ (umsatzsteuerrechtlich = unentgeltliche Wertabgabe) der Schulen erfasst. Die Nutzungsgebühren der Vereine für die Nutzung werden im Produkt ""Zentrales Gebäudemanagement"" veranschlagt und diesem Produkt über die Erträge aus Inneren Verrechnungen zugeordnet.",373
0842402,4,6,06,680,Kostenerstattungen und Kostenumlagen,373
0842402,4,7,06,,Es handelt sich hierbei um die Erstattung der Betriebskosten für die Gymnastikhalle durch den SV Teuto Riesenbeck (wirtschaftlicher Eigentümer).,373
0842402,5,8,11,74810,Personalaufwendungen,373
0842402,5,9,11,,Zu den Personalaufwendungen wird auf die Erläuterungen im Vorbericht verwiesen.,373
0842402,6,10,13,12100,Aufwendungen für Sach- und Dienstleistungen,373
0842402,6,11,13,,Hierbei handelt es sich um die Kosten für die laufende Unterhaltung des sonstigen beweglichen Vermögens in den Sporthallen.,373
0842402,7,12,14,142000,Bilanzielle Abschreibungen,373
0842402,7,13,14,,Es wird auf die Erläuterungen im Vorbericht verwiesen.,373
0842402,8,14,15,10000,Transferaufwendungen,373
0842402,8,15,15,,"Die Stadt Hörstel hat einen Investitionszuschuss für den Bau der Gymnastikhalle in Hörstel gewährt. Der Investitionszuschuss ist mit einer zeitlichen Zweckbindung versehen. Haushaltsrechtlich handelt es sich dabei um einen Aktiven Rechnungsabgrenzungsposten (ARAP), der über den Zeitraum der Zweckbindung aufwandswirksam aufgelöst wird.",373
0842402,9,16,16,5580,Sonstige ordentliche Aufwendungen,374
0842402,9,17,16,,Es handelt sich um Geschäftsaufwendungen. Hierzu gehören die Aufwendungen für die Ersatzbeschaffung von Geringwertigen Wirtschaftsgütern.,374
0842402,10,18,27,78100,Erträge aus internen Leistungsbeziehungen,374
0842402,10,19,27,,"Die Sporthallen werden durch Vereine und Schulen genutzt. Das Produkt „Sporthallen“ soll das durch die Nutzung der Vereine entstehende Defizit (= Förderung des Sportes) abbilden. Deshalb ist es notwendig, die durch die Nutzung der Schulen entstehenden Kosten den Produkten „Grundschulen“ und „Gesamtschule“ zuzuordnen. Dies erfolgt im Wege einer internen Leistungsverrechnung im Verhältnis der jeweiligen Nutzungszeiten. Dabei werden die bereits für umsatzsteuerliche Zwecke erfassten Beträge entsprechend berücksichtigt, siehe Erläuterungen zu „Öffentlich-rechtliche Leistungsentgelte“. Zusätzlich werden die im Produkt „01.111.10 Zentrales Gebäudemanagement“ veranschlagten und diesem Produkt zuzuordnenden Erträge über die Internen Leistungsverrechnungen diesem Produkt zugeordnet. Dazu gehören auch die Nutzungsgebühren, die für die Nutzung der Sporthallen gezahlt werden.",374
0842402,11,20,28,491898,Aufwendungen aus internen Leistungsbeziehungen,374
0842402,11,21,28,,"Der Haushaltsansatz erfasst zum einen die Verrechnung der Leistungen des Baubetriebshofes und zum anderen die Verrechnung von Sachkosten aus dem Produkt „Zentrale Verwaltungsdienste“. Die Aufwendungen für Sach- und Dienstleistungen (Unterhaltung der Grundstücke und Bauliche Anlagen, Bewirtschaftung der Grundstücke und baulichen Anlagen sowie Sonstige Ordentliche Aufwendungen (Geschäftsaufwendungen, Steuern und Versicherungen) werden im Produkt „01.111.10 Zentrales Gebäudemanagement“ veranschlagt und über die Internen Leistungsverrechnungen diesem Produkt zugeordnet.",374
0842403,1,1,,,"Aufgrund der geplanten Umstellung auf eine neue Finanzbuchhaltungssoftware muss die Zuordnung zu den Sachkonten geändert werden, so dass sich tlw. Verschiebungen zwischen den Sachkonten ergeben. Bei größeren Veränderungen erfolgt ggf. eine entsprechende Erläuterung. Zu den einzelnen Ergebniszeilen ist folgendes festzustellen:",379
0842403,2,2,02,16000,Zuwendungen und allgemeine Umlagen,379
0842403,2,3,02,,Das Anlagevermögen ist teilweise mit Zuwendungen Dritter finanziert worden.,379
0842403,3,4,04,25000,Öffentlich-rechtliche Leistungsentgelte,379
0842403,3,5,04,,"Einerseits werden hier die Eintrittsgelder für die Hallenbadnutzung, andererseits hier die für die Umsatzsteuer maßgeblichen „Nutzungsgebühren“ (umsatzsteuerrechtlich = unentgeltliche Wertabgabe) der Schulen und der Ferienaktionen „Freier Eintritt ins Hallenbad“ erfasst.",379
0842403,4,6,11,204434,Personalaufwendungen,379
0842403,4,7,11,,Zu den Personalaufwendungen wird auf die Erläuterungen im Vorbericht verwiesen.,379
0842403,5,8,13,14300,Aufwendungen für Sach- und Dienstleistungen,379
0842403,5,9,13,,"Hierbei handelt es sich um Kosten für Dienstleistungen, z. B. für Wasseruntersuchungen und Wartungen. Diese waren bis 2025 unter Sonstige ordentliche Aufwendungen aufgeführt.",379
0842403,6,10,14,36000,Bilanzielle Abschreibungen,379
0842403,6,11,14,,Es wird auf die Erläuterungen im Vorbericht verwiesen.,379
0842403,7,12,16,4500,Sonstige ordentliche Aufwendungen,379
0842403,7,13,16,,"Hier werden die Geschäftsaufwendungen veranschlagt. Erfasst werden die Aufwendungen für die Beschaffung von geringwertigen Wirtschaftsgütern, die Aufwendungen für Telefon- und Rundfunkgebühren, wasseraufbereitende Mittel, Reinigungsmaterial. Die Kosten für Dienstleistungen werden ab 2026 unter Aufwendungen für Sach- und Dienstleistungen veranschlagt.",379
0842403,8,14,27,189000,Erträge aus internen Leistungsbeziehungen,379
0842403,8,15,27,,"Das Hallenbad Riesenbeck wird neben der Allgemeinheit vor allem auch für das Schulschwimmen im Rahmen des Sportunterrichts und für die Sportvereine für Vereinszwecke genutzt. Das Produkt „08.424.03 - Hallenbad Riesenbeck“ soll das durch den allgemeinen Badebetrieb entstehende Defizit abbilden. Deshalb ist es notwendig, die durch die Nutzung der Schulen entstehenden Kosten den Produkten „03.211.01 - Grundschulen“ und „03.218.01 - Gesamtschule“ und die durch die Nutzung der Sportvereine entstehenden Kosten dem Produkt „08421.01 - Förderung des Sports“ zuzuordnen. Dies erfolgt im Wege einer internen Leistungsverrechnung im Verhältnis der jeweiligen Nutzungszeiten. Dabei werden die bereits für umsatzsteuerliche Zwecke erfassten Beträge entsprechend berücksichtigt, siehe Erläuterungen zu „Öffentlich-rechtliche Leistungsentgelte“.",379
0842403,9,16,28,273322,Aufwendungen aus internen Leistungsbeziehungen,379
0842403,9,17,28,,"Es handelt sich um Verrechnung von Sachkosten aus dem Produkt „01.111.02 - Zentrale Verwaltungsdienste“, TUI-Sachkostenaufschlag, Gemeinkostenaufschlag für Querschnittsfunktionen, Verrechnung für Leistungen des Baubetriebshofes. Die Aufwendungen für Sach- und Dienstleistungen (Unterhaltung der Grundstücke und Bauliche Anlagen, Bewirtschaftung der Grundstücke und baulichen Anlagen) sowie sonstige ordentliche Aufwendungen (Steuern und Versicherungen) werden beim Produkt „01.111.10 - Zentrales Gebäudemanagement“ veranschlagt und über die Internen Leistungsverrechnungen diesem Produkt zugeordnet.",380
0951101,1,1,,,"Aufgrund der geplanten Umstellung auf eine neue Finanzbuchhaltungssoftware muss die Zuordnung zu den Sachkonten geändert werden, so dass sich tlw. Verschiebungen zwischen den Sachkonten ergeben. Bei größeren Veränderungen erfolgt ggf. eine entsprechende Erläuterung. Zu den einzelnen Ergebniszeilen ist folgendes festzustellen:",388
0951101,2,2,02,53500,Zuwendungen und allgemeine Umlagen,388
0951101,2,3,02,,"Die Stadt Hörstel leistet zur Finanzierung der Deckungslücke beim Breitbandausbau in den unterversorgten Außenbereichen, in den Gewerbegebieten und für den Ausbau durch die Stadtwerke Tecklenburger Land (Graue Flecken) einen Investitionszuschuss. Es wird unterstellt, dass dieser Zuschuss tlw. aus Mitteln der Allgemeinen Investitionspauschale finanziert wird. Deshalb ergibt sich ein Sonderposten in entsprechender Höhe, der über die Dauer der vereinbarten Zweckbindung ertragswirksam aufgelöst wird.",388
0951101,3,4,06,35000,Kostenerstattungen und Kostenumlagen,388
0951101,3,5,06,,Durch die Kostenerstattung für die Durchführung von Bauleitverfahren ergeben sich Erträge in Höhe von 35.000 €.,388
0951101,4,6,11,252529,Personalaufwendungen,388
0951101,4,7,11,,Zu den Personalaufwendungen wird auf die Erläuterungen im Vorbericht verwiesen.,388
0951101,4,8,11,100000,Aufwendungen für sonstige Dienstleistungen,388
0951101,4,9,11,,"Es handelt sich um die Kosten für die Aufstellung und Änderung von Bauleitplänen, die bisher unter Geschäftsaufwand veranschlagt wurden. Die Kosten für Bauleitplanung des ehem. Flugplatzes Dreierwalde werden ab 2026 im Produkt ""01.111.09 Liegenschaftsverwaltung"" dargestellt.",388
0951101,5,10,15,53500,Transferaufwendungen,388
0951101,5,11,15,,"Die Stadt Hörstel leistet einen Zuschuss zur Finanzierung der Deckungslücke beim Breitbandausbau in den unterversorgten Außenbereichen, in den Gewerbegebieten und für den Ausbau durch die Stadtwerke Tecklenburger Land (Graue Flecken). Der Investitionszuschuss ist mit einer zeitlichen Zweckbindung versehen. Haushaltsrechtlich handelt es sich dabei um einen Aktiven Rechnungsabgrenzungsposten (ARAP), der über den Zeitraum der Zweckbindung aufwandswirksam aufgelöst wird.",388
0951101,6,12,16,15500,Sonstige ordentliche Aufwendungen,388
0951101,6,13,16,,"Es handelt sich hier überwiegend um Aufwendungen für Öffentliche Bekanntmachungen, Gerichts- und Prozesskosten und den Vereinsbeitrag für die Lokale Arbeitsgruppe Tecklenburger Land e.V. (LEADER). Die Kosten für die Aufstellung und Änderung von Bauleitplänen werden ab 2026 unter den Aufwendungen für Sach- und Dienstleistungen dargestellt.",388
0951101,7,14,28,24626,Aufwendungen aus internen Leistungsbeziehungen,388
0951101,7,15,28,,Der Haushaltsansatz bezieht sich auf die Verrechnung von Sachkosten aus dem Produkt „01.111.02 - Zentrale Verwaltungsdienste“.,388
1052101,1,1,,,"Aufgrund der geplanten Umstellung auf eine neue Finanzbuchhaltungssoftware muss die Zuordnung zu den Sachkonten geändert werden, so dass sich tlw. Verschiebungen zwischen den Sachkonten ergeben. Bei größeren Veränderungen erfolgt ggf. eine entsprechende Erläuterung. Zu den einzelnen Ergebniszeilen ist folgendes festzustellen:",395
1052101,2,2,04,5500,Öffentlich-rechtliche Leistungsentgelte,395
1052101,2,3,04,,Bei der Durchführung von Genehmigungsfreistellungsverfahren sind unter bestimmten Voraussetzungen vom Antragsteller Verwaltungsgebühren zu zahlen. Außerdem werden hier die Gebühren für die Prüfung und Ausstellung der Vorkaufsrechtsbescheinigungen veranschlagt.,395
1052101,3,4,11,59550,Personalaufwendungen,395
1052101,3,5,11,,Zu den Personalaufwendungen wird auf die Erläuterungen im Vorbericht verwiesen.,395
1052101,4,6,28,4950,Aufwendungen aus internen Leistungsbeziehungen,395
1052101,4,7,28,,Der Haushaltsansatz bezieht sich auf die Verrechnung von Sachkosten aus dem Produkt „01.111.02 - Zentrale Verwaltungsdienste“.,395
1052201,1,1,,,"Aufgrund der geplanten Umstellung auf eine neue Finanzbuchhaltungssoftware muss die Zuordnung zu den Sachkonten geändert werden, so dass sich tlw. Verschiebungen zwischen den Sachkonten ergeben. Bei größeren Veränderungen erfolgt ggf. eine entsprechende Erläuterung. Zu den einzelnen Ergebniszeilen ist folgendes festzustellen:",399
1052201,2,2,11,0,Personalaufwendungen,399
1052201,2,3,11,,Zu den Personalaufwendungen wird auf die Erläuterungen im Vorbericht verwiesen.,399
1052201,3,4,15,100,Transferaufwendungen,399
1052201,3,5,15,,"Die Stadt Hörstel hat in den Vorjahren für städtebauliche Mehraufwendungen im Zusammenhang mit der Sanierung von Gebäuden Zuschüsse gewährt. Die Zuschussgewährung ist mit einem Rückzahlungsanspruch verbunden worden für den Fall, dass vor Ende der Zweckbindungsfrist eine Umnutzung des Gebäudes erfolgt. Dieser Vorgang stellt bilanziell einen Aktiven Rechnungsabgrenzungsposten (ARAP) dar. Dieser ist entsprechend dem sinkenden Rückzahlungsanspruch aufwandswirksam aufzulösen.",399
1052201,4,6,28,0,Aufwendungen aus internen Leistungsbeziehungen,399
1052201,4,7,28,,Der Haushaltsansatz bezieht sich auf die Verrechnung von Sachkosten aus dem Produkt „01.111.02 - Zentrale Verwaltungsdienste“.,399
1052301,1,1,,,"Aufgrund der geplanten Umstellung auf eine neue Finanzbuchhaltungssoftware muss die Zuordnung zu den Sachkonten geändert werden, so dass sich tlw. Verschiebungen zwischen den Sachkonten ergeben. Bei größeren Veränderungen erfolgt ggf. eine entsprechende Erläuterung. Zu den einzelnen Ergebniszeilen ist folgendes festzustellen:",404
1052301,2,2,,6000,Zuweisungen und allgemeine Umlagen,404
1052301,2,3,,,Für 2026 und auch für die Folgejahre wird wieder eine pauschale Landeszuweisung für die kleine private Denkmalpflege in Höhe von 6.000 € erwartet.,404
1052301,3,4,04,100,Öffentlich-rechtliche Leistungsentgelte,404
1052301,3,5,04,,Verwaltungsgebühren im Rahmen des Denkmalschutzgesetzes NRW,404
1052301,4,6,11,29167,Personalaufwendungen,404
1052301,4,7,11,,Zu den Personalaufwendungen wird auf die Erläuterungen im Vorbericht verwiesen.,404
1052301,5,8,15,10000,Transferaufwendungen,404
1052301,5,9,15,,"Die Stadt Hörstel gewährt Zuschüsse für die sog. „Kleine Denkmalpflege“ (Renovierung von Bildstöcken, Fassaden, Giebeln und historischen Gebäudeteilen einschl. Mauern und Brücken). Hierfür gewährt das Land eine Pauschalförderung von 6.000 €, siehe Erläuterungen zu „Zuweisungen und allgemeine Umlagen“.",404
1052301,6,10,28,5446,Aufwendungen aus internen Leistungsbeziehungen,404
1052301,6,11,28,,Der Haushaltsansatz bezieht sich auf die Verrechnung von Sachkosten aus dem Produkt „01.111.02 - Zentrale Verwaltungsdienste“. Die Aufwendungen für Sach- und Dienstleistungen (Bauliche Unterhaltung) werden im Produkt „01.111.10 - Zentrales Gebäudemanagement“ veranschlagt und über die Internen Leistungsverrechnungen diesem Produkt zugeordnet.,404
1153101,1,1,,,"Aufgrund der geplanten Umstellung auf eine neue Finanzbuchhaltungssoftware muss die Zuordnung zu den Sachkonten geändert werden, so dass sich tlw. Verschiebungen zwischen den Sachkonten ergeben. Bei größeren Veränderungen erfolgt ggf. eine entsprechende Erläuterung. Zu den einzelnen Ergebniszeilen ist folgendes festzustellen:",412
1153101,2,2,05,101200,Privatrechtliche Leistungsentgelte,412
1153101,2,3,05,,Die Stadt Hörstel hat mit verschiedenen Betreibern von Windkraftanlagen städtebauliche Verträge abgeschlossen. Den Betreibern ist in diesem Zusammenhang das Recht zur Inanspruchnahme von Wegeflächen eingeräumt worden. Hierfür erhält die Stadt Hörstel jährlich eine pauschale Entschädigung in Höhe von rd. 29.200 €. Aufgrund der mit den Betreibern von Windkraftanlagen abgeschlossenen Verträge erhält die Stadt Hörstel eine Vergütung im Rahmen der finanziellen Beteiligung der Kommunen am Ausbau erneuerbarer Energien (Windkraftanlagen) abhängig von der erzeugten Strommenge.,412
1153101,3,4,07,520000,Sonstige ordentliche Erträge,412
1153101,3,5,07,,"Zwischen der Stadt Hörstel und der Stadtwerken Tecklenburger Land Netz GmbH & Co. KG (SWTE Netz) besteht ein Stromkonzessionsvertrag. Dieser hat eine Laufzeit bis zum 31.12.2035. Mit diesem Vertrag hat die Stadt Hörstel der SWTE Netz das Wegebenutzungsrecht zur Errichtung und zum Betrieb der Stromleitungen eingeräumt. Als Gegenleistung erhält die Stadt Hörstel eine Konzessionsabgabe, deren Höhe sich nach der Konzessionsabgabenverordnung richtet und in Centbeträgen je gelieferter Kilowattstunde bemessen wird. Dabei hängt die Höhe u. a. auch von der Größenklasse der Gemeinden und von der vertraglichen Regelung mit dem Stromabnehmer (Tarifkunde/Sondervertragskunde) ab. Das Konzessionsabgabenaufkommen der Stadt Hörstel für Strom wurde für 2026 mit 520.000 € veranschlagt.",412
1153201,1,1,,,"Aufgrund der geplanten Umstellung auf eine neue Finanzbuchhaltungssoftware muss die Zuordnung zu den Sachkonten geändert werden, so dass sich tlw. Verschiebungen zwischen den Sachkonten ergeben. Bei größeren Veränderungen erfolgt ggf. eine entsprechende Erläuterung. Zu den einzelnen Ergebniszeilen ist folgendes festzustellen:",416
1153201,2,2,07,36000,Sonstige ordentliche Erträge,416
1153201,2,3,07,,"Zwischen der Stadt Hörstel und der Stadtwerken Tecklenburger Land Netz GmbH & Co. KG (SWTE Netz) besteht ein Gaskonzessionsvertrag. Dieser hat eine Laufzeit bis zum 31.12.2035. Mit diesem Vertrag hat die Stadt Hörstel der SWTE Netz das Wegebenutzungsrecht zur Errichtung und zum Betrieb der Gasleitungen eingeräumt. Als Gegenleistung erhält die Stadt Hörstel eine Konzessionsabgabe, deren Höhe sich nach der Konzessionsabgabenverordnung richtet und in Centbeträgen je gelieferter Kilowattstunde bemessen wird. Dabei hängt die Höhe u. a. auch von der Größenklasse der Gemeinden und von der vertraglichen Regelung mit dem Gasabnehmer (Tarifkunde/Sondervertragskunde) ab. Das Konzessionsabgabenaufkommen der Stadt Hörstel für Gas wurde für 2026 mit 36.000 € veranschlagt.",416
1153701,1,1,,,"Allgemeines Aufgrund des Verpackungsgesetzes und der daraufhin abgeschlossenen Verträge beteiligt sich das Duale System weiterhin an den Kosten der Altpapierentsorgung der Stadt Hörstel. Die Kosten, die auf das dem gewerblichen Bereich zuzuordnende Altpapier entfallen, werden erstattet. Es handelt sich um 35,5 % der Gesamtkosten. Zusätzlich werden wie bisher die Kosten für die Abfallberatung und die Kosten für die Sauberhaltung der Containerstandorte erstattet. Aufgrund der Höhe der Einnahmen aus der Erstattung von 35,5 % der Gesamtkosten vom Dualen System wird dieser Bereich der Altpapierentsorgung seit 2021 als Betrieb gewerblicher Art (BgA) „gewerblicher Abfall“ geführt. Das bedeutet, dass zum einen die Erträge umsatzsteuerpflichtig sind, zum anderen aber für die Aufwendungen tlw. (35,5 %) eine Vorsteuerabzugsberechtigung besteht. Ergebniswirksam und damit im Ergebnisplan erfasst sind lediglich die Netto-Erträge und die Netto-Aufwendungen (d.h. jeweils ohne Umsatzsteuer bzw. Vorsteuer). Da Umsatz- bzw. Vorsteuer jedoch finanzwirksam sind, sind die hierfür anfallenden Beträge im Finanzplan zu erfassen und entsprechend dargestellt. Der Gewinn des BgA ist entsprechend zu versteuern. Teilergebnisplan Der Teilergebnisplan, der die Gebührenhaushalte „Rest- und Biomüllbeseitigung“ abbildet, schließt im Haushaltsjahr 2026 mit einem Positivsaldo von 11.212 € ab. Grundsätzlich sind die Abweichungen zwischen der Gebührenkalkulation und der haushaltsmäßigen Darstellung darauf zurückzuführen, dass unterschiedliche Regelungen zwischen dem Kommunalabgabengesetz (KAG) einerseits und dem kommunalen Haushaltsrecht andererseits bestehen. Die Gebührenkalkulation richtet sich nach dem KAG. Hierfür gilt das Kostendeckungsprinzip. Gebühren sind in Höhe der Kosten festzusetzen. Kosten im Sinne des KAG sind nur die leistungs- und betriebsbedingten Kosten. Die Kalkulation der Abschreibungen erfolgt seit 2013 nach Wiederbeschaffungszeitwerten. Das Haushaltsrecht sieht die Darstellung nach Anschaffungs- und Herstellungswerten vor. Es werden bei der Kalkulation Kalkulatorische Zinsen berücksichtigt, die nicht im Haushalt berücksichtigt werden. Die Gebührenkalkulation für 2026 wurde vom Rat am 17.12.2025 beschlossen. Aufgrund der geplanten Umstellung auf eine neue Finanzbuchhaltungssoftware muss die Zuordnung zu den Sachkonten geändert werden, so dass sich tlw. Verschiebungen zwischen den Sachkonten ergeben. Bei größeren Veränderungen erfolgt ggf. eine entsprechende Erläuterung. Zu den einzelnen Ergebniszeilen ist folgendes festzustellen:",422
1153701,2,2,04,1431168,Öffentlich-rechtliche Leistungsentgelte,422
1153701,2,3,04,1317300,Benutzungsgebühren und ähnliche Entgelte,422
1153701,2,4,04,,Es handelt sich um die Rest- und Biomüllgebühren entsprechend den satzungsmäßigen Regelungen.,422
1153701,2,5,04,113868,Erträge aus der Auflösung von Sonderposten für den Gebührenausgleich,422
1153701,2,6,04,,"In den Sonderposten für den Gebührenausgleich werden die Kostenüberdeckungen der einzelnen Jahre erfasst, diese sind gemäß § 6 Abs. 2 Satz 3 Kommunalabgabengesetz innerhalb eines Zeitraumes von vier Jahren zur Stabilisierung der Gebühren einzusetzen.",422
1153701,3,7,05,195100,Privatrechtliche Leistungsentgelte,422
1153701,3,8,05,,Abgebildet wird hier insbesondere die Vergütung des Dualen Systems Deutschland für die Unterhaltung der Containerstandorte. Außerdem werden hier die Erträge aus der Altpapierverwertung und die Erträge aus der Beteiligung des Dualen Systems an den kommunalen Sammelkosten der Altpapierabfuhr veranschlagt.,422
1153701,4,9,11,56788,Personalaufwendungen,422
1153701,4,10,11,,Zu den Personalaufwendungen wird auf die Erläuterungen im Vorbericht verwiesen.,422
1153701,5,11,13,1328653,Aufwendungen für Sach- und Dienstleistungen,423
1153701,5,12,13,,Hierzu gehören:,423
1153701,5,13,13,,die Vergütung an den mit der Abfuhr der einzelnen Abfallarten und Wertstoffe beauftragten Unternehmer,423
1153701,5,14,13,,die an den Kreis Steinfurt zu zahlenden Deponiegebühren,423
1153701,5,15,13,,die Kosten des Schadstoffmobils,423
1153701,5,16,13,,die Kosten für die Beseitigung von wildem Müll,423
1153701,5,17,13,,die Kosten für die Instandhaltung der Containerstandplätze und,423
1153701,5,18,13,,die Kosten für die Beseitigung der Grünabfälle anlässlich der Häckseltermine,423
1153701,6,19,14,28500,Bilanzielle Abschreibungen,423
1153701,6,20,14,,Es wird auf die Erläuterungen im Vorbericht verwiesen.,423
1153701,7,21,16,39023,Sonstige ordentliche Aufwendungen,423
1153701,7,22,16,,"Es handelt sich um die zu zahlende Körperschaftssteuer, Kapitalertragsteuer, Solidaritätszuschlag und Gewerbesteuer für den Betrieb gewerblicher Art „gewerblicher Abfall“.",423
1153701,8,23,19,2300,Finanzerträge,423
1153701,8,24,19,,"Da die liquiden Mittel als Tags- und Termingeld angelegt werden, sind die Mittel des Sonderpostens für den Gebührenausgleich entsprechend zu verzinsen.",423
1153701,9,25,28,164592,Aufwendungen aus internen Leistungsbeziehungen,423
1153701,9,26,28,,"Es handelt sich um Verrechnung von Sachkosten aus dem Produkt „01.111.02 - Zentrale Verwaltungsdienste“, TUI-Sachkostenaufschlag, Gemeinkostenaufschlag für Querschnittsfunktionen und um die Verrechnung für Leistungen des Baubetriebshofes.",423
1153801,1,1,,,"Aufgrund der geplanten Umstellung auf eine neue Finanzbuchhaltungssoftware muss die Zuordnung zu den Sachkonten geändert werden, so dass sich tlw. Verschiebungen zwischen den Sachkonten ergeben. Bei größeren Veränderungen erfolgt ggf. eine entsprechende Erläuterung. Teilergebnisplan Der Teilergebnisplan, besteht aus den Gebührenhaushalten „Schmutz- bzw. Niederschlagswasserbeseitigung“. Die zugrundeliegenden Gebührenkalkulationen wurde vom Rat am 17.12.2025 beschlossen. Das positive Ergebnis und damit die Abweichung zwischen der Gebührenkalkulation und der haushaltsmäßigen Darstellung sind darauf zurückzuführen, dass die rechtlichen Regelungen zur Gebührenkalkulation (Kommunalabgabengesetz -KAG-) einerseits von den haushaltsmäßigen Darstellungen (Gemeindeordnung und Kommunalhaushaltsverordnung) andererseits klar zu unterscheiden und zu trennen sind. Die Gebührenkalkulation der Schmutz- und Niederschlagswassergebühr richtet sich ausschließlich nach den Bestimmungen des KAG und der hierzu ergangenen Rechtsprechung. Es gilt das Kostendeckungsprinzip. Gebühren sind in Höhe der Kosten festzusetzen. Unterschiede ergeben sich in verschiedener Hinsicht: 1. Die Erträge aus der Auflösung von Sonderposten für Zuwendungen (siehe auch die Erläuterung zur Position „Zuwendungen und allgemeine Umlagen“) und die Erträge aus der Auflösung von Sonderposten für Beiträge (siehe auch die Erläuterung zur Position „Öffentlich-rechtliche Leistungsentgelte“) wurden bei der Kalkulation der Abwassergebühren wie bisher nicht Gebühren mindernd berücksichtigt. Dies entspricht für den Abwasserbereich der herrschenden Meinung in der Literatur. Diese Rechtsauffassung wird auch von der Gemeindeprüfungsanstalt NRW geteilt. Da die Erträge aus der Auflösung nicht Gebühren mindernd eingesetzt und kostendeckende Gebühren erhoben werden, ergibt sich ein bilanziell positives Ergebnis in Höhe der Erträge aus der Auflösung von Zuwendungen und Beiträgen. 2. Die Kalkulation der Abschreibungen erfolgt seit 2013 auf Basis von Wiederbeschaffungszeitwerten. Das Haushaltsrecht des Landes NRW sieht die Darstellung nach Anschaffungs- und Herstellungswerten vor. Bei der Kalkulation werden kalkulatorische Zinsen berücksichtigt, die im Haushalt nicht dargestellt werden. Zu den einzelnen Ergebniszeilen ist folgendes festzustellen:",434
1153801,2,2,02,204000,Zuwendungen und allgemeine Umlagen,434
1153801,2,3,02,,Das Anlagevermögen ist teilweise mit Zuwendungen Dritter finanziert worden.,434
1153801,3,4,04,6005625,Öffentlich-rechtliche Leistungsentgelte,434
1153801,3,5,04,,Gebühren für Schmutz- und Niederschlagwasser (5.425.625 €),434
1153801,3,6,04,,Erträge aus der Auflösung von Sonderposten für Beiträge (535.000 €),434
1153801,3,7,04,,Erträge aus der Auflösung von Sonderposten für den Gebührenausgleich (43.000 €),434
1153801,3,8,04,,Erträge Stromeinspeisung Blockheizkraftwerk (BHKW),434
1153801,4,9,05,0,Privatrechtliche Leistungsentgelte,434
1153801,4,10,05,,Es handelt es sich um die Erlöse aus der Stromeinspeisung des Blockheizkraftwerkes (BHKW). Diese werden ab 2026 unter öffentlich-rechtliche Leistungsentgelte erfasst.,434
1153801,5,11,06,101520,Kostenerstattungen und Kostenumlagen,434
1153801,5,12,06,,Es handelt sich um die Erstattung der Kosten für die Herstellung der Kontrollschächte auf den Privatgrundstücken. Die entsprechenden Aufwendungen werden unter Aufwendungen für Sach- und Dienstleistungen erfasst.,434
1153801,5,13,06,30200,Sonstige Ordentliche Erträge,435
1153801,5,14,06,,Es handelt sich um Stundungszinsen und Erträge aus der Verrechnung der Abwasserabgabe mit den Investitionskosten für Außenbereichsanschlüsse.,435
1153801,6,15,11,760610,Personalaufwendungen,435
1153801,6,16,11,,Zu den Personalaufwendungen wird auf die Erläuterungen im Vorbericht verwiesen.,435
1153801,7,17,13,1464100,Aufwendungen für Sach- und Dienstleistungen,435
1153801,7,18,13,0,Unterhaltung der Grundstücke und baulichen Anlagen,435
1153801,7,19,13,,"Bis 2025 wurden hier die Aufwendungen für die Unterhaltung der Kläranlage, der Pumpstationen, der Regenwasserrückhaltebecken und des BHKWs dargestellt.",435
1153801,7,20,13,274500,Instandhaltung der Gebäude und baulichen Anlagen,435
1153801,7,21,13,,"Ab 2026 werden hier die Aufwendungen für die Unterhaltung der Kläranlage, der Pumpstationen und des BHKWs dargestellt.",435
1153801,7,22,13,195000,Instandhaltung des Infrastrukturvermögens,435
1153801,7,23,13,,Ab 2026 werden hier die Kosten für die Unterhaltung und Instandsetzung der Kanalisation und der Regenwasserrückhaltebecken erfasst.,435
1153801,7,24,13,0,Unterhaltung des sonstigen unbeweglichen Vermögens,435
1153801,7,25,13,,"Bis 2025 wurden hier die Kosten für die Unterhaltung der Kanalisation, für die Beseitigung der im Rahmen der Selbstüberwachungsverordnung Kanal (SüwV Kan) festgestellten Schäden (jetzt Instandhaltung Infrastrukturvermögen) und die Reinigung der Regeneinwasserläufe der Straßen (jetzt Sonstige Dienstleistungen) erfasst.",435
1153801,7,26,13,0,Bewirtschaftung der Grundstücke und baulichen Anlagen,435
1153801,7,27,13,,Bis 2025 wurden hier die Stromkosten und das Wassergeld für die Kläranlage und die Pumpstationen unter den Positionen Stromkosten und Wasserkosten abgebildet.,435
1153801,7,28,13,260000,Stromkosten - Unterhaltung und Bewirtschaftung des Infrastrukturvermögens,435
1153801,7,29,13,,Ab 2026 werden die Stromkosten für die Kläranlage und die Pumpstationen hier abgebildet.,435
1153801,7,30,13,40000,Wasserkosten - Infrastrukturvermögen,435
1153801,7,31,13,,Ab 2026 werden das Wassergeld für die Kläranlage und die Pumpstationen hier abgebildet.,435
1153801,7,32,13,6200,Heizkosten - Infrastrukturvermögen,435
1153801,7,33,13,,Ab 2026 werden hier die Heizkosten für die Kläranlage und den Faulturm abgebildet.,435
1153801,7,34,13,3500,Reinigungskosten - Unterhaltung und Bewirtschaftung des Infrastrukturvermögens,435
1153801,7,35,13,,Ab 2026 werden hier die Reinigungskosten für die Kläranlage und die Pumpstationen abgebildet.,435
1153801,7,36,13,67600,Unterhaltung und Bewirtschaftung des Infrastrukturvermögens,435
1153801,7,37,13,,"Es handelt sich ab 2026 um die Kosten für die Erschwererbeiträge der Unterhaltungsverbände, Kommunale Abgaben und die zu zahlenden Abwasserabgaben Schmutzwasser und Niederschlagswasser.",436
1153801,7,38,13,13000,Haltung von Fahrzeugen,436
1153801,7,39,13,604000,Aufwendungen für sonstige Dienstleistungen,436
1153801,7,40,13,,"Im Einzelnen geht es um die Kosten für die Klärschlammverwertung, die Kanaluntersuchungen nach der SüwV Kan, die Abrechnung der Schmutzwassergebühren durch einen Dienstleister und die Aufwendungen für die Herstellung von Kontrollschächten (Erstattungen hierfür befinden sich unter Kostenerstattungen und Kostenumlagen).",436
1153801,8,41,14,1393000,Bilanzielle Abschreibungen,436
1153801,8,42,14,,Es wird auf die Erläuterungen im Vorbericht verwiesen.,436
1153801,9,43,16,24130,Sonstige ordentliche Aufwendungen,436
1153801,9,44,16,,"Hierbei handelt es sich hauptsächlich um Geschäftsaufwendungen, Mitgliedsbeiträge an wasserwirtschaftliche Vereinigungen und um Aufwendungen für Arbeitskleidung, Öffentliche Bekanntmachungen, Telefon und Internet. Außerdem zählen hierzu Steuern sowie Aufwendungen für Versicherungen. Die Kosten für die Abwasserabgaben und die Erschwererbeiträge werden ab 2026 unter Unterhaltung und Bewirtschaftung des Infrastrukturvermögens veranschlagt.",436
1153801,10,45,27,10000,Erträge aus internen Leistungsbeziehungen,436
1153801,10,46,27,,Hierbei handelt es sich um die Verrechnung der Kosten für die Fäkalienbehandlung aus privaten Grundstücksentwässerungsanlagen. Tlw. werden Erträge im Produkt „01.111.10 - Zentrales Gebäudemanagement“ veranschlagt und über die Internen Leistungsverrechnungen diesem Produkt zugeordnet.,436
1153801,11,47,28,171634,Aufwendungen aus internen Leistungsbeziehungen,436
1153801,11,48,28,,"Es handelt sich um Verrechnung von Sachkosten aus dem Produkt „01.111.02 - Zentrale Verwaltungsdienste“, TUI-Sachkostenaufschlag, Gemeinkostenaufschlag für Querschnittsfunktionen, Verrechnung für Leistungen des Baubetriebshofes.",436
1153802,1,1,,,"Aufgrund der geplanten Umstellung auf eine neue Finanzbuchhaltungssoftware muss die Zuordnung zu den Sachkonten geändert werden, so dass sich tlw. Verschiebungen zwischen den Sachkonten ergeben. Bei größeren Veränderungen erfolgt ggf. eine entsprechende Erläuterung. Die Gebührenkalkulation für 2026 wurde vom Rat am 17.12.2025 beschlossen. Zu den einzelnen Ergebniszeilen ist folgendes festzustellen:",441
1153802,2,2,04,24000,Öffentlich-rechtliche Leistungsentgelte,441
1153802,2,3,04,,Erfasst werden hier die Gebühren für die Entsorgung der privaten Grundstücksentwässerungsanlagen.,441
1153802,3,4,11,4373,Personalaufwendungen,441
1153802,3,5,11,,Zu den Personalaufwendungen wird auf die Erläuterungen im Vorbericht verwiesen.,441
1153802,4,6,13,10000,Aufwendungen für Sach- und Dienstleistungen,441
1153802,4,7,13,,"Hierbei handelt es sich um die Vergütung des Fremdunternehmers, der mit der Abfuhr des aus privaten Grundstücksentwässerungsanlagen zu entsorgenden Abwassers beauftragt ist.",441
1153802,5,8,28,10213,Aufwendungen aus internen Leistungsbeziehungen,441
1153802,5,9,28,,"Es handelt sich um die Verrechnung von Sachkosten aus dem Produkt „01.111.02 - Zentrale Verwaltungsdienste“, TUI-Sachkostenaufschlag, Gemeinkostenaufschlag für Querschnittsfunktionen und die Verrechnung für Leistungen des Baubetriebshofes. Außerdem werden hier die Kosten für die Entsorgung der abgefahrenen Abwässer in der Kläranlage veranschlagt.",441
1254101,1,1,,,"Aufgrund der geplanten Umstellung auf eine neue Finanzbuchhaltungssoftware muss die Zuordnung zu den Sachkonten geändert werden, so dass sich tlw. Verschiebungen zwischen den Sachkonten ergeben. Bei größeren Veränderungen erfolgt ggf. eine entsprechende Erläuterung. Zu den einzelnen Ergebniszeilen ist folgendes festzustellen:",454
1254101,2,2,02,398000,Zuwendungen und allgemeine Umlagen,454
1254101,2,3,02,,Das Anlagevermögen ist teilweise mit Zuwendungen Dritter finanziert worden.,454
1254101,3,4,04,687000,Öffentlich-rechtliche Leistungsentgelte,454
1254101,3,5,04,,"Das Anlagevermögen ist teilweise mit Beiträgen Dritter (Erschließungsbeiträge, Straßenbaubeiträge) finanziert worden.",454
1254101,4,6,07,32500,Sonstige ordentliche Erträge,454
1254101,4,7,07,1000,Säumniszuschläge und Stundungszinsen.,454
1254101,4,8,07,,Für die zu zahlenden Erschließungsbeiträge werden regelmäßig auf entsprechenden Antrag Stundungen ausgesprochen. Hierfür sind Stundungszinsen zu zahlen.,454
1254101,4,9,07,31500,Andere sonstige ordentliche Erträge –zahlungsunwirksam-,454
1254101,4,10,07,,"Die Stadt Hörstel hat vom Landesbetrieb Straßenbau NRW einen kapitalisierten Ablösebetrag für die Unterhaltung des gemeinsamen Rad- und Fußweges an der L 833 (Tiefer Weg/Bahnhofstraße), Hörstel, erhalten. Außerdem hat sich das Land NRW wg. des Baus der Maßregelvollzugsklinik (MRV-Klinik) an den Unterhaltungskosten der gemeinsamen Haupterschließungsstraße von MRV-Klinik und Gewerbegebiet ehem. Flugplatz Dreierwalde beteiligt. Diese Ablösebeträge sind mit einer zeitlichen Zweckbindung versehen. Haushaltsrechtlich handelt es sich dabei um einen Passiven Rechnungsabgrenzungsposten (PRAP), der über den Zeitraum der Zweckbindung ertragswirksam aufgelöst wird.",454
1254101,5,11,11,238507,Personalaufwendungen,454
1254101,5,12,11,,Zu den Personalaufwendungen wird auf die Erläuterungen im Vorbericht verwiesen.,454
1254101,6,13,13,1205300,Aufwendungen für Sach- und Dienstleistungen,454
1254101,6,14,13,207300,Instandhaltung des Infrastrukturvermögens,454
1254101,6,15,13,,"Es handelt sich hierbei um die Kosten für die Oberflächenbehandlung der Straßen, Unterhaltung und Sanierung der Brücken, Sanierung von Banketten und um Maßnahmen zur Gewährleistung der Barrierefreiheit im Straßenraum. Die Kosten wurden bisher unter Unterhaltung des sonstigen unbeweglichen Vermögens dargestellt.",454
1254101,6,16,13,0,Unterhaltung des sonstigen unbeweglichen Vermögens,454
1254101,6,17,13,,Die Aufwendungen werden ab 2026 unter Instandhaltung des Infrastrukturvermögens aufgeführt (s. o.).,454
1254101,6,18,13,0,Bewirtschaftung der Grundstücke und baulichen Anlagen,454
1254101,6,19,13,,Die Aufwendungen werden ab 2026 unter Unterhaltung und Bewirtschaftung des Infrastrukturvermögens aufgeführt (s. u.).,454
1254101,6,20,13,961500,Unterhaltung und Bewirtschaftung des Infrastrukturvermögens,454
1254101,6,21,13,,"Der Ansatz enthält im Wesentlichen folgende Aufwendungen (bisher Unterhaltung des sonstige unbeweglichen Vermögens und Bewirtschaftung Grundstücke und baulichen Anlagen): Unterhaltung der Fahrbahnen, Rad- und Gehwege 215.000 € Unterhaltung der Bankette und des Straßenbegleit-215.000 € grüns Beseitigung des Räumgutes der Wasserläufe an städt. 15.500 € Grundstücken Kosten der Straßenoberflächenentwässerung 500.000 €",455
1254101,7,22,14,1751000,Bilanzielle Abschreibungen,455
1254101,7,23,14,,Es wird auf die Erläuterungen im Vorbericht verwiesen.,455
1254101,8,24,16,6800,Sonstige ordentliche Aufwendungen,455
1254101,8,25,16,1500,Mieten und Pachten,455
1254101,8,26,16,,"Einzelne Straßenflächen befinden sich nicht im Eigentum der Stadt Hörstel, sondern sind gepachtet.",455
1254101,8,27,16,5300,Geschäftsaufwendungen,455
1254101,8,28,16,,Erfasst werden hier die Aufwendungen für die im Bereich des Erschließungsbeitragsrechts zu erwartenden Gerichtsverfahren sowie für öffentliche Bekanntmachungen (bis 2025).,455
1254101,8,29,16,0,Sonstige Steuern,455
1254101,8,30,16,,Hierzu gehören die für die Straßen- und Wegeflächen anfallenden Steuern und Abgaben. Die Abgaben werden ab 2026 unter Unterhaltung und Bewirtschaftung des Infrastrukturvermögens erfasst.,455
1254101,9,31,27,24800,Erträge aus internen Leistungsbeziehungen,455
1254101,9,32,27,,"Es handelt sich um die Verrechnung der Aufwendungen für den städtischen Winterdienst (siehe Produkt ""12.524.01 -Straßenreinigung""). Da die Aufwendungen dort nachzuweisen sind, werden hier entsprechende Erträge verbucht.",455
1254101,10,33,28,1180013,Aufwendungen aus internen Leistungsbeziehungen,455
1254101,10,34,28,,"Es handelt sich um Verrechnung von Sachkosten aus dem Produkt ""01.111.02 - Zentrale Verwaltungsdienste“ und die Verrechnung für Leistungen des Baubetriebshofes.",455
1254102,1,1,,,"Aufgrund der geplanten Umstellung auf eine neue Finanzbuchhaltungssoftware muss die Zuordnung zu den Sachkonten geändert werden, so dass sich tlw. Verschiebungen zwischen den Sachkonten ergeben. Bei größeren Veränderungen erfolgt ggf. eine entsprechende Erläuterung. Zu den einzelnen Ergebniszeilen ist folgendes festzustellen:",460
1254102,2,2,02,10000,Zuwendungen und allgemeine Umlagen,460
1254102,2,3,02,,Das Anlagevermögen ist teilweise mit Zuwendungen Dritter finanziert worden.,460
1254102,3,4,04,11500,Öffentlich-rechtliche Leistungsentgelte,460
1254102,3,5,04,,"Das Anlagevermögen ist teilweise mit Beiträgen Dritter (Erschließungsbeiträge, Straßenausbaubeiträge) finanziert worden.",460
1254102,4,6,06,2100,Kostenerstattungen und Kostenumlagen,460
1254102,4,7,06,,"Hier werden ab 2026 die Schadenersatzleistungen nach Verkehrsunfällen, bei denen Einrichtungen der Straßenbeleuchtung beschädigt wurden, und der Kommunalrabatt auf die Netznutzungsentgelte für die Straßenbeleuchtung erfasst. Bislang waren diese unter Sonstige ordentliche Erträge aufgeführt.",460
1254102,5,8,07,0,Sonstige ordentliche Erträge,460
1254102,5,9,07,,Die Schadenersatzleistungen nach Verkehrsunfällen und der Kommunalrabatt auf die Netznutzungsentgelte für die Straßenbeleuchtung werden ab 2026 unter Kostenerstattungen und Kostenumlagen erfasst.,460
1254102,6,10,11,9463,Personalaufwendungen,460
1254102,6,11,11,,Zu den Personalaufwendungen wird auf die Erläuterungen im Vorbericht verwiesen.,460
1254102,7,12,13,168000,Aufwendungen für Sach- und Dienstleistungen,460
1254102,7,13,13,51000,Instandhaltung des Infrastrukturvermögens,460
1254102,7,14,13,,Hierzu werden ab 2026 die Reparatur- und Wartungskosten der Straßenbeleuchtungsanlagen erfasst. Bis 2025 waren diese unter Unterhaltung des sonstigen unbeweglichen Vermögens erfasst.,460
1254102,7,15,13,0,Unterhaltung des sonstigen unbeweglichen Vermögens,460
1254102,7,16,13,,Die Reparatur- und Wartungskosten der Straßenbeleuchtungsanlagen werden ab 2026 unter Instandhaltung des Infrastrukturvermögens erfasst.,460
1254102,7,17,13,0,Bewirtschaftung der Grundstücke und baulichen Anlagen,460
1254102,7,18,13,,Die Stromkosten der Straßenbeleuchtung sowie Anschlussgebühren für die Erweiterung des Straßenbeleuchtungsnetzes werden ab 2026 unter Stromkosten - Unterhaltung und Bewirtschaftung des Infrastrukturvermögens erfasst.,460
1254102,7,19,13,117000,Stromkosten - Unterhaltung und Bewirtschaftung des Infrastrukturvermögens,460
1254102,7,20,13,,Ab 2026 werden hier die Stromkosten der Straßenbeleuchtung sowie Anschlussgebühren für die Erweiterung des Straßenbeleuchtungsnetzes erfasst. Bis 2025 waren diese unter Bewirtschaftung der Grundstücke und baulichen Anlagen erfasst.,460
1254102,8,21,14,32500,Bilanzielle Abschreibungen,461
1254102,8,22,14,,Es wird auf die Erläuterungen im Vorbericht verwiesen.,461
1254102,9,23,28,714,Aufwendungen aus internen Leistungsbeziehungen,461
1254102,9,24,28,,Der Haushaltsansatz bezieht sich auf die Verrechnung von Sachkosten aus dem Produkt „01.111.02 - Zentrale Verwaltungsdienste“.,461
1254201,1,1,,,"Aufgrund der geplanten Umstellung auf eine neue Finanzbuchhaltungssoftware muss die Zuordnung zu den Sachkonten geändert werden, so dass sich tlw. Verschiebungen zwischen den Sachkonten ergeben. Bei größeren Veränderungen erfolgt ggf. eine entsprechende Erläuterung. Zu den einzelnen Ergebniszeilen ist folgendes festzustellen:",467
1254201,2,2,02,2800,Zuwendungen und allgemeine Umlagen,467
1254201,2,3,02,,Das Anlagevermögen im Produkt „Kreisstraßen“ ist teilweise mit Zuwendungen Dritter finanziert worden.,467
1254201,3,4,11,8364,Personalaufwendungen,467
1254201,3,5,11,,Zu den Personalaufwendungen wird auf die Erläuterungen im Vorbericht verwiesen.,467
1254201,4,6,15,4300,Transferaufwendungen,467
1254201,4,7,15,,Die Stadt Hörstel hat sich an den Kosten des Baus von Kreisstraßen beteiligt. Dieser Investitionskostenzuschuss wird entsprechend des Zeitraumes der Zweckbindung aufwandswirksam aufgelöst. Durch die geplanten weiteren Kostenbeteiligungen erhöhen sich die Aufwendungen entsprechend.,467
1254201,5,8,28,5519,Aufwendungen aus internen Leistungsbeziehungen,467
1254201,5,9,28,,Der Haushaltsansatz erfasst zum einen die Verrechnung der Leistungen des Baubetriebshofes und zum anderen die Verrechnung von Sachkosten aus dem Produkt „Zentrale Verwaltungsdienste“.,467
1254301,1,1,,,"Aufgrund der geplanten Umstellung auf eine neue Finanzbuchhaltungssoftware muss die Zuordnung zu den Sachkonten geändert werden, so dass sich tlw. Verschiebungen zwischen den Sachkonten ergeben. Bei größeren Veränderungen erfolgt ggf. eine entsprechende Erläuterung. Zu den einzelnen Ergebniszeilen ist folgendes festzustellen:",471
1254301,2,2,11,6046,Personalaufwendungen,471
1254301,2,3,11,,Zu den Personalaufwendungen wird auf die Erläuterungen im Vorbericht verwiesen.,471
1254301,3,4,28,135389,Aufwendungen aus internen Leistungsbeziehungen,471
1254301,3,5,28,,Der Haushaltsansatz erfasst zum einen die Verrechnung der Leistungen des Baubetriebshofes und zum anderen die Verrechnung von Sachkosten aus dem Produkt „01.111.02 - Zentrale Verwaltungsdienste“,471
1254501,1,1,,,"Aufgrund der geplanten Umstellung auf eine neue Finanzbuchhaltungssoftware muss die Zuordnung zu den Sachkonten geändert werden, so dass sich tlw. Verschiebungen zwischen den Sachkonten ergeben. Bei größeren Veränderungen erfolgt ggf. eine entsprechende Erläuterung. Der Teilergebnisplan bildet den Gebührenhaushalt „Straßenreinigung“ ab. Das negative Ergebnis hat folgende Gründe: Im Gebührenhaushalt „Öffentliche Straßenreinigung“ gilt grundsätzlich das Kostendeckungsprinzip, d.h., dass Gebühren in Höhe der Kosten anzusetzen sind. Allerdings ergibt sich im Bereich der Straßenreinigung eine Besonderheit. Bedingt durch das Interesse der Allgemeinheit an der Straßenreinigung ist hierfür ein Anteil festzusetzen, der nicht auf die Gebührenpflichtigen umzulegen ist. Dieser Anteil wurde vom Rat der Stadt Hörstel mit 20 % bewertet. Gebühren werden deshalb lediglich in Höhe von 80 % der Kosten erhoben. Die Gebührenkalkulation für 2026 wurde vom Rat am 17.12.2025 beschlossen. Zu den einzelnen Ergebniszeilen ist folgendes festzustellen:",476
1254501,2,2,04,48826,Öffentlich-rechtliche Leistungsentgelte,476
1254501,2,3,04,45441,Benutzungsgebühren und ähnliche Entgelte,476
1254501,2,4,04,,Es handelt sich um die Straßenreinigungsgebühren.,476
1254501,2,5,04,1385,Erträge aus der Auflösung von Sonderposten für den Gebührenausgleich,476
1254501,2,6,04,,Hier werden Erträge aus der Auflösung des Sonderpostens für den Gebührenausgleich erfasst.,476
1254501,3,7,11,4371,Personalaufwendungen,476
1254501,3,8,11,,Zu den Personalaufwendungen wird auf die Erläuterungen im Vorbericht verwiesen.,476
1254501,4,9,13,27000,Aufwendungen für Sach- und Dienstleistungen,476
1254501,4,10,13,,Hierunter fällt die Vergütung für den mit der Straßenreinigung beauftragten Unternehmer.,476
1254501,5,11,28,27262,Aufwendungen aus internen Leistungsbeziehungen,476
1254501,5,12,28,,"Es handelt sich um die Kosten für Verrechnung der Personal- und Fahrzeugkosten für den städtischen Winterdienst, Verrechnung der Kosten des Winterdienstes durch das Land NRW, die Verrechnung von Sachkosten aus dem Produkt „01.111.02 - Zentrale Verwaltungsdienste“, den TUI-Sachkostenaufschlag und den Gemeinkostenaufschlag für Querschnittsfunktionen. Der Teil der Kosten des städtischen Winterdienstes und des Winterdienstes des Landesbetriebes Straßen NRW, der sich auf Straßenabschnitte bezieht, die der öffentlichen Straßenreinigung unterliegen, sind Kosten im Sinne des Gebührenhaushalts „Straßenreinigung“ und hier entsprechend nachzuweisen. Da diese Kosten bei den Produkten „12.541.01 - Gemeindestraßen"" und ""12.541.02 - Straßenbeleuchtung“ erfasst werden, erfolgt der Nachweis in Form einer inneren Verrechnung zwischen den betroffenen Produkten.",476
1254601,1,1,,,"Aufgrund der geplanten Umstellung auf eine neue Finanzbuchhaltungssoftware muss die Zuordnung zu den Sachkonten geändert werden, so dass sich tlw. Verschiebungen zwischen den Sachkonten ergeben. Bei größeren Veränderungen erfolgt ggf. eine entsprechende Erläuterung. Zu den einzelnen Ergebniszeilen ist folgendes festzustellen:",481
1254601,2,2,02,1800,Zuwendungen und allgemeine Umlagen,481
1254601,2,3,02,,Das Anlagevermögen ist teilweise mit Zuwendungen Dritter finanziert worden.,481
1254601,3,4,04,3200,Öffentlich-rechtliche Leistungsentgelte,481
1254601,3,5,04,,Das Anlagevermögen ist teilweise mit den sog. Ablösebeträgen für Stellplätze finanziert worden.,481
1254601,4,6,11,3651,Personalaufwendungen,481
1254601,4,7,11,,Zu den Personalaufwendungen wird auf die Erläuterungen im Vorbericht verwiesen.,481
1254601,5,8,13,2000,Aufwendungen für Sach- und Dienstleistungen,481
1254601,5,9,13,,Es handelt sich um Aufwendungen für die Unterhaltung der Park- und Stellplätze.,481
1254601,6,10,14,11000,Bilanzielle Abschreibungen,481
1254601,6,11,14,,Es wird auf die Erläuterungen im Vorbericht verwiesen.,481
1254601,7,12,28,10220,Aufwendungen aus internen Leistungsbeziehungen,481
1254601,7,13,28,,Der Haushaltsansatz erfasst zum einen die Verrechnung der Leistungen des Baubetriebshofes und zum anderen die Verrechnung von Sachkosten aus dem Produkt „Zentrale Verwaltungsdienste“.,481
1254701,1,1,,,"Aufgrund der geplanten Umstellung auf eine neue Finanzbuchhaltungssoftware muss die Zuordnung zu den Sachkonten geändert werden, so dass sich tlw. Verschiebungen zwischen den Sachkonten ergeben. Bei größeren Veränderungen erfolgt ggf. eine entsprechende Erläuterung. Zu den einzelnen Ergebniszeilen ist folgendes festzustellen:",486
1254701,2,2,02,40000,Zuwendungen und allgemeine Umlagen,486
1254701,2,3,02,,Das Anlagevermögen ist teilweise mit Zuwendungen Dritter finanziert worden.,486
1254701,3,4,04,1200,Öffentlich-rechtliche Leistungsentgelte,486
1254701,3,5,04,,Hier werden ab 2026 Erträge aus der Auflösung Sonderposten für die Stellplätze und für die Benutzung der abschließbaren Fahrradständer am Bahnhof und der Benutzungsboxen erfasst.,486
1254701,4,6,05,1000,Privatrechtliche Leistungsentgelte,486
1254701,4,7,05,,Die Erträge für die Benutzung der abschließbaren Fahrradständer am Bahnhof und der Benutzungsboxen werden ab 2026 unter den Öffentlich-rechtlichen Leistungsentgelten erfasst.,486
1254701,5,8,11,6913,Personalaufwendungen,486
1254701,5,9,11,,Zu den Personalaufwendungen wird auf die Erläuterungen im Vorbericht verwiesen.,486
1254701,6,10,13,15000,Aufwendungen für Sach- und Dienstleistungen,486
1254701,6,11,13,,"Es handelt sich um die Aufwendungen für die Unterhaltung der Wartehallen und der sonstigen Anlagen des ÖPNV (ÖPNV-Anlagen am Schulzentrum, am Bahnhof und im Oberdorf in Riesenbeck).",486
1254701,7,12,14,46500,Bilanzielle Abschreibungen,486
1254701,7,13,14,,Es wird auf die Erläuterungen im Vorbericht verwiesen.,486
1254701,8,14,16,70,Sonstige ordentliche Aufwendungen,486
1254701,8,15,16,,Buswartehallen stehen teilweise auf Privatgrundstücken. Hierfür werden den Grundstückseigentümern Anerkennungsgebühren gezahlt.,486
1254701,9,16,28,11422,Aufwendungen aus internen Leistungsbeziehungen,486
1254701,9,17,28,,Der Haushaltsansatz erfasst zum einen die Verrechnung der Leistungen des Baubetriebshofes und zum anderen die Verrechnung von Sachkosten aus dem Produkt „01.111.02 - Zentrale Verwaltungsdienste“.,486
1355101,1,1,,,"Allgemeines Das Naherholungsgebiet Torfmoorsee einschl. der Parkplätze wird seit 2018 als Betrieb gewerblicher Art (BgA) „Torfmoorsee“ geführt. Das bedeutet, dass zum einen die Erträge umsatzsteuerpflichtig sind, zum anderen aber für die Aufwendungen eine Vorsteuerabzugsberechtigung besteht. Ergebniswirksam und damit im Ergebnisplan erfasst sind lediglich die Netto-Erträge und die Netto-Aufwendungen (d.h. jeweils ohne Umsatzsteuer bzw. Vorsteuer). Da Umsatz- bzw. Vorsteuer jedoch finanzwirksam sind, sind die hierfür anfallenden Beträge im Finanzplan zu erfassen und entsprechend dargestellt. Teilergebnisplan Aufgrund der geplanten Umstellung auf eine neue Finanzbuchhaltungssoftware muss die Zuordnung zu den Sachkonten geändert werden, so dass sich tlw. Verschiebungen zwischen den Sachkonten ergeben. Bei größeren Veränderungen erfolgt ggf. eine entsprechende Erläuterung. Zu den einzelnen Ergebniszeilen ist folgendes festzustellen:",495
1355101,2,2,02,10000,Zuwendungen und allgemeine Umlagen,495
1355101,2,3,02,,Das Anlagevermögen ist teilweise mit Zuwendungen Dritter finanziert worden.,495
1355101,3,4,04,47000,Öffentlich-rechtliche Leistungsentgelte,495
1355101,3,5,04,,Parkgebühren für die Benutzung der Parkflächen am Torfmoorsee in der Zeit vom 1.4. bis 31.10..,495
1355101,4,6,05,8840,Privatrechtliche Leistungsentgelte,495
1355101,4,7,05,,Hierunter fallen die Pachten und die Erstattungen der Betriebskosten für die Verkaufsstände und für das Mini-Café am Torfmoorsee. Außerdem wird hier die Pacht für die Sportfischerei am Torfmoorsee erfasst.,495
1355101,5,8,07,13400,Sonstige ordentliche Erträge,495
1355101,5,9,07,13000,Bußgelder,495
1355101,5,10,07,,Im Zusammenhang mit der Parkraumbewirtschaftung am Torfmoorsee werden Verwarnungs- und Bußgeldbescheide erlassen.,495
1355101,6,11,11,96797,Personalaufwendungen,495
1355101,6,12,11,,Zu den Personalaufwendungen wird auf die Erläuterungen im Vorbericht verwiesen.,495
1355101,7,13,13,22900,Aufwendungen für Sach- und Dienstleistungen,495
1355101,7,14,13,0,Unterhaltung des sonstigen unbeweglichen Vermögens,495
1355101,7,15,13,,"Die Aufwendungen für die Unterhaltung des Naherholungsgebietes Torfmoorsee (Grünanlagen, Wasserflächen usw.) und für die Unterhaltung der Parkscheinautomaten werden ab 2026 unter Instandhaltung des Infrastrukturvermögens und Unterhaltung und Bewirtschaftung des Infrastrukturvermögens erfasst.",495
1355101,7,16,13,14000,Instandhaltung des Infrastrukturvermögens,495
1355101,7,17,13,,"Es handelt sich um die Aufwendungen für die Unterhaltung des Naherholungsgebietes Torfmoorsee (Grünanlagen, Wasserflächen usw.)",496
1355101,7,18,13,3900,Unterhaltung und Bewirtschaftung des Infrastrukturvermögens,496
1355101,7,19,13,,Es handelt sich hier um die Aufwendungen für die Unterhaltung der Parkscheinautomaten am Naherholungsgebiet Torfmoorsee.,496
1355101,7,20,13,1000,Haltung von Fahrzeugen,496
1355101,7,21,13,,Die DLRG setzt ein Rettungsboot zur Überwachung des Torfmoorsees ein. Die Stadt Hörstel übernimmt hierfür die Betriebs- und Reparaturkosten.,496
1355101,7,22,13,4000,Aufwendungen für sonstige Dienstleistungen,496
1355101,7,23,13,,"Es handelt sich um Aufwendungen für den Sicherheits-, Wach- und Sanitätsdienst am Torfmoorsee.",496
1355101,8,24,14,14000,Bilanzielle Abschreibungen,496
1355101,8,25,14,,Es wird auf die Erläuterungen im Vorbericht verwiesen.,496
1355101,9,26,16,1200,Sonstige ordentliche Aufwendungen,496
1355101,9,27,16,1200,Geschäftsaufwendungen,496
1355101,9,28,16,,Hierzu gehören insbesondere die Aufwendungen für die Telefonie des Seebetriebsgebäudes und der Notrufsäule.,496
1355101,10,29,28,142565,Aufwendungen aus internen Leistungsbeziehungen,496
1355101,10,30,28,,"Der Haushaltsansatz erfasst zum einen die Verrechnung der Leistungen des Baubetriebshofes und zum anderen die Verrechnung von Sachkosten aus dem Produkt „01.111.02 - Zentrale Verwaltungsdienste“. Die Aufwendungen für Sach- und Dienstleistungen (Unterhaltung der Grundstücke und Bauliche Anlagen, Bewirtschaftung der Grundstücke und baulichen Anlagen) sowie sonstige ordentliche Aufwendungen (Versicherungen) werden beim Produkt „01.111.10 - Zentrales Gebäudemanagement“ veranschlagt und über die Internen Leistungsverrechnungen diesem Produkt zugeordnet.",496
1355102,1,1,,,"Aufgrund der geplanten Umstellung auf eine neue Finanzbuchhaltungssoftware muss die Zuordnung zu den Sachkonten geändert werden, so dass sich tlw. Verschiebungen zwischen den Sachkonten ergeben. Bei größeren Veränderungen erfolgt ggf. eine entsprechende Erläuterung. Zu den einzelnen Ergebniszeilen ist folgendes festzustellen:",501
1355102,2,2,02,1900,Zuwendungen und allgemeine Umlagen,501
1355102,2,3,02,,Das Anlagevermögen ist teilweise mit Zuwendungen Dritter finanziert worden.,501
1355102,3,4,11,23961,Personalaufwendungen,501
1355102,3,5,11,,Zu den Personalaufwendungen wird auf die Erläuterungen im Vorbericht verwiesen.,501
1355102,4,6,13,22000,Aufwendungen für Sach- und Dienstleistungen,501
1355102,4,7,13,0,Unterhaltung des sonstigen unbeweglichen Vermögens,501
1355102,4,8,13,,Die Kosten für die Unterhaltung der Grünflächen und der sonstigen Einrichtungen der öffentlichen Grünanlagen werden ab 2026 unter Instandhaltung des Infrastrukturvermögens erfasst.,501
1355102,4,9,13,21500,Instandhaltung des Infrastrukturvermögens,501
1355102,4,10,13,,Erfasst werden hier die Kosten für die Unterhaltung der Grünflächen und der sonstigen Einrichtungen der öffentlichen Grünanlagen. Außerdem werden hier ab 2026 die Kosten für die Unterhaltung des städt. Waldes veranschlagt.,501
1355102,5,11,14,5300,Bilanzielle Abschreibungen,501
1355102,5,12,14,,Es wird auf die Erläuterungen im Vorbericht verwiesen.,501
1355102,6,13,28,42528,Aufwendungen aus internen Leistungsbeziehungen,501
1355102,6,14,28,,"Der Haushaltsansatz erfasst zum einen die Verrechnung der Leistungen des Baubetriebshofes und zum anderen die Verrechnung von Sachkosten aus dem Produkt „01.111.02 - Zentrale Verwaltungsdienste“. Die Sach- und Dienstleistungen (Unterhaltung der Grundstücke und Bauliche Anlagen, Bewirtschaftung der Grundstücke und baulichen Anlagen) sowie sonstige ordentliche Aufwendungen (Versicherungen) werden beim Produkt „01.111.10 - Zentrales Gebäudemanagement“ veranschlagt und über die Internen Leistungsverrechnungen diesem Produkt zugeordnet.",501
1355201,1,1,,,"Aufgrund der geplanten Umstellung auf eine neue Finanzbuchhaltungssoftware muss die Zuordnung zu den Sachkonten geändert werden, so dass sich tlw. Verschiebungen zwischen den Sachkonten ergeben. Bei größeren Veränderungen erfolgt ggf. eine entsprechende Erläuterung. Die Gebührenkalkulation für 2026 wurde vom Rat am 17.12.2025 beschlossen. Zu den einzelnen Ergebniszeilen ist folgendes festzustellen:",507
1355201,2,2,04,235990,Öffentlich-rechtliche Leistungsentgelte,507
1355201,2,3,04,,"Die Stadt Hörstel legt die an die einzelnen Unterhaltungsverbände zu zahlenden Beiträge (siehe Erläuterungen zu „Aufwendungen für Sach- und Dienstleistungen“) auf die einzelnen Grundstückseigentümer nach den Bestimmungen des § 8 Kommunalabgabengesetzes (KAG) um, so dass den Kosten grundsätzlich in gleicher Höhe Erträge gegenüberstehen. Es wird unterschieden nach einer Gebühr für versiegelte und unversiegelte Flächen.",507
1355201,3,4,06,51699,Kostenerstattungen und Kostenumlagen,507
1355201,3,5,06,,"Kostenerstattung durch die Unterhaltungsverbände für den neu eingestellten Ingenieur, der Dienstleistungen für die Unterhaltungsverbände durchführt.",507
1355201,4,6,11,47791,Personalaufwendungen,507
1355201,4,7,11,,Zu den Personalaufwendungen wird auf die Erläuterungen im Vorbericht verwiesen.,507
1355201,5,8,13,223975,Aufwendungen für Sach- und Dienstleistungen,507
1355201,5,9,13,,"Die Unterhaltung der Gewässer II. Ordnung wird im Bereich der Stadt Hörstel durch die rechtlich selbstständigen Unterhaltungsverbände „Bevergerner Aa“, „Dreierwalder Aa“, „Hörsteler Aa“, „Hopstener Aa“ und „Ibbenbürener Aa“ wahrgenommen. Die Stadt Hörstel hat entsprechend der Größe des jeweiligen im Stadtgebiet von Hörstel liegenden Verbandsgebietes und den Festsetzungen in den Hebelisten der Unterhaltungsverbände an diese Beiträge zu zahlen. Diese Beiträge werden ab 2026 unter Sach- und Dienstleistungen und nicht mehr unter sonstige ordentliche Aufwendungen (Geschäftsaufwendungen) geführt.",507
1355201,6,10,16,0,Sonstige ordentliche Aufwendungen,507
1355201,6,11,16,,s. Aufwendungen für Sach- und Dienstleistungen,507
1355201,7,12,28,15877,Aufwendungen aus internen Leistungsbeziehungen,507
1355201,7,13,28,,Der Haushaltsansatz beinhaltet den TUI-Sachkostenaufschlag und den Gemeinkostenaufschlag für Querschnittsfunktionen sowie die Verrechnung der Sachkonten.,507
1355301,1,1,,,"Aufgrund der geplanten Umstellung auf eine neue Finanzbuchhaltungssoftware muss die Zuordnung zu den Sachkonten geändert werden, so dass sich tlw. Verschiebungen zwischen den Sachkonten ergeben. Bei größeren Veränderungen erfolgt ggf. eine entsprechende Erläuterung. Zu den einzelnen Ergebniszeilen ist folgendes festzustellen:",512
1355301,2,2,02,3800,Zuwendungen und allgemeine Umlagen,512
1355301,2,3,02,,Es handelt sich zum einen um jährliche Zuschüsse des Landes für die Unterhaltung der Kriegsgräber und zum anderen um Erträge aus der Auflösung von Sonderposten für Zuwendungen.,512
1355301,3,4,05,10,Privatrechtliche Leistungsentgelte,512
1355301,3,5,05,,Die Stadt Hörstel hat von der Kath. Kirchengemeinde ein Grundstück des Kath. Friedhofs gepachtet und an die Ev. Kirchengemeinde weiterverpachtet.,512
1355301,4,6,11,6100,Personalaufwendungen,512
1355301,4,7,11,,Zu den Personalaufwendungen wird auf die Erläuterungen im Vorbericht verwiesen.,512
1355301,5,8,13,3600,Aufwendungen für Sach- und Dienstleistungen,512
1355301,5,9,13,,Erfasst werden hier die Kosten für die externe Unterhaltung der Kriegsgräber.,512
1355301,6,10,14,500,Bilanzielle Abschreibungen,512
1355301,6,11,14,,Es wird auf die Erläuterungen im Vorbericht verwiesen.,512
1355301,7,12,15,3100,Transferaufwendungen,512
1355301,7,13,15,,Die Stadt Hörstel zahlt jährlich einen freiwilligen Zuschuss an die Deutsche Kriegsgräberfürsorge in Höhe von 100 €. Außerdem hat der Rat die Zahlung eines Zuschusses an die Kath. Kirchengemeinde zur Unterhaltung der alten Friedhöfe in Bevergern und Hörstel in Höhe von jährlich 3.000 € beschlossen.,512
1355301,8,14,16,10,Sonstige ordentliche Aufwendungen,512
1355301,8,15,16,,Die Stadt Hörstel hat von der Kath. Kirchengemeinde ein Grundstück des Kath. Friedhofs gepachtet und an die Ev. Kirchengemeinde weiterverpachtet.,512
1355301,9,16,28,25900,Aufwendungen aus internen Leistungsbeziehungen,512
1355301,9,17,28,,Es handelt sich zum einen um die Verrechnung von Sachkosten aus dem Produkt „01.111.02 - Zentrale Verwaltungsdienste“ und zum anderen um die Verrechnung für Leistungen des Baubetriebshofes. Die Aufwendungen für Sach- und Dienstleistungen des Zentralen Gebäudemanagements werden im Produkt „01.111.10 - Zentrales Gebäudemanagement“ veranschlagt und über die Internen Leistungsverrechnungen diesem Produkt zugeordnet.,512
1456101,1,1,,,"Aufgrund der geplanten Umstellung auf eine neue Finanzbuchhaltungssoftware muss die Zuordnung zu den Sachkonten geändert werden, so dass sich tlw. Verschiebungen zwischen den Sachkonten ergeben. Bei größeren Veränderungen erfolgt ggf. eine entsprechende Erläuterung. Zu den einzelnen Ergebniszeilen ist folgendes festzustellen:",521
1456101,2,2,,56900,Zuweisungen und allgemeine Umlagen,521
1456101,2,3,,,"Es handelt sich um die Landeszuweisung zur Umsetzung der Kommunalen Wärmeplanung und um Erträge aus der Auflösung von Sonderposten für Zuwendungen. Personalaufwendungen Ansatz 2025 = 58.4000 €, Ansatz 2026 = 98.265 € Zu den Personalaufwendungen wird auf die Erläuterungen im Vorbericht verwiesen.",521
1456101,3,4,13,90300,Aufwendungen für Sach- und Dienstleistungen,521
1456101,3,5,13,3000,Unterhaltung des sonstigen unbeweglichen Vermögens,521
1456101,3,6,13,,Es handelt sich um Kosten für nicht investive Maßnahmen des Natur- und Landschaftsschutzes.,521
1456101,3,7,13,2000,Unterhaltung und Bewirtschaftung des Infrastrukturvermögens,521
1456101,3,8,13,,Es handelt sich um Kosten für die Unterhaltung der Streuobstwiese und des Lehrgartens.,521
1456101,3,9,13,85300,Aufwendungen für sonstige Dienstleistungen,521
1456101,3,10,13,,"Es handelt sich um Aufwendungen für das Carsharing in Dreierwalde und Riesenbeck durch die Stadtwerke Tecklenburger Land Kommunal GmbH & Co. KG, sowie um die Kosten für den Dienstleistungsvertrag eines privaten Dienstleisters für das Carsharing. Die Verträge für das Carsharing in Dreierwalde wurden zum 31.12.2025 gekündigt, für Riesenbeck wurden noch keine Verträge geschlossen. In 2026 soll eine Neuausrichtung des Carsharing erfolgen. Außerdem wurden in 2026 30.000 € für die Kommunale Wärmeplanung und 20.000 € für die Erstellung einer Stadtklimaanalyse und des Klimaanpassungskonzeptes berücksichtigt.",521
1456101,4,11,15,0,Transferaufwendungen,521
1456101,4,12,15,,Ab 2024 werden lt. Ratsbeschluss vom 22.03.2023 Kosten für ein Förderprogramm Natur- und Klimaschutz berücksichtigt. Ab 2026 werden diese Kosten als sonstige ordentliche Aufwendungen berücksichtigt.,521
1456101,5,13,16,20000,Sonstige ordentliche Aufwendungen,521
1456101,5,14,16,10000,Geschäftsaufwendungen,521
1456101,5,15,16,,Es handelt sich um Kosten für die Umsetzung des Klimaschutzkonzeptes.,521
1456101,5,16,16,10000,Übrige weitere sonstige Aufwendungen aus laufender Verwaltungstätigkeit,521
1456101,5,17,16,,Es handelt sich um die Kosten für ein Förderprogramm Natur- und Klimaschutz (lt. Ratsbeschluss vom 22.03.2023).,521
1456101,6,18,28,7623,Aufwendungen aus internen Leistungsbeziehungen,521
1456101,6,19,28,,"Es handelt sich um die Verrechnung von Sachkosten aus dem Produkt „01.111.02. - Zentrale Verwaltungsdienste"".",522
1557101,1,1,,,"Aufgrund der geplanten Umstellung auf eine neue Finanzbuchhaltungssoftware muss die Zuordnung zu den Sachkonten geändert werden, so dass sich tlw. Verschiebungen zwischen den Sachkonten ergeben. Bei größeren Veränderungen erfolgt ggf. eine entsprechende Erläuterung. Zu den einzelnen Ergebniszeilen ist folgendes festzustellen:",531
1557101,2,2,02,5900,Zuwendungen und allgemeine Umlagen,531
1557101,2,3,02,,Das Anlagevermögen ist teilweise mit Zuwendungen Dritter finanziert worden.,531
1557101,3,4,11,90458,Personalaufwendungen,531
1557101,3,5,11,,Zu den Personalaufwendungen wird auf die Erläuterungen im Vorbericht verwiesen.,531
1557101,4,6,13,43600,Aufwendungen für Sach- und Dienstleistungen,531
1557101,4,7,13,,"Es handelt sich um Aufwendungen für die Gewerbeflächenstrategie, die Kosten der Wirtschaftswerbung und die Kosten der Umsetzung von IKEK dargestellt. Bisher waren diese Kosten unter Geschäftsaufwand bzw. bzgl. IKEK im Produkt ""09.511.01 Räumliche Planungs- und Entwicklungsmaßnahmen, Geoinformationen"" dargestellt.",531
1557101,5,8,14,200,Bilanzielle Abschreibungen,531
1557101,5,9,14,,Das Anlagevermögen des Produktes „Wirtschaftsförderung“ besteht aus einem Messestand.,531
1557101,6,10,15,145500,Transferaufwendungen,531
1557101,6,11,15,145500,"Zuweisungen und Zuschüsse für laufende Zwecke an verbundene Unternehmen, Beteiligungen und Sondervermögen",531
1557101,6,12,15,,Es handelt sich um die Kapitalrücklagenverstärkung für die Stadtmarketing Hörstel UG.,531
1557101,6,13,15,0,Zuweisungen und Zuschüsse für laufende Zwecke an Übrige Bereiche,531
1557101,6,14,15,,Erfasst wird hier der Defizitanteil der Stadt Hörstel für die RVM-Schienenstrecke Rheine-Ibbenbüren-Osnabrück. Dieser wurde zuletzt 2018 gezahlt.,531
1557101,6,15,15,5800,Aufwendungen aus der Auflösung von ARAP für geleistete Zuwendungen,531
1557101,6,16,15,,Die Stadt Hörstel hat zur Verbesserung der Breitbandversorgung in den Gewerbegebieten in Bevergern einen Investitionskostenzuschuss gewährt. Dieser wird entsprechend des Zeitraums der Zweckbindung des Investitionskostenzuschusses aufwandswirksam aufgelöst.,531
1557101,7,17,16,3400,Sonstige ordentliche Aufwendungen,531
1557101,7,18,16,0,Geschäftsaufwendungen,531
1557101,7,19,16,,"Hier wurden bis 2025 die Aufwendungen für die Untersuchungen zur Nachfolgenutzung des Flugplatzes Dreierwalde und für die Kosten der Wirtschaftswerbung erfasst. Die Aufwendungen zur Nachfolgenutzung werden ab 2026 im Produkt ""01.111.09 Liegenschaftsverwaltung"" dargestellt. Die Aufwendungen für die Kosten der Wirtschaftswerbung werden ab 2026 unter Sach- und Dienstleistungen erfasst.",531
1557101,7,20,16,3400,Übrige weitere sonstige Aufwendungen aus laufender Verwaltungstätigkeit,532
1557101,7,21,16,,"Es handelt sich um vermische Aufwendungen, insbesondere um Präsente und die Übernahme von Bewirtschaftung bei Veranstaltungen.",532
1557101,8,22,28,12541,Aufwendungen aus internen Leistungsbeziehungen,532
1557101,8,23,28,,Es handelt sich zum einen um die Verrechnung von Sachkosten aus dem Produkt „Zentrale Verwaltungsdienste“ und zum anderen um die Verrechnung für Leistungen des Baubetriebshofes.,532
1557301,1,1,,,"Aufgrund der geplanten Umstellung auf eine neue Finanzbuchhaltungssoftware muss die Zuordnung zu den Sachkonten geändert werden, so dass sich tlw. Verschiebungen zwischen den Sachkonten ergeben. Bei größeren Veränderungen erfolgt ggf. eine entsprechende Erläuterung. Zu den einzelnen Ergebniszeilen ist folgendes festzustellen:",538
1557301,2,2,02,4600,Zuwendungen und allgemeine Umlagen,538
1557301,2,3,02,,Das Anlagevermögen ist teilweise mit Zuwendungen Dritter finanziert worden.,538
1557301,3,4,04,3900,Öffentlich-rechtliche Leistungsentgelte,538
1557301,3,5,04,,"Es handelt sich um die Standgelder nach der Satzung über die Erhebung von Marktstandgeld (2.800 €), sowie um Erträge aus der Auflösung von Sonderposten für Beiträge (1.100 €).",538
1557301,4,6,06,25351,Kostenerstattungen und Kostenumlagen,538
1557301,4,7,06,,Im Zusammenhang mit der Nutzung der Marktplätze haben die Marktbeschicker bzw. Marktplatznutzer anfallende Betriebskosten zu erstatten. Hierunter fallen auch die Erstattungen im Rahmen der Kirmes.,538
1557301,5,8,11,24356,Personalaufwendungen,538
1557301,5,9,11,,Zu den Personalaufwendungen wird auf die Erläuterungen im Vorbericht verwiesen.,538
1557301,6,10,13,35900,Aufwendungen für Sach- und Dienstleistungen,538
1557301,6,11,13,,"Es handelt sich um die laufende Unterhaltung der Marktplätze und die Betriebskosten der Kirmes, die wieder erstattet werden. Die Kosten für die Durchführung von Kirmessen, z. B. die Reinigungskosten, werden ab 2026 unter Aufwendungen für Sach- und Dienstleistungen aufgeführt.",538
1557301,7,12,14,12500,Bilanzielle Abschreibungen,538
1557301,7,13,14,,Es wird auf die Erläuterungen im Vorbericht verwiesen.,538
1557301,8,14,16,0,Sonstige ordentliche Aufwendungen,538
1557301,8,15,16,,Hierbei handelt es sich hauptsächlich um Geschäftsaufwendungen für die Durchführung der Kirmessen und für öffentliche Bekanntmachungen. Diese werden ab 2026 unter Aufwendungen für Sach- und Dienstleistungen aufgeführt.,538
1557301,9,16,28,37994,Aufwendungen aus internen Leistungsbeziehungen,538
1557301,9,17,28,,Es handelt sich zum einen um die Verrechnung von Sachkosten aus dem Produkt „01.111.02 - Zentrale Verwaltungsdienste“ und zum anderen um die Verrechnung für Leistungen des Baubetriebshofes. Die Bauliche Unterhaltung und die Betriebskosten der Toilettenanlage Marktplatz Hörstel sowie der Strom- und Wasserabnahmestellen der übrigen Marktplätze im Stadtgebiet werden im Produkt „01.111.10 - Zentrales Gebäudemanagement“ veranschlagt und über die Internen Leistungsverrechnungen diesem Produkt zugeordnet.,538
1557302,1,1,,,"Aufgrund der geplanten Umstellung auf eine neue Finanzbuchhaltungssoftware muss die Zuordnung zu den Sachkonten geändert werden, so dass sich tlw. Verschiebungen zwischen den Sachkonten ergeben. Bei größeren Veränderungen erfolgt ggf. eine entsprechende Erläuterung. Zu den einzelnen Ergebniszeilen ist folgendes festzustellen:",544
1557302,2,2,16,63000,Sonstige ordentliche Aufwendungen,544
1557302,2,3,16,,Die Erträge aus der Beteiligung an den Stadtwerken Tecklenburger Land sind steuerpflichtig. Es wurde vorläufig mit einem Steuersatz von 30 % kalkuliert. Zu den steuerpflichtigen Erträgen gehören neben der Gewinnausschüttung auch die Zinserträge aus dem gewährten Gesellschafterdarlehn abzüglich der Zinsaufwendungen für die zweckentsprechend aufgenommenen Kredite.,544
1557302,3,4,19,424301,Finanzerträge,544
1557302,3,5,19,,Hierzu zählen ab 2026 die Zinserträge von den Stadtwerken Tecklenburger Land GmbH & Co. KG für die gewährten Gesellschafterdarlehen. Gewinnausschüttungen der Beteiligung Stadtwerke Tecklenburger Land GmbH & Co. KG wurden nicht veranschlagt. Die Zinserträge der Stadtwerke Tecklenburger Land GmbH & Co. KG waren bis 2025 im Produkt Sonstige allgemeine Finanzwirtschaft aufgeführt.,544
1557302,3,6,19,227664,Finanzaufwendungen,544
1557302,3,7,19,,"Hierzu zählen ab 2026 die Zinsen für die Kreditmarktmittel, die für die Gewährung der Darlehen und die Eigenkapitaleinlage an die Stadtwerke Tecklenburger Land GmbH & Co. KG aufgenommen wurden.",544
1557501,1,1,,,"Aufgrund der geplanten Umstellung auf eine neue Finanzbuchhaltungssoftware muss die Zuordnung zu den Sachkonten geändert werden, so dass sich tlw. Verschiebungen zwischen den Sachkonten ergeben. Bei größeren Veränderungen erfolgt ggf. eine entsprechende Erläuterung. Zu den einzelnen Ergebniszeilen ist folgendes festzustellen:",549
1557501,2,2,02,4200,Zuwendungen und allgemeine Umlagen,549
1557501,2,3,02,,Das Anlagevermögen ist teilweise mit Zuwendungen Dritter finanziert worden.,549
1557501,3,4,04,15500,Öffentlich-rechtliche Leistungsentgelte,549
1557501,3,5,04,,Seit 2016 besteht für den Wohnmobilstandplatz am Hafen in Riesenbeck eine Gebührenpflicht.,549
1557501,4,6,05,0,Privatrechtliche Leistungsentgelte,549
1557501,4,7,05,,Die Entgelte für die Stromabnahme am Wohnmobilstandplatz am Hafen in Riesenbeck werden ab 2026 unter den Öffentlich-rechtlichen Leistungsentgelten aufgeführt.,549
1557501,5,8,11,9239,Personalaufwendungen,549
1557501,5,9,11,,Zu den Personalaufwendungen wird auf die Erläuterungen im Vorbericht verwiesen.,549
1557501,6,10,13,3500,Aufwendungen für Sach- und Dienstleistungen,549
1557501,6,11,13,,"Es handelt sich um die Aufwendungen des Wohnmobilstandplatzes am Hafen in Riesenbeck für die laufende Unterhaltung einschließlich der Stromtankstellen und des Parkscheinautomaten, sowie um die Betriebskosten. Die Betriebskosten werden durch die Nutzer erstattet (siehe Öffentlich-rechtliche Leistungsentgelte).Sie werden im Produkt „01.111.10",549
1557501,6,12,13,,Zentrales Gebäudemanagement“ veranschlagt und über die Internen Leistungsverrechnungen diesem Produkt zugeordnet.,549
1557501,7,13,14,4300,Bilanzielle Abschreibungen,549
1557501,7,14,14,,Es wird auf die Erläuterungen im Vorbericht verwiesen.,549
1557501,8,15,15,5280,Transferaufwendungen,549
1557501,8,16,15,,"Ab 2026 werden hier überwiegend Zuschüsse an Vereine, z. B. für die Weihnachtsbeleuchtung, dargestellt. Diese Aufwendungen waren bis 2025 unter dem Punkt Geschäftsaufwendungen aufgeführt.",549
1557501,9,17,16,9770,Sonstige ordentliche Aufwendungen,549
1557501,9,18,16,,"Es handelt sich um Geschäftsaufwendungen, wie Mitgliedsbeiträge, Fremdenverkehrsprospekte, touristische Anzeigen und für die übrige Förderung des Tourismus, sowie um den Versicherungsbeitrag für den Parkscheinautomat am Wohnmobilstellplatz in Riesenbeck.",549
1557501,10,19,28,7118,Aufwendungen aus internen Leistungsbeziehungen,549
1557501,10,20,28,,Es handelt sich zum einen um die Verrechnung von Sachkosten aus dem Produkt „Zentrale Verwaltungsdienste“ und zum anderen um die Verrechnung für Leistungen des Baubetriebshofes. Die Aufwendungen für Sach- und Dienstleistungen werden beim Produkt „01.111.10 - Zentrales Gebäudemanagement“ veranschlagt und über die Internen Leistungsverrechnungen diesem Produkt zugeordnet.,550
1661101,1,1,,,"Aufgrund der geplanten Umstellung auf eine neue Finanzbuchhaltungssoftware muss die Zuordnung zu den Sachkonten geändert werden, so dass sich tlw. Verschiebungen zwischen den Sachkonten ergeben. Bei größeren Veränderungen erfolgt ggf. eine entsprechende Erläuterung. Es wird auf die Erläuterungen im Vorbericht verwiesen.",559
1661101,2,2,01,34214000,Steuern und ähnliche Abgaben,559
1661101,2,3,01,149000,Grundsteuer A,559
1661101,2,4,01,5089000,Grundsteuer B,559
1661101,2,5,01,15734000,Gewerbesteuer,559
1661101,2,6,01,10307000,Gemeindeanteil an der Einkommensteuer,559
1661101,2,7,01,1610000,Gemeindeanteil an der Umsatzsteuer,559
1661101,2,8,01,85000,Vergnügungssteuer,559
1661101,2,9,01,96000,Hundesteuer,559
1661101,2,10,01,1144000,Kompensationsleistungen,559
1661101,3,11,02,4841000,Zuwendungen und allgemeine Umlagen,559
1661101,3,12,02,4478000,Schlüsselzuweisungen vom Land,559
1661101,3,13,02,363000,Zuweisungen und Zuschüsse für laufende Zwecke vom Land,559
1661101,4,14,03,419503,Sonstige Transfererträge,559
1661101,4,15,03,,Es handelt sich um die Erstattung des Guthabens aus der Abrechnung Jugendamtsumlage 2024.,559
1661101,5,16,07,16000,Sonstige ordentliche Erträge,559
1661101,5,17,07,,Es handelt sich um die Erträge aus der Vollverzinsung von Gewerbesteuernachzahlungen.,559
1661101,6,18,15,23994000,Transferaufwendungen,559
1661101,6,19,15,1327000,Gewerbesteuerumlage,559
1661101,6,20,15,12465000,Allgemeine Kreisumlage,559
1661101,6,21,15,10202000,Jugendamtsumlage,560
1661101,7,22,16,8000,Sonstige ordentliche Aufwendungen,560
1661101,7,23,16,,Es handelt sich um die Aufwendungen aus der Vollverzinsung von Gewerbesteuererstattungen.,560
1661101,8,24,28,60100,Aufwendungen aus internen Leistungsbeziehungen,560
1661101,8,25,28,,"Erfasst werden hier die Grundsteuern, die die Stadt Hörstel für eigene bebaute und unbebaute Grundstücke zu zahlen hat. Diese sind aus statistischen Gründen und im Hinblick auf die Ermittlung der Steuerkraft im kommunalen Finanzausgleich gesondert zu erfassen und buchhalterisch nachzuweisen.",560
1661201,1,1,,,"Aufgrund der geplanten Umstellung auf eine neue Finanzbuchhaltungssoftware muss die Zuordnung zu den Sachkonten geändert werden, so dass sich tlw. Verschiebungen zwischen den Sachkonten ergeben. Bei größeren Veränderungen erfolgt ggf. eine entsprechende Erläuterung. Zu den einzelnen Ergebniszeilen ist folgendes festzustellen:",566
1661201,2,2,16,15000,Sonstige ordentliche Aufwendungen,566
1661201,2,3,16,,Es handelt sich um Aufwendungen für den Kontokorrentverkehr.,566
1661201,3,4,19,112920,Finanzerträge,566
1661201,3,5,19,12000,"Zinserträge von verbundenen Unternehmen, Beteiligungen und Sondervermögen",566
1661201,3,6,19,,Hier sind ab 2026 die Zinsleistungen der Hörsteler Energie GmbH zu finden. Diese waren bis 2025 unter Zinserträge vom sonstigen inländischen Bereich erfasst.,566
1661201,3,7,19,100000,Zinserträge von Kreditinstituten,566
1661201,3,8,19,,Es handelt sich um Zinserträge aus der kurzfristigen Anlage von nicht benötigter Liquidität auf Tages- und Termingeldkonten.,566
1661201,3,9,19,910,Zinserträge vom sonstigen inländischen Bereich,566
1661201,3,10,19,,"Es handelt sich um die Erträge aus Zinsleistungen des FC Stella Bevergern 1911 e.V und aus Verzugszinsen. Die Zinsleistungen der Stadtwerke Tecklenburger Land GmbH & Co.KG werden ab 2026 im Produkt ""Stadtwerke Tecklenburger Land"" erfasst.",566
1661201,3,11,19,10,Gewinnanteile aus verbundenen Unternehmen und Beteiligungen,566
1661201,3,12,19,,Die Stadt Hörstel hat bei der Volksbank im Münsterland eG Einlagen von 150 €. Hieraus ergeben sich entsprechende Dividenden.,566
1661201,4,13,20,474545,Zinsen und sonstige Finanzaufwendungen,566
1661201,4,14,20,,Es handelt sich um Zinsen für die bei Kreditinstituten aufgenommen Kredite.,566
