ebene,code,synthetisch,zeile,zeile_kanonisch,zeile_name,operator,ist_summe,jahr,wertart,betrag,pdf_seite
GESAMT,,false,01,steuern,Steuern und ähnliche Abgaben,,false,2024,ergebnis,33307897,80
GESAMT,,false,01,steuern,Steuern und ähnliche Abgaben,,false,2025,ansatz,31889500,80
GESAMT,,false,01,steuern,Steuern und ähnliche Abgaben,,false,2026,ansatz,34214000,80
GESAMT,,false,01,steuern,Steuern und ähnliche Abgaben,,false,2027,planung,36469000,80
GESAMT,,false,01,steuern,Steuern und ähnliche Abgaben,,false,2028,planung,37884000,80
GESAMT,,false,01,steuern,Steuern und ähnliche Abgaben,,false,2029,planung,39210000,80
GESAMT,,false,02,zuwendungen,Zuwendungen und allgemeine Umlagen,,false,2024,ergebnis,6028721,80
GESAMT,,false,02,zuwendungen,Zuwendungen und allgemeine Umlagen,,false,2025,ansatz,5849400,80
GESAMT,,false,02,zuwendungen,Zuwendungen und allgemeine Umlagen,,false,2026,ansatz,7164460,80
GESAMT,,false,02,zuwendungen,Zuwendungen und allgemeine Umlagen,,false,2027,planung,7583547,80
GESAMT,,false,02,zuwendungen,Zuwendungen und allgemeine Umlagen,,false,2028,planung,6293390,80
GESAMT,,false,02,zuwendungen,Zuwendungen und allgemeine Umlagen,,false,2029,planung,6107890,80
GESAMT,,false,03,sonstige_transfereinzahlungen,Sonstige Transfereinzahlungen,,false,2024,ergebnis,675599,80
GESAMT,,false,03,sonstige_transfereinzahlungen,Sonstige Transfereinzahlungen,,false,2025,ansatz,127653,80
GESAMT,,false,03,sonstige_transfereinzahlungen,Sonstige Transfereinzahlungen,,false,2026,ansatz,479503,80
GESAMT,,false,03,sonstige_transfereinzahlungen,Sonstige Transfereinzahlungen,,false,2027,planung,60000,80
GESAMT,,false,03,sonstige_transfereinzahlungen,Sonstige Transfereinzahlungen,,false,2028,planung,60000,80
GESAMT,,false,03,sonstige_transfereinzahlungen,Sonstige Transfereinzahlungen,,false,2029,planung,60000,80
GESAMT,,false,04,oeffentlich_rechtliche_entgelte,Öffentlich-rechtliche Leistungsentgelte,,false,2024,ergebnis,8266785,80
GESAMT,,false,04,oeffentlich_rechtliche_entgelte,Öffentlich-rechtliche Leistungsentgelte,,false,2025,ansatz,9573969,80
GESAMT,,false,04,oeffentlich_rechtliche_entgelte,Öffentlich-rechtliche Leistungsentgelte,,false,2026,ansatz,9427852,80
GESAMT,,false,04,oeffentlich_rechtliche_entgelte,Öffentlich-rechtliche Leistungsentgelte,,false,2027,planung,9516512,80
GESAMT,,false,04,oeffentlich_rechtliche_entgelte,Öffentlich-rechtliche Leistungsentgelte,,false,2028,planung,9678684,80
GESAMT,,false,04,oeffentlich_rechtliche_entgelte,Öffentlich-rechtliche Leistungsentgelte,,false,2029,planung,9828375,80
GESAMT,,false,05,privatrechtliche_entgelte,Privatrechtliche Leistungsentgelte,,false,2024,ergebnis,1186208,80
GESAMT,,false,05,privatrechtliche_entgelte,Privatrechtliche Leistungsentgelte,,false,2025,ansatz,1007021,80
GESAMT,,false,05,privatrechtliche_entgelte,Privatrechtliche Leistungsentgelte,,false,2026,ansatz,880709,80
GESAMT,,false,05,privatrechtliche_entgelte,Privatrechtliche Leistungsentgelte,,false,2027,planung,828859,80
GESAMT,,false,05,privatrechtliche_entgelte,Privatrechtliche Leistungsentgelte,,false,2028,planung,778059,80
GESAMT,,false,05,privatrechtliche_entgelte,Privatrechtliche Leistungsentgelte,,false,2029,planung,679759,80
GESAMT,,false,06,kostenerstattungen,Kostenerstattungen und Kostenumlagen,,false,2024,ergebnis,175592,80
GESAMT,,false,06,kostenerstattungen,Kostenerstattungen und Kostenumlagen,,false,2025,ansatz,268521,80
GESAMT,,false,06,kostenerstattungen,Kostenerstattungen und Kostenumlagen,,false,2026,ansatz,315320,80
GESAMT,,false,06,kostenerstattungen,Kostenerstattungen und Kostenumlagen,,false,2027,planung,283673,80
GESAMT,,false,06,kostenerstattungen,Kostenerstattungen und Kostenumlagen,,false,2028,planung,267069,80
GESAMT,,false,06,kostenerstattungen,Kostenerstattungen und Kostenumlagen,,false,2029,planung,270154,80
GESAMT,,false,07,sonstige_einzahlungen,Sonstige Einzahlungen,,false,2024,ergebnis,1211862,80
GESAMT,,false,07,sonstige_einzahlungen,Sonstige Einzahlungen,,false,2025,ansatz,1576046,80
GESAMT,,false,07,sonstige_einzahlungen,Sonstige Einzahlungen,,false,2026,ansatz,696413,80
GESAMT,,false,07,sonstige_einzahlungen,Sonstige Einzahlungen,,false,2027,planung,696513,80
GESAMT,,false,07,sonstige_einzahlungen,Sonstige Einzahlungen,,false,2028,planung,696613,80
GESAMT,,false,07,sonstige_einzahlungen,Sonstige Einzahlungen,,false,2029,planung,696613,80
GESAMT,,false,08,finanzeinzahlungen,Zinsen und sonstige Finanzeinzahlungen,,false,2024,ergebnis,770232,80
GESAMT,,false,08,finanzeinzahlungen,Zinsen und sonstige Finanzeinzahlungen,,false,2025,ansatz,796572,80
GESAMT,,false,08,finanzeinzahlungen,Zinsen und sonstige Finanzeinzahlungen,,false,2026,ansatz,568801,80
GESAMT,,false,08,finanzeinzahlungen,Zinsen und sonstige Finanzeinzahlungen,,false,2027,planung,565331,80
GESAMT,,false,08,finanzeinzahlungen,Zinsen und sonstige Finanzeinzahlungen,,false,2028,planung,563336,80
GESAMT,,false,08,finanzeinzahlungen,Zinsen und sonstige Finanzeinzahlungen,,false,2029,planung,561271,80
GESAMT,,false,09,einzahlungen_laufende_verwaltung,Einzahlungen aus lfd. Verw.-tätigkeit,,true,2024,ergebnis,51622896,80
GESAMT,,false,09,einzahlungen_laufende_verwaltung,Einzahlungen aus lfd. Verw.-tätigkeit,,true,2025,ansatz,51088682,80
GESAMT,,false,09,einzahlungen_laufende_verwaltung,Einzahlungen aus lfd. Verw.-tätigkeit,,true,2026,ansatz,53747058,80
GESAMT,,false,09,einzahlungen_laufende_verwaltung,Einzahlungen aus lfd. Verw.-tätigkeit,,true,2027,planung,56003435,80
GESAMT,,false,09,einzahlungen_laufende_verwaltung,Einzahlungen aus lfd. Verw.-tätigkeit,,true,2028,planung,56221151,80
GESAMT,,false,09,einzahlungen_laufende_verwaltung,Einzahlungen aus lfd. Verw.-tätigkeit,,true,2029,planung,57414062,80
GESAMT,,false,10,personalauszahlungen,Personalauszahlungen,,false,2024,ergebnis,8551810,80
GESAMT,,false,10,personalauszahlungen,Personalauszahlungen,,false,2025,ansatz,9315288,80
GESAMT,,false,10,personalauszahlungen,Personalauszahlungen,,false,2026,ansatz,9653312,80
GESAMT,,false,10,personalauszahlungen,Personalauszahlungen,,false,2027,planung,9857529,80
GESAMT,,false,10,personalauszahlungen,Personalauszahlungen,,false,2028,planung,10096832,80
GESAMT,,false,10,personalauszahlungen,Personalauszahlungen,,false,2029,planung,10355548,80
GESAMT,,false,11,versorgungsauszahlungen,Versorgungsauszahlungen,,false,2024,ergebnis,820146,80
GESAMT,,false,11,versorgungsauszahlungen,Versorgungsauszahlungen,,false,2025,ansatz,902650,80
GESAMT,,false,11,versorgungsauszahlungen,Versorgungsauszahlungen,,false,2026,ansatz,921700,80
GESAMT,,false,11,versorgungsauszahlungen,Versorgungsauszahlungen,,false,2027,planung,935500,80
GESAMT,,false,11,versorgungsauszahlungen,Versorgungsauszahlungen,,false,2028,planung,949400,80
GESAMT,,false,11,versorgungsauszahlungen,Versorgungsauszahlungen,,false,2029,planung,963400,80
GESAMT,,false,12,sach_und_dienstleistungen,Auszahlg. Sach- und Dienstleistungen,,false,2024,ergebnis,9745896,80
GESAMT,,false,12,sach_und_dienstleistungen,Auszahlg. Sach- und Dienstleistungen,,false,2025,ansatz,12048189,80
GESAMT,,false,12,sach_und_dienstleistungen,Auszahlg. Sach- und Dienstleistungen,,false,2026,ansatz,13012981,80
GESAMT,,false,12,sach_und_dienstleistungen,Auszahlg. Sach- und Dienstleistungen,,false,2027,planung,12899311,80
GESAMT,,false,12,sach_und_dienstleistungen,Auszahlg. Sach- und Dienstleistungen,,false,2028,planung,12958755,80
GESAMT,,false,12,sach_und_dienstleistungen,Auszahlg. Sach- und Dienstleistungen,,false,2029,planung,13154105,80
GESAMT,,false,13,finanzauszahlungen,Zinsen und sonstige Finanzauszahlungen,,false,2024,ergebnis,214458,80
GESAMT,,false,13,finanzauszahlungen,Zinsen und sonstige Finanzauszahlungen,,false,2025,ansatz,378893,80
GESAMT,,false,13,finanzauszahlungen,Zinsen und sonstige Finanzauszahlungen,,false,2026,ansatz,702209,80
GESAMT,,false,13,finanzauszahlungen,Zinsen und sonstige Finanzauszahlungen,,false,2027,planung,1410103,80
GESAMT,,false,13,finanzauszahlungen,Zinsen und sonstige Finanzauszahlungen,,false,2028,planung,1750366,80
GESAMT,,false,13,finanzauszahlungen,Zinsen und sonstige Finanzauszahlungen,,false,2029,planung,1745693,80
GESAMT,,false,14,transferauszahlungen,Transferauszahlungen,,false,2024,ergebnis,24363758,80
GESAMT,,false,14,transferauszahlungen,Transferauszahlungen,,false,2025,ansatz,26774333,80
GESAMT,,false,14,transferauszahlungen,Transferauszahlungen,,false,2026,ansatz,28648960,80
GESAMT,,false,14,transferauszahlungen,Transferauszahlungen,,false,2027,planung,28659960,80
GESAMT,,false,14,transferauszahlungen,Transferauszahlungen,,false,2028,planung,29764360,80
GESAMT,,false,14,transferauszahlungen,Transferauszahlungen,,false,2029,planung,30811460,80
GESAMT,,false,15,sonstige_auszahlungen,Sonstige Auszahlungen,,false,2024,ergebnis,6623338,80
GESAMT,,false,15,sonstige_auszahlungen,Sonstige Auszahlungen,,false,2025,ansatz,6335927,80
GESAMT,,false,15,sonstige_auszahlungen,Sonstige Auszahlungen,,false,2026,ansatz,2678770,80
GESAMT,,false,15,sonstige_auszahlungen,Sonstige Auszahlungen,,false,2027,planung,4130758,80
GESAMT,,false,15,sonstige_auszahlungen,Sonstige Auszahlungen,,false,2028,planung,2665078,80
GESAMT,,false,15,sonstige_auszahlungen,Sonstige Auszahlungen,,false,2029,planung,2345436,80
GESAMT,,false,16,auszahlungen_laufende_verwaltung,Auszahlungen aus lfd. Verw.-tätigkeit,,true,2024,ergebnis,50319407,80
GESAMT,,false,16,auszahlungen_laufende_verwaltung,Auszahlungen aus lfd. Verw.-tätigkeit,,true,2025,ansatz,55755280,80
GESAMT,,false,16,auszahlungen_laufende_verwaltung,Auszahlungen aus lfd. Verw.-tätigkeit,,true,2026,ansatz,55617932,80
GESAMT,,false,16,auszahlungen_laufende_verwaltung,Auszahlungen aus lfd. Verw.-tätigkeit,,true,2027,planung,57893161,80
GESAMT,,false,16,auszahlungen_laufende_verwaltung,Auszahlungen aus lfd. Verw.-tätigkeit,,true,2028,planung,58184791,80
GESAMT,,false,16,auszahlungen_laufende_verwaltung,Auszahlungen aus lfd. Verw.-tätigkeit,,true,2029,planung,59375642,80
GESAMT,,false,17,saldo_laufende_verwaltung,Saldo aus lfd. Verw.-tätigkeit,,true,2024,ergebnis,1303489,80
GESAMT,,false,17,saldo_laufende_verwaltung,Saldo aus lfd. Verw.-tätigkeit,,true,2025,ansatz,-4666598,80
GESAMT,,false,17,saldo_laufende_verwaltung,Saldo aus lfd. Verw.-tätigkeit,,true,2026,ansatz,-1870874,80
GESAMT,,false,17,saldo_laufende_verwaltung,Saldo aus lfd. Verw.-tätigkeit,,true,2027,planung,-1889726,80
GESAMT,,false,17,saldo_laufende_verwaltung,Saldo aus lfd. Verw.-tätigkeit,,true,2028,planung,-1963640,80
GESAMT,,false,17,saldo_laufende_verwaltung,Saldo aus lfd. Verw.-tätigkeit,,true,2029,planung,-1961580,80
GESAMT,,false,18,investitionszuwendungen,Zuwendungen für Investitionsmaßnahmen,,false,2024,ergebnis,2943055,80
GESAMT,,false,18,investitionszuwendungen,Zuwendungen für Investitionsmaßnahmen,,false,2025,ansatz,4722877,80
GESAMT,,false,18,investitionszuwendungen,Zuwendungen für Investitionsmaßnahmen,,false,2026,ansatz,4411383,80
GESAMT,,false,18,investitionszuwendungen,Zuwendungen für Investitionsmaßnahmen,,false,2027,planung,7442000,80
GESAMT,,false,18,investitionszuwendungen,Zuwendungen für Investitionsmaßnahmen,,false,2028,planung,9666000,80
GESAMT,,false,18,investitionszuwendungen,Zuwendungen für Investitionsmaßnahmen,,false,2029,planung,5142750,80
GESAMT,,false,19,veraeusserung_sachanlagen,Einz. aus Veräußerung v. Sachanlagen,,false,2024,ergebnis,348824,80
GESAMT,,false,19,veraeusserung_sachanlagen,Einz. aus Veräußerung v. Sachanlagen,,false,2025,ansatz,653040,80
GESAMT,,false,19,veraeusserung_sachanlagen,Einz. aus Veräußerung v. Sachanlagen,,false,2026,ansatz,2192600,80
GESAMT,,false,19,veraeusserung_sachanlagen,Einz. aus Veräußerung v. Sachanlagen,,false,2027,planung,1645000,80
GESAMT,,false,19,veraeusserung_sachanlagen,Einz. aus Veräußerung v. Sachanlagen,,false,2028,planung,2080000,80
GESAMT,,false,19,veraeusserung_sachanlagen,Einz. aus Veräußerung v. Sachanlagen,,false,2029,planung,1040000,80
GESAMT,,false,21,beitraege,Einz. aus Beiträgen u. ä. Entgelten,,false,2024,ergebnis,430921,80
GESAMT,,false,21,beitraege,Einz. aus Beiträgen u. ä. Entgelten,,false,2025,ansatz,940000,80
GESAMT,,false,21,beitraege,Einz. aus Beiträgen u. ä. Entgelten,,false,2026,ansatz,1751000,80
GESAMT,,false,21,beitraege,Einz. aus Beiträgen u. ä. Entgelten,,false,2027,planung,1236000,80
GESAMT,,false,21,beitraege,Einz. aus Beiträgen u. ä. Entgelten,,false,2028,planung,1594000,80
GESAMT,,false,21,beitraege,Einz. aus Beiträgen u. ä. Entgelten,,false,2029,planung,1607000,80
GESAMT,,false,22,sonstige_investitionseinzahlungen,Sonstige Investitionseinzahlungen,,false,2024,ergebnis,85021,80
GESAMT,,false,22,sonstige_investitionseinzahlungen,Sonstige Investitionseinzahlungen,,false,2025,ansatz,9135433,80
GESAMT,,false,22,sonstige_investitionseinzahlungen,Sonstige Investitionseinzahlungen,,false,2026,ansatz,73100,80
GESAMT,,false,22,sonstige_investitionseinzahlungen,Sonstige Investitionseinzahlungen,,false,2027,planung,74700,80
GESAMT,,false,22,sonstige_investitionseinzahlungen,Sonstige Investitionseinzahlungen,,false,2028,planung,74700,80
GESAMT,,false,22,sonstige_investitionseinzahlungen,Sonstige Investitionseinzahlungen,,false,2029,planung,74700,80
GESAMT,,false,23,einzahlungen_investitionen,Einzahlungen aus Investitionstätigkeit,,true,2024,ergebnis,3807820,80
GESAMT,,false,23,einzahlungen_investitionen,Einzahlungen aus Investitionstätigkeit,,true,2025,ansatz,15451350,80
GESAMT,,false,23,einzahlungen_investitionen,Einzahlungen aus Investitionstätigkeit,,true,2026,ansatz,8428083,80
GESAMT,,false,23,einzahlungen_investitionen,Einzahlungen aus Investitionstätigkeit,,true,2027,planung,10397700,80
GESAMT,,false,23,einzahlungen_investitionen,Einzahlungen aus Investitionstätigkeit,,true,2028,planung,13414700,80
GESAMT,,false,23,einzahlungen_investitionen,Einzahlungen aus Investitionstätigkeit,,true,2029,planung,7864450,80
GESAMT,,false,24,erwerb_grundstuecke_gebaeude,Ausz. f. Erwerb von Grundst. u. Gebäuden,,false,2024,ergebnis,1626101,80
GESAMT,,false,24,erwerb_grundstuecke_gebaeude,Ausz. f. Erwerb von Grundst. u. Gebäuden,,false,2025,ansatz,2700000,80
GESAMT,,false,24,erwerb_grundstuecke_gebaeude,Ausz. f. Erwerb von Grundst. u. Gebäuden,,false,2026,ansatz,4006000,80
GESAMT,,false,24,erwerb_grundstuecke_gebaeude,Ausz. f. Erwerb von Grundst. u. Gebäuden,,false,2027,planung,2800000,80
GESAMT,,false,24,erwerb_grundstuecke_gebaeude,Ausz. f. Erwerb von Grundst. u. Gebäuden,,false,2028,planung,2300000,80
GESAMT,,false,24,erwerb_grundstuecke_gebaeude,Ausz. f. Erwerb von Grundst. u. Gebäuden,,false,2029,planung,1300000,80
GESAMT,,false,25,baumassnahmen,Ausz. f. Baumaßnahmen,,false,2024,ergebnis,8731352,80
GESAMT,,false,25,baumassnahmen,Ausz. f. Baumaßnahmen,,false,2025,ansatz,15573000,80
GESAMT,,false,25,baumassnahmen,Ausz. f. Baumaßnahmen,,false,2026,ansatz,20043621,80
GESAMT,,false,25,baumassnahmen,Ausz. f. Baumaßnahmen,,false,2027,planung,27337000,80
GESAMT,,false,25,baumassnahmen,Ausz. f. Baumaßnahmen,,false,2028,planung,9768000,80
GESAMT,,false,25,baumassnahmen,Ausz. f. Baumaßnahmen,,false,2029,planung,2673000,80
GESAMT,,false,26,erwerb_bewegliches_anlagevermoegen,Ausz. f. Erwerb v. bewegl. Anlageverm.,,false,2024,ergebnis,1381511,80
GESAMT,,false,26,erwerb_bewegliches_anlagevermoegen,Ausz. f. Erwerb v. bewegl. Anlageverm.,,false,2025,ansatz,1387600,80
GESAMT,,false,26,erwerb_bewegliches_anlagevermoegen,Ausz. f. Erwerb v. bewegl. Anlageverm.,,false,2026,ansatz,1793275,80
GESAMT,,false,26,erwerb_bewegliches_anlagevermoegen,Ausz. f. Erwerb v. bewegl. Anlageverm.,,false,2027,planung,2013725,80
GESAMT,,false,26,erwerb_bewegliches_anlagevermoegen,Ausz. f. Erwerb v. bewegl. Anlageverm.,,false,2028,planung,1080725,80
GESAMT,,false,26,erwerb_bewegliches_anlagevermoegen,Ausz. f. Erwerb v. bewegl. Anlageverm.,,false,2029,planung,1230725,80
GESAMT,,false,27,erwerb_finanzanlagen,Ausz. f. Erwerb v. Finanzanlagen,,false,2024,ergebnis,1000,80
GESAMT,,false,27,erwerb_finanzanlagen,Ausz. f. Erwerb v. Finanzanlagen,,false,2025,ansatz,952894,80
GESAMT,,false,27,erwerb_finanzanlagen,Ausz. f. Erwerb v. Finanzanlagen,,false,2026,ansatz,0,80
GESAMT,,false,27,erwerb_finanzanlagen,Ausz. f. Erwerb v. Finanzanlagen,,false,2027,planung,0,80
GESAMT,,false,27,erwerb_finanzanlagen,Ausz. f. Erwerb v. Finanzanlagen,,false,2028,planung,0,80
GESAMT,,false,27,erwerb_finanzanlagen,Ausz. f. Erwerb v. Finanzanlagen,,false,2029,planung,0,80
GESAMT,,false,28,aktivierbare_zuwendungen,Ausz. v. aktivierbaren Zuwendungen,,false,2024,ergebnis,329000,80
GESAMT,,false,28,aktivierbare_zuwendungen,Ausz. v. aktivierbaren Zuwendungen,,false,2025,ansatz,455000,80
GESAMT,,false,28,aktivierbare_zuwendungen,Ausz. v. aktivierbaren Zuwendungen,,false,2026,ansatz,113000,80
GESAMT,,false,28,aktivierbare_zuwendungen,Ausz. v. aktivierbaren Zuwendungen,,false,2027,planung,335000,80
GESAMT,,false,28,aktivierbare_zuwendungen,Ausz. v. aktivierbaren Zuwendungen,,false,2028,planung,191000,80
GESAMT,,false,28,aktivierbare_zuwendungen,Ausz. v. aktivierbaren Zuwendungen,,false,2029,planung,0,80
GESAMT,,false,29,sonstige_investitionsauszahlungen,Sonstige Investitionsauszahlungen,,false,2024,ergebnis,9000000,80
GESAMT,,false,29,sonstige_investitionsauszahlungen,Sonstige Investitionsauszahlungen,,false,2025,ansatz,3570000,80
GESAMT,,false,29,sonstige_investitionsauszahlungen,Sonstige Investitionsauszahlungen,,false,2026,ansatz,0,80
GESAMT,,false,29,sonstige_investitionsauszahlungen,Sonstige Investitionsauszahlungen,,false,2027,planung,0,80
GESAMT,,false,29,sonstige_investitionsauszahlungen,Sonstige Investitionsauszahlungen,,false,2028,planung,0,80
GESAMT,,false,29,sonstige_investitionsauszahlungen,Sonstige Investitionsauszahlungen,,false,2029,planung,0,80
GESAMT,,false,30,auszahlungen_investitionen,Auszahlungen aus Investitionstätigkeit,,true,2024,ergebnis,21068964,80
GESAMT,,false,30,auszahlungen_investitionen,Auszahlungen aus Investitionstätigkeit,,true,2025,ansatz,24638494,80
GESAMT,,false,30,auszahlungen_investitionen,Auszahlungen aus Investitionstätigkeit,,true,2026,ansatz,25955896,80
GESAMT,,false,30,auszahlungen_investitionen,Auszahlungen aus Investitionstätigkeit,,true,2027,planung,32485725,80
GESAMT,,false,30,auszahlungen_investitionen,Auszahlungen aus Investitionstätigkeit,,true,2028,planung,13339725,80
GESAMT,,false,30,auszahlungen_investitionen,Auszahlungen aus Investitionstätigkeit,,true,2029,planung,5203725,80
GESAMT,,false,31,saldo_investitionen,Saldo aus Investitionstätigkeit,,true,2024,ergebnis,-17261144,80
GESAMT,,false,31,saldo_investitionen,Saldo aus Investitionstätigkeit,,true,2025,ansatz,-9187144,80
GESAMT,,false,31,saldo_investitionen,Saldo aus Investitionstätigkeit,,true,2026,ansatz,-17527813,80
GESAMT,,false,31,saldo_investitionen,Saldo aus Investitionstätigkeit,,true,2027,planung,-22088025,80
GESAMT,,false,31,saldo_investitionen,Saldo aus Investitionstätigkeit,,true,2028,planung,74975,80
GESAMT,,false,31,saldo_investitionen,Saldo aus Investitionstätigkeit,,true,2029,planung,2660725,80
GESAMT,,false,32,finanzmittelueberschuss,Überschuss/Fehlbetrag,,true,2024,ergebnis,-15957655,80
GESAMT,,false,32,finanzmittelueberschuss,Überschuss/Fehlbetrag,,true,2025,ansatz,-13853742,80
GESAMT,,false,32,finanzmittelueberschuss,Überschuss/Fehlbetrag,,true,2026,ansatz,-19398687,80
GESAMT,,false,32,finanzmittelueberschuss,Überschuss/Fehlbetrag,,true,2027,planung,-23977751,80
GESAMT,,false,32,finanzmittelueberschuss,Überschuss/Fehlbetrag,,true,2028,planung,-1888665,80
GESAMT,,false,32,finanzmittelueberschuss,Überschuss/Fehlbetrag,,true,2029,planung,699145,80
GESAMT,,false,33,kreditaufnahme,Aufnahme und Rückflüsse von Darlehen,,false,2024,ergebnis,8000000,81
GESAMT,,false,33,kreditaufnahme,Aufnahme und Rückflüsse von Darlehen,,false,2025,ansatz,9186878,81
GESAMT,,false,33,kreditaufnahme,Aufnahme und Rückflüsse von Darlehen,,false,2026,ansatz,17527000,81
GESAMT,,false,33,kreditaufnahme,Aufnahme und Rückflüsse von Darlehen,,false,2027,planung,22088000,81
GESAMT,,false,33,kreditaufnahme,Aufnahme und Rückflüsse von Darlehen,,false,2028,planung,0,81
GESAMT,,false,33,kreditaufnahme,Aufnahme und Rückflüsse von Darlehen,,false,2029,planung,0,81
GESAMT,,false,35,tilgung,Tilgung und Gewährung von Darlehen,,false,2024,ergebnis,1170593,81
GESAMT,,false,35,tilgung,Tilgung und Gewährung von Darlehen,,false,2025,ansatz,1911000,81
GESAMT,,false,35,tilgung,Tilgung und Gewährung von Darlehen,,false,2026,ansatz,2293842,81
GESAMT,,false,35,tilgung,Tilgung und Gewährung von Darlehen,,false,2027,planung,2646253,81
GESAMT,,false,35,tilgung,Tilgung und Gewährung von Darlehen,,false,2028,planung,2865553,81
GESAMT,,false,35,tilgung,Tilgung und Gewährung von Darlehen,,false,2029,planung,2711583,81
GESAMT,,false,37,saldo_finanzierung,Saldo aus Finanzierungstätigkeit,,true,2024,ergebnis,6829407,81
GESAMT,,false,37,saldo_finanzierung,Saldo aus Finanzierungstätigkeit,,true,2025,ansatz,7275878,81
GESAMT,,false,37,saldo_finanzierung,Saldo aus Finanzierungstätigkeit,,true,2026,ansatz,15233158,81
GESAMT,,false,37,saldo_finanzierung,Saldo aus Finanzierungstätigkeit,,true,2027,planung,19441747,81
GESAMT,,false,37,saldo_finanzierung,Saldo aus Finanzierungstätigkeit,,true,2028,planung,-2865553,81
GESAMT,,false,37,saldo_finanzierung,Saldo aus Finanzierungstätigkeit,,true,2029,planung,-2711583,81
GESAMT,,false,38,aenderung_finanzbestand,Änd. des Finanzbestandes,,true,2024,ergebnis,-9128248,81
GESAMT,,false,38,aenderung_finanzbestand,Änd. des Finanzbestandes,,true,2025,ansatz,-6577864,81
GESAMT,,false,38,aenderung_finanzbestand,Änd. des Finanzbestandes,,true,2026,ansatz,-4165529,81
GESAMT,,false,38,aenderung_finanzbestand,Änd. des Finanzbestandes,,true,2027,planung,-4536004,81
GESAMT,,false,38,aenderung_finanzbestand,Änd. des Finanzbestandes,,true,2028,planung,-4754218,81
GESAMT,,false,38,aenderung_finanzbestand,Änd. des Finanzbestandes,,true,2029,planung,-2012438,81
GESAMT,,false,39,anfangsbestand_finanzmittel,Anfangsbestand an Finanzmitteln,,false,2024,ergebnis,14064806,81
GESAMT,,false,39,anfangsbestand_finanzmittel,Anfangsbestand an Finanzmitteln,,false,2025,ansatz,4798412,81
GESAMT,,false,39,anfangsbestand_finanzmittel,Anfangsbestand an Finanzmitteln,,false,2026,ansatz,-1779452,81
GESAMT,,false,39,anfangsbestand_finanzmittel,Anfangsbestand an Finanzmitteln,,false,2027,planung,-5944981,81
GESAMT,,false,39,anfangsbestand_finanzmittel,Anfangsbestand an Finanzmitteln,,false,2028,planung,-10480985,81
GESAMT,,false,39,anfangsbestand_finanzmittel,Anfangsbestand an Finanzmitteln,,false,2029,planung,-15235203,81
GESAMT,,false,40,fremde_finanzmittel,Bestand an fremden Finanzmitteln,,false,2024,ergebnis,7441,81
GESAMT,,false,40,fremde_finanzmittel,Bestand an fremden Finanzmitteln,,false,2025,ansatz,0,81
GESAMT,,false,40,fremde_finanzmittel,Bestand an fremden Finanzmitteln,,false,2026,ansatz,0,81
GESAMT,,false,40,fremde_finanzmittel,Bestand an fremden Finanzmitteln,,false,2027,planung,0,81
GESAMT,,false,40,fremde_finanzmittel,Bestand an fremden Finanzmitteln,,false,2028,planung,0,81
GESAMT,,false,40,fremde_finanzmittel,Bestand an fremden Finanzmitteln,,false,2029,planung,0,81
GESAMT,,false,41,liquide_mittel,Liquide Mittel,,true,2024,ergebnis,4943999,81
GESAMT,,false,41,liquide_mittel,Liquide Mittel,,true,2025,ansatz,-1779452,81
GESAMT,,false,41,liquide_mittel,Liquide Mittel,,true,2026,ansatz,-5944981,81
GESAMT,,false,41,liquide_mittel,Liquide Mittel,,true,2027,planung,-10480985,81
GESAMT,,false,41,liquide_mittel,Liquide Mittel,,true,2028,planung,-15235203,81
GESAMT,,false,41,liquide_mittel,Liquide Mittel,,true,2029,planung,-17247641,81
PB,01,true,17,saldo_laufende_verwaltung,Saldo aus lfd. Verw.-tätigkeit,,true,2024,ergebnis,-8657437,114
PB,01,true,17,saldo_laufende_verwaltung,Saldo aus lfd. Verw.-tätigkeit,,true,2025,ansatz,-10114315,114
PB,01,true,17,saldo_laufende_verwaltung,Saldo aus lfd. Verw.-tätigkeit,,true,2026,ansatz,-10826153,114
PB,01,true,17,saldo_laufende_verwaltung,Saldo aus lfd. Verw.-tätigkeit,,true,2027,planung,-10481752,114
PB,01,true,17,saldo_laufende_verwaltung,Saldo aus lfd. Verw.-tätigkeit,,true,2028,planung,-10618608,114
PB,01,true,17,saldo_laufende_verwaltung,Saldo aus lfd. Verw.-tätigkeit,,true,2029,planung,-10951040,114
PB,01,false,18,investitionszuwendungen,Zuwendungen für Investitionsmaßnahmen,,false,2024,ergebnis,42600,114
PB,01,false,18,investitionszuwendungen,Zuwendungen für Investitionsmaßnahmen,,false,2025,ansatz,32500,114
PB,01,false,18,investitionszuwendungen,Zuwendungen für Investitionsmaßnahmen,,false,2026,ansatz,0,114
PB,01,false,18,investitionszuwendungen,Zuwendungen für Investitionsmaßnahmen,,false,2027,planung,1110000,114
PB,01,false,18,investitionszuwendungen,Zuwendungen für Investitionsmaßnahmen,,false,2028,planung,0,114
PB,01,false,18,investitionszuwendungen,Zuwendungen für Investitionsmaßnahmen,,false,2029,planung,0,114
PB,01,false,19,veraeusserung_sachanlagen,Einz. aus Veräußerung v. Sachanlagen,,false,2024,ergebnis,330024,114
PB,01,false,19,veraeusserung_sachanlagen,Einz. aus Veräußerung v. Sachanlagen,,false,2025,ansatz,652725,114
PB,01,false,19,veraeusserung_sachanlagen,Einz. aus Veräußerung v. Sachanlagen,,false,2026,ansatz,2192600,114
PB,01,false,19,veraeusserung_sachanlagen,Einz. aus Veräußerung v. Sachanlagen,,false,2027,planung,1645000,114
PB,01,false,19,veraeusserung_sachanlagen,Einz. aus Veräußerung v. Sachanlagen,,false,2028,planung,2080000,114
PB,01,false,19,veraeusserung_sachanlagen,Einz. aus Veräußerung v. Sachanlagen,,false,2029,planung,1040000,114
PB,01,false,23,einzahlungen_investitionen,Einzahlungen aus Investitionstätigkeit,,true,2024,ergebnis,372623,114
PB,01,false,23,einzahlungen_investitionen,Einzahlungen aus Investitionstätigkeit,,true,2025,ansatz,685225,114
PB,01,false,23,einzahlungen_investitionen,Einzahlungen aus Investitionstätigkeit,,true,2026,ansatz,2192600,114
PB,01,false,23,einzahlungen_investitionen,Einzahlungen aus Investitionstätigkeit,,true,2027,planung,2755000,114
PB,01,false,23,einzahlungen_investitionen,Einzahlungen aus Investitionstätigkeit,,true,2028,planung,2080000,114
PB,01,false,23,einzahlungen_investitionen,Einzahlungen aus Investitionstätigkeit,,true,2029,planung,1040000,114
PB,01,false,24,erwerb_grundstuecke_gebaeude,Ausz. f. Erwerb von Grundst. u. Gebäuden,,false,2024,ergebnis,1273064,114
PB,01,false,24,erwerb_grundstuecke_gebaeude,Ausz. f. Erwerb von Grundst. u. Gebäuden,,false,2025,ansatz,2700000,114
PB,01,false,24,erwerb_grundstuecke_gebaeude,Ausz. f. Erwerb von Grundst. u. Gebäuden,,false,2026,ansatz,4006000,114
PB,01,false,24,erwerb_grundstuecke_gebaeude,Ausz. f. Erwerb von Grundst. u. Gebäuden,,false,2027,planung,2800000,114
PB,01,false,24,erwerb_grundstuecke_gebaeude,Ausz. f. Erwerb von Grundst. u. Gebäuden,,false,2028,planung,2300000,114
PB,01,false,24,erwerb_grundstuecke_gebaeude,Ausz. f. Erwerb von Grundst. u. Gebäuden,,false,2029,planung,1300000,114
PB,01,false,25,baumassnahmen,Ausz. f. Baumaßnahmen,,false,2024,ergebnis,642041,114
PB,01,false,25,baumassnahmen,Ausz. f. Baumaßnahmen,,false,2025,ansatz,7000000,114
PB,01,false,25,baumassnahmen,Ausz. f. Baumaßnahmen,,false,2026,ansatz,12140000,114
PB,01,false,25,baumassnahmen,Ausz. f. Baumaßnahmen,,false,2027,planung,5100000,114
PB,01,false,25,baumassnahmen,Ausz. f. Baumaßnahmen,,false,2028,planung,0,114
PB,01,false,25,baumassnahmen,Ausz. f. Baumaßnahmen,,false,2029,planung,0,114
PB,01,false,26,erwerb_bewegliches_anlagevermoegen,Ausz. f. Erwerb von bewegl. Anlagevermögen,,false,2024,ergebnis,519190,114
PB,01,false,26,erwerb_bewegliches_anlagevermoegen,Ausz. f. Erwerb von bewegl. Anlagevermögen,,false,2025,ansatz,803000,114
PB,01,false,26,erwerb_bewegliches_anlagevermoegen,Ausz. f. Erwerb von bewegl. Anlagevermögen,,false,2026,ansatz,483350,114
PB,01,false,26,erwerb_bewegliches_anlagevermoegen,Ausz. f. Erwerb von bewegl. Anlagevermögen,,false,2027,planung,1001000,114
PB,01,false,26,erwerb_bewegliches_anlagevermoegen,Ausz. f. Erwerb von bewegl. Anlagevermögen,,false,2028,planung,547000,114
PB,01,false,26,erwerb_bewegliches_anlagevermoegen,Ausz. f. Erwerb von bewegl. Anlagevermögen,,false,2029,planung,504000,114
PB,01,false,27,erwerb_finanzanlagen,Ausz. f. Erwerb v. Finanzanlagen,,false,2024,ergebnis,1000,114
PB,01,false,27,erwerb_finanzanlagen,Ausz. f. Erwerb v. Finanzanlagen,,false,2025,ansatz,0,114
PB,01,false,27,erwerb_finanzanlagen,Ausz. f. Erwerb v. Finanzanlagen,,false,2026,ansatz,0,114
PB,01,false,27,erwerb_finanzanlagen,Ausz. f. Erwerb v. Finanzanlagen,,false,2027,planung,0,114
PB,01,false,27,erwerb_finanzanlagen,Ausz. f. Erwerb v. Finanzanlagen,,false,2028,planung,0,114
PB,01,false,27,erwerb_finanzanlagen,Ausz. f. Erwerb v. Finanzanlagen,,false,2029,planung,0,114
PB,01,false,28,aktivierbare_zuwendungen,Ausz. f. aktivierbaren Zuwendungen,,false,2024,ergebnis,0,114
PB,01,false,28,aktivierbare_zuwendungen,Ausz. f. aktivierbaren Zuwendungen,,false,2025,ansatz,25000,114
PB,01,false,28,aktivierbare_zuwendungen,Ausz. f. aktivierbaren Zuwendungen,,false,2026,ansatz,0,114
PB,01,false,28,aktivierbare_zuwendungen,Ausz. f. aktivierbaren Zuwendungen,,false,2027,planung,0,114
PB,01,false,28,aktivierbare_zuwendungen,Ausz. f. aktivierbaren Zuwendungen,,false,2028,planung,0,114
PB,01,false,28,aktivierbare_zuwendungen,Ausz. f. aktivierbaren Zuwendungen,,false,2029,planung,0,114
PB,01,false,30,auszahlungen_investitionen,Auszahlungen aus Investitionstätigkeit,,true,2024,ergebnis,2435295,114
PB,01,false,30,auszahlungen_investitionen,Auszahlungen aus Investitionstätigkeit,,true,2025,ansatz,10528000,114
PB,01,false,30,auszahlungen_investitionen,Auszahlungen aus Investitionstätigkeit,,true,2026,ansatz,16629350,114
PB,01,false,30,auszahlungen_investitionen,Auszahlungen aus Investitionstätigkeit,,true,2027,planung,8901000,114
PB,01,false,30,auszahlungen_investitionen,Auszahlungen aus Investitionstätigkeit,,true,2028,planung,2847000,114
PB,01,false,30,auszahlungen_investitionen,Auszahlungen aus Investitionstätigkeit,,true,2029,planung,1804000,114
PB,01,false,31,saldo_investitionen,Saldo aus Investitionstätigkeit,,true,2024,ergebnis,-2062672,114
PB,01,false,31,saldo_investitionen,Saldo aus Investitionstätigkeit,,true,2025,ansatz,-9842775,114
PB,01,false,31,saldo_investitionen,Saldo aus Investitionstätigkeit,,true,2026,ansatz,-14436750,114
PB,01,false,31,saldo_investitionen,Saldo aus Investitionstätigkeit,,true,2027,planung,-6146000,114
PB,01,false,31,saldo_investitionen,Saldo aus Investitionstätigkeit,,true,2028,planung,-767000,114
PB,01,false,31,saldo_investitionen,Saldo aus Investitionstätigkeit,,true,2029,planung,-764000,114
PB,01,false,32,finanzmittelueberschuss,Finanzmittelüberschuss/-fehlbetrag,,true,2024,ergebnis,-10720109,114
PB,01,false,32,finanzmittelueberschuss,Finanzmittelüberschuss/-fehlbetrag,,true,2025,ansatz,-19957090,114
PB,01,false,32,finanzmittelueberschuss,Finanzmittelüberschuss/-fehlbetrag,,true,2026,ansatz,-25262903,114
PB,01,false,32,finanzmittelueberschuss,Finanzmittelüberschuss/-fehlbetrag,,true,2027,planung,-16627752,114
PB,01,false,32,finanzmittelueberschuss,Finanzmittelüberschuss/-fehlbetrag,,true,2028,planung,-11385608,114
PB,01,false,32,finanzmittelueberschuss,Finanzmittelüberschuss/-fehlbetrag,,true,2029,planung,-11715040,114
PB,02,true,17,saldo_laufende_verwaltung,Saldo aus lfd. Verw.-tätigkeit,,true,2024,ergebnis,-858084,187
PB,02,true,17,saldo_laufende_verwaltung,Saldo aus lfd. Verw.-tätigkeit,,true,2025,ansatz,-893252,187
PB,02,true,17,saldo_laufende_verwaltung,Saldo aus lfd. Verw.-tätigkeit,,true,2026,ansatz,-901974,187
PB,02,true,17,saldo_laufende_verwaltung,Saldo aus lfd. Verw.-tätigkeit,,true,2027,planung,-918633,187
PB,02,true,17,saldo_laufende_verwaltung,Saldo aus lfd. Verw.-tätigkeit,,true,2028,planung,-956195,187
PB,02,true,17,saldo_laufende_verwaltung,Saldo aus lfd. Verw.-tätigkeit,,true,2029,planung,-958822,187
PB,02,false,18,investitionszuwendungen,Zuwendungen für Investitionsmaßnahmen,,false,2024,ergebnis,106350,187
PB,02,false,18,investitionszuwendungen,Zuwendungen für Investitionsmaßnahmen,,false,2025,ansatz,100000,187
PB,02,false,18,investitionszuwendungen,Zuwendungen für Investitionsmaßnahmen,,false,2026,ansatz,110000,187
PB,02,false,18,investitionszuwendungen,Zuwendungen für Investitionsmaßnahmen,,false,2027,planung,110000,187
PB,02,false,18,investitionszuwendungen,Zuwendungen für Investitionsmaßnahmen,,false,2028,planung,110000,187
PB,02,false,18,investitionszuwendungen,Zuwendungen für Investitionsmaßnahmen,,false,2029,planung,110000,187
PB,02,false,19,veraeusserung_sachanlagen,Einz. aus Veräußerung v. Sachanlagen,,false,2024,ergebnis,18800,187
PB,02,false,19,veraeusserung_sachanlagen,Einz. aus Veräußerung v. Sachanlagen,,false,2025,ansatz,0,187
PB,02,false,19,veraeusserung_sachanlagen,Einz. aus Veräußerung v. Sachanlagen,,false,2026,ansatz,0,187
PB,02,false,19,veraeusserung_sachanlagen,Einz. aus Veräußerung v. Sachanlagen,,false,2027,planung,0,187
PB,02,false,19,veraeusserung_sachanlagen,Einz. aus Veräußerung v. Sachanlagen,,false,2028,planung,0,187
PB,02,false,19,veraeusserung_sachanlagen,Einz. aus Veräußerung v. Sachanlagen,,false,2029,planung,0,187
PB,02,false,23,einzahlungen_investitionen,Einzahlungen aus Investitionstätigkeit,,true,2024,ergebnis,125150,187
PB,02,false,23,einzahlungen_investitionen,Einzahlungen aus Investitionstätigkeit,,true,2025,ansatz,100000,187
PB,02,false,23,einzahlungen_investitionen,Einzahlungen aus Investitionstätigkeit,,true,2026,ansatz,110000,187
PB,02,false,23,einzahlungen_investitionen,Einzahlungen aus Investitionstätigkeit,,true,2027,planung,110000,187
PB,02,false,23,einzahlungen_investitionen,Einzahlungen aus Investitionstätigkeit,,true,2028,planung,110000,187
PB,02,false,23,einzahlungen_investitionen,Einzahlungen aus Investitionstätigkeit,,true,2029,planung,110000,187
PB,02,false,26,erwerb_bewegliches_anlagevermoegen,Ausz. f. Erwerb von bewegl. Anlagevermögen,,false,2024,ergebnis,487463,187
PB,02,false,26,erwerb_bewegliches_anlagevermoegen,Ausz. f. Erwerb von bewegl. Anlagevermögen,,false,2025,ansatz,265000,187
PB,02,false,26,erwerb_bewegliches_anlagevermoegen,Ausz. f. Erwerb von bewegl. Anlagevermögen,,false,2026,ansatz,728125,187
PB,02,false,26,erwerb_bewegliches_anlagevermoegen,Ausz. f. Erwerb von bewegl. Anlagevermögen,,false,2027,planung,666125,187
PB,02,false,26,erwerb_bewegliches_anlagevermoegen,Ausz. f. Erwerb von bewegl. Anlagevermögen,,false,2028,planung,215125,187
PB,02,false,26,erwerb_bewegliches_anlagevermoegen,Ausz. f. Erwerb von bewegl. Anlagevermögen,,false,2029,planung,408125,187
PB,02,false,30,auszahlungen_investitionen,Auszahlungen aus Investitionstätigkeit,,true,2024,ergebnis,487463,187
PB,02,false,30,auszahlungen_investitionen,Auszahlungen aus Investitionstätigkeit,,true,2025,ansatz,265000,187
PB,02,false,30,auszahlungen_investitionen,Auszahlungen aus Investitionstätigkeit,,true,2026,ansatz,728125,187
PB,02,false,30,auszahlungen_investitionen,Auszahlungen aus Investitionstätigkeit,,true,2027,planung,666125,187
PB,02,false,30,auszahlungen_investitionen,Auszahlungen aus Investitionstätigkeit,,true,2028,planung,215125,187
PB,02,false,30,auszahlungen_investitionen,Auszahlungen aus Investitionstätigkeit,,true,2029,planung,408125,187
PB,02,false,31,saldo_investitionen,Saldo aus Investitionstätigkeit,,true,2024,ergebnis,-362313,187
PB,02,false,31,saldo_investitionen,Saldo aus Investitionstätigkeit,,true,2025,ansatz,-165000,187
PB,02,false,31,saldo_investitionen,Saldo aus Investitionstätigkeit,,true,2026,ansatz,-618125,187
PB,02,false,31,saldo_investitionen,Saldo aus Investitionstätigkeit,,true,2027,planung,-556125,187
PB,02,false,31,saldo_investitionen,Saldo aus Investitionstätigkeit,,true,2028,planung,-105125,187
PB,02,false,31,saldo_investitionen,Saldo aus Investitionstätigkeit,,true,2029,planung,-298125,187
PB,02,false,32,finanzmittelueberschuss,Finanzmittelüberschuss/-fehlbetrag,,true,2024,ergebnis,-1220397,187
PB,02,false,32,finanzmittelueberschuss,Finanzmittelüberschuss/-fehlbetrag,,true,2025,ansatz,-1058252,187
PB,02,false,32,finanzmittelueberschuss,Finanzmittelüberschuss/-fehlbetrag,,true,2026,ansatz,-1520099,187
PB,02,false,32,finanzmittelueberschuss,Finanzmittelüberschuss/-fehlbetrag,,true,2027,planung,-1474758,187
PB,02,false,32,finanzmittelueberschuss,Finanzmittelüberschuss/-fehlbetrag,,true,2028,planung,-1061320,187
PB,02,false,32,finanzmittelueberschuss,Finanzmittelüberschuss/-fehlbetrag,,true,2029,planung,-1256947,187
PB,03,true,17,saldo_laufende_verwaltung,Saldo aus lfd. Verw.-tätigkeit,,true,2024,ergebnis,-2799563,215
PB,03,true,17,saldo_laufende_verwaltung,Saldo aus lfd. Verw.-tätigkeit,,true,2025,ansatz,-2983454,215
PB,03,true,17,saldo_laufende_verwaltung,Saldo aus lfd. Verw.-tätigkeit,,true,2026,ansatz,-3077640,215
PB,03,true,17,saldo_laufende_verwaltung,Saldo aus lfd. Verw.-tätigkeit,,true,2027,planung,-3210051,215
PB,03,true,17,saldo_laufende_verwaltung,Saldo aus lfd. Verw.-tätigkeit,,true,2028,planung,-3349498,215
PB,03,true,17,saldo_laufende_verwaltung,Saldo aus lfd. Verw.-tätigkeit,,true,2029,planung,-3519106,215
PB,03,false,18,investitionszuwendungen,Zuwendungen für Investitionsmaßnahmen,,false,2024,ergebnis,10558,215
PB,03,false,18,investitionszuwendungen,Zuwendungen für Investitionsmaßnahmen,,false,2025,ansatz,833377,215
PB,03,false,18,investitionszuwendungen,Zuwendungen für Investitionsmaßnahmen,,false,2026,ansatz,0,215
PB,03,false,18,investitionszuwendungen,Zuwendungen für Investitionsmaßnahmen,,false,2027,planung,0,215
PB,03,false,18,investitionszuwendungen,Zuwendungen für Investitionsmaßnahmen,,false,2028,planung,0,215
PB,03,false,18,investitionszuwendungen,Zuwendungen für Investitionsmaßnahmen,,false,2029,planung,0,215
PB,03,false,23,einzahlungen_investitionen,Einzahlungen aus Investitionstätigkeit,,true,2024,ergebnis,10558,215
PB,03,false,23,einzahlungen_investitionen,Einzahlungen aus Investitionstätigkeit,,true,2025,ansatz,833377,215
PB,03,false,23,einzahlungen_investitionen,Einzahlungen aus Investitionstätigkeit,,true,2026,ansatz,0,215
PB,03,false,23,einzahlungen_investitionen,Einzahlungen aus Investitionstätigkeit,,true,2027,planung,0,215
PB,03,false,23,einzahlungen_investitionen,Einzahlungen aus Investitionstätigkeit,,true,2028,planung,0,215
PB,03,false,23,einzahlungen_investitionen,Einzahlungen aus Investitionstätigkeit,,true,2029,planung,0,215
PB,03,false,25,baumassnahmen,Ausz. f. Baumaßnahmen,,false,2024,ergebnis,1330845,215
PB,03,false,25,baumassnahmen,Ausz. f. Baumaßnahmen,,false,2025,ansatz,1185000,215
PB,03,false,25,baumassnahmen,Ausz. f. Baumaßnahmen,,false,2026,ansatz,1405000,215
PB,03,false,25,baumassnahmen,Ausz. f. Baumaßnahmen,,false,2027,planung,3015000,215
PB,03,false,25,baumassnahmen,Ausz. f. Baumaßnahmen,,false,2028,planung,1850000,215
PB,03,false,25,baumassnahmen,Ausz. f. Baumaßnahmen,,false,2029,planung,500000,215
PB,03,false,26,erwerb_bewegliches_anlagevermoegen,Ausz. f. Erwerb von bewegl. Anlagevermögen,,false,2024,ergebnis,307168,215
PB,03,false,26,erwerb_bewegliches_anlagevermoegen,Ausz. f. Erwerb von bewegl. Anlagevermögen,,false,2025,ansatz,152600,215
PB,03,false,26,erwerb_bewegliches_anlagevermoegen,Ausz. f. Erwerb von bewegl. Anlagevermögen,,false,2026,ansatz,358100,215
PB,03,false,26,erwerb_bewegliches_anlagevermoegen,Ausz. f. Erwerb von bewegl. Anlagevermögen,,false,2027,planung,256600,215
PB,03,false,26,erwerb_bewegliches_anlagevermoegen,Ausz. f. Erwerb von bewegl. Anlagevermögen,,false,2028,planung,228600,215
PB,03,false,26,erwerb_bewegliches_anlagevermoegen,Ausz. f. Erwerb von bewegl. Anlagevermögen,,false,2029,planung,228600,215
PB,03,false,30,auszahlungen_investitionen,Auszahlungen aus Investitionstätigkeit,,true,2024,ergebnis,1638013,215
PB,03,false,30,auszahlungen_investitionen,Auszahlungen aus Investitionstätigkeit,,true,2025,ansatz,1337600,215
PB,03,false,30,auszahlungen_investitionen,Auszahlungen aus Investitionstätigkeit,,true,2026,ansatz,1763100,215
PB,03,false,30,auszahlungen_investitionen,Auszahlungen aus Investitionstätigkeit,,true,2027,planung,3271600,215
PB,03,false,30,auszahlungen_investitionen,Auszahlungen aus Investitionstätigkeit,,true,2028,planung,2078600,215
PB,03,false,30,auszahlungen_investitionen,Auszahlungen aus Investitionstätigkeit,,true,2029,planung,728600,215
PB,03,false,31,saldo_investitionen,Saldo aus Investitionstätigkeit,,true,2024,ergebnis,-1627455,215
PB,03,false,31,saldo_investitionen,Saldo aus Investitionstätigkeit,,true,2025,ansatz,-504223,215
PB,03,false,31,saldo_investitionen,Saldo aus Investitionstätigkeit,,true,2026,ansatz,-1763100,215
PB,03,false,31,saldo_investitionen,Saldo aus Investitionstätigkeit,,true,2027,planung,-3271600,215
PB,03,false,31,saldo_investitionen,Saldo aus Investitionstätigkeit,,true,2028,planung,-2078600,215
PB,03,false,31,saldo_investitionen,Saldo aus Investitionstätigkeit,,true,2029,planung,-728600,215
PB,03,false,32,finanzmittelueberschuss,Finanzmittelüberschuss/-fehlbetrag,,true,2024,ergebnis,-4427018,215
PB,03,false,32,finanzmittelueberschuss,Finanzmittelüberschuss/-fehlbetrag,,true,2025,ansatz,-3487677,215
PB,03,false,32,finanzmittelueberschuss,Finanzmittelüberschuss/-fehlbetrag,,true,2026,ansatz,-4840740,215
PB,03,false,32,finanzmittelueberschuss,Finanzmittelüberschuss/-fehlbetrag,,true,2027,planung,-6481651,215
PB,03,false,32,finanzmittelueberschuss,Finanzmittelüberschuss/-fehlbetrag,,true,2028,planung,-5428098,215
PB,03,false,32,finanzmittelueberschuss,Finanzmittelüberschuss/-fehlbetrag,,true,2029,planung,-4247706,215
PB,04,true,17,saldo_laufende_verwaltung,Saldo aus lfd. Verw.-tätigkeit,,true,2024,ergebnis,-390418,250
PB,04,true,17,saldo_laufende_verwaltung,Saldo aus lfd. Verw.-tätigkeit,,true,2025,ansatz,-419359,250
PB,04,true,17,saldo_laufende_verwaltung,Saldo aus lfd. Verw.-tätigkeit,,true,2026,ansatz,-397662,250
PB,04,true,17,saldo_laufende_verwaltung,Saldo aus lfd. Verw.-tätigkeit,,true,2027,planung,-352510,250
PB,04,true,17,saldo_laufende_verwaltung,Saldo aus lfd. Verw.-tätigkeit,,true,2028,planung,-362441,250
PB,04,true,17,saldo_laufende_verwaltung,Saldo aus lfd. Verw.-tätigkeit,,true,2029,planung,-376111,250
PB,04,false,26,erwerb_bewegliches_anlagevermoegen,Ausz. f. Erwerb von bewegl. Anlagevermögen,,false,2024,ergebnis,0,250
PB,04,false,26,erwerb_bewegliches_anlagevermoegen,Ausz. f. Erwerb von bewegl. Anlagevermögen,,false,2025,ansatz,1000,250
PB,04,false,26,erwerb_bewegliches_anlagevermoegen,Ausz. f. Erwerb von bewegl. Anlagevermögen,,false,2026,ansatz,1000,250
PB,04,false,26,erwerb_bewegliches_anlagevermoegen,Ausz. f. Erwerb von bewegl. Anlagevermögen,,false,2027,planung,1000,250
PB,04,false,26,erwerb_bewegliches_anlagevermoegen,Ausz. f. Erwerb von bewegl. Anlagevermögen,,false,2028,planung,1000,250
PB,04,false,26,erwerb_bewegliches_anlagevermoegen,Ausz. f. Erwerb von bewegl. Anlagevermögen,,false,2029,planung,1000,250
PB,04,false,30,auszahlungen_investitionen,Auszahlungen aus Investitionstätigkeit,,true,2024,ergebnis,0,250
PB,04,false,30,auszahlungen_investitionen,Auszahlungen aus Investitionstätigkeit,,true,2025,ansatz,1000,250
PB,04,false,30,auszahlungen_investitionen,Auszahlungen aus Investitionstätigkeit,,true,2026,ansatz,1000,250
PB,04,false,30,auszahlungen_investitionen,Auszahlungen aus Investitionstätigkeit,,true,2027,planung,1000,250
PB,04,false,30,auszahlungen_investitionen,Auszahlungen aus Investitionstätigkeit,,true,2028,planung,1000,250
PB,04,false,30,auszahlungen_investitionen,Auszahlungen aus Investitionstätigkeit,,true,2029,planung,1000,250
PB,04,false,31,saldo_investitionen,Saldo aus Investitionstätigkeit,,true,2024,ergebnis,0,250
PB,04,false,31,saldo_investitionen,Saldo aus Investitionstätigkeit,,true,2025,ansatz,-1000,250
PB,04,false,31,saldo_investitionen,Saldo aus Investitionstätigkeit,,true,2026,ansatz,-1000,250
PB,04,false,31,saldo_investitionen,Saldo aus Investitionstätigkeit,,true,2027,planung,-1000,250
PB,04,false,31,saldo_investitionen,Saldo aus Investitionstätigkeit,,true,2028,planung,-1000,250
PB,04,false,31,saldo_investitionen,Saldo aus Investitionstätigkeit,,true,2029,planung,-1000,250
PB,04,false,32,finanzmittelueberschuss,Finanzmittelüberschuss/-fehlbetrag,,true,2024,ergebnis,-390418,250
PB,04,false,32,finanzmittelueberschuss,Finanzmittelüberschuss/-fehlbetrag,,true,2025,ansatz,-420359,250
PB,04,false,32,finanzmittelueberschuss,Finanzmittelüberschuss/-fehlbetrag,,true,2026,ansatz,-398662,250
PB,04,false,32,finanzmittelueberschuss,Finanzmittelüberschuss/-fehlbetrag,,true,2027,planung,-353510,250
PB,04,false,32,finanzmittelueberschuss,Finanzmittelüberschuss/-fehlbetrag,,true,2028,planung,-363441,250
PB,04,false,32,finanzmittelueberschuss,Finanzmittelüberschuss/-fehlbetrag,,true,2029,planung,-377111,250
PB,05,true,17,saldo_laufende_verwaltung,Saldo aus lfd. Verw.-tätigkeit,,true,2024,ergebnis,-1706246,277
PB,05,true,17,saldo_laufende_verwaltung,Saldo aus lfd. Verw.-tätigkeit,,true,2025,ansatz,-2577738,277
PB,05,true,17,saldo_laufende_verwaltung,Saldo aus lfd. Verw.-tätigkeit,,true,2026,ansatz,-757936,277
PB,05,true,17,saldo_laufende_verwaltung,Saldo aus lfd. Verw.-tätigkeit,,true,2027,planung,-806858,277
PB,05,true,17,saldo_laufende_verwaltung,Saldo aus lfd. Verw.-tätigkeit,,true,2028,planung,-876329,277
PB,05,true,17,saldo_laufende_verwaltung,Saldo aus lfd. Verw.-tätigkeit,,true,2029,planung,-950064,277
PB,05,false,24,erwerb_grundstuecke_gebaeude,Ausz. f. Erwerb von Grundst. u. Gebäuden,,false,2024,ergebnis,353037,277
PB,05,false,24,erwerb_grundstuecke_gebaeude,Ausz. f. Erwerb von Grundst. u. Gebäuden,,false,2025,ansatz,0,277
PB,05,false,24,erwerb_grundstuecke_gebaeude,Ausz. f. Erwerb von Grundst. u. Gebäuden,,false,2026,ansatz,0,277
PB,05,false,24,erwerb_grundstuecke_gebaeude,Ausz. f. Erwerb von Grundst. u. Gebäuden,,false,2027,planung,0,277
PB,05,false,24,erwerb_grundstuecke_gebaeude,Ausz. f. Erwerb von Grundst. u. Gebäuden,,false,2028,planung,0,277
PB,05,false,24,erwerb_grundstuecke_gebaeude,Ausz. f. Erwerb von Grundst. u. Gebäuden,,false,2029,planung,0,277
PB,05,false,25,baumassnahmen,Ausz. f. Baumaßnahmen,,false,2024,ergebnis,2042969,277
PB,05,false,25,baumassnahmen,Ausz. f. Baumaßnahmen,,false,2025,ansatz,0,277
PB,05,false,25,baumassnahmen,Ausz. f. Baumaßnahmen,,false,2026,ansatz,0,277
PB,05,false,25,baumassnahmen,Ausz. f. Baumaßnahmen,,false,2027,planung,0,277
PB,05,false,25,baumassnahmen,Ausz. f. Baumaßnahmen,,false,2028,planung,0,277
PB,05,false,25,baumassnahmen,Ausz. f. Baumaßnahmen,,false,2029,planung,0,277
PB,05,false,26,erwerb_bewegliches_anlagevermoegen,Ausz. f. Erwerb von bewegl. Anlagevermögen,,false,2024,ergebnis,4308,277
PB,05,false,26,erwerb_bewegliches_anlagevermoegen,Ausz. f. Erwerb von bewegl. Anlagevermögen,,false,2025,ansatz,3000,277
PB,05,false,26,erwerb_bewegliches_anlagevermoegen,Ausz. f. Erwerb von bewegl. Anlagevermögen,,false,2026,ansatz,0,277
PB,05,false,26,erwerb_bewegliches_anlagevermoegen,Ausz. f. Erwerb von bewegl. Anlagevermögen,,false,2027,planung,0,277
PB,05,false,26,erwerb_bewegliches_anlagevermoegen,Ausz. f. Erwerb von bewegl. Anlagevermögen,,false,2028,planung,0,277
PB,05,false,26,erwerb_bewegliches_anlagevermoegen,Ausz. f. Erwerb von bewegl. Anlagevermögen,,false,2029,planung,0,277
PB,05,false,30,auszahlungen_investitionen,Auszahlungen aus Investitionstätigkeit,,true,2024,ergebnis,2400314,277
PB,05,false,30,auszahlungen_investitionen,Auszahlungen aus Investitionstätigkeit,,true,2025,ansatz,3000,277
PB,05,false,30,auszahlungen_investitionen,Auszahlungen aus Investitionstätigkeit,,true,2026,ansatz,0,277
PB,05,false,30,auszahlungen_investitionen,Auszahlungen aus Investitionstätigkeit,,true,2027,planung,0,277
PB,05,false,30,auszahlungen_investitionen,Auszahlungen aus Investitionstätigkeit,,true,2028,planung,0,277
PB,05,false,30,auszahlungen_investitionen,Auszahlungen aus Investitionstätigkeit,,true,2029,planung,0,277
PB,05,false,31,saldo_investitionen,Saldo aus Investitionstätigkeit,,true,2024,ergebnis,-2400314,277
PB,05,false,31,saldo_investitionen,Saldo aus Investitionstätigkeit,,true,2025,ansatz,-3000,277
PB,05,false,31,saldo_investitionen,Saldo aus Investitionstätigkeit,,true,2026,ansatz,0,277
PB,05,false,31,saldo_investitionen,Saldo aus Investitionstätigkeit,,true,2027,planung,0,277
PB,05,false,31,saldo_investitionen,Saldo aus Investitionstätigkeit,,true,2028,planung,0,277
PB,05,false,31,saldo_investitionen,Saldo aus Investitionstätigkeit,,true,2029,planung,0,277
PB,05,false,32,finanzmittelueberschuss,Finanzmittelüberschuss/-fehlbetrag,,true,2024,ergebnis,-4106560,277
PB,05,false,32,finanzmittelueberschuss,Finanzmittelüberschuss/-fehlbetrag,,true,2025,ansatz,-2580738,277
PB,05,false,32,finanzmittelueberschuss,Finanzmittelüberschuss/-fehlbetrag,,true,2026,ansatz,-757936,277
PB,05,false,32,finanzmittelueberschuss,Finanzmittelüberschuss/-fehlbetrag,,true,2027,planung,-806858,277
PB,05,false,32,finanzmittelueberschuss,Finanzmittelüberschuss/-fehlbetrag,,true,2028,planung,-876329,277
PB,05,false,32,finanzmittelueberschuss,Finanzmittelüberschuss/-fehlbetrag,,true,2029,planung,-950064,277
PB,06,true,17,saldo_laufende_verwaltung,Saldo aus lfd. Verw.-tätigkeit,,true,2024,ergebnis,-351609,327
PB,06,true,17,saldo_laufende_verwaltung,Saldo aus lfd. Verw.-tätigkeit,,true,2025,ansatz,-1349081,327
PB,06,true,17,saldo_laufende_verwaltung,Saldo aus lfd. Verw.-tätigkeit,,true,2026,ansatz,-1479545,327
PB,06,true,17,saldo_laufende_verwaltung,Saldo aus lfd. Verw.-tätigkeit,,true,2027,planung,-1666241,327
PB,06,true,17,saldo_laufende_verwaltung,Saldo aus lfd. Verw.-tätigkeit,,true,2028,planung,-1788013,327
PB,06,true,17,saldo_laufende_verwaltung,Saldo aus lfd. Verw.-tätigkeit,,true,2029,planung,-1898119,327
PB,06,false,18,investitionszuwendungen,Zuwendungen für Investitionsmaßnahmen,,false,2024,ergebnis,12000,327
PB,06,false,18,investitionszuwendungen,Zuwendungen für Investitionsmaßnahmen,,false,2025,ansatz,170000,327
PB,06,false,18,investitionszuwendungen,Zuwendungen für Investitionsmaßnahmen,,false,2026,ansatz,0,327
PB,06,false,18,investitionszuwendungen,Zuwendungen für Investitionsmaßnahmen,,false,2027,planung,0,327
PB,06,false,18,investitionszuwendungen,Zuwendungen für Investitionsmaßnahmen,,false,2028,planung,0,327
PB,06,false,18,investitionszuwendungen,Zuwendungen für Investitionsmaßnahmen,,false,2029,planung,0,327
PB,06,false,23,einzahlungen_investitionen,Einzahlungen aus Investitionstätigkeit,,true,2024,ergebnis,12000,327
PB,06,false,23,einzahlungen_investitionen,Einzahlungen aus Investitionstätigkeit,,true,2025,ansatz,170000,327
PB,06,false,23,einzahlungen_investitionen,Einzahlungen aus Investitionstätigkeit,,true,2026,ansatz,0,327
PB,06,false,23,einzahlungen_investitionen,Einzahlungen aus Investitionstätigkeit,,true,2027,planung,0,327
PB,06,false,23,einzahlungen_investitionen,Einzahlungen aus Investitionstätigkeit,,true,2028,planung,0,327
PB,06,false,23,einzahlungen_investitionen,Einzahlungen aus Investitionstätigkeit,,true,2029,planung,0,327
PB,06,false,25,baumassnahmen,Ausz. f. Baumaßnahmen,,false,2024,ergebnis,100463,327
PB,06,false,25,baumassnahmen,Ausz. f. Baumaßnahmen,,false,2025,ansatz,60000,327
PB,06,false,25,baumassnahmen,Ausz. f. Baumaßnahmen,,false,2026,ansatz,65000,327
PB,06,false,25,baumassnahmen,Ausz. f. Baumaßnahmen,,false,2027,planung,60000,327
PB,06,false,25,baumassnahmen,Ausz. f. Baumaßnahmen,,false,2028,planung,50000,327
PB,06,false,25,baumassnahmen,Ausz. f. Baumaßnahmen,,false,2029,planung,50000,327
PB,06,false,28,aktivierbare_zuwendungen,Ausz. f. aktivierbaren Zuwendungen,,false,2024,ergebnis,0,327
PB,06,false,28,aktivierbare_zuwendungen,Ausz. f. aktivierbaren Zuwendungen,,false,2025,ansatz,70000,327
PB,06,false,28,aktivierbare_zuwendungen,Ausz. f. aktivierbaren Zuwendungen,,false,2026,ansatz,0,327
PB,06,false,28,aktivierbare_zuwendungen,Ausz. f. aktivierbaren Zuwendungen,,false,2027,planung,300000,327
PB,06,false,28,aktivierbare_zuwendungen,Ausz. f. aktivierbaren Zuwendungen,,false,2028,planung,0,327
PB,06,false,28,aktivierbare_zuwendungen,Ausz. f. aktivierbaren Zuwendungen,,false,2029,planung,0,327
PB,06,false,30,auszahlungen_investitionen,Auszahlungen aus Investitionstätigkeit,,true,2024,ergebnis,100463,327
PB,06,false,30,auszahlungen_investitionen,Auszahlungen aus Investitionstätigkeit,,true,2025,ansatz,130000,327
PB,06,false,30,auszahlungen_investitionen,Auszahlungen aus Investitionstätigkeit,,true,2026,ansatz,65000,327
PB,06,false,30,auszahlungen_investitionen,Auszahlungen aus Investitionstätigkeit,,true,2027,planung,360000,327
PB,06,false,30,auszahlungen_investitionen,Auszahlungen aus Investitionstätigkeit,,true,2028,planung,50000,327
PB,06,false,30,auszahlungen_investitionen,Auszahlungen aus Investitionstätigkeit,,true,2029,planung,50000,327
PB,06,false,31,saldo_investitionen,Saldo aus Investitionstätigkeit,,true,2024,ergebnis,-88463,327
PB,06,false,31,saldo_investitionen,Saldo aus Investitionstätigkeit,,true,2025,ansatz,40000,327
PB,06,false,31,saldo_investitionen,Saldo aus Investitionstätigkeit,,true,2026,ansatz,-65000,327
PB,06,false,31,saldo_investitionen,Saldo aus Investitionstätigkeit,,true,2027,planung,-360000,327
PB,06,false,31,saldo_investitionen,Saldo aus Investitionstätigkeit,,true,2028,planung,-50000,327
PB,06,false,31,saldo_investitionen,Saldo aus Investitionstätigkeit,,true,2029,planung,-50000,327
PB,06,false,32,finanzmittelueberschuss,Finanzmittelüberschuss/-fehlbetrag,,true,2024,ergebnis,-440072,327
PB,06,false,32,finanzmittelueberschuss,Finanzmittelüberschuss/-fehlbetrag,,true,2025,ansatz,-1309081,327
PB,06,false,32,finanzmittelueberschuss,Finanzmittelüberschuss/-fehlbetrag,,true,2026,ansatz,-1544545,327
PB,06,false,32,finanzmittelueberschuss,Finanzmittelüberschuss/-fehlbetrag,,true,2027,planung,-2026241,327
PB,06,false,32,finanzmittelueberschuss,Finanzmittelüberschuss/-fehlbetrag,,true,2028,planung,-1838013,327
PB,06,false,32,finanzmittelueberschuss,Finanzmittelüberschuss/-fehlbetrag,,true,2029,planung,-1948119,327
PB,07,true,17,saldo_laufende_verwaltung,Saldo aus lfd. Verw.-tätigkeit,,true,2024,ergebnis,-353520,347
PB,07,true,17,saldo_laufende_verwaltung,Saldo aus lfd. Verw.-tätigkeit,,true,2025,ansatz,-353000,347
PB,07,true,17,saldo_laufende_verwaltung,Saldo aus lfd. Verw.-tätigkeit,,true,2026,ansatz,-345000,347
PB,07,true,17,saldo_laufende_verwaltung,Saldo aus lfd. Verw.-tätigkeit,,true,2027,planung,-345000,347
PB,07,true,17,saldo_laufende_verwaltung,Saldo aus lfd. Verw.-tätigkeit,,true,2028,planung,-345000,347
PB,07,true,17,saldo_laufende_verwaltung,Saldo aus lfd. Verw.-tätigkeit,,true,2029,planung,-345000,347
PB,07,false,32,finanzmittelueberschuss,Finanzmittelüberschuss/-fehlbetrag,,true,2024,ergebnis,-353520,347
PB,07,false,32,finanzmittelueberschuss,Finanzmittelüberschuss/-fehlbetrag,,true,2025,ansatz,-353000,347
PB,07,false,32,finanzmittelueberschuss,Finanzmittelüberschuss/-fehlbetrag,,true,2026,ansatz,-345000,347
PB,07,false,32,finanzmittelueberschuss,Finanzmittelüberschuss/-fehlbetrag,,true,2027,planung,-345000,347
PB,07,false,32,finanzmittelueberschuss,Finanzmittelüberschuss/-fehlbetrag,,true,2028,planung,-345000,347
PB,07,false,32,finanzmittelueberschuss,Finanzmittelüberschuss/-fehlbetrag,,true,2029,planung,-345000,347
PB,08,true,17,saldo_laufende_verwaltung,Saldo aus lfd. Verw.-tätigkeit,,true,2024,ergebnis,-579797,355
PB,08,true,17,saldo_laufende_verwaltung,Saldo aus lfd. Verw.-tätigkeit,,true,2025,ansatz,-451481,355
PB,08,true,17,saldo_laufende_verwaltung,Saldo aus lfd. Verw.-tätigkeit,,true,2026,ansatz,-802855,355
PB,08,true,17,saldo_laufende_verwaltung,Saldo aus lfd. Verw.-tätigkeit,,true,2027,planung,-2457992,355
PB,08,true,17,saldo_laufende_verwaltung,Saldo aus lfd. Verw.-tätigkeit,,true,2028,planung,-1077759,355
PB,08,true,17,saldo_laufende_verwaltung,Saldo aus lfd. Verw.-tätigkeit,,true,2029,planung,-758695,355
PB,08,false,18,investitionszuwendungen,Zuwendungen für Investitionsmaßnahmen,,false,2024,ergebnis,10464,355
PB,08,false,18,investitionszuwendungen,Zuwendungen für Investitionsmaßnahmen,,false,2025,ansatz,47500,355
PB,08,false,18,investitionszuwendungen,Zuwendungen für Investitionsmaßnahmen,,false,2026,ansatz,0,355
PB,08,false,18,investitionszuwendungen,Zuwendungen für Investitionsmaßnahmen,,false,2027,planung,19000,355
PB,08,false,18,investitionszuwendungen,Zuwendungen für Investitionsmaßnahmen,,false,2028,planung,5510000,355
PB,08,false,18,investitionszuwendungen,Zuwendungen für Investitionsmaßnahmen,,false,2029,planung,1656750,355
PB,08,false,19,veraeusserung_sachanlagen,Einz. aus Veräußerung v. Sachanlagen,,false,2024,ergebnis,0,355
PB,08,false,19,veraeusserung_sachanlagen,Einz. aus Veräußerung v. Sachanlagen,,false,2025,ansatz,315,355
PB,08,false,19,veraeusserung_sachanlagen,Einz. aus Veräußerung v. Sachanlagen,,false,2026,ansatz,0,355
PB,08,false,19,veraeusserung_sachanlagen,Einz. aus Veräußerung v. Sachanlagen,,false,2027,planung,0,355
PB,08,false,19,veraeusserung_sachanlagen,Einz. aus Veräußerung v. Sachanlagen,,false,2028,planung,0,355
PB,08,false,19,veraeusserung_sachanlagen,Einz. aus Veräußerung v. Sachanlagen,,false,2029,planung,0,355
PB,08,false,23,einzahlungen_investitionen,Einzahlungen aus Investitionstätigkeit,,true,2024,ergebnis,10464,355
PB,08,false,23,einzahlungen_investitionen,Einzahlungen aus Investitionstätigkeit,,true,2025,ansatz,47815,355
PB,08,false,23,einzahlungen_investitionen,Einzahlungen aus Investitionstätigkeit,,true,2026,ansatz,0,355
PB,08,false,23,einzahlungen_investitionen,Einzahlungen aus Investitionstätigkeit,,true,2027,planung,19000,355
PB,08,false,23,einzahlungen_investitionen,Einzahlungen aus Investitionstätigkeit,,true,2028,planung,5510000,355
PB,08,false,23,einzahlungen_investitionen,Einzahlungen aus Investitionstätigkeit,,true,2029,planung,1656750,355
PB,08,false,25,baumassnahmen,Ausz. f. Baumaßnahmen,,false,2024,ergebnis,237984,355
PB,08,false,25,baumassnahmen,Ausz. f. Baumaßnahmen,,false,2025,ansatz,2155000,355
PB,08,false,25,baumassnahmen,Ausz. f. Baumaßnahmen,,false,2026,ansatz,1442621,355
PB,08,false,25,baumassnahmen,Ausz. f. Baumaßnahmen,,false,2027,planung,10124000,355
PB,08,false,25,baumassnahmen,Ausz. f. Baumaßnahmen,,false,2028,planung,2780000,355
PB,08,false,25,baumassnahmen,Ausz. f. Baumaßnahmen,,false,2029,planung,1020000,355
PB,08,false,26,erwerb_bewegliches_anlagevermoegen,Ausz. f. Erwerb von bewegl. Anlagevermögen,,false,2024,ergebnis,19949,355
PB,08,false,26,erwerb_bewegliches_anlagevermoegen,Ausz. f. Erwerb von bewegl. Anlagevermögen,,false,2025,ansatz,55000,355
PB,08,false,26,erwerb_bewegliches_anlagevermoegen,Ausz. f. Erwerb von bewegl. Anlagevermögen,,false,2026,ansatz,31000,355
PB,08,false,26,erwerb_bewegliches_anlagevermoegen,Ausz. f. Erwerb von bewegl. Anlagevermögen,,false,2027,planung,9000,355
PB,08,false,26,erwerb_bewegliches_anlagevermoegen,Ausz. f. Erwerb von bewegl. Anlagevermögen,,false,2028,planung,9000,355
PB,08,false,26,erwerb_bewegliches_anlagevermoegen,Ausz. f. Erwerb von bewegl. Anlagevermögen,,false,2029,planung,9000,355
PB,08,false,30,auszahlungen_investitionen,Auszahlungen aus Investitionstätigkeit,,true,2024,ergebnis,257933,355
PB,08,false,30,auszahlungen_investitionen,Auszahlungen aus Investitionstätigkeit,,true,2025,ansatz,2210000,355
PB,08,false,30,auszahlungen_investitionen,Auszahlungen aus Investitionstätigkeit,,true,2026,ansatz,1473621,355
PB,08,false,30,auszahlungen_investitionen,Auszahlungen aus Investitionstätigkeit,,true,2027,planung,10133000,355
PB,08,false,30,auszahlungen_investitionen,Auszahlungen aus Investitionstätigkeit,,true,2028,planung,2789000,355
PB,08,false,30,auszahlungen_investitionen,Auszahlungen aus Investitionstätigkeit,,true,2029,planung,1029000,355
PB,08,false,31,saldo_investitionen,Saldo aus Investitionstätigkeit,,true,2024,ergebnis,-247470,355
PB,08,false,31,saldo_investitionen,Saldo aus Investitionstätigkeit,,true,2025,ansatz,-2162185,355
PB,08,false,31,saldo_investitionen,Saldo aus Investitionstätigkeit,,true,2026,ansatz,-1473621,355
PB,08,false,31,saldo_investitionen,Saldo aus Investitionstätigkeit,,true,2027,planung,-10114000,355
PB,08,false,31,saldo_investitionen,Saldo aus Investitionstätigkeit,,true,2028,planung,2721000,355
PB,08,false,31,saldo_investitionen,Saldo aus Investitionstätigkeit,,true,2029,planung,627750,355
PB,08,false,32,finanzmittelueberschuss,Finanzmittelüberschuss/-fehlbetrag,,true,2024,ergebnis,-827267,355
PB,08,false,32,finanzmittelueberschuss,Finanzmittelüberschuss/-fehlbetrag,,true,2025,ansatz,-2613666,355
PB,08,false,32,finanzmittelueberschuss,Finanzmittelüberschuss/-fehlbetrag,,true,2026,ansatz,-2276476,355
PB,08,false,32,finanzmittelueberschuss,Finanzmittelüberschuss/-fehlbetrag,,true,2027,planung,-12571992,355
PB,08,false,32,finanzmittelueberschuss,Finanzmittelüberschuss/-fehlbetrag,,true,2028,planung,1643241,355
PB,08,false,32,finanzmittelueberschuss,Finanzmittelüberschuss/-fehlbetrag,,true,2029,planung,-130945,355
PB,09,true,17,saldo_laufende_verwaltung,Saldo aus lfd. Verw.-tätigkeit,,true,2024,ergebnis,-438976,383
PB,09,true,17,saldo_laufende_verwaltung,Saldo aus lfd. Verw.-tätigkeit,,true,2025,ansatz,-632010,383
PB,09,true,17,saldo_laufende_verwaltung,Saldo aus lfd. Verw.-tätigkeit,,true,2026,ansatz,-326426,383
PB,09,true,17,saldo_laufende_verwaltung,Saldo aus lfd. Verw.-tätigkeit,,true,2027,planung,-331589,383
PB,09,true,17,saldo_laufende_verwaltung,Saldo aus lfd. Verw.-tätigkeit,,true,2028,planung,-337975,383
PB,09,true,17,saldo_laufende_verwaltung,Saldo aus lfd. Verw.-tätigkeit,,true,2029,planung,-344553,383
PB,09,false,28,aktivierbare_zuwendungen,Ausz. f. aktivierbaren Zuwendungen,,false,2024,ergebnis,329000,383
PB,09,false,28,aktivierbare_zuwendungen,Ausz. f. aktivierbaren Zuwendungen,,false,2025,ansatz,328000,383
PB,09,false,28,aktivierbare_zuwendungen,Ausz. f. aktivierbaren Zuwendungen,,false,2026,ansatz,90000,383
PB,09,false,28,aktivierbare_zuwendungen,Ausz. f. aktivierbaren Zuwendungen,,false,2027,planung,0,383
PB,09,false,28,aktivierbare_zuwendungen,Ausz. f. aktivierbaren Zuwendungen,,false,2028,planung,0,383
PB,09,false,28,aktivierbare_zuwendungen,Ausz. f. aktivierbaren Zuwendungen,,false,2029,planung,0,383
PB,09,false,30,auszahlungen_investitionen,Auszahlungen aus Investitionstätigkeit,,true,2024,ergebnis,329000,383
PB,09,false,30,auszahlungen_investitionen,Auszahlungen aus Investitionstätigkeit,,true,2025,ansatz,328000,383
PB,09,false,30,auszahlungen_investitionen,Auszahlungen aus Investitionstätigkeit,,true,2026,ansatz,90000,383
PB,09,false,30,auszahlungen_investitionen,Auszahlungen aus Investitionstätigkeit,,true,2027,planung,0,383
PB,09,false,30,auszahlungen_investitionen,Auszahlungen aus Investitionstätigkeit,,true,2028,planung,0,383
PB,09,false,30,auszahlungen_investitionen,Auszahlungen aus Investitionstätigkeit,,true,2029,planung,0,383
PB,09,false,31,saldo_investitionen,Saldo aus Investitionstätigkeit,,true,2024,ergebnis,-329000,383
PB,09,false,31,saldo_investitionen,Saldo aus Investitionstätigkeit,,true,2025,ansatz,-328000,383
PB,09,false,31,saldo_investitionen,Saldo aus Investitionstätigkeit,,true,2026,ansatz,-90000,383
PB,09,false,31,saldo_investitionen,Saldo aus Investitionstätigkeit,,true,2027,planung,0,383
PB,09,false,31,saldo_investitionen,Saldo aus Investitionstätigkeit,,true,2028,planung,0,383
PB,09,false,31,saldo_investitionen,Saldo aus Investitionstätigkeit,,true,2029,planung,0,383
PB,09,false,32,finanzmittelueberschuss,Finanzmittelüberschuss/-fehlbetrag,,true,2024,ergebnis,-767976,383
PB,09,false,32,finanzmittelueberschuss,Finanzmittelüberschuss/-fehlbetrag,,true,2025,ansatz,-960010,383
PB,09,false,32,finanzmittelueberschuss,Finanzmittelüberschuss/-fehlbetrag,,true,2026,ansatz,-416426,383
PB,09,false,32,finanzmittelueberschuss,Finanzmittelüberschuss/-fehlbetrag,,true,2027,planung,-331589,383
PB,09,false,32,finanzmittelueberschuss,Finanzmittelüberschuss/-fehlbetrag,,true,2028,planung,-337975,383
PB,09,false,32,finanzmittelueberschuss,Finanzmittelüberschuss/-fehlbetrag,,true,2029,planung,-344553,383
PB,10,true,17,saldo_laufende_verwaltung,Saldo aus lfd. Verw.-tätigkeit,,true,2024,ergebnis,-67602,391
PB,10,true,17,saldo_laufende_verwaltung,Saldo aus lfd. Verw.-tätigkeit,,true,2025,ansatz,-66844,391
PB,10,true,17,saldo_laufende_verwaltung,Saldo aus lfd. Verw.-tätigkeit,,true,2026,ansatz,-87117,391
PB,10,true,17,saldo_laufende_verwaltung,Saldo aus lfd. Verw.-tätigkeit,,true,2027,planung,-88937,391
PB,10,true,17,saldo_laufende_verwaltung,Saldo aus lfd. Verw.-tätigkeit,,true,2028,planung,-91202,391
PB,10,true,17,saldo_laufende_verwaltung,Saldo aus lfd. Verw.-tätigkeit,,true,2029,planung,-93522,391
PB,10,false,32,finanzmittelueberschuss,Finanzmittelüberschuss/-fehlbetrag,,true,2024,ergebnis,-67602,391
PB,10,false,32,finanzmittelueberschuss,Finanzmittelüberschuss/-fehlbetrag,,true,2025,ansatz,-66844,391
PB,10,false,32,finanzmittelueberschuss,Finanzmittelüberschuss/-fehlbetrag,,true,2026,ansatz,-87117,391
PB,10,false,32,finanzmittelueberschuss,Finanzmittelüberschuss/-fehlbetrag,,true,2027,planung,-88937,391
PB,10,false,32,finanzmittelueberschuss,Finanzmittelüberschuss/-fehlbetrag,,true,2028,planung,-91202,391
PB,10,false,32,finanzmittelueberschuss,Finanzmittelüberschuss/-fehlbetrag,,true,2029,planung,-93522,391
PB,11,true,17,saldo_laufende_verwaltung,Saldo aus lfd. Verw.-tätigkeit,,true,2024,ergebnis,3583876,408
PB,11,true,17,saldo_laufende_verwaltung,Saldo aus lfd. Verw.-tätigkeit,,true,2025,ansatz,4465772,408
PB,11,true,17,saldo_laufende_verwaltung,Saldo aus lfd. Verw.-tätigkeit,,true,2026,ansatz,4076379,408
PB,11,true,17,saldo_laufende_verwaltung,Saldo aus lfd. Verw.-tätigkeit,,true,2027,planung,4125411,408
PB,11,true,17,saldo_laufende_verwaltung,Saldo aus lfd. Verw.-tätigkeit,,true,2028,planung,4231449,408
PB,11,true,17,saldo_laufende_verwaltung,Saldo aus lfd. Verw.-tätigkeit,,true,2029,planung,4330450,408
PB,11,false,18,investitionszuwendungen,Zuwendungen für Investitionsmaßnahmen,,false,2024,ergebnis,22087,408
PB,11,false,18,investitionszuwendungen,Zuwendungen für Investitionsmaßnahmen,,false,2025,ansatz,0,408
PB,11,false,18,investitionszuwendungen,Zuwendungen für Investitionsmaßnahmen,,false,2026,ansatz,0,408
PB,11,false,18,investitionszuwendungen,Zuwendungen für Investitionsmaßnahmen,,false,2027,planung,0,408
PB,11,false,18,investitionszuwendungen,Zuwendungen für Investitionsmaßnahmen,,false,2028,planung,0,408
PB,11,false,18,investitionszuwendungen,Zuwendungen für Investitionsmaßnahmen,,false,2029,planung,0,408
PB,11,false,21,beitraege,Einz. aus Beiträgen u. ä. Entgelten,,false,2024,ergebnis,376197,408
PB,11,false,21,beitraege,Einz. aus Beiträgen u. ä. Entgelten,,false,2025,ansatz,440000,408
PB,11,false,21,beitraege,Einz. aus Beiträgen u. ä. Entgelten,,false,2026,ansatz,1015000,408
PB,11,false,21,beitraege,Einz. aus Beiträgen u. ä. Entgelten,,false,2027,planung,550000,408
PB,11,false,21,beitraege,Einz. aus Beiträgen u. ä. Entgelten,,false,2028,planung,978000,408
PB,11,false,21,beitraege,Einz. aus Beiträgen u. ä. Entgelten,,false,2029,planung,1081000,408
PB,11,false,23,einzahlungen_investitionen,Einzahlungen aus Investitionstätigkeit,,true,2024,ergebnis,398284,408
PB,11,false,23,einzahlungen_investitionen,Einzahlungen aus Investitionstätigkeit,,true,2025,ansatz,440000,408
PB,11,false,23,einzahlungen_investitionen,Einzahlungen aus Investitionstätigkeit,,true,2026,ansatz,1015000,408
PB,11,false,23,einzahlungen_investitionen,Einzahlungen aus Investitionstätigkeit,,true,2027,planung,550000,408
PB,11,false,23,einzahlungen_investitionen,Einzahlungen aus Investitionstätigkeit,,true,2028,planung,978000,408
PB,11,false,23,einzahlungen_investitionen,Einzahlungen aus Investitionstätigkeit,,true,2029,planung,1081000,408
PB,11,false,25,baumassnahmen,Ausz. f. Baumaßnahmen,,false,2024,ergebnis,3034432,408
PB,11,false,25,baumassnahmen,Ausz. f. Baumaßnahmen,,false,2025,ansatz,3068000,408
PB,11,false,25,baumassnahmen,Ausz. f. Baumaßnahmen,,false,2026,ansatz,2053000,408
PB,11,false,25,baumassnahmen,Ausz. f. Baumaßnahmen,,false,2027,planung,3578000,408
PB,11,false,25,baumassnahmen,Ausz. f. Baumaßnahmen,,false,2028,planung,3048000,408
PB,11,false,25,baumassnahmen,Ausz. f. Baumaßnahmen,,false,2029,planung,783000,408
PB,11,false,26,erwerb_bewegliches_anlagevermoegen,Ausz. f. Erwerb von bewegl. Anlagevermögen,,false,2024,ergebnis,43433,408
PB,11,false,26,erwerb_bewegliches_anlagevermoegen,Ausz. f. Erwerb von bewegl. Anlagevermögen,,false,2025,ansatz,108000,408
PB,11,false,26,erwerb_bewegliches_anlagevermoegen,Ausz. f. Erwerb von bewegl. Anlagevermögen,,false,2026,ansatz,120000,408
PB,11,false,26,erwerb_bewegliches_anlagevermoegen,Ausz. f. Erwerb von bewegl. Anlagevermögen,,false,2027,planung,80000,408
PB,11,false,26,erwerb_bewegliches_anlagevermoegen,Ausz. f. Erwerb von bewegl. Anlagevermögen,,false,2028,planung,80000,408
PB,11,false,26,erwerb_bewegliches_anlagevermoegen,Ausz. f. Erwerb von bewegl. Anlagevermögen,,false,2029,planung,80000,408
PB,11,false,30,auszahlungen_investitionen,Auszahlungen aus Investitionstätigkeit,,true,2024,ergebnis,3077865,408
PB,11,false,30,auszahlungen_investitionen,Auszahlungen aus Investitionstätigkeit,,true,2025,ansatz,3176000,408
PB,11,false,30,auszahlungen_investitionen,Auszahlungen aus Investitionstätigkeit,,true,2026,ansatz,2173000,408
PB,11,false,30,auszahlungen_investitionen,Auszahlungen aus Investitionstätigkeit,,true,2027,planung,3658000,408
PB,11,false,30,auszahlungen_investitionen,Auszahlungen aus Investitionstätigkeit,,true,2028,planung,3128000,408
PB,11,false,30,auszahlungen_investitionen,Auszahlungen aus Investitionstätigkeit,,true,2029,planung,863000,408
PB,11,false,31,saldo_investitionen,Saldo aus Investitionstätigkeit,,true,2024,ergebnis,-2679581,408
PB,11,false,31,saldo_investitionen,Saldo aus Investitionstätigkeit,,true,2025,ansatz,-2736000,408
PB,11,false,31,saldo_investitionen,Saldo aus Investitionstätigkeit,,true,2026,ansatz,-1158000,408
PB,11,false,31,saldo_investitionen,Saldo aus Investitionstätigkeit,,true,2027,planung,-3108000,408
PB,11,false,31,saldo_investitionen,Saldo aus Investitionstätigkeit,,true,2028,planung,-2150000,408
PB,11,false,31,saldo_investitionen,Saldo aus Investitionstätigkeit,,true,2029,planung,218000,408
PB,11,false,32,finanzmittelueberschuss,Finanzmittelüberschuss/-fehlbetrag,,true,2024,ergebnis,904295,408
PB,11,false,32,finanzmittelueberschuss,Finanzmittelüberschuss/-fehlbetrag,,true,2025,ansatz,1729772,408
PB,11,false,32,finanzmittelueberschuss,Finanzmittelüberschuss/-fehlbetrag,,true,2026,ansatz,2918379,408
PB,11,false,32,finanzmittelueberschuss,Finanzmittelüberschuss/-fehlbetrag,,true,2027,planung,1017411,408
PB,11,false,32,finanzmittelueberschuss,Finanzmittelüberschuss/-fehlbetrag,,true,2028,planung,2081449,408
PB,11,false,32,finanzmittelueberschuss,Finanzmittelüberschuss/-fehlbetrag,,true,2029,planung,4548450,408
PB,12,true,17,saldo_laufende_verwaltung,Saldo aus lfd. Verw.-tätigkeit,,true,2024,ergebnis,-1502408,445
PB,12,true,17,saldo_laufende_verwaltung,Saldo aus lfd. Verw.-tätigkeit,,true,2025,ansatz,-1634984,445
PB,12,true,17,saldo_laufende_verwaltung,Saldo aus lfd. Verw.-tätigkeit,,true,2026,ansatz,-1650136,445
PB,12,true,17,saldo_laufende_verwaltung,Saldo aus lfd. Verw.-tätigkeit,,true,2027,planung,-1673661,445
PB,12,true,17,saldo_laufende_verwaltung,Saldo aus lfd. Verw.-tätigkeit,,true,2028,planung,-1711303,445
PB,12,true,17,saldo_laufende_verwaltung,Saldo aus lfd. Verw.-tätigkeit,,true,2029,planung,-1604801,445
PB,12,false,18,investitionszuwendungen,Zuwendungen für Investitionsmaßnahmen,,false,2024,ergebnis,0,445
PB,12,false,18,investitionszuwendungen,Zuwendungen für Investitionsmaßnahmen,,false,2025,ansatz,530000,445
PB,12,false,18,investitionszuwendungen,Zuwendungen für Investitionsmaßnahmen,,false,2026,ansatz,980000,445
PB,12,false,18,investitionszuwendungen,Zuwendungen für Investitionsmaßnahmen,,false,2027,planung,3100000,445
PB,12,false,18,investitionszuwendungen,Zuwendungen für Investitionsmaßnahmen,,false,2028,planung,800000,445
PB,12,false,18,investitionszuwendungen,Zuwendungen für Investitionsmaßnahmen,,false,2029,planung,0,445
PB,12,false,21,beitraege,Einz. aus Beiträgen u. ä. Entgelten,,false,2024,ergebnis,54724,445
PB,12,false,21,beitraege,Einz. aus Beiträgen u. ä. Entgelten,,false,2025,ansatz,500000,445
PB,12,false,21,beitraege,Einz. aus Beiträgen u. ä. Entgelten,,false,2026,ansatz,736000,445
PB,12,false,21,beitraege,Einz. aus Beiträgen u. ä. Entgelten,,false,2027,planung,686000,445
PB,12,false,21,beitraege,Einz. aus Beiträgen u. ä. Entgelten,,false,2028,planung,616000,445
PB,12,false,21,beitraege,Einz. aus Beiträgen u. ä. Entgelten,,false,2029,planung,526000,445
PB,12,false,23,einzahlungen_investitionen,Einzahlungen aus Investitionstätigkeit,,true,2024,ergebnis,54724,445
PB,12,false,23,einzahlungen_investitionen,Einzahlungen aus Investitionstätigkeit,,true,2025,ansatz,1030000,445
PB,12,false,23,einzahlungen_investitionen,Einzahlungen aus Investitionstätigkeit,,true,2026,ansatz,1716000,445
PB,12,false,23,einzahlungen_investitionen,Einzahlungen aus Investitionstätigkeit,,true,2027,planung,3786000,445
PB,12,false,23,einzahlungen_investitionen,Einzahlungen aus Investitionstätigkeit,,true,2028,planung,1416000,445
PB,12,false,23,einzahlungen_investitionen,Einzahlungen aus Investitionstätigkeit,,true,2029,planung,526000,445
PB,12,false,25,baumassnahmen,Ausz. f. Baumaßnahmen,,false,2024,ergebnis,1162413,445
PB,12,false,25,baumassnahmen,Ausz. f. Baumaßnahmen,,false,2025,ansatz,1740000,445
PB,12,false,25,baumassnahmen,Ausz. f. Baumaßnahmen,,false,2026,ansatz,2473000,445
PB,12,false,25,baumassnahmen,Ausz. f. Baumaßnahmen,,false,2027,planung,5295000,445
PB,12,false,25,baumassnahmen,Ausz. f. Baumaßnahmen,,false,2028,planung,1955000,445
PB,12,false,25,baumassnahmen,Ausz. f. Baumaßnahmen,,false,2029,planung,255000,445
PB,12,false,28,aktivierbare_zuwendungen,Ausz. f. aktivierbaren Zuwendungen,,false,2024,ergebnis,0,445
PB,12,false,28,aktivierbare_zuwendungen,Ausz. f. aktivierbaren Zuwendungen,,false,2025,ansatz,32000,445
PB,12,false,28,aktivierbare_zuwendungen,Ausz. f. aktivierbaren Zuwendungen,,false,2026,ansatz,23000,445
PB,12,false,28,aktivierbare_zuwendungen,Ausz. f. aktivierbaren Zuwendungen,,false,2027,planung,35000,445
PB,12,false,28,aktivierbare_zuwendungen,Ausz. f. aktivierbaren Zuwendungen,,false,2028,planung,191000,445
PB,12,false,28,aktivierbare_zuwendungen,Ausz. f. aktivierbaren Zuwendungen,,false,2029,planung,0,445
PB,12,false,30,auszahlungen_investitionen,Auszahlungen aus Investitionstätigkeit,,true,2024,ergebnis,1162413,445
PB,12,false,30,auszahlungen_investitionen,Auszahlungen aus Investitionstätigkeit,,true,2025,ansatz,1772000,445
PB,12,false,30,auszahlungen_investitionen,Auszahlungen aus Investitionstätigkeit,,true,2026,ansatz,2496000,445
PB,12,false,30,auszahlungen_investitionen,Auszahlungen aus Investitionstätigkeit,,true,2027,planung,5330000,445
PB,12,false,30,auszahlungen_investitionen,Auszahlungen aus Investitionstätigkeit,,true,2028,planung,2146000,445
PB,12,false,30,auszahlungen_investitionen,Auszahlungen aus Investitionstätigkeit,,true,2029,planung,255000,445
PB,12,false,31,saldo_investitionen,Saldo aus Investitionstätigkeit,,true,2024,ergebnis,-1107689,445
PB,12,false,31,saldo_investitionen,Saldo aus Investitionstätigkeit,,true,2025,ansatz,-742000,445
PB,12,false,31,saldo_investitionen,Saldo aus Investitionstätigkeit,,true,2026,ansatz,-780000,445
PB,12,false,31,saldo_investitionen,Saldo aus Investitionstätigkeit,,true,2027,planung,-1544000,445
PB,12,false,31,saldo_investitionen,Saldo aus Investitionstätigkeit,,true,2028,planung,-730000,445
PB,12,false,31,saldo_investitionen,Saldo aus Investitionstätigkeit,,true,2029,planung,271000,445
PB,12,false,32,finanzmittelueberschuss,Finanzmittelüberschuss/-fehlbetrag,,true,2024,ergebnis,-2610097,445
PB,12,false,32,finanzmittelueberschuss,Finanzmittelüberschuss/-fehlbetrag,,true,2025,ansatz,-2376984,445
PB,12,false,32,finanzmittelueberschuss,Finanzmittelüberschuss/-fehlbetrag,,true,2026,ansatz,-2430136,445
PB,12,false,32,finanzmittelueberschuss,Finanzmittelüberschuss/-fehlbetrag,,true,2027,planung,-3217661,445
PB,12,false,32,finanzmittelueberschuss,Finanzmittelüberschuss/-fehlbetrag,,true,2028,planung,-2441303,445
PB,12,false,32,finanzmittelueberschuss,Finanzmittelüberschuss/-fehlbetrag,,true,2029,planung,-1333801,445
PB,13,true,17,saldo_laufende_verwaltung,Saldo aus lfd. Verw.-tätigkeit,,true,2024,ergebnis,-101562,490
PB,13,true,17,saldo_laufende_verwaltung,Saldo aus lfd. Verw.-tätigkeit,,true,2025,ansatz,-100047,490
PB,13,true,17,saldo_laufende_verwaltung,Saldo aus lfd. Verw.-tätigkeit,,true,2026,ansatz,-92858,490
PB,13,true,17,saldo_laufende_verwaltung,Saldo aus lfd. Verw.-tätigkeit,,true,2027,planung,-94371,490
PB,13,true,17,saldo_laufende_verwaltung,Saldo aus lfd. Verw.-tätigkeit,,true,2028,planung,-98548,490
PB,13,true,17,saldo_laufende_verwaltung,Saldo aus lfd. Verw.-tätigkeit,,true,2029,planung,-103015,490
PB,13,false,18,investitionszuwendungen,Zuwendungen für Investitionsmaßnahmen,,false,2024,ergebnis,0,490
PB,13,false,18,investitionszuwendungen,Zuwendungen für Investitionsmaßnahmen,,false,2025,ansatz,0,490
PB,13,false,18,investitionszuwendungen,Zuwendungen für Investitionsmaßnahmen,,false,2026,ansatz,3383,490
PB,13,false,18,investitionszuwendungen,Zuwendungen für Investitionsmaßnahmen,,false,2027,planung,0,490
PB,13,false,18,investitionszuwendungen,Zuwendungen für Investitionsmaßnahmen,,false,2028,planung,0,490
PB,13,false,18,investitionszuwendungen,Zuwendungen für Investitionsmaßnahmen,,false,2029,planung,0,490
PB,13,false,23,einzahlungen_investitionen,Einzahlungen aus Investitionstätigkeit,,true,2024,ergebnis,0,490
PB,13,false,23,einzahlungen_investitionen,Einzahlungen aus Investitionstätigkeit,,true,2025,ansatz,0,490
PB,13,false,23,einzahlungen_investitionen,Einzahlungen aus Investitionstätigkeit,,true,2026,ansatz,3383,490
PB,13,false,23,einzahlungen_investitionen,Einzahlungen aus Investitionstätigkeit,,true,2027,planung,0,490
PB,13,false,23,einzahlungen_investitionen,Einzahlungen aus Investitionstätigkeit,,true,2028,planung,0,490
PB,13,false,23,einzahlungen_investitionen,Einzahlungen aus Investitionstätigkeit,,true,2029,planung,0,490
PB,13,false,25,baumassnahmen,Ausz. f. Baumaßnahmen,,false,2024,ergebnis,23548,490
PB,13,false,25,baumassnahmen,Ausz. f. Baumaßnahmen,,false,2025,ansatz,0,490
PB,13,false,25,baumassnahmen,Ausz. f. Baumaßnahmen,,false,2026,ansatz,0,490
PB,13,false,25,baumassnahmen,Ausz. f. Baumaßnahmen,,false,2027,planung,0,490
PB,13,false,25,baumassnahmen,Ausz. f. Baumaßnahmen,,false,2028,planung,0,490
PB,13,false,25,baumassnahmen,Ausz. f. Baumaßnahmen,,false,2029,planung,0,490
PB,13,false,26,erwerb_bewegliches_anlagevermoegen,Ausz. f. Erwerb von bewegl. Anlagevermögen,,false,2024,ergebnis,0,490
PB,13,false,26,erwerb_bewegliches_anlagevermoegen,Ausz. f. Erwerb von bewegl. Anlagevermögen,,false,2025,ansatz,0,490
PB,13,false,26,erwerb_bewegliches_anlagevermoegen,Ausz. f. Erwerb von bewegl. Anlagevermögen,,false,2026,ansatz,6700,490
PB,13,false,26,erwerb_bewegliches_anlagevermoegen,Ausz. f. Erwerb von bewegl. Anlagevermögen,,false,2027,planung,0,490
PB,13,false,26,erwerb_bewegliches_anlagevermoegen,Ausz. f. Erwerb von bewegl. Anlagevermögen,,false,2028,planung,0,490
PB,13,false,26,erwerb_bewegliches_anlagevermoegen,Ausz. f. Erwerb von bewegl. Anlagevermögen,,false,2029,planung,0,490
PB,13,false,30,auszahlungen_investitionen,Auszahlungen aus Investitionstätigkeit,,true,2024,ergebnis,23548,490
PB,13,false,30,auszahlungen_investitionen,Auszahlungen aus Investitionstätigkeit,,true,2025,ansatz,0,490
PB,13,false,30,auszahlungen_investitionen,Auszahlungen aus Investitionstätigkeit,,true,2026,ansatz,6700,490
PB,13,false,30,auszahlungen_investitionen,Auszahlungen aus Investitionstätigkeit,,true,2027,planung,0,490
PB,13,false,30,auszahlungen_investitionen,Auszahlungen aus Investitionstätigkeit,,true,2028,planung,0,490
PB,13,false,30,auszahlungen_investitionen,Auszahlungen aus Investitionstätigkeit,,true,2029,planung,0,490
PB,13,false,31,saldo_investitionen,Saldo aus Investitionstätigkeit,,true,2024,ergebnis,-23548,490
PB,13,false,31,saldo_investitionen,Saldo aus Investitionstätigkeit,,true,2025,ansatz,0,490
PB,13,false,31,saldo_investitionen,Saldo aus Investitionstätigkeit,,true,2026,ansatz,-3317,490
PB,13,false,31,saldo_investitionen,Saldo aus Investitionstätigkeit,,true,2027,planung,0,490
PB,13,false,31,saldo_investitionen,Saldo aus Investitionstätigkeit,,true,2028,planung,0,490
PB,13,false,31,saldo_investitionen,Saldo aus Investitionstätigkeit,,true,2029,planung,0,490
PB,13,false,32,finanzmittelueberschuss,Finanzmittelüberschuss/-fehlbetrag,,true,2024,ergebnis,-125110,490
PB,13,false,32,finanzmittelueberschuss,Finanzmittelüberschuss/-fehlbetrag,,true,2025,ansatz,-100047,490
PB,13,false,32,finanzmittelueberschuss,Finanzmittelüberschuss/-fehlbetrag,,true,2026,ansatz,-96175,490
PB,13,false,32,finanzmittelueberschuss,Finanzmittelüberschuss/-fehlbetrag,,true,2027,planung,-94371,490
PB,13,false,32,finanzmittelueberschuss,Finanzmittelüberschuss/-fehlbetrag,,true,2028,planung,-98548,490
PB,13,false,32,finanzmittelueberschuss,Finanzmittelüberschuss/-fehlbetrag,,true,2029,planung,-103015,490
PB,14,true,17,saldo_laufende_verwaltung,Saldo aus lfd. Verw.-tätigkeit,,true,2024,ergebnis,-69891,515
PB,14,true,17,saldo_laufende_verwaltung,Saldo aus lfd. Verw.-tätigkeit,,true,2025,ansatz,-167418,515
PB,14,true,17,saldo_laufende_verwaltung,Saldo aus lfd. Verw.-tätigkeit,,true,2026,ansatz,-156958,515
PB,14,true,17,saldo_laufende_verwaltung,Saldo aus lfd. Verw.-tätigkeit,,true,2027,planung,-158938,515
PB,14,true,17,saldo_laufende_verwaltung,Saldo aus lfd. Verw.-tätigkeit,,true,2028,planung,-161331,515
PB,14,true,17,saldo_laufende_verwaltung,Saldo aus lfd. Verw.-tätigkeit,,true,2029,planung,-212246,515
PB,14,false,18,investitionszuwendungen,Zuwendungen für Investitionsmaßnahmen,,false,2024,ergebnis,-386,515
PB,14,false,18,investitionszuwendungen,Zuwendungen für Investitionsmaßnahmen,,false,2025,ansatz,233500,515
PB,14,false,18,investitionszuwendungen,Zuwendungen für Investitionsmaßnahmen,,false,2026,ansatz,360000,515
PB,14,false,18,investitionszuwendungen,Zuwendungen für Investitionsmaßnahmen,,false,2027,planung,0,515
PB,14,false,18,investitionszuwendungen,Zuwendungen für Investitionsmaßnahmen,,false,2028,planung,0,515
PB,14,false,18,investitionszuwendungen,Zuwendungen für Investitionsmaßnahmen,,false,2029,planung,0,515
PB,14,false,23,einzahlungen_investitionen,Einzahlungen aus Investitionstätigkeit,,true,2024,ergebnis,-386,515
PB,14,false,23,einzahlungen_investitionen,Einzahlungen aus Investitionstätigkeit,,true,2025,ansatz,233500,515
PB,14,false,23,einzahlungen_investitionen,Einzahlungen aus Investitionstätigkeit,,true,2026,ansatz,360000,515
PB,14,false,23,einzahlungen_investitionen,Einzahlungen aus Investitionstätigkeit,,true,2027,planung,0,515
PB,14,false,23,einzahlungen_investitionen,Einzahlungen aus Investitionstätigkeit,,true,2028,planung,0,515
PB,14,false,23,einzahlungen_investitionen,Einzahlungen aus Investitionstätigkeit,,true,2029,planung,0,515
PB,14,false,25,baumassnahmen,Ausz. f. Baumaßnahmen,,false,2024,ergebnis,156657,515
PB,14,false,25,baumassnahmen,Ausz. f. Baumaßnahmen,,false,2025,ansatz,365000,515
PB,14,false,25,baumassnahmen,Ausz. f. Baumaßnahmen,,false,2026,ansatz,465000,515
PB,14,false,25,baumassnahmen,Ausz. f. Baumaßnahmen,,false,2027,planung,165000,515
PB,14,false,25,baumassnahmen,Ausz. f. Baumaßnahmen,,false,2028,planung,85000,515
PB,14,false,25,baumassnahmen,Ausz. f. Baumaßnahmen,,false,2029,planung,65000,515
PB,14,false,30,auszahlungen_investitionen,Auszahlungen aus Investitionstätigkeit,,true,2024,ergebnis,156657,515
PB,14,false,30,auszahlungen_investitionen,Auszahlungen aus Investitionstätigkeit,,true,2025,ansatz,365000,515
PB,14,false,30,auszahlungen_investitionen,Auszahlungen aus Investitionstätigkeit,,true,2026,ansatz,465000,515
PB,14,false,30,auszahlungen_investitionen,Auszahlungen aus Investitionstätigkeit,,true,2027,planung,165000,515
PB,14,false,30,auszahlungen_investitionen,Auszahlungen aus Investitionstätigkeit,,true,2028,planung,85000,515
PB,14,false,30,auszahlungen_investitionen,Auszahlungen aus Investitionstätigkeit,,true,2029,planung,65000,515
PB,14,false,31,saldo_investitionen,Saldo aus Investitionstätigkeit,,true,2024,ergebnis,-157043,515
PB,14,false,31,saldo_investitionen,Saldo aus Investitionstätigkeit,,true,2025,ansatz,-131500,515
PB,14,false,31,saldo_investitionen,Saldo aus Investitionstätigkeit,,true,2026,ansatz,-105000,515
PB,14,false,31,saldo_investitionen,Saldo aus Investitionstätigkeit,,true,2027,planung,-165000,515
PB,14,false,31,saldo_investitionen,Saldo aus Investitionstätigkeit,,true,2028,planung,-85000,515
PB,14,false,31,saldo_investitionen,Saldo aus Investitionstätigkeit,,true,2029,planung,-65000,515
PB,14,false,32,finanzmittelueberschuss,Finanzmittelüberschuss/-fehlbetrag,,true,2024,ergebnis,-226934,515
PB,14,false,32,finanzmittelueberschuss,Finanzmittelüberschuss/-fehlbetrag,,true,2025,ansatz,-298918,515
PB,14,false,32,finanzmittelueberschuss,Finanzmittelüberschuss/-fehlbetrag,,true,2026,ansatz,-261958,515
PB,14,false,32,finanzmittelueberschuss,Finanzmittelüberschuss/-fehlbetrag,,true,2027,planung,-323938,515
PB,14,false,32,finanzmittelueberschuss,Finanzmittelüberschuss/-fehlbetrag,,true,2028,planung,-246331,515
PB,14,false,32,finanzmittelueberschuss,Finanzmittelüberschuss/-fehlbetrag,,true,2029,planung,-277246,515
PB,15,true,17,saldo_laufende_verwaltung,Saldo aus lfd. Verw.-tätigkeit,,true,2024,ergebnis,-457240,526
PB,15,true,17,saldo_laufende_verwaltung,Saldo aus lfd. Verw.-tätigkeit,,true,2025,ansatz,-441838,526
PB,15,true,17,saldo_laufende_verwaltung,Saldo aus lfd. Verw.-tätigkeit,,true,2026,ansatz,-159871,526
PB,15,true,17,saldo_laufende_verwaltung,Saldo aus lfd. Verw.-tätigkeit,,true,2027,planung,-158362,526
PB,15,true,17,saldo_laufende_verwaltung,Saldo aus lfd. Verw.-tätigkeit,,true,2028,planung,-157659,526
PB,15,true,17,saldo_laufende_verwaltung,Saldo aus lfd. Verw.-tätigkeit,,true,2029,planung,-156658,526
PB,15,false,22,sonstige_investitionseinzahlungen,Sonstige Investitionseinzahlungen,,false,2024,ergebnis,0,526
PB,15,false,22,sonstige_investitionseinzahlungen,Sonstige Investitionseinzahlungen,,false,2025,ansatz,62333,526
PB,15,false,22,sonstige_investitionseinzahlungen,Sonstige Investitionseinzahlungen,,false,2026,ansatz,0,526
PB,15,false,22,sonstige_investitionseinzahlungen,Sonstige Investitionseinzahlungen,,false,2027,planung,0,526
PB,15,false,22,sonstige_investitionseinzahlungen,Sonstige Investitionseinzahlungen,,false,2028,planung,0,526
PB,15,false,22,sonstige_investitionseinzahlungen,Sonstige Investitionseinzahlungen,,false,2029,planung,0,526
PB,15,false,23,einzahlungen_investitionen,Einzahlungen aus Investitionstätigkeit,,true,2024,ergebnis,0,526
PB,15,false,23,einzahlungen_investitionen,Einzahlungen aus Investitionstätigkeit,,true,2025,ansatz,62333,526
PB,15,false,23,einzahlungen_investitionen,Einzahlungen aus Investitionstätigkeit,,true,2026,ansatz,0,526
PB,15,false,23,einzahlungen_investitionen,Einzahlungen aus Investitionstätigkeit,,true,2027,planung,0,526
PB,15,false,23,einzahlungen_investitionen,Einzahlungen aus Investitionstätigkeit,,true,2028,planung,0,526
PB,15,false,23,einzahlungen_investitionen,Einzahlungen aus Investitionstätigkeit,,true,2029,planung,0,526
PB,15,false,26,erwerb_bewegliches_anlagevermoegen,Ausz. f. Erwerb von bewegl. Anlagevermögen,,false,2024,ergebnis,0,526
PB,15,false,26,erwerb_bewegliches_anlagevermoegen,Ausz. f. Erwerb von bewegl. Anlagevermögen,,false,2025,ansatz,0,526
PB,15,false,26,erwerb_bewegliches_anlagevermoegen,Ausz. f. Erwerb von bewegl. Anlagevermögen,,false,2026,ansatz,65000,526
PB,15,false,26,erwerb_bewegliches_anlagevermoegen,Ausz. f. Erwerb von bewegl. Anlagevermögen,,false,2027,planung,0,526
PB,15,false,26,erwerb_bewegliches_anlagevermoegen,Ausz. f. Erwerb von bewegl. Anlagevermögen,,false,2028,planung,0,526
PB,15,false,26,erwerb_bewegliches_anlagevermoegen,Ausz. f. Erwerb von bewegl. Anlagevermögen,,false,2029,planung,0,526
PB,15,false,27,erwerb_finanzanlagen,Ausz. f. Erwerb v. Finanzanlagen,,false,2024,ergebnis,0,526
PB,15,false,27,erwerb_finanzanlagen,Ausz. f. Erwerb v. Finanzanlagen,,false,2025,ansatz,952894,526
PB,15,false,27,erwerb_finanzanlagen,Ausz. f. Erwerb v. Finanzanlagen,,false,2026,ansatz,0,526
PB,15,false,27,erwerb_finanzanlagen,Ausz. f. Erwerb v. Finanzanlagen,,false,2027,planung,0,526
PB,15,false,27,erwerb_finanzanlagen,Ausz. f. Erwerb v. Finanzanlagen,,false,2028,planung,0,526
PB,15,false,27,erwerb_finanzanlagen,Ausz. f. Erwerb v. Finanzanlagen,,false,2029,planung,0,526
PB,15,false,29,sonstige_investitionsauszahlungen,Sonstige Investitionsauszahlungen,,false,2024,ergebnis,0,526
PB,15,false,29,sonstige_investitionsauszahlungen,Sonstige Investitionsauszahlungen,,false,2025,ansatz,3570000,526
PB,15,false,29,sonstige_investitionsauszahlungen,Sonstige Investitionsauszahlungen,,false,2026,ansatz,0,526
PB,15,false,29,sonstige_investitionsauszahlungen,Sonstige Investitionsauszahlungen,,false,2027,planung,0,526
PB,15,false,29,sonstige_investitionsauszahlungen,Sonstige Investitionsauszahlungen,,false,2028,planung,0,526
PB,15,false,29,sonstige_investitionsauszahlungen,Sonstige Investitionsauszahlungen,,false,2029,planung,0,526
PB,15,false,30,auszahlungen_investitionen,Auszahlungen aus Investitionstätigkeit,,true,2024,ergebnis,0,526
PB,15,false,30,auszahlungen_investitionen,Auszahlungen aus Investitionstätigkeit,,true,2025,ansatz,4522894,526
PB,15,false,30,auszahlungen_investitionen,Auszahlungen aus Investitionstätigkeit,,true,2026,ansatz,65000,526
PB,15,false,30,auszahlungen_investitionen,Auszahlungen aus Investitionstätigkeit,,true,2027,planung,0,526
PB,15,false,30,auszahlungen_investitionen,Auszahlungen aus Investitionstätigkeit,,true,2028,planung,0,526
PB,15,false,30,auszahlungen_investitionen,Auszahlungen aus Investitionstätigkeit,,true,2029,planung,0,526
PB,15,false,31,saldo_investitionen,Saldo aus Investitionstätigkeit,,true,2024,ergebnis,0,526
PB,15,false,31,saldo_investitionen,Saldo aus Investitionstätigkeit,,true,2025,ansatz,-4460561,526
PB,15,false,31,saldo_investitionen,Saldo aus Investitionstätigkeit,,true,2026,ansatz,-65000,526
PB,15,false,31,saldo_investitionen,Saldo aus Investitionstätigkeit,,true,2027,planung,0,526
PB,15,false,31,saldo_investitionen,Saldo aus Investitionstätigkeit,,true,2028,planung,0,526
PB,15,false,31,saldo_investitionen,Saldo aus Investitionstätigkeit,,true,2029,planung,0,526
PB,15,false,32,finanzmittelueberschuss,Finanzmittelüberschuss/-fehlbetrag,,true,2024,ergebnis,-457240,526
PB,15,false,32,finanzmittelueberschuss,Finanzmittelüberschuss/-fehlbetrag,,true,2025,ansatz,-4902399,526
PB,15,false,32,finanzmittelueberschuss,Finanzmittelüberschuss/-fehlbetrag,,true,2026,ansatz,-224871,526
PB,15,false,32,finanzmittelueberschuss,Finanzmittelüberschuss/-fehlbetrag,,true,2027,planung,-158362,526
PB,15,false,32,finanzmittelueberschuss,Finanzmittelüberschuss/-fehlbetrag,,true,2028,planung,-157659,526
PB,15,false,32,finanzmittelueberschuss,Finanzmittelüberschuss/-fehlbetrag,,true,2029,planung,-156658,526
PB,16,true,17,saldo_laufende_verwaltung,Saldo aus lfd. Verw.-tätigkeit,,true,2024,ergebnis,16037908,554
PB,16,true,17,saldo_laufende_verwaltung,Saldo aus lfd. Verw.-tätigkeit,,true,2025,ansatz,13052451,554
PB,16,true,17,saldo_laufende_verwaltung,Saldo aus lfd. Verw.-tätigkeit,,true,2026,ansatz,15114878,554
PB,16,true,17,saldo_laufende_verwaltung,Saldo aus lfd. Verw.-tätigkeit,,true,2027,planung,16729758,554
PB,16,true,17,saldo_laufende_verwaltung,Saldo aus lfd. Verw.-tätigkeit,,true,2028,planung,15736772,554
PB,16,true,17,saldo_laufende_verwaltung,Saldo aus lfd. Verw.-tätigkeit,,true,2029,planung,15979722,554
PB,16,false,18,investitionszuwendungen,Zuwendungen für Investitionsmaßnahmen,,false,2024,ergebnis,2739383,554
PB,16,false,18,investitionszuwendungen,Zuwendungen für Investitionsmaßnahmen,,false,2025,ansatz,2776000,554
PB,16,false,18,investitionszuwendungen,Zuwendungen für Investitionsmaßnahmen,,false,2026,ansatz,2958000,554
PB,16,false,18,investitionszuwendungen,Zuwendungen für Investitionsmaßnahmen,,false,2027,planung,3103000,554
PB,16,false,18,investitionszuwendungen,Zuwendungen für Investitionsmaßnahmen,,false,2028,planung,3246000,554
PB,16,false,18,investitionszuwendungen,Zuwendungen für Investitionsmaßnahmen,,false,2029,planung,3376000,554
PB,16,false,22,sonstige_investitionseinzahlungen,Sonstige Investitionseinzahlungen,,false,2024,ergebnis,85021,554
PB,16,false,22,sonstige_investitionseinzahlungen,Sonstige Investitionseinzahlungen,,false,2025,ansatz,9073100,554
PB,16,false,22,sonstige_investitionseinzahlungen,Sonstige Investitionseinzahlungen,,false,2026,ansatz,73100,554
PB,16,false,22,sonstige_investitionseinzahlungen,Sonstige Investitionseinzahlungen,,false,2027,planung,74700,554
PB,16,false,22,sonstige_investitionseinzahlungen,Sonstige Investitionseinzahlungen,,false,2028,planung,74700,554
PB,16,false,22,sonstige_investitionseinzahlungen,Sonstige Investitionseinzahlungen,,false,2029,planung,74700,554
PB,16,false,23,einzahlungen_investitionen,Einzahlungen aus Investitionstätigkeit,,true,2024,ergebnis,2824404,554
PB,16,false,23,einzahlungen_investitionen,Einzahlungen aus Investitionstätigkeit,,true,2025,ansatz,11849100,554
PB,16,false,23,einzahlungen_investitionen,Einzahlungen aus Investitionstätigkeit,,true,2026,ansatz,3031100,554
PB,16,false,23,einzahlungen_investitionen,Einzahlungen aus Investitionstätigkeit,,true,2027,planung,3177700,554
PB,16,false,23,einzahlungen_investitionen,Einzahlungen aus Investitionstätigkeit,,true,2028,planung,3320700,554
PB,16,false,23,einzahlungen_investitionen,Einzahlungen aus Investitionstätigkeit,,true,2029,planung,3450700,554
PB,16,false,29,sonstige_investitionsauszahlungen,Sonstige Investitionsauszahlungen,,false,2024,ergebnis,9000000,554
PB,16,false,29,sonstige_investitionsauszahlungen,Sonstige Investitionsauszahlungen,,false,2025,ansatz,0,554
PB,16,false,29,sonstige_investitionsauszahlungen,Sonstige Investitionsauszahlungen,,false,2026,ansatz,0,554
PB,16,false,29,sonstige_investitionsauszahlungen,Sonstige Investitionsauszahlungen,,false,2027,planung,0,554
PB,16,false,29,sonstige_investitionsauszahlungen,Sonstige Investitionsauszahlungen,,false,2028,planung,0,554
PB,16,false,29,sonstige_investitionsauszahlungen,Sonstige Investitionsauszahlungen,,false,2029,planung,0,554
PB,16,false,30,auszahlungen_investitionen,Auszahlungen aus Investitionstätigkeit,,true,2024,ergebnis,9000000,554
PB,16,false,30,auszahlungen_investitionen,Auszahlungen aus Investitionstätigkeit,,true,2025,ansatz,0,554
PB,16,false,30,auszahlungen_investitionen,Auszahlungen aus Investitionstätigkeit,,true,2026,ansatz,0,554
PB,16,false,30,auszahlungen_investitionen,Auszahlungen aus Investitionstätigkeit,,true,2027,planung,0,554
PB,16,false,30,auszahlungen_investitionen,Auszahlungen aus Investitionstätigkeit,,true,2028,planung,0,554
PB,16,false,30,auszahlungen_investitionen,Auszahlungen aus Investitionstätigkeit,,true,2029,planung,0,554
PB,16,false,31,saldo_investitionen,Saldo aus Investitionstätigkeit,,true,2024,ergebnis,-6175596,554
PB,16,false,31,saldo_investitionen,Saldo aus Investitionstätigkeit,,true,2025,ansatz,11849100,554
PB,16,false,31,saldo_investitionen,Saldo aus Investitionstätigkeit,,true,2026,ansatz,3031100,554
PB,16,false,31,saldo_investitionen,Saldo aus Investitionstätigkeit,,true,2027,planung,3177700,554
PB,16,false,31,saldo_investitionen,Saldo aus Investitionstätigkeit,,true,2028,planung,3320700,554
PB,16,false,31,saldo_investitionen,Saldo aus Investitionstätigkeit,,true,2029,planung,3450700,554
PB,16,false,32,finanzmittelueberschuss,Finanzmittelüberschuss/-fehlbetrag,,true,2024,ergebnis,9862312,554
PB,16,false,32,finanzmittelueberschuss,Finanzmittelüberschuss/-fehlbetrag,,true,2025,ansatz,24901551,554
PB,16,false,32,finanzmittelueberschuss,Finanzmittelüberschuss/-fehlbetrag,,true,2026,ansatz,18145978,554
PB,16,false,32,finanzmittelueberschuss,Finanzmittelüberschuss/-fehlbetrag,,true,2027,planung,19907458,554
PB,16,false,32,finanzmittelueberschuss,Finanzmittelüberschuss/-fehlbetrag,,true,2028,planung,19057472,554
PB,16,false,32,finanzmittelueberschuss,Finanzmittelüberschuss/-fehlbetrag,,true,2029,planung,19430422,554
PG,01111,true,17,saldo_laufende_verwaltung,Saldo aus lfd. Verw.-tätigkeit,,true,2024,ergebnis,-8657437,116
PG,01111,true,17,saldo_laufende_verwaltung,Saldo aus lfd. Verw.-tätigkeit,,true,2025,ansatz,-10114315,116
PG,01111,true,17,saldo_laufende_verwaltung,Saldo aus lfd. Verw.-tätigkeit,,true,2026,ansatz,-10826153,116
PG,01111,true,17,saldo_laufende_verwaltung,Saldo aus lfd. Verw.-tätigkeit,,true,2027,planung,-10481752,116
PG,01111,true,17,saldo_laufende_verwaltung,Saldo aus lfd. Verw.-tätigkeit,,true,2028,planung,-10618608,116
PG,01111,true,17,saldo_laufende_verwaltung,Saldo aus lfd. Verw.-tätigkeit,,true,2029,planung,-10951040,116
PG,01111,true,18,investitionszuwendungen,Zuwendungen für Investitionsmaßnahmen,,false,2024,ergebnis,42600,116
PG,01111,true,18,investitionszuwendungen,Zuwendungen für Investitionsmaßnahmen,,false,2025,ansatz,32500,116
PG,01111,true,18,investitionszuwendungen,Zuwendungen für Investitionsmaßnahmen,,false,2026,ansatz,0,116
PG,01111,true,18,investitionszuwendungen,Zuwendungen für Investitionsmaßnahmen,,false,2027,planung,1110000,116
PG,01111,true,18,investitionszuwendungen,Zuwendungen für Investitionsmaßnahmen,,false,2028,planung,0,116
PG,01111,true,18,investitionszuwendungen,Zuwendungen für Investitionsmaßnahmen,,false,2029,planung,0,116
PG,01111,true,19,veraeusserung_sachanlagen,Einz. aus Veräußerung v. Sachanlagen,,false,2024,ergebnis,330024,116
PG,01111,true,19,veraeusserung_sachanlagen,Einz. aus Veräußerung v. Sachanlagen,,false,2025,ansatz,652725,116
PG,01111,true,19,veraeusserung_sachanlagen,Einz. aus Veräußerung v. Sachanlagen,,false,2026,ansatz,2192600,116
PG,01111,true,19,veraeusserung_sachanlagen,Einz. aus Veräußerung v. Sachanlagen,,false,2027,planung,1645000,116
PG,01111,true,19,veraeusserung_sachanlagen,Einz. aus Veräußerung v. Sachanlagen,,false,2028,planung,2080000,116
PG,01111,true,19,veraeusserung_sachanlagen,Einz. aus Veräußerung v. Sachanlagen,,false,2029,planung,1040000,116
PG,01111,true,23,einzahlungen_investitionen,Einzahlungen aus Investitionstätigkeit,,true,2024,ergebnis,372624,116
PG,01111,true,23,einzahlungen_investitionen,Einzahlungen aus Investitionstätigkeit,,true,2025,ansatz,685225,116
PG,01111,true,23,einzahlungen_investitionen,Einzahlungen aus Investitionstätigkeit,,true,2026,ansatz,2192600,116
PG,01111,true,23,einzahlungen_investitionen,Einzahlungen aus Investitionstätigkeit,,true,2027,planung,2755000,116
PG,01111,true,23,einzahlungen_investitionen,Einzahlungen aus Investitionstätigkeit,,true,2028,planung,2080000,116
PG,01111,true,23,einzahlungen_investitionen,Einzahlungen aus Investitionstätigkeit,,true,2029,planung,1040000,116
PG,01111,true,24,erwerb_grundstuecke_gebaeude,Ausz. f. Erwerb von Grundst. u. Gebäuden,,false,2024,ergebnis,1273064,116
PG,01111,true,24,erwerb_grundstuecke_gebaeude,Ausz. f. Erwerb von Grundst. u. Gebäuden,,false,2025,ansatz,2700000,116
PG,01111,true,24,erwerb_grundstuecke_gebaeude,Ausz. f. Erwerb von Grundst. u. Gebäuden,,false,2026,ansatz,4006000,116
PG,01111,true,24,erwerb_grundstuecke_gebaeude,Ausz. f. Erwerb von Grundst. u. Gebäuden,,false,2027,planung,2800000,116
PG,01111,true,24,erwerb_grundstuecke_gebaeude,Ausz. f. Erwerb von Grundst. u. Gebäuden,,false,2028,planung,2300000,116
PG,01111,true,24,erwerb_grundstuecke_gebaeude,Ausz. f. Erwerb von Grundst. u. Gebäuden,,false,2029,planung,1300000,116
PG,01111,true,25,baumassnahmen,Ausz. f. Baumaßnahmen,,false,2024,ergebnis,642041,116
PG,01111,true,25,baumassnahmen,Ausz. f. Baumaßnahmen,,false,2025,ansatz,7000000,116
PG,01111,true,25,baumassnahmen,Ausz. f. Baumaßnahmen,,false,2026,ansatz,12140000,116
PG,01111,true,25,baumassnahmen,Ausz. f. Baumaßnahmen,,false,2027,planung,5100000,116
PG,01111,true,25,baumassnahmen,Ausz. f. Baumaßnahmen,,false,2028,planung,0,116
PG,01111,true,25,baumassnahmen,Ausz. f. Baumaßnahmen,,false,2029,planung,0,116
PG,01111,true,26,erwerb_bewegliches_anlagevermoegen,Ausz. f. Erwerb von bewegl. Anlagevermögen,,false,2024,ergebnis,519189,116
PG,01111,true,26,erwerb_bewegliches_anlagevermoegen,Ausz. f. Erwerb von bewegl. Anlagevermögen,,false,2025,ansatz,803000,116
PG,01111,true,26,erwerb_bewegliches_anlagevermoegen,Ausz. f. Erwerb von bewegl. Anlagevermögen,,false,2026,ansatz,483350,116
PG,01111,true,26,erwerb_bewegliches_anlagevermoegen,Ausz. f. Erwerb von bewegl. Anlagevermögen,,false,2027,planung,1001000,116
PG,01111,true,26,erwerb_bewegliches_anlagevermoegen,Ausz. f. Erwerb von bewegl. Anlagevermögen,,false,2028,planung,547000,116
PG,01111,true,26,erwerb_bewegliches_anlagevermoegen,Ausz. f. Erwerb von bewegl. Anlagevermögen,,false,2029,planung,504000,116
PG,01111,true,27,erwerb_finanzanlagen,Ausz. f. Erwerb v. Finanzanlagen,,false,2024,ergebnis,1000,116
PG,01111,true,27,erwerb_finanzanlagen,Ausz. f. Erwerb v. Finanzanlagen,,false,2025,ansatz,0,116
PG,01111,true,27,erwerb_finanzanlagen,Ausz. f. Erwerb v. Finanzanlagen,,false,2026,ansatz,0,116
PG,01111,true,27,erwerb_finanzanlagen,Ausz. f. Erwerb v. Finanzanlagen,,false,2027,planung,0,116
PG,01111,true,27,erwerb_finanzanlagen,Ausz. f. Erwerb v. Finanzanlagen,,false,2028,planung,0,116
PG,01111,true,27,erwerb_finanzanlagen,Ausz. f. Erwerb v. Finanzanlagen,,false,2029,planung,0,116
PG,01111,true,28,aktivierbare_zuwendungen,Ausz. f. aktivierbaren Zuwendungen,,false,2024,ergebnis,0,116
PG,01111,true,28,aktivierbare_zuwendungen,Ausz. f. aktivierbaren Zuwendungen,,false,2025,ansatz,25000,116
PG,01111,true,28,aktivierbare_zuwendungen,Ausz. f. aktivierbaren Zuwendungen,,false,2026,ansatz,0,116
PG,01111,true,28,aktivierbare_zuwendungen,Ausz. f. aktivierbaren Zuwendungen,,false,2027,planung,0,116
PG,01111,true,28,aktivierbare_zuwendungen,Ausz. f. aktivierbaren Zuwendungen,,false,2028,planung,0,116
PG,01111,true,28,aktivierbare_zuwendungen,Ausz. f. aktivierbaren Zuwendungen,,false,2029,planung,0,116
PG,01111,true,30,auszahlungen_investitionen,Auszahlungen aus Investitionstätigkeit,,true,2024,ergebnis,2435294,116
PG,01111,true,30,auszahlungen_investitionen,Auszahlungen aus Investitionstätigkeit,,true,2025,ansatz,10528000,116
PG,01111,true,30,auszahlungen_investitionen,Auszahlungen aus Investitionstätigkeit,,true,2026,ansatz,16629350,116
PG,01111,true,30,auszahlungen_investitionen,Auszahlungen aus Investitionstätigkeit,,true,2027,planung,8901000,116
PG,01111,true,30,auszahlungen_investitionen,Auszahlungen aus Investitionstätigkeit,,true,2028,planung,2847000,116
PG,01111,true,30,auszahlungen_investitionen,Auszahlungen aus Investitionstätigkeit,,true,2029,planung,1804000,116
PG,01111,true,31,saldo_investitionen,Saldo aus Investitionstätigkeit,,true,2024,ergebnis,-2062671,116
PG,01111,true,31,saldo_investitionen,Saldo aus Investitionstätigkeit,,true,2025,ansatz,-9842775,116
PG,01111,true,31,saldo_investitionen,Saldo aus Investitionstätigkeit,,true,2026,ansatz,-14436750,116
PG,01111,true,31,saldo_investitionen,Saldo aus Investitionstätigkeit,,true,2027,planung,-6146000,116
PG,01111,true,31,saldo_investitionen,Saldo aus Investitionstätigkeit,,true,2028,planung,-767000,116
PG,01111,true,31,saldo_investitionen,Saldo aus Investitionstätigkeit,,true,2029,planung,-764000,116
PG,02121,true,17,saldo_laufende_verwaltung,Saldo aus lfd. Verw.-tätigkeit,,true,2024,ergebnis,-52666,189
PG,02121,true,17,saldo_laufende_verwaltung,Saldo aus lfd. Verw.-tätigkeit,,true,2025,ansatz,-23501,189
PG,02121,true,17,saldo_laufende_verwaltung,Saldo aus lfd. Verw.-tätigkeit,,true,2026,ansatz,-12221,189
PG,02121,true,17,saldo_laufende_verwaltung,Saldo aus lfd. Verw.-tätigkeit,,true,2027,planung,-10490,189
PG,02121,true,17,saldo_laufende_verwaltung,Saldo aus lfd. Verw.-tätigkeit,,true,2028,planung,-12782,189
PG,02121,true,17,saldo_laufende_verwaltung,Saldo aus lfd. Verw.-tätigkeit,,true,2029,planung,-8121,189
PG,02121,true,23,einzahlungen_investitionen,Einzahlungen aus Investitionstätigkeit,,true,2024,ergebnis,0,189
PG,02121,true,23,einzahlungen_investitionen,Einzahlungen aus Investitionstätigkeit,,true,2025,ansatz,0,189
PG,02121,true,23,einzahlungen_investitionen,Einzahlungen aus Investitionstätigkeit,,true,2026,ansatz,0,189
PG,02121,true,23,einzahlungen_investitionen,Einzahlungen aus Investitionstätigkeit,,true,2027,planung,0,189
PG,02121,true,23,einzahlungen_investitionen,Einzahlungen aus Investitionstätigkeit,,true,2028,planung,0,189
PG,02121,true,23,einzahlungen_investitionen,Einzahlungen aus Investitionstätigkeit,,true,2029,planung,0,189
PG,02121,true,30,auszahlungen_investitionen,Auszahlungen aus Investitionstätigkeit,,true,2024,ergebnis,0,189
PG,02121,true,30,auszahlungen_investitionen,Auszahlungen aus Investitionstätigkeit,,true,2025,ansatz,0,189
PG,02121,true,30,auszahlungen_investitionen,Auszahlungen aus Investitionstätigkeit,,true,2026,ansatz,0,189
PG,02121,true,30,auszahlungen_investitionen,Auszahlungen aus Investitionstätigkeit,,true,2027,planung,0,189
PG,02121,true,30,auszahlungen_investitionen,Auszahlungen aus Investitionstätigkeit,,true,2028,planung,0,189
PG,02121,true,30,auszahlungen_investitionen,Auszahlungen aus Investitionstätigkeit,,true,2029,planung,0,189
PG,02121,true,31,saldo_investitionen,Saldo aus Investitionstätigkeit,,true,2024,ergebnis,0,189
PG,02121,true,31,saldo_investitionen,Saldo aus Investitionstätigkeit,,true,2025,ansatz,0,189
PG,02121,true,31,saldo_investitionen,Saldo aus Investitionstätigkeit,,true,2026,ansatz,0,189
PG,02121,true,31,saldo_investitionen,Saldo aus Investitionstätigkeit,,true,2027,planung,0,189
PG,02121,true,31,saldo_investitionen,Saldo aus Investitionstätigkeit,,true,2028,planung,0,189
PG,02121,true,31,saldo_investitionen,Saldo aus Investitionstätigkeit,,true,2029,planung,0,189
PG,02122,true,17,saldo_laufende_verwaltung,Saldo aus lfd. Verw.-tätigkeit,,true,2024,ergebnis,-508515,194
PG,02122,true,17,saldo_laufende_verwaltung,Saldo aus lfd. Verw.-tätigkeit,,true,2025,ansatz,-584212,194
PG,02122,true,17,saldo_laufende_verwaltung,Saldo aus lfd. Verw.-tätigkeit,,true,2026,ansatz,-529679,194
PG,02122,true,17,saldo_laufende_verwaltung,Saldo aus lfd. Verw.-tätigkeit,,true,2027,planung,-541730,194
PG,02122,true,17,saldo_laufende_verwaltung,Saldo aus lfd. Verw.-tätigkeit,,true,2028,planung,-555461,194
PG,02122,true,17,saldo_laufende_verwaltung,Saldo aus lfd. Verw.-tätigkeit,,true,2029,planung,-570665,194
PG,02122,true,23,einzahlungen_investitionen,Einzahlungen aus Investitionstätigkeit,,true,2024,ergebnis,0,194
PG,02122,true,23,einzahlungen_investitionen,Einzahlungen aus Investitionstätigkeit,,true,2025,ansatz,0,194
PG,02122,true,23,einzahlungen_investitionen,Einzahlungen aus Investitionstätigkeit,,true,2026,ansatz,0,194
PG,02122,true,23,einzahlungen_investitionen,Einzahlungen aus Investitionstätigkeit,,true,2027,planung,0,194
PG,02122,true,23,einzahlungen_investitionen,Einzahlungen aus Investitionstätigkeit,,true,2028,planung,0,194
PG,02122,true,23,einzahlungen_investitionen,Einzahlungen aus Investitionstätigkeit,,true,2029,planung,0,194
PG,02122,true,26,erwerb_bewegliches_anlagevermoegen,Ausz. f. Erwerb von bewegl. Anlagevermögen,,false,2024,ergebnis,3587,194
PG,02122,true,26,erwerb_bewegliches_anlagevermoegen,Ausz. f. Erwerb von bewegl. Anlagevermögen,,false,2025,ansatz,0,194
PG,02122,true,26,erwerb_bewegliches_anlagevermoegen,Ausz. f. Erwerb von bewegl. Anlagevermögen,,false,2026,ansatz,108125,194
PG,02122,true,26,erwerb_bewegliches_anlagevermoegen,Ausz. f. Erwerb von bewegl. Anlagevermögen,,false,2027,planung,3125,194
PG,02122,true,26,erwerb_bewegliches_anlagevermoegen,Ausz. f. Erwerb von bewegl. Anlagevermögen,,false,2028,planung,3125,194
PG,02122,true,26,erwerb_bewegliches_anlagevermoegen,Ausz. f. Erwerb von bewegl. Anlagevermögen,,false,2029,planung,3125,194
PG,02122,true,30,auszahlungen_investitionen,Auszahlungen aus Investitionstätigkeit,,true,2024,ergebnis,3587,194
PG,02122,true,30,auszahlungen_investitionen,Auszahlungen aus Investitionstätigkeit,,true,2025,ansatz,0,194
PG,02122,true,30,auszahlungen_investitionen,Auszahlungen aus Investitionstätigkeit,,true,2026,ansatz,108125,194
PG,02122,true,30,auszahlungen_investitionen,Auszahlungen aus Investitionstätigkeit,,true,2027,planung,3125,194
PG,02122,true,30,auszahlungen_investitionen,Auszahlungen aus Investitionstätigkeit,,true,2028,planung,3125,194
PG,02122,true,30,auszahlungen_investitionen,Auszahlungen aus Investitionstätigkeit,,true,2029,planung,3125,194
PG,02122,true,31,saldo_investitionen,Saldo aus Investitionstätigkeit,,true,2024,ergebnis,-3587,194
PG,02122,true,31,saldo_investitionen,Saldo aus Investitionstätigkeit,,true,2025,ansatz,0,194
PG,02122,true,31,saldo_investitionen,Saldo aus Investitionstätigkeit,,true,2026,ansatz,-108125,194
PG,02122,true,31,saldo_investitionen,Saldo aus Investitionstätigkeit,,true,2027,planung,-3125,194
PG,02122,true,31,saldo_investitionen,Saldo aus Investitionstätigkeit,,true,2028,planung,-3125,194
PG,02122,true,31,saldo_investitionen,Saldo aus Investitionstätigkeit,,true,2029,planung,-3125,194
PG,02126,true,17,saldo_laufende_verwaltung,Saldo aus lfd. Verw.-tätigkeit,,true,2024,ergebnis,-296902,205
PG,02126,true,17,saldo_laufende_verwaltung,Saldo aus lfd. Verw.-tätigkeit,,true,2025,ansatz,-285539,205
PG,02126,true,17,saldo_laufende_verwaltung,Saldo aus lfd. Verw.-tätigkeit,,true,2026,ansatz,-360074,205
PG,02126,true,17,saldo_laufende_verwaltung,Saldo aus lfd. Verw.-tätigkeit,,true,2027,planung,-366413,205
PG,02126,true,17,saldo_laufende_verwaltung,Saldo aus lfd. Verw.-tätigkeit,,true,2028,planung,-387952,205
PG,02126,true,17,saldo_laufende_verwaltung,Saldo aus lfd. Verw.-tätigkeit,,true,2029,planung,-380036,205
PG,02126,true,18,investitionszuwendungen,Zuwendungen für Investitionsmaßnahmen,,false,2024,ergebnis,106350,205
PG,02126,true,18,investitionszuwendungen,Zuwendungen für Investitionsmaßnahmen,,false,2025,ansatz,100000,205
PG,02126,true,18,investitionszuwendungen,Zuwendungen für Investitionsmaßnahmen,,false,2026,ansatz,110000,205
PG,02126,true,18,investitionszuwendungen,Zuwendungen für Investitionsmaßnahmen,,false,2027,planung,110000,205
PG,02126,true,18,investitionszuwendungen,Zuwendungen für Investitionsmaßnahmen,,false,2028,planung,110000,205
PG,02126,true,18,investitionszuwendungen,Zuwendungen für Investitionsmaßnahmen,,false,2029,planung,110000,205
PG,02126,true,19,veraeusserung_sachanlagen,Einz. aus Veräußerung v. Sachanlagen,,false,2024,ergebnis,18800,205
PG,02126,true,19,veraeusserung_sachanlagen,Einz. aus Veräußerung v. Sachanlagen,,false,2025,ansatz,0,205
PG,02126,true,19,veraeusserung_sachanlagen,Einz. aus Veräußerung v. Sachanlagen,,false,2026,ansatz,0,205
PG,02126,true,19,veraeusserung_sachanlagen,Einz. aus Veräußerung v. Sachanlagen,,false,2027,planung,0,205
PG,02126,true,19,veraeusserung_sachanlagen,Einz. aus Veräußerung v. Sachanlagen,,false,2028,planung,0,205
PG,02126,true,19,veraeusserung_sachanlagen,Einz. aus Veräußerung v. Sachanlagen,,false,2029,planung,0,205
PG,02126,true,23,einzahlungen_investitionen,Einzahlungen aus Investitionstätigkeit,,true,2024,ergebnis,125150,205
PG,02126,true,23,einzahlungen_investitionen,Einzahlungen aus Investitionstätigkeit,,true,2025,ansatz,100000,205
PG,02126,true,23,einzahlungen_investitionen,Einzahlungen aus Investitionstätigkeit,,true,2026,ansatz,110000,205
PG,02126,true,23,einzahlungen_investitionen,Einzahlungen aus Investitionstätigkeit,,true,2027,planung,110000,205
PG,02126,true,23,einzahlungen_investitionen,Einzahlungen aus Investitionstätigkeit,,true,2028,planung,110000,205
PG,02126,true,23,einzahlungen_investitionen,Einzahlungen aus Investitionstätigkeit,,true,2029,planung,110000,205
PG,02126,true,26,erwerb_bewegliches_anlagevermoegen,Ausz. f. Erwerb von bewegl. Anlagevermögen,,false,2024,ergebnis,483876,205
PG,02126,true,26,erwerb_bewegliches_anlagevermoegen,Ausz. f. Erwerb von bewegl. Anlagevermögen,,false,2025,ansatz,265000,205
PG,02126,true,26,erwerb_bewegliches_anlagevermoegen,Ausz. f. Erwerb von bewegl. Anlagevermögen,,false,2026,ansatz,620000,205
PG,02126,true,26,erwerb_bewegliches_anlagevermoegen,Ausz. f. Erwerb von bewegl. Anlagevermögen,,false,2027,planung,663000,205
PG,02126,true,26,erwerb_bewegliches_anlagevermoegen,Ausz. f. Erwerb von bewegl. Anlagevermögen,,false,2028,planung,212000,205
PG,02126,true,26,erwerb_bewegliches_anlagevermoegen,Ausz. f. Erwerb von bewegl. Anlagevermögen,,false,2029,planung,405000,205
PG,02126,true,30,auszahlungen_investitionen,Auszahlungen aus Investitionstätigkeit,,true,2024,ergebnis,483876,205
PG,02126,true,30,auszahlungen_investitionen,Auszahlungen aus Investitionstätigkeit,,true,2025,ansatz,265000,205
PG,02126,true,30,auszahlungen_investitionen,Auszahlungen aus Investitionstätigkeit,,true,2026,ansatz,620000,205
PG,02126,true,30,auszahlungen_investitionen,Auszahlungen aus Investitionstätigkeit,,true,2027,planung,663000,205
PG,02126,true,30,auszahlungen_investitionen,Auszahlungen aus Investitionstätigkeit,,true,2028,planung,212000,205
PG,02126,true,30,auszahlungen_investitionen,Auszahlungen aus Investitionstätigkeit,,true,2029,planung,405000,205
PG,02126,true,31,saldo_investitionen,Saldo aus Investitionstätigkeit,,true,2024,ergebnis,-358727,205
PG,02126,true,31,saldo_investitionen,Saldo aus Investitionstätigkeit,,true,2025,ansatz,-165000,205
PG,02126,true,31,saldo_investitionen,Saldo aus Investitionstätigkeit,,true,2026,ansatz,-510000,205
PG,02126,true,31,saldo_investitionen,Saldo aus Investitionstätigkeit,,true,2027,planung,-553000,205
PG,02126,true,31,saldo_investitionen,Saldo aus Investitionstätigkeit,,true,2028,planung,-102000,205
PG,02126,true,31,saldo_investitionen,Saldo aus Investitionstätigkeit,,true,2029,planung,-295000,205
PG,03211,true,17,saldo_laufende_verwaltung,Saldo aus lfd. Verw.-tätigkeit,,true,2024,ergebnis,-1310449,217
PG,03211,true,17,saldo_laufende_verwaltung,Saldo aus lfd. Verw.-tätigkeit,,true,2025,ansatz,-522671,217
PG,03211,true,17,saldo_laufende_verwaltung,Saldo aus lfd. Verw.-tätigkeit,,true,2026,ansatz,-528442,217
PG,03211,true,17,saldo_laufende_verwaltung,Saldo aus lfd. Verw.-tätigkeit,,true,2027,planung,-544029,217
PG,03211,true,17,saldo_laufende_verwaltung,Saldo aus lfd. Verw.-tätigkeit,,true,2028,planung,-546201,217
PG,03211,true,17,saldo_laufende_verwaltung,Saldo aus lfd. Verw.-tätigkeit,,true,2029,planung,-585899,217
PG,03211,true,18,investitionszuwendungen,Zuwendungen für Investitionsmaßnahmen,,false,2024,ergebnis,10558,217
PG,03211,true,18,investitionszuwendungen,Zuwendungen für Investitionsmaßnahmen,,false,2025,ansatz,833377,217
PG,03211,true,18,investitionszuwendungen,Zuwendungen für Investitionsmaßnahmen,,false,2026,ansatz,0,217
PG,03211,true,18,investitionszuwendungen,Zuwendungen für Investitionsmaßnahmen,,false,2027,planung,0,217
PG,03211,true,18,investitionszuwendungen,Zuwendungen für Investitionsmaßnahmen,,false,2028,planung,0,217
PG,03211,true,18,investitionszuwendungen,Zuwendungen für Investitionsmaßnahmen,,false,2029,planung,0,217
PG,03211,true,23,einzahlungen_investitionen,Einzahlungen aus Investitionstätigkeit,,true,2024,ergebnis,10558,217
PG,03211,true,23,einzahlungen_investitionen,Einzahlungen aus Investitionstätigkeit,,true,2025,ansatz,833377,217
PG,03211,true,23,einzahlungen_investitionen,Einzahlungen aus Investitionstätigkeit,,true,2026,ansatz,0,217
PG,03211,true,23,einzahlungen_investitionen,Einzahlungen aus Investitionstätigkeit,,true,2027,planung,0,217
PG,03211,true,23,einzahlungen_investitionen,Einzahlungen aus Investitionstätigkeit,,true,2028,planung,0,217
PG,03211,true,23,einzahlungen_investitionen,Einzahlungen aus Investitionstätigkeit,,true,2029,planung,0,217
PG,03211,true,25,baumassnahmen,Ausz. f. Baumaßnahmen,,false,2024,ergebnis,1330845,217
PG,03211,true,25,baumassnahmen,Ausz. f. Baumaßnahmen,,false,2025,ansatz,1185000,217
PG,03211,true,25,baumassnahmen,Ausz. f. Baumaßnahmen,,false,2026,ansatz,1365000,217
PG,03211,true,25,baumassnahmen,Ausz. f. Baumaßnahmen,,false,2027,planung,3015000,217
PG,03211,true,25,baumassnahmen,Ausz. f. Baumaßnahmen,,false,2028,planung,1850000,217
PG,03211,true,25,baumassnahmen,Ausz. f. Baumaßnahmen,,false,2029,planung,500000,217
PG,03211,true,26,erwerb_bewegliches_anlagevermoegen,Ausz. f. Erwerb von bewegl. Anlagevermögen,,false,2024,ergebnis,293568,217
PG,03211,true,26,erwerb_bewegliches_anlagevermoegen,Ausz. f. Erwerb von bewegl. Anlagevermögen,,false,2025,ansatz,127000,217
PG,03211,true,26,erwerb_bewegliches_anlagevermoegen,Ausz. f. Erwerb von bewegl. Anlagevermögen,,false,2026,ansatz,230000,217
PG,03211,true,26,erwerb_bewegliches_anlagevermoegen,Ausz. f. Erwerb von bewegl. Anlagevermögen,,false,2027,planung,128000,217
PG,03211,true,26,erwerb_bewegliches_anlagevermoegen,Ausz. f. Erwerb von bewegl. Anlagevermögen,,false,2028,planung,114000,217
PG,03211,true,26,erwerb_bewegliches_anlagevermoegen,Ausz. f. Erwerb von bewegl. Anlagevermögen,,false,2029,planung,114000,217
PG,03211,true,30,auszahlungen_investitionen,Auszahlungen aus Investitionstätigkeit,,true,2024,ergebnis,1624413,217
PG,03211,true,30,auszahlungen_investitionen,Auszahlungen aus Investitionstätigkeit,,true,2025,ansatz,1312000,217
PG,03211,true,30,auszahlungen_investitionen,Auszahlungen aus Investitionstätigkeit,,true,2026,ansatz,1595000,217
PG,03211,true,30,auszahlungen_investitionen,Auszahlungen aus Investitionstätigkeit,,true,2027,planung,3143000,217
PG,03211,true,30,auszahlungen_investitionen,Auszahlungen aus Investitionstätigkeit,,true,2028,planung,1964000,217
PG,03211,true,30,auszahlungen_investitionen,Auszahlungen aus Investitionstätigkeit,,true,2029,planung,614000,217
PG,03211,true,31,saldo_investitionen,Saldo aus Investitionstätigkeit,,true,2024,ergebnis,-1613855,217
PG,03211,true,31,saldo_investitionen,Saldo aus Investitionstätigkeit,,true,2025,ansatz,-478623,217
PG,03211,true,31,saldo_investitionen,Saldo aus Investitionstätigkeit,,true,2026,ansatz,-1595000,217
PG,03211,true,31,saldo_investitionen,Saldo aus Investitionstätigkeit,,true,2027,planung,-3143000,217
PG,03211,true,31,saldo_investitionen,Saldo aus Investitionstätigkeit,,true,2028,planung,-1964000,217
PG,03211,true,31,saldo_investitionen,Saldo aus Investitionstätigkeit,,true,2029,planung,-614000,217
PG,03218,true,17,saldo_laufende_verwaltung,Saldo aus lfd. Verw.-tätigkeit,,true,2024,ergebnis,-783479,228
PG,03218,true,17,saldo_laufende_verwaltung,Saldo aus lfd. Verw.-tätigkeit,,true,2025,ansatz,-586884,228
PG,03218,true,17,saldo_laufende_verwaltung,Saldo aus lfd. Verw.-tätigkeit,,true,2026,ansatz,-618341,228
PG,03218,true,17,saldo_laufende_verwaltung,Saldo aus lfd. Verw.-tätigkeit,,true,2027,planung,-619055,228
PG,03218,true,17,saldo_laufende_verwaltung,Saldo aus lfd. Verw.-tätigkeit,,true,2028,planung,-643089,228
PG,03218,true,17,saldo_laufende_verwaltung,Saldo aus lfd. Verw.-tätigkeit,,true,2029,planung,-644788,228
PG,03218,true,23,einzahlungen_investitionen,Einzahlungen aus Investitionstätigkeit,,true,2024,ergebnis,0,228
PG,03218,true,23,einzahlungen_investitionen,Einzahlungen aus Investitionstätigkeit,,true,2025,ansatz,0,228
PG,03218,true,23,einzahlungen_investitionen,Einzahlungen aus Investitionstätigkeit,,true,2026,ansatz,0,228
PG,03218,true,23,einzahlungen_investitionen,Einzahlungen aus Investitionstätigkeit,,true,2027,planung,0,228
PG,03218,true,23,einzahlungen_investitionen,Einzahlungen aus Investitionstätigkeit,,true,2028,planung,0,228
PG,03218,true,23,einzahlungen_investitionen,Einzahlungen aus Investitionstätigkeit,,true,2029,planung,0,228
PG,03218,true,25,baumassnahmen,Ausz. f. Baumaßnahmen,,false,2024,ergebnis,0,228
PG,03218,true,25,baumassnahmen,Ausz. f. Baumaßnahmen,,false,2025,ansatz,0,228
PG,03218,true,25,baumassnahmen,Ausz. f. Baumaßnahmen,,false,2026,ansatz,40000,228
PG,03218,true,25,baumassnahmen,Ausz. f. Baumaßnahmen,,false,2027,planung,0,228
PG,03218,true,25,baumassnahmen,Ausz. f. Baumaßnahmen,,false,2028,planung,0,228
PG,03218,true,25,baumassnahmen,Ausz. f. Baumaßnahmen,,false,2029,planung,0,228
PG,03218,true,26,erwerb_bewegliches_anlagevermoegen,Ausz. f. Erwerb von bewegl. Anlagevermögen,,false,2024,ergebnis,13600,228
PG,03218,true,26,erwerb_bewegliches_anlagevermoegen,Ausz. f. Erwerb von bewegl. Anlagevermögen,,false,2025,ansatz,25600,228
PG,03218,true,26,erwerb_bewegliches_anlagevermoegen,Ausz. f. Erwerb von bewegl. Anlagevermögen,,false,2026,ansatz,128100,228
PG,03218,true,26,erwerb_bewegliches_anlagevermoegen,Ausz. f. Erwerb von bewegl. Anlagevermögen,,false,2027,planung,128600,228
PG,03218,true,26,erwerb_bewegliches_anlagevermoegen,Ausz. f. Erwerb von bewegl. Anlagevermögen,,false,2028,planung,114600,228
PG,03218,true,26,erwerb_bewegliches_anlagevermoegen,Ausz. f. Erwerb von bewegl. Anlagevermögen,,false,2029,planung,114600,228
PG,03218,true,30,auszahlungen_investitionen,Auszahlungen aus Investitionstätigkeit,,true,2024,ergebnis,13600,228
PG,03218,true,30,auszahlungen_investitionen,Auszahlungen aus Investitionstätigkeit,,true,2025,ansatz,25600,228
PG,03218,true,30,auszahlungen_investitionen,Auszahlungen aus Investitionstätigkeit,,true,2026,ansatz,168100,228
PG,03218,true,30,auszahlungen_investitionen,Auszahlungen aus Investitionstätigkeit,,true,2027,planung,128600,228
PG,03218,true,30,auszahlungen_investitionen,Auszahlungen aus Investitionstätigkeit,,true,2028,planung,114600,228
PG,03218,true,30,auszahlungen_investitionen,Auszahlungen aus Investitionstätigkeit,,true,2029,planung,114600,228
PG,03218,true,31,saldo_investitionen,Saldo aus Investitionstätigkeit,,true,2024,ergebnis,-13600,228
PG,03218,true,31,saldo_investitionen,Saldo aus Investitionstätigkeit,,true,2025,ansatz,-25600,228
PG,03218,true,31,saldo_investitionen,Saldo aus Investitionstätigkeit,,true,2026,ansatz,-168100,228
PG,03218,true,31,saldo_investitionen,Saldo aus Investitionstätigkeit,,true,2027,planung,-128600,228
PG,03218,true,31,saldo_investitionen,Saldo aus Investitionstätigkeit,,true,2028,planung,-114600,228
PG,03218,true,31,saldo_investitionen,Saldo aus Investitionstätigkeit,,true,2029,planung,-114600,228
PG,03232,true,17,saldo_laufende_verwaltung,Saldo aus lfd. Verw.-tätigkeit,,true,2024,ergebnis,0,237
PG,03232,true,17,saldo_laufende_verwaltung,Saldo aus lfd. Verw.-tätigkeit,,true,2025,ansatz,-1082161,237
PG,03232,true,17,saldo_laufende_verwaltung,Saldo aus lfd. Verw.-tätigkeit,,true,2026,ansatz,-1042642,237
PG,03232,true,17,saldo_laufende_verwaltung,Saldo aus lfd. Verw.-tätigkeit,,true,2027,planung,-1109870,237
PG,03232,true,17,saldo_laufende_verwaltung,Saldo aus lfd. Verw.-tätigkeit,,true,2028,planung,-1170271,237
PG,03232,true,17,saldo_laufende_verwaltung,Saldo aus lfd. Verw.-tätigkeit,,true,2029,planung,-1250136,237
PG,03232,true,23,einzahlungen_investitionen,Einzahlungen aus Investitionstätigkeit,,true,2024,ergebnis,0,237
PG,03232,true,23,einzahlungen_investitionen,Einzahlungen aus Investitionstätigkeit,,true,2025,ansatz,0,237
PG,03232,true,23,einzahlungen_investitionen,Einzahlungen aus Investitionstätigkeit,,true,2026,ansatz,0,237
PG,03232,true,23,einzahlungen_investitionen,Einzahlungen aus Investitionstätigkeit,,true,2027,planung,0,237
PG,03232,true,23,einzahlungen_investitionen,Einzahlungen aus Investitionstätigkeit,,true,2028,planung,0,237
PG,03232,true,23,einzahlungen_investitionen,Einzahlungen aus Investitionstätigkeit,,true,2029,planung,0,237
PG,03232,true,30,auszahlungen_investitionen,Auszahlungen aus Investitionstätigkeit,,true,2024,ergebnis,0,237
PG,03232,true,30,auszahlungen_investitionen,Auszahlungen aus Investitionstätigkeit,,true,2025,ansatz,0,237
PG,03232,true,30,auszahlungen_investitionen,Auszahlungen aus Investitionstätigkeit,,true,2026,ansatz,0,237
PG,03232,true,30,auszahlungen_investitionen,Auszahlungen aus Investitionstätigkeit,,true,2027,planung,0,237
PG,03232,true,30,auszahlungen_investitionen,Auszahlungen aus Investitionstätigkeit,,true,2028,planung,0,237
PG,03232,true,30,auszahlungen_investitionen,Auszahlungen aus Investitionstätigkeit,,true,2029,planung,0,237
PG,03232,true,31,saldo_investitionen,Saldo aus Investitionstätigkeit,,true,2024,ergebnis,0,237
PG,03232,true,31,saldo_investitionen,Saldo aus Investitionstätigkeit,,true,2025,ansatz,0,237
PG,03232,true,31,saldo_investitionen,Saldo aus Investitionstätigkeit,,true,2026,ansatz,0,237
PG,03232,true,31,saldo_investitionen,Saldo aus Investitionstätigkeit,,true,2027,planung,0,237
PG,03232,true,31,saldo_investitionen,Saldo aus Investitionstätigkeit,,true,2028,planung,0,237
PG,03232,true,31,saldo_investitionen,Saldo aus Investitionstätigkeit,,true,2029,planung,0,237
PG,03241,true,17,saldo_laufende_verwaltung,Saldo aus lfd. Verw.-tätigkeit,,true,2024,ergebnis,-705635,243
PG,03241,true,17,saldo_laufende_verwaltung,Saldo aus lfd. Verw.-tätigkeit,,true,2025,ansatz,-791738,243
PG,03241,true,17,saldo_laufende_verwaltung,Saldo aus lfd. Verw.-tätigkeit,,true,2026,ansatz,-888215,243
PG,03241,true,17,saldo_laufende_verwaltung,Saldo aus lfd. Verw.-tätigkeit,,true,2027,planung,-937097,243
PG,03241,true,17,saldo_laufende_verwaltung,Saldo aus lfd. Verw.-tätigkeit,,true,2028,planung,-989937,243
PG,03241,true,17,saldo_laufende_verwaltung,Saldo aus lfd. Verw.-tätigkeit,,true,2029,planung,-1038283,243
PG,03241,true,23,einzahlungen_investitionen,Einzahlungen aus Investitionstätigkeit,,true,2024,ergebnis,0,243
PG,03241,true,23,einzahlungen_investitionen,Einzahlungen aus Investitionstätigkeit,,true,2025,ansatz,0,243
PG,03241,true,23,einzahlungen_investitionen,Einzahlungen aus Investitionstätigkeit,,true,2026,ansatz,0,243
PG,03241,true,23,einzahlungen_investitionen,Einzahlungen aus Investitionstätigkeit,,true,2027,planung,0,243
PG,03241,true,23,einzahlungen_investitionen,Einzahlungen aus Investitionstätigkeit,,true,2028,planung,0,243
PG,03241,true,23,einzahlungen_investitionen,Einzahlungen aus Investitionstätigkeit,,true,2029,planung,0,243
PG,03241,true,30,auszahlungen_investitionen,Auszahlungen aus Investitionstätigkeit,,true,2024,ergebnis,0,243
PG,03241,true,30,auszahlungen_investitionen,Auszahlungen aus Investitionstätigkeit,,true,2025,ansatz,0,243
PG,03241,true,30,auszahlungen_investitionen,Auszahlungen aus Investitionstätigkeit,,true,2026,ansatz,0,243
PG,03241,true,30,auszahlungen_investitionen,Auszahlungen aus Investitionstätigkeit,,true,2027,planung,0,243
PG,03241,true,30,auszahlungen_investitionen,Auszahlungen aus Investitionstätigkeit,,true,2028,planung,0,243
PG,03241,true,30,auszahlungen_investitionen,Auszahlungen aus Investitionstätigkeit,,true,2029,planung,0,243
PG,03241,true,31,saldo_investitionen,Saldo aus Investitionstätigkeit,,true,2024,ergebnis,0,243
PG,03241,true,31,saldo_investitionen,Saldo aus Investitionstätigkeit,,true,2025,ansatz,0,243
PG,03241,true,31,saldo_investitionen,Saldo aus Investitionstätigkeit,,true,2026,ansatz,0,243
PG,03241,true,31,saldo_investitionen,Saldo aus Investitionstätigkeit,,true,2027,planung,0,243
PG,03241,true,31,saldo_investitionen,Saldo aus Investitionstätigkeit,,true,2028,planung,0,243
PG,03241,true,31,saldo_investitionen,Saldo aus Investitionstätigkeit,,true,2029,planung,0,243
PG,04263,true,17,saldo_laufende_verwaltung,Saldo aus lfd. Verw.-tätigkeit,,true,2024,ergebnis,-89128,252
PG,04263,true,17,saldo_laufende_verwaltung,Saldo aus lfd. Verw.-tätigkeit,,true,2025,ansatz,-93449,252
PG,04263,true,17,saldo_laufende_verwaltung,Saldo aus lfd. Verw.-tätigkeit,,true,2026,ansatz,-96823,252
PG,04263,true,17,saldo_laufende_verwaltung,Saldo aus lfd. Verw.-tätigkeit,,true,2027,planung,-100663,252
PG,04263,true,17,saldo_laufende_verwaltung,Saldo aus lfd. Verw.-tätigkeit,,true,2028,planung,-104613,252
PG,04263,true,17,saldo_laufende_verwaltung,Saldo aus lfd. Verw.-tätigkeit,,true,2029,planung,-108789,252
PG,04263,true,23,einzahlungen_investitionen,Einzahlungen aus Investitionstätigkeit,,true,2024,ergebnis,0,252
PG,04263,true,23,einzahlungen_investitionen,Einzahlungen aus Investitionstätigkeit,,true,2025,ansatz,0,252
PG,04263,true,23,einzahlungen_investitionen,Einzahlungen aus Investitionstätigkeit,,true,2026,ansatz,0,252
PG,04263,true,23,einzahlungen_investitionen,Einzahlungen aus Investitionstätigkeit,,true,2027,planung,0,252
PG,04263,true,23,einzahlungen_investitionen,Einzahlungen aus Investitionstätigkeit,,true,2028,planung,0,252
PG,04263,true,23,einzahlungen_investitionen,Einzahlungen aus Investitionstätigkeit,,true,2029,planung,0,252
PG,04263,true,30,auszahlungen_investitionen,Auszahlungen aus Investitionstätigkeit,,true,2024,ergebnis,0,252
PG,04263,true,30,auszahlungen_investitionen,Auszahlungen aus Investitionstätigkeit,,true,2025,ansatz,0,252
PG,04263,true,30,auszahlungen_investitionen,Auszahlungen aus Investitionstätigkeit,,true,2026,ansatz,0,252
PG,04263,true,30,auszahlungen_investitionen,Auszahlungen aus Investitionstätigkeit,,true,2027,planung,0,252
PG,04263,true,30,auszahlungen_investitionen,Auszahlungen aus Investitionstätigkeit,,true,2028,planung,0,252
PG,04263,true,30,auszahlungen_investitionen,Auszahlungen aus Investitionstätigkeit,,true,2029,planung,0,252
PG,04263,true,31,saldo_investitionen,Saldo aus Investitionstätigkeit,,true,2024,ergebnis,0,252
PG,04263,true,31,saldo_investitionen,Saldo aus Investitionstätigkeit,,true,2025,ansatz,0,252
PG,04263,true,31,saldo_investitionen,Saldo aus Investitionstätigkeit,,true,2026,ansatz,0,252
PG,04263,true,31,saldo_investitionen,Saldo aus Investitionstätigkeit,,true,2027,planung,0,252
PG,04263,true,31,saldo_investitionen,Saldo aus Investitionstätigkeit,,true,2028,planung,0,252
PG,04263,true,31,saldo_investitionen,Saldo aus Investitionstätigkeit,,true,2029,planung,0,252
PG,04271,true,17,saldo_laufende_verwaltung,Saldo aus lfd. Verw.-tätigkeit,,true,2024,ergebnis,-60998,256
PG,04271,true,17,saldo_laufende_verwaltung,Saldo aus lfd. Verw.-tätigkeit,,true,2025,ansatz,-63682,256
PG,04271,true,17,saldo_laufende_verwaltung,Saldo aus lfd. Verw.-tätigkeit,,true,2026,ansatz,-68719,256
PG,04271,true,17,saldo_laufende_verwaltung,Saldo aus lfd. Verw.-tätigkeit,,true,2027,planung,-71475,256
PG,04271,true,17,saldo_laufende_verwaltung,Saldo aus lfd. Verw.-tätigkeit,,true,2028,planung,-74213,256
PG,04271,true,17,saldo_laufende_verwaltung,Saldo aus lfd. Verw.-tätigkeit,,true,2029,planung,-77453,256
PG,04271,true,23,einzahlungen_investitionen,Einzahlungen aus Investitionstätigkeit,,true,2024,ergebnis,0,256
PG,04271,true,23,einzahlungen_investitionen,Einzahlungen aus Investitionstätigkeit,,true,2025,ansatz,0,256
PG,04271,true,23,einzahlungen_investitionen,Einzahlungen aus Investitionstätigkeit,,true,2026,ansatz,0,256
PG,04271,true,23,einzahlungen_investitionen,Einzahlungen aus Investitionstätigkeit,,true,2027,planung,0,256
PG,04271,true,23,einzahlungen_investitionen,Einzahlungen aus Investitionstätigkeit,,true,2028,planung,0,256
PG,04271,true,23,einzahlungen_investitionen,Einzahlungen aus Investitionstätigkeit,,true,2029,planung,0,256
PG,04271,true,30,auszahlungen_investitionen,Auszahlungen aus Investitionstätigkeit,,true,2024,ergebnis,0,256
PG,04271,true,30,auszahlungen_investitionen,Auszahlungen aus Investitionstätigkeit,,true,2025,ansatz,0,256
PG,04271,true,30,auszahlungen_investitionen,Auszahlungen aus Investitionstätigkeit,,true,2026,ansatz,0,256
PG,04271,true,30,auszahlungen_investitionen,Auszahlungen aus Investitionstätigkeit,,true,2027,planung,0,256
PG,04271,true,30,auszahlungen_investitionen,Auszahlungen aus Investitionstätigkeit,,true,2028,planung,0,256
PG,04271,true,30,auszahlungen_investitionen,Auszahlungen aus Investitionstätigkeit,,true,2029,planung,0,256
PG,04271,true,31,saldo_investitionen,Saldo aus Investitionstätigkeit,,true,2024,ergebnis,0,256
PG,04271,true,31,saldo_investitionen,Saldo aus Investitionstätigkeit,,true,2025,ansatz,0,256
PG,04271,true,31,saldo_investitionen,Saldo aus Investitionstätigkeit,,true,2026,ansatz,0,256
PG,04271,true,31,saldo_investitionen,Saldo aus Investitionstätigkeit,,true,2027,planung,0,256
PG,04271,true,31,saldo_investitionen,Saldo aus Investitionstätigkeit,,true,2028,planung,0,256
PG,04271,true,31,saldo_investitionen,Saldo aus Investitionstätigkeit,,true,2029,planung,0,256
PG,04272,true,17,saldo_laufende_verwaltung,Saldo aus lfd. Verw.-tätigkeit,,true,2024,ergebnis,-14655,260
PG,04272,true,17,saldo_laufende_verwaltung,Saldo aus lfd. Verw.-tätigkeit,,true,2025,ansatz,-15261,260
PG,04272,true,17,saldo_laufende_verwaltung,Saldo aus lfd. Verw.-tätigkeit,,true,2026,ansatz,-15207,260
PG,04272,true,17,saldo_laufende_verwaltung,Saldo aus lfd. Verw.-tätigkeit,,true,2027,planung,-15246,260
PG,04272,true,17,saldo_laufende_verwaltung,Saldo aus lfd. Verw.-tätigkeit,,true,2028,planung,-15285,260
PG,04272,true,17,saldo_laufende_verwaltung,Saldo aus lfd. Verw.-tätigkeit,,true,2029,planung,-15333,260
PG,04272,true,23,einzahlungen_investitionen,Einzahlungen aus Investitionstätigkeit,,true,2024,ergebnis,0,260
PG,04272,true,23,einzahlungen_investitionen,Einzahlungen aus Investitionstätigkeit,,true,2025,ansatz,0,260
PG,04272,true,23,einzahlungen_investitionen,Einzahlungen aus Investitionstätigkeit,,true,2026,ansatz,0,260
PG,04272,true,23,einzahlungen_investitionen,Einzahlungen aus Investitionstätigkeit,,true,2027,planung,0,260
PG,04272,true,23,einzahlungen_investitionen,Einzahlungen aus Investitionstätigkeit,,true,2028,planung,0,260
PG,04272,true,23,einzahlungen_investitionen,Einzahlungen aus Investitionstätigkeit,,true,2029,planung,0,260
PG,04272,true,30,auszahlungen_investitionen,Auszahlungen aus Investitionstätigkeit,,true,2024,ergebnis,0,260
PG,04272,true,30,auszahlungen_investitionen,Auszahlungen aus Investitionstätigkeit,,true,2025,ansatz,0,260
PG,04272,true,30,auszahlungen_investitionen,Auszahlungen aus Investitionstätigkeit,,true,2026,ansatz,0,260
PG,04272,true,30,auszahlungen_investitionen,Auszahlungen aus Investitionstätigkeit,,true,2027,planung,0,260
PG,04272,true,30,auszahlungen_investitionen,Auszahlungen aus Investitionstätigkeit,,true,2028,planung,0,260
PG,04272,true,30,auszahlungen_investitionen,Auszahlungen aus Investitionstätigkeit,,true,2029,planung,0,260
PG,04272,true,31,saldo_investitionen,Saldo aus Investitionstätigkeit,,true,2024,ergebnis,0,260
PG,04272,true,31,saldo_investitionen,Saldo aus Investitionstätigkeit,,true,2025,ansatz,0,260
PG,04272,true,31,saldo_investitionen,Saldo aus Investitionstätigkeit,,true,2026,ansatz,0,260
PG,04272,true,31,saldo_investitionen,Saldo aus Investitionstätigkeit,,true,2027,planung,0,260
PG,04272,true,31,saldo_investitionen,Saldo aus Investitionstätigkeit,,true,2028,planung,0,260
PG,04272,true,31,saldo_investitionen,Saldo aus Investitionstätigkeit,,true,2029,planung,0,260
PG,04281,true,17,saldo_laufende_verwaltung,Saldo aus lfd. Verw.-tätigkeit,,true,2024,ergebnis,-225636,264
PG,04281,true,17,saldo_laufende_verwaltung,Saldo aus lfd. Verw.-tätigkeit,,true,2025,ansatz,-246967,264
PG,04281,true,17,saldo_laufende_verwaltung,Saldo aus lfd. Verw.-tätigkeit,,true,2026,ansatz,-216913,264
PG,04281,true,17,saldo_laufende_verwaltung,Saldo aus lfd. Verw.-tätigkeit,,true,2027,planung,-165126,264
PG,04281,true,17,saldo_laufende_verwaltung,Saldo aus lfd. Verw.-tätigkeit,,true,2028,planung,-168330,264
PG,04281,true,17,saldo_laufende_verwaltung,Saldo aus lfd. Verw.-tätigkeit,,true,2029,planung,-174536,264
PG,04281,true,23,einzahlungen_investitionen,Einzahlungen aus Investitionstätigkeit,,true,2024,ergebnis,0,264
PG,04281,true,23,einzahlungen_investitionen,Einzahlungen aus Investitionstätigkeit,,true,2025,ansatz,0,264
PG,04281,true,23,einzahlungen_investitionen,Einzahlungen aus Investitionstätigkeit,,true,2026,ansatz,0,264
PG,04281,true,23,einzahlungen_investitionen,Einzahlungen aus Investitionstätigkeit,,true,2027,planung,0,264
PG,04281,true,23,einzahlungen_investitionen,Einzahlungen aus Investitionstätigkeit,,true,2028,planung,0,264
PG,04281,true,23,einzahlungen_investitionen,Einzahlungen aus Investitionstätigkeit,,true,2029,planung,0,264
PG,04281,true,26,erwerb_bewegliches_anlagevermoegen,Ausz. f. Erwerb von bewegl. Anlagevermögen,,false,2024,ergebnis,0,264
PG,04281,true,26,erwerb_bewegliches_anlagevermoegen,Ausz. f. Erwerb von bewegl. Anlagevermögen,,false,2025,ansatz,1000,264
PG,04281,true,26,erwerb_bewegliches_anlagevermoegen,Ausz. f. Erwerb von bewegl. Anlagevermögen,,false,2026,ansatz,1000,264
PG,04281,true,26,erwerb_bewegliches_anlagevermoegen,Ausz. f. Erwerb von bewegl. Anlagevermögen,,false,2027,planung,1000,264
PG,04281,true,26,erwerb_bewegliches_anlagevermoegen,Ausz. f. Erwerb von bewegl. Anlagevermögen,,false,2028,planung,1000,264
PG,04281,true,26,erwerb_bewegliches_anlagevermoegen,Ausz. f. Erwerb von bewegl. Anlagevermögen,,false,2029,planung,1000,264
PG,04281,true,30,auszahlungen_investitionen,Auszahlungen aus Investitionstätigkeit,,true,2024,ergebnis,0,264
PG,04281,true,30,auszahlungen_investitionen,Auszahlungen aus Investitionstätigkeit,,true,2025,ansatz,1000,264
PG,04281,true,30,auszahlungen_investitionen,Auszahlungen aus Investitionstätigkeit,,true,2026,ansatz,1000,264
PG,04281,true,30,auszahlungen_investitionen,Auszahlungen aus Investitionstätigkeit,,true,2027,planung,1000,264
PG,04281,true,30,auszahlungen_investitionen,Auszahlungen aus Investitionstätigkeit,,true,2028,planung,1000,264
PG,04281,true,30,auszahlungen_investitionen,Auszahlungen aus Investitionstätigkeit,,true,2029,planung,1000,264
PG,04281,true,31,saldo_investitionen,Saldo aus Investitionstätigkeit,,true,2024,ergebnis,0,264
PG,04281,true,31,saldo_investitionen,Saldo aus Investitionstätigkeit,,true,2025,ansatz,-1000,264
PG,04281,true,31,saldo_investitionen,Saldo aus Investitionstätigkeit,,true,2026,ansatz,-1000,264
PG,04281,true,31,saldo_investitionen,Saldo aus Investitionstätigkeit,,true,2027,planung,-1000,264
PG,04281,true,31,saldo_investitionen,Saldo aus Investitionstätigkeit,,true,2028,planung,-1000,264
PG,04281,true,31,saldo_investitionen,Saldo aus Investitionstätigkeit,,true,2029,planung,-1000,264
PG,05312,true,17,saldo_laufende_verwaltung,Saldo aus lfd. Verw.-tätigkeit,,true,2024,ergebnis,-853797,279
PG,05312,true,17,saldo_laufende_verwaltung,Saldo aus lfd. Verw.-tätigkeit,,true,2025,ansatz,0,279
PG,05312,true,17,saldo_laufende_verwaltung,Saldo aus lfd. Verw.-tätigkeit,,true,2026,ansatz,0,279
PG,05312,true,17,saldo_laufende_verwaltung,Saldo aus lfd. Verw.-tätigkeit,,true,2027,planung,0,279
PG,05312,true,17,saldo_laufende_verwaltung,Saldo aus lfd. Verw.-tätigkeit,,true,2028,planung,0,279
PG,05312,true,17,saldo_laufende_verwaltung,Saldo aus lfd. Verw.-tätigkeit,,true,2029,planung,0,279
PG,05312,true,23,einzahlungen_investitionen,Einzahlungen aus Investitionstätigkeit,,true,2024,ergebnis,0,279
PG,05312,true,23,einzahlungen_investitionen,Einzahlungen aus Investitionstätigkeit,,true,2025,ansatz,0,279
PG,05312,true,23,einzahlungen_investitionen,Einzahlungen aus Investitionstätigkeit,,true,2026,ansatz,0,279
PG,05312,true,23,einzahlungen_investitionen,Einzahlungen aus Investitionstätigkeit,,true,2027,planung,0,279
PG,05312,true,23,einzahlungen_investitionen,Einzahlungen aus Investitionstätigkeit,,true,2028,planung,0,279
PG,05312,true,23,einzahlungen_investitionen,Einzahlungen aus Investitionstätigkeit,,true,2029,planung,0,279
PG,05312,true,30,auszahlungen_investitionen,Auszahlungen aus Investitionstätigkeit,,true,2024,ergebnis,0,279
PG,05312,true,30,auszahlungen_investitionen,Auszahlungen aus Investitionstätigkeit,,true,2025,ansatz,0,279
PG,05312,true,30,auszahlungen_investitionen,Auszahlungen aus Investitionstätigkeit,,true,2026,ansatz,0,279
PG,05312,true,30,auszahlungen_investitionen,Auszahlungen aus Investitionstätigkeit,,true,2027,planung,0,279
PG,05312,true,30,auszahlungen_investitionen,Auszahlungen aus Investitionstätigkeit,,true,2028,planung,0,279
PG,05312,true,30,auszahlungen_investitionen,Auszahlungen aus Investitionstätigkeit,,true,2029,planung,0,279
PG,05312,true,31,saldo_investitionen,Saldo aus Investitionstätigkeit,,true,2024,ergebnis,0,279
PG,05312,true,31,saldo_investitionen,Saldo aus Investitionstätigkeit,,true,2025,ansatz,0,279
PG,05312,true,31,saldo_investitionen,Saldo aus Investitionstätigkeit,,true,2026,ansatz,0,279
PG,05312,true,31,saldo_investitionen,Saldo aus Investitionstätigkeit,,true,2027,planung,0,279
PG,05312,true,31,saldo_investitionen,Saldo aus Investitionstätigkeit,,true,2028,planung,0,279
PG,05312,true,31,saldo_investitionen,Saldo aus Investitionstätigkeit,,true,2029,planung,0,279
PG,05313,true,17,saldo_laufende_verwaltung,Saldo aus lfd. Verw.-tätigkeit,,true,2024,ergebnis,-326095,284
PG,05313,true,17,saldo_laufende_verwaltung,Saldo aus lfd. Verw.-tätigkeit,,true,2025,ansatz,-1122442,284
PG,05313,true,17,saldo_laufende_verwaltung,Saldo aus lfd. Verw.-tätigkeit,,true,2026,ansatz,-642021,284
PG,05313,true,17,saldo_laufende_verwaltung,Saldo aus lfd. Verw.-tätigkeit,,true,2027,planung,-645715,284
PG,05313,true,17,saldo_laufende_verwaltung,Saldo aus lfd. Verw.-tätigkeit,,true,2028,planung,-650102,284
PG,05313,true,17,saldo_laufende_verwaltung,Saldo aus lfd. Verw.-tätigkeit,,true,2029,planung,-654786,284
PG,05313,true,23,einzahlungen_investitionen,Einzahlungen aus Investitionstätigkeit,,true,2024,ergebnis,0,284
PG,05313,true,23,einzahlungen_investitionen,Einzahlungen aus Investitionstätigkeit,,true,2025,ansatz,0,284
PG,05313,true,23,einzahlungen_investitionen,Einzahlungen aus Investitionstätigkeit,,true,2026,ansatz,0,284
PG,05313,true,23,einzahlungen_investitionen,Einzahlungen aus Investitionstätigkeit,,true,2027,planung,0,284
PG,05313,true,23,einzahlungen_investitionen,Einzahlungen aus Investitionstätigkeit,,true,2028,planung,0,284
PG,05313,true,23,einzahlungen_investitionen,Einzahlungen aus Investitionstätigkeit,,true,2029,planung,0,284
PG,05313,true,30,auszahlungen_investitionen,Auszahlungen aus Investitionstätigkeit,,true,2024,ergebnis,0,284
PG,05313,true,30,auszahlungen_investitionen,Auszahlungen aus Investitionstätigkeit,,true,2025,ansatz,0,284
PG,05313,true,30,auszahlungen_investitionen,Auszahlungen aus Investitionstätigkeit,,true,2026,ansatz,0,284
PG,05313,true,30,auszahlungen_investitionen,Auszahlungen aus Investitionstätigkeit,,true,2027,planung,0,284
PG,05313,true,30,auszahlungen_investitionen,Auszahlungen aus Investitionstätigkeit,,true,2028,planung,0,284
PG,05313,true,30,auszahlungen_investitionen,Auszahlungen aus Investitionstätigkeit,,true,2029,planung,0,284
PG,05313,true,31,saldo_investitionen,Saldo aus Investitionstätigkeit,,true,2024,ergebnis,0,284
PG,05313,true,31,saldo_investitionen,Saldo aus Investitionstätigkeit,,true,2025,ansatz,0,284
PG,05313,true,31,saldo_investitionen,Saldo aus Investitionstätigkeit,,true,2026,ansatz,0,284
PG,05313,true,31,saldo_investitionen,Saldo aus Investitionstätigkeit,,true,2027,planung,0,284
PG,05313,true,31,saldo_investitionen,Saldo aus Investitionstätigkeit,,true,2028,planung,0,284
PG,05313,true,31,saldo_investitionen,Saldo aus Investitionstätigkeit,,true,2029,planung,0,284
PG,05316,true,17,saldo_laufende_verwaltung,Saldo aus lfd. Verw.-tätigkeit,,true,2024,ergebnis,0,290
PG,05316,true,17,saldo_laufende_verwaltung,Saldo aus lfd. Verw.-tätigkeit,,true,2025,ansatz,-1127096,290
PG,05316,true,17,saldo_laufende_verwaltung,Saldo aus lfd. Verw.-tätigkeit,,true,2026,ansatz,-929334,290
PG,05316,true,17,saldo_laufende_verwaltung,Saldo aus lfd. Verw.-tätigkeit,,true,2027,planung,-978844,290
PG,05316,true,17,saldo_laufende_verwaltung,Saldo aus lfd. Verw.-tätigkeit,,true,2028,planung,-1028775,290
PG,05316,true,17,saldo_laufende_verwaltung,Saldo aus lfd. Verw.-tätigkeit,,true,2029,planung,-1082198,290
PG,05316,true,23,einzahlungen_investitionen,Einzahlungen aus Investitionstätigkeit,,true,2024,ergebnis,0,290
PG,05316,true,23,einzahlungen_investitionen,Einzahlungen aus Investitionstätigkeit,,true,2025,ansatz,0,290
PG,05316,true,23,einzahlungen_investitionen,Einzahlungen aus Investitionstätigkeit,,true,2026,ansatz,0,290
PG,05316,true,23,einzahlungen_investitionen,Einzahlungen aus Investitionstätigkeit,,true,2027,planung,0,290
PG,05316,true,23,einzahlungen_investitionen,Einzahlungen aus Investitionstätigkeit,,true,2028,planung,0,290
PG,05316,true,23,einzahlungen_investitionen,Einzahlungen aus Investitionstätigkeit,,true,2029,planung,0,290
PG,05316,true,30,auszahlungen_investitionen,Auszahlungen aus Investitionstätigkeit,,true,2024,ergebnis,0,290
PG,05316,true,30,auszahlungen_investitionen,Auszahlungen aus Investitionstätigkeit,,true,2025,ansatz,0,290
PG,05316,true,30,auszahlungen_investitionen,Auszahlungen aus Investitionstätigkeit,,true,2026,ansatz,0,290
PG,05316,true,30,auszahlungen_investitionen,Auszahlungen aus Investitionstätigkeit,,true,2027,planung,0,290
PG,05316,true,30,auszahlungen_investitionen,Auszahlungen aus Investitionstätigkeit,,true,2028,planung,0,290
PG,05316,true,30,auszahlungen_investitionen,Auszahlungen aus Investitionstätigkeit,,true,2029,planung,0,290
PG,05316,true,31,saldo_investitionen,Saldo aus Investitionstätigkeit,,true,2024,ergebnis,0,290
PG,05316,true,31,saldo_investitionen,Saldo aus Investitionstätigkeit,,true,2025,ansatz,0,290
PG,05316,true,31,saldo_investitionen,Saldo aus Investitionstätigkeit,,true,2026,ansatz,0,290
PG,05316,true,31,saldo_investitionen,Saldo aus Investitionstätigkeit,,true,2027,planung,0,290
PG,05316,true,31,saldo_investitionen,Saldo aus Investitionstätigkeit,,true,2028,planung,0,290
PG,05316,true,31,saldo_investitionen,Saldo aus Investitionstätigkeit,,true,2029,planung,0,290
PG,05317,true,17,saldo_laufende_verwaltung,Saldo aus lfd. Verw.-tätigkeit,,true,2024,ergebnis,0,295
PG,05317,true,17,saldo_laufende_verwaltung,Saldo aus lfd. Verw.-tätigkeit,,true,2025,ansatz,-553,295
PG,05317,true,17,saldo_laufende_verwaltung,Saldo aus lfd. Verw.-tätigkeit,,true,2026,ansatz,-554,295
PG,05317,true,17,saldo_laufende_verwaltung,Saldo aus lfd. Verw.-tätigkeit,,true,2027,planung,-529,295
PG,05317,true,17,saldo_laufende_verwaltung,Saldo aus lfd. Verw.-tätigkeit,,true,2028,planung,-504,295
PG,05317,true,17,saldo_laufende_verwaltung,Saldo aus lfd. Verw.-tätigkeit,,true,2029,planung,-634,295
PG,05317,true,23,einzahlungen_investitionen,Einzahlungen aus Investitionstätigkeit,,true,2024,ergebnis,0,295
PG,05317,true,23,einzahlungen_investitionen,Einzahlungen aus Investitionstätigkeit,,true,2025,ansatz,0,295
PG,05317,true,23,einzahlungen_investitionen,Einzahlungen aus Investitionstätigkeit,,true,2026,ansatz,0,295
PG,05317,true,23,einzahlungen_investitionen,Einzahlungen aus Investitionstätigkeit,,true,2027,planung,0,295
PG,05317,true,23,einzahlungen_investitionen,Einzahlungen aus Investitionstätigkeit,,true,2028,planung,0,295
PG,05317,true,23,einzahlungen_investitionen,Einzahlungen aus Investitionstätigkeit,,true,2029,planung,0,295
PG,05317,true,30,auszahlungen_investitionen,Auszahlungen aus Investitionstätigkeit,,true,2024,ergebnis,0,295
PG,05317,true,30,auszahlungen_investitionen,Auszahlungen aus Investitionstätigkeit,,true,2025,ansatz,0,295
PG,05317,true,30,auszahlungen_investitionen,Auszahlungen aus Investitionstätigkeit,,true,2026,ansatz,0,295
PG,05317,true,30,auszahlungen_investitionen,Auszahlungen aus Investitionstätigkeit,,true,2027,planung,0,295
PG,05317,true,30,auszahlungen_investitionen,Auszahlungen aus Investitionstätigkeit,,true,2028,planung,0,295
PG,05317,true,30,auszahlungen_investitionen,Auszahlungen aus Investitionstätigkeit,,true,2029,planung,0,295
PG,05317,true,31,saldo_investitionen,Saldo aus Investitionstätigkeit,,true,2024,ergebnis,0,295
PG,05317,true,31,saldo_investitionen,Saldo aus Investitionstätigkeit,,true,2025,ansatz,0,295
PG,05317,true,31,saldo_investitionen,Saldo aus Investitionstätigkeit,,true,2026,ansatz,0,295
PG,05317,true,31,saldo_investitionen,Saldo aus Investitionstätigkeit,,true,2027,planung,0,295
PG,05317,true,31,saldo_investitionen,Saldo aus Investitionstätigkeit,,true,2028,planung,0,295
PG,05317,true,31,saldo_investitionen,Saldo aus Investitionstätigkeit,,true,2029,planung,0,295
PG,05318,true,17,saldo_laufende_verwaltung,Saldo aus lfd. Verw.-tätigkeit,,true,2024,ergebnis,0,299
PG,05318,true,17,saldo_laufende_verwaltung,Saldo aus lfd. Verw.-tätigkeit,,true,2025,ansatz,-56485,299
PG,05318,true,17,saldo_laufende_verwaltung,Saldo aus lfd. Verw.-tätigkeit,,true,2026,ansatz,-48851,299
PG,05318,true,17,saldo_laufende_verwaltung,Saldo aus lfd. Verw.-tätigkeit,,true,2027,planung,-48536,299
PG,05318,true,17,saldo_laufende_verwaltung,Saldo aus lfd. Verw.-tätigkeit,,true,2028,planung,-49101,299
PG,05318,true,17,saldo_laufende_verwaltung,Saldo aus lfd. Verw.-tätigkeit,,true,2029,planung,-49282,299
PG,05318,true,23,einzahlungen_investitionen,Einzahlungen aus Investitionstätigkeit,,true,2024,ergebnis,0,299
PG,05318,true,23,einzahlungen_investitionen,Einzahlungen aus Investitionstätigkeit,,true,2025,ansatz,0,299
PG,05318,true,23,einzahlungen_investitionen,Einzahlungen aus Investitionstätigkeit,,true,2026,ansatz,0,299
PG,05318,true,23,einzahlungen_investitionen,Einzahlungen aus Investitionstätigkeit,,true,2027,planung,0,299
PG,05318,true,23,einzahlungen_investitionen,Einzahlungen aus Investitionstätigkeit,,true,2028,planung,0,299
PG,05318,true,23,einzahlungen_investitionen,Einzahlungen aus Investitionstätigkeit,,true,2029,planung,0,299
PG,05318,true,30,auszahlungen_investitionen,Auszahlungen aus Investitionstätigkeit,,true,2024,ergebnis,0,299
PG,05318,true,30,auszahlungen_investitionen,Auszahlungen aus Investitionstätigkeit,,true,2025,ansatz,0,299
PG,05318,true,30,auszahlungen_investitionen,Auszahlungen aus Investitionstätigkeit,,true,2026,ansatz,0,299
PG,05318,true,30,auszahlungen_investitionen,Auszahlungen aus Investitionstätigkeit,,true,2027,planung,0,299
PG,05318,true,30,auszahlungen_investitionen,Auszahlungen aus Investitionstätigkeit,,true,2028,planung,0,299
PG,05318,true,30,auszahlungen_investitionen,Auszahlungen aus Investitionstätigkeit,,true,2029,planung,0,299
PG,05318,true,31,saldo_investitionen,Saldo aus Investitionstätigkeit,,true,2024,ergebnis,0,299
PG,05318,true,31,saldo_investitionen,Saldo aus Investitionstätigkeit,,true,2025,ansatz,0,299
PG,05318,true,31,saldo_investitionen,Saldo aus Investitionstätigkeit,,true,2026,ansatz,0,299
PG,05318,true,31,saldo_investitionen,Saldo aus Investitionstätigkeit,,true,2027,planung,0,299
PG,05318,true,31,saldo_investitionen,Saldo aus Investitionstätigkeit,,true,2028,planung,0,299
PG,05318,true,31,saldo_investitionen,Saldo aus Investitionstätigkeit,,true,2029,planung,0,299
PG,05333,true,17,saldo_laufende_verwaltung,Saldo aus lfd. Verw.-tätigkeit,,true,2024,ergebnis,-85591,304
PG,05333,true,17,saldo_laufende_verwaltung,Saldo aus lfd. Verw.-tätigkeit,,true,2025,ansatz,-101735,304
PG,05333,true,17,saldo_laufende_verwaltung,Saldo aus lfd. Verw.-tätigkeit,,true,2026,ansatz,-104858,304
PG,05333,true,17,saldo_laufende_verwaltung,Saldo aus lfd. Verw.-tätigkeit,,true,2027,planung,-107026,304
PG,05333,true,17,saldo_laufende_verwaltung,Saldo aus lfd. Verw.-tätigkeit,,true,2028,planung,-109637,304
PG,05333,true,17,saldo_laufende_verwaltung,Saldo aus lfd. Verw.-tätigkeit,,true,2029,planung,-112388,304
PG,05333,true,23,einzahlungen_investitionen,Einzahlungen aus Investitionstätigkeit,,true,2024,ergebnis,0,304
PG,05333,true,23,einzahlungen_investitionen,Einzahlungen aus Investitionstätigkeit,,true,2025,ansatz,0,304
PG,05333,true,23,einzahlungen_investitionen,Einzahlungen aus Investitionstätigkeit,,true,2026,ansatz,0,304
PG,05333,true,23,einzahlungen_investitionen,Einzahlungen aus Investitionstätigkeit,,true,2027,planung,0,304
PG,05333,true,23,einzahlungen_investitionen,Einzahlungen aus Investitionstätigkeit,,true,2028,planung,0,304
PG,05333,true,23,einzahlungen_investitionen,Einzahlungen aus Investitionstätigkeit,,true,2029,planung,0,304
PG,05333,true,30,auszahlungen_investitionen,Auszahlungen aus Investitionstätigkeit,,true,2024,ergebnis,0,304
PG,05333,true,30,auszahlungen_investitionen,Auszahlungen aus Investitionstätigkeit,,true,2025,ansatz,0,304
PG,05333,true,30,auszahlungen_investitionen,Auszahlungen aus Investitionstätigkeit,,true,2026,ansatz,0,304
PG,05333,true,30,auszahlungen_investitionen,Auszahlungen aus Investitionstätigkeit,,true,2027,planung,0,304
PG,05333,true,30,auszahlungen_investitionen,Auszahlungen aus Investitionstätigkeit,,true,2028,planung,0,304
PG,05333,true,30,auszahlungen_investitionen,Auszahlungen aus Investitionstätigkeit,,true,2029,planung,0,304
PG,05333,true,31,saldo_investitionen,Saldo aus Investitionstätigkeit,,true,2024,ergebnis,0,304
PG,05333,true,31,saldo_investitionen,Saldo aus Investitionstätigkeit,,true,2025,ansatz,0,304
PG,05333,true,31,saldo_investitionen,Saldo aus Investitionstätigkeit,,true,2026,ansatz,0,304
PG,05333,true,31,saldo_investitionen,Saldo aus Investitionstätigkeit,,true,2027,planung,0,304
PG,05333,true,31,saldo_investitionen,Saldo aus Investitionstätigkeit,,true,2028,planung,0,304
PG,05333,true,31,saldo_investitionen,Saldo aus Investitionstätigkeit,,true,2029,planung,0,304
PG,05345,true,17,saldo_laufende_verwaltung,Saldo aus lfd. Verw.-tätigkeit,,true,2024,ergebnis,0,308
PG,05345,true,17,saldo_laufende_verwaltung,Saldo aus lfd. Verw.-tätigkeit,,true,2025,ansatz,-117216,308
PG,05345,true,17,saldo_laufende_verwaltung,Saldo aus lfd. Verw.-tätigkeit,,true,2026,ansatz,-119919,308
PG,05345,true,17,saldo_laufende_verwaltung,Saldo aus lfd. Verw.-tätigkeit,,true,2027,planung,-122398,308
PG,05345,true,17,saldo_laufende_verwaltung,Saldo aus lfd. Verw.-tätigkeit,,true,2028,planung,-125437,308
PG,05345,true,17,saldo_laufende_verwaltung,Saldo aus lfd. Verw.-tätigkeit,,true,2029,planung,-128591,308
PG,05345,true,23,einzahlungen_investitionen,Einzahlungen aus Investitionstätigkeit,,true,2024,ergebnis,0,308
PG,05345,true,23,einzahlungen_investitionen,Einzahlungen aus Investitionstätigkeit,,true,2025,ansatz,0,308
PG,05345,true,23,einzahlungen_investitionen,Einzahlungen aus Investitionstätigkeit,,true,2026,ansatz,0,308
PG,05345,true,23,einzahlungen_investitionen,Einzahlungen aus Investitionstätigkeit,,true,2027,planung,0,308
PG,05345,true,23,einzahlungen_investitionen,Einzahlungen aus Investitionstätigkeit,,true,2028,planung,0,308
PG,05345,true,23,einzahlungen_investitionen,Einzahlungen aus Investitionstätigkeit,,true,2029,planung,0,308
PG,05345,true,30,auszahlungen_investitionen,Auszahlungen aus Investitionstätigkeit,,true,2024,ergebnis,0,308
PG,05345,true,30,auszahlungen_investitionen,Auszahlungen aus Investitionstätigkeit,,true,2025,ansatz,0,308
PG,05345,true,30,auszahlungen_investitionen,Auszahlungen aus Investitionstätigkeit,,true,2026,ansatz,0,308
PG,05345,true,30,auszahlungen_investitionen,Auszahlungen aus Investitionstätigkeit,,true,2027,planung,0,308
PG,05345,true,30,auszahlungen_investitionen,Auszahlungen aus Investitionstätigkeit,,true,2028,planung,0,308
PG,05345,true,30,auszahlungen_investitionen,Auszahlungen aus Investitionstätigkeit,,true,2029,planung,0,308
PG,05345,true,31,saldo_investitionen,Saldo aus Investitionstätigkeit,,true,2024,ergebnis,0,308
PG,05345,true,31,saldo_investitionen,Saldo aus Investitionstätigkeit,,true,2025,ansatz,0,308
PG,05345,true,31,saldo_investitionen,Saldo aus Investitionstätigkeit,,true,2026,ansatz,0,308
PG,05345,true,31,saldo_investitionen,Saldo aus Investitionstätigkeit,,true,2027,planung,0,308
PG,05345,true,31,saldo_investitionen,Saldo aus Investitionstätigkeit,,true,2028,planung,0,308
PG,05345,true,31,saldo_investitionen,Saldo aus Investitionstätigkeit,,true,2029,planung,0,308
PG,05351,true,17,saldo_laufende_verwaltung,Saldo aus lfd. Verw.-tätigkeit,,true,2024,ergebnis,-195471,312
PG,05351,true,17,saldo_laufende_verwaltung,Saldo aus lfd. Verw.-tätigkeit,,true,2025,ansatz,-43633,312
PG,05351,true,17,saldo_laufende_verwaltung,Saldo aus lfd. Verw.-tätigkeit,,true,2026,ansatz,-44169,312
PG,05351,true,17,saldo_laufende_verwaltung,Saldo aus lfd. Verw.-tätigkeit,,true,2027,planung,-44787,312
PG,05351,true,17,saldo_laufende_verwaltung,Saldo aus lfd. Verw.-tätigkeit,,true,2028,planung,-45510,312
PG,05351,true,17,saldo_laufende_verwaltung,Saldo aus lfd. Verw.-tätigkeit,,true,2029,planung,-46291,312
PG,05351,true,23,einzahlungen_investitionen,Einzahlungen aus Investitionstätigkeit,,true,2024,ergebnis,0,312
PG,05351,true,23,einzahlungen_investitionen,Einzahlungen aus Investitionstätigkeit,,true,2025,ansatz,0,312
PG,05351,true,23,einzahlungen_investitionen,Einzahlungen aus Investitionstätigkeit,,true,2026,ansatz,0,312
PG,05351,true,23,einzahlungen_investitionen,Einzahlungen aus Investitionstätigkeit,,true,2027,planung,0,312
PG,05351,true,23,einzahlungen_investitionen,Einzahlungen aus Investitionstätigkeit,,true,2028,planung,0,312
PG,05351,true,23,einzahlungen_investitionen,Einzahlungen aus Investitionstätigkeit,,true,2029,planung,0,312
PG,05351,true,30,auszahlungen_investitionen,Auszahlungen aus Investitionstätigkeit,,true,2024,ergebnis,0,312
PG,05351,true,30,auszahlungen_investitionen,Auszahlungen aus Investitionstätigkeit,,true,2025,ansatz,0,312
PG,05351,true,30,auszahlungen_investitionen,Auszahlungen aus Investitionstätigkeit,,true,2026,ansatz,0,312
PG,05351,true,30,auszahlungen_investitionen,Auszahlungen aus Investitionstätigkeit,,true,2027,planung,0,312
PG,05351,true,30,auszahlungen_investitionen,Auszahlungen aus Investitionstätigkeit,,true,2028,planung,0,312
PG,05351,true,30,auszahlungen_investitionen,Auszahlungen aus Investitionstätigkeit,,true,2029,planung,0,312
PG,05351,true,31,saldo_investitionen,Saldo aus Investitionstätigkeit,,true,2024,ergebnis,0,312
PG,05351,true,31,saldo_investitionen,Saldo aus Investitionstätigkeit,,true,2025,ansatz,0,312
PG,05351,true,31,saldo_investitionen,Saldo aus Investitionstätigkeit,,true,2026,ansatz,0,312
PG,05351,true,31,saldo_investitionen,Saldo aus Investitionstätigkeit,,true,2027,planung,0,312
PG,05351,true,31,saldo_investitionen,Saldo aus Investitionstätigkeit,,true,2028,planung,0,312
PG,05351,true,31,saldo_investitionen,Saldo aus Investitionstätigkeit,,true,2029,planung,0,312
PG,05375,true,17,saldo_laufende_verwaltung,Saldo aus lfd. Verw.-tätigkeit,,true,2024,ergebnis,-245293,320
PG,05375,true,17,saldo_laufende_verwaltung,Saldo aus lfd. Verw.-tätigkeit,,true,2025,ansatz,-8578,320
PG,05375,true,17,saldo_laufende_verwaltung,Saldo aus lfd. Verw.-tätigkeit,,true,2026,ansatz,1131770,320
PG,05375,true,17,saldo_laufende_verwaltung,Saldo aus lfd. Verw.-tätigkeit,,true,2027,planung,1140977,320
PG,05375,true,17,saldo_laufende_verwaltung,Saldo aus lfd. Verw.-tätigkeit,,true,2028,planung,1132737,320
PG,05375,true,17,saldo_laufende_verwaltung,Saldo aus lfd. Verw.-tätigkeit,,true,2029,planung,1124106,320
PG,05375,true,23,einzahlungen_investitionen,Einzahlungen aus Investitionstätigkeit,,true,2024,ergebnis,0,320
PG,05375,true,23,einzahlungen_investitionen,Einzahlungen aus Investitionstätigkeit,,true,2025,ansatz,0,320
PG,05375,true,23,einzahlungen_investitionen,Einzahlungen aus Investitionstätigkeit,,true,2026,ansatz,0,320
PG,05375,true,23,einzahlungen_investitionen,Einzahlungen aus Investitionstätigkeit,,true,2027,planung,0,320
PG,05375,true,23,einzahlungen_investitionen,Einzahlungen aus Investitionstätigkeit,,true,2028,planung,0,320
PG,05375,true,23,einzahlungen_investitionen,Einzahlungen aus Investitionstätigkeit,,true,2029,planung,0,320
PG,05375,true,24,erwerb_grundstuecke_gebaeude,Ausz. f. Erwerb von Grundst. u. Gebäuden,,false,2024,ergebnis,353037,320
PG,05375,true,24,erwerb_grundstuecke_gebaeude,Ausz. f. Erwerb von Grundst. u. Gebäuden,,false,2025,ansatz,0,320
PG,05375,true,24,erwerb_grundstuecke_gebaeude,Ausz. f. Erwerb von Grundst. u. Gebäuden,,false,2026,ansatz,0,320
PG,05375,true,24,erwerb_grundstuecke_gebaeude,Ausz. f. Erwerb von Grundst. u. Gebäuden,,false,2027,planung,0,320
PG,05375,true,24,erwerb_grundstuecke_gebaeude,Ausz. f. Erwerb von Grundst. u. Gebäuden,,false,2028,planung,0,320
PG,05375,true,24,erwerb_grundstuecke_gebaeude,Ausz. f. Erwerb von Grundst. u. Gebäuden,,false,2029,planung,0,320
PG,05375,true,25,baumassnahmen,Ausz. f. Baumaßnahmen,,false,2024,ergebnis,2042969,320
PG,05375,true,25,baumassnahmen,Ausz. f. Baumaßnahmen,,false,2025,ansatz,0,320
PG,05375,true,25,baumassnahmen,Ausz. f. Baumaßnahmen,,false,2026,ansatz,0,320
PG,05375,true,25,baumassnahmen,Ausz. f. Baumaßnahmen,,false,2027,planung,0,320
PG,05375,true,25,baumassnahmen,Ausz. f. Baumaßnahmen,,false,2028,planung,0,320
PG,05375,true,25,baumassnahmen,Ausz. f. Baumaßnahmen,,false,2029,planung,0,320
PG,05375,true,26,erwerb_bewegliches_anlagevermoegen,Ausz. f. Erwerb von bewegl. Anlagevermögen,,false,2024,ergebnis,4308,320
PG,05375,true,26,erwerb_bewegliches_anlagevermoegen,Ausz. f. Erwerb von bewegl. Anlagevermögen,,false,2025,ansatz,3000,320
PG,05375,true,26,erwerb_bewegliches_anlagevermoegen,Ausz. f. Erwerb von bewegl. Anlagevermögen,,false,2026,ansatz,0,320
PG,05375,true,26,erwerb_bewegliches_anlagevermoegen,Ausz. f. Erwerb von bewegl. Anlagevermögen,,false,2027,planung,0,320
PG,05375,true,26,erwerb_bewegliches_anlagevermoegen,Ausz. f. Erwerb von bewegl. Anlagevermögen,,false,2028,planung,0,320
PG,05375,true,26,erwerb_bewegliches_anlagevermoegen,Ausz. f. Erwerb von bewegl. Anlagevermögen,,false,2029,planung,0,320
PG,05375,true,30,auszahlungen_investitionen,Auszahlungen aus Investitionstätigkeit,,true,2024,ergebnis,2400314,320
PG,05375,true,30,auszahlungen_investitionen,Auszahlungen aus Investitionstätigkeit,,true,2025,ansatz,3000,320
PG,05375,true,30,auszahlungen_investitionen,Auszahlungen aus Investitionstätigkeit,,true,2026,ansatz,0,320
PG,05375,true,30,auszahlungen_investitionen,Auszahlungen aus Investitionstätigkeit,,true,2027,planung,0,320
PG,05375,true,30,auszahlungen_investitionen,Auszahlungen aus Investitionstätigkeit,,true,2028,planung,0,320
PG,05375,true,30,auszahlungen_investitionen,Auszahlungen aus Investitionstätigkeit,,true,2029,planung,0,320
PG,05375,true,31,saldo_investitionen,Saldo aus Investitionstätigkeit,,true,2024,ergebnis,-2400314,320
PG,05375,true,31,saldo_investitionen,Saldo aus Investitionstätigkeit,,true,2025,ansatz,-3000,320
PG,05375,true,31,saldo_investitionen,Saldo aus Investitionstätigkeit,,true,2026,ansatz,0,320
PG,05375,true,31,saldo_investitionen,Saldo aus Investitionstätigkeit,,true,2027,planung,0,320
PG,05375,true,31,saldo_investitionen,Saldo aus Investitionstätigkeit,,true,2028,planung,0,320
PG,05375,true,31,saldo_investitionen,Saldo aus Investitionstätigkeit,,true,2029,planung,0,320
PG,06361,true,17,saldo_laufende_verwaltung,Saldo aus lfd. Verw.-tätigkeit,,true,2024,ergebnis,-158412,329
PG,06361,true,17,saldo_laufende_verwaltung,Saldo aus lfd. Verw.-tätigkeit,,true,2025,ansatz,-1152407,329
PG,06361,true,17,saldo_laufende_verwaltung,Saldo aus lfd. Verw.-tätigkeit,,true,2026,ansatz,-1237775,329
PG,06361,true,17,saldo_laufende_verwaltung,Saldo aus lfd. Verw.-tätigkeit,,true,2027,planung,-1418750,329
PG,06361,true,17,saldo_laufende_verwaltung,Saldo aus lfd. Verw.-tätigkeit,,true,2028,planung,-1535694,329
PG,06361,true,17,saldo_laufende_verwaltung,Saldo aus lfd. Verw.-tätigkeit,,true,2029,planung,-1640768,329
PG,06361,true,23,einzahlungen_investitionen,Einzahlungen aus Investitionstätigkeit,,true,2024,ergebnis,0,329
PG,06361,true,23,einzahlungen_investitionen,Einzahlungen aus Investitionstätigkeit,,true,2025,ansatz,0,329
PG,06361,true,23,einzahlungen_investitionen,Einzahlungen aus Investitionstätigkeit,,true,2026,ansatz,0,329
PG,06361,true,23,einzahlungen_investitionen,Einzahlungen aus Investitionstätigkeit,,true,2027,planung,0,329
PG,06361,true,23,einzahlungen_investitionen,Einzahlungen aus Investitionstätigkeit,,true,2028,planung,0,329
PG,06361,true,23,einzahlungen_investitionen,Einzahlungen aus Investitionstätigkeit,,true,2029,planung,0,329
PG,06361,true,25,baumassnahmen,Ausz. f. Baumaßnahmen,,false,2024,ergebnis,16194,329
PG,06361,true,25,baumassnahmen,Ausz. f. Baumaßnahmen,,false,2025,ansatz,0,329
PG,06361,true,25,baumassnahmen,Ausz. f. Baumaßnahmen,,false,2026,ansatz,0,329
PG,06361,true,25,baumassnahmen,Ausz. f. Baumaßnahmen,,false,2027,planung,0,329
PG,06361,true,25,baumassnahmen,Ausz. f. Baumaßnahmen,,false,2028,planung,0,329
PG,06361,true,25,baumassnahmen,Ausz. f. Baumaßnahmen,,false,2029,planung,0,329
PG,06361,true,28,aktivierbare_zuwendungen,Ausz. f. aktivierbaren Zuwendungen,,false,2024,ergebnis,0,329
PG,06361,true,28,aktivierbare_zuwendungen,Ausz. f. aktivierbaren Zuwendungen,,false,2025,ansatz,70000,329
PG,06361,true,28,aktivierbare_zuwendungen,Ausz. f. aktivierbaren Zuwendungen,,false,2026,ansatz,0,329
PG,06361,true,28,aktivierbare_zuwendungen,Ausz. f. aktivierbaren Zuwendungen,,false,2027,planung,300000,329
PG,06361,true,28,aktivierbare_zuwendungen,Ausz. f. aktivierbaren Zuwendungen,,false,2028,planung,0,329
PG,06361,true,28,aktivierbare_zuwendungen,Ausz. f. aktivierbaren Zuwendungen,,false,2029,planung,0,329
PG,06361,true,30,auszahlungen_investitionen,Auszahlungen aus Investitionstätigkeit,,true,2024,ergebnis,16194,329
PG,06361,true,30,auszahlungen_investitionen,Auszahlungen aus Investitionstätigkeit,,true,2025,ansatz,70000,329
PG,06361,true,30,auszahlungen_investitionen,Auszahlungen aus Investitionstätigkeit,,true,2026,ansatz,0,329
PG,06361,true,30,auszahlungen_investitionen,Auszahlungen aus Investitionstätigkeit,,true,2027,planung,300000,329
PG,06361,true,30,auszahlungen_investitionen,Auszahlungen aus Investitionstätigkeit,,true,2028,planung,0,329
PG,06361,true,30,auszahlungen_investitionen,Auszahlungen aus Investitionstätigkeit,,true,2029,planung,0,329
PG,06361,true,31,saldo_investitionen,Saldo aus Investitionstätigkeit,,true,2024,ergebnis,-16194,329
PG,06361,true,31,saldo_investitionen,Saldo aus Investitionstätigkeit,,true,2025,ansatz,-70000,329
PG,06361,true,31,saldo_investitionen,Saldo aus Investitionstätigkeit,,true,2026,ansatz,0,329
PG,06361,true,31,saldo_investitionen,Saldo aus Investitionstätigkeit,,true,2027,planung,-300000,329
PG,06361,true,31,saldo_investitionen,Saldo aus Investitionstätigkeit,,true,2028,planung,0,329
PG,06361,true,31,saldo_investitionen,Saldo aus Investitionstätigkeit,,true,2029,planung,0,329
PG,06362,true,17,saldo_laufende_verwaltung,Saldo aus lfd. Verw.-tätigkeit,,true,2024,ergebnis,-145510,335
PG,06362,true,17,saldo_laufende_verwaltung,Saldo aus lfd. Verw.-tätigkeit,,true,2025,ansatz,-146520,335
PG,06362,true,17,saldo_laufende_verwaltung,Saldo aus lfd. Verw.-tätigkeit,,true,2026,ansatz,-190011,335
PG,06362,true,17,saldo_laufende_verwaltung,Saldo aus lfd. Verw.-tätigkeit,,true,2027,planung,-194724,335
PG,06362,true,17,saldo_laufende_verwaltung,Saldo aus lfd. Verw.-tätigkeit,,true,2028,planung,-198421,335
PG,06362,true,17,saldo_laufende_verwaltung,Saldo aus lfd. Verw.-tätigkeit,,true,2029,planung,-202306,335
PG,06362,true,23,einzahlungen_investitionen,Einzahlungen aus Investitionstätigkeit,,true,2024,ergebnis,0,335
PG,06362,true,23,einzahlungen_investitionen,Einzahlungen aus Investitionstätigkeit,,true,2025,ansatz,0,335
PG,06362,true,23,einzahlungen_investitionen,Einzahlungen aus Investitionstätigkeit,,true,2026,ansatz,0,335
PG,06362,true,23,einzahlungen_investitionen,Einzahlungen aus Investitionstätigkeit,,true,2027,planung,0,335
PG,06362,true,23,einzahlungen_investitionen,Einzahlungen aus Investitionstätigkeit,,true,2028,planung,0,335
PG,06362,true,23,einzahlungen_investitionen,Einzahlungen aus Investitionstätigkeit,,true,2029,planung,0,335
PG,06362,true,30,auszahlungen_investitionen,Auszahlungen aus Investitionstätigkeit,,true,2024,ergebnis,0,335
PG,06362,true,30,auszahlungen_investitionen,Auszahlungen aus Investitionstätigkeit,,true,2025,ansatz,0,335
PG,06362,true,30,auszahlungen_investitionen,Auszahlungen aus Investitionstätigkeit,,true,2026,ansatz,0,335
PG,06362,true,30,auszahlungen_investitionen,Auszahlungen aus Investitionstätigkeit,,true,2027,planung,0,335
PG,06362,true,30,auszahlungen_investitionen,Auszahlungen aus Investitionstätigkeit,,true,2028,planung,0,335
PG,06362,true,30,auszahlungen_investitionen,Auszahlungen aus Investitionstätigkeit,,true,2029,planung,0,335
PG,06362,true,31,saldo_investitionen,Saldo aus Investitionstätigkeit,,true,2024,ergebnis,0,335
PG,06362,true,31,saldo_investitionen,Saldo aus Investitionstätigkeit,,true,2025,ansatz,0,335
PG,06362,true,31,saldo_investitionen,Saldo aus Investitionstätigkeit,,true,2026,ansatz,0,335
PG,06362,true,31,saldo_investitionen,Saldo aus Investitionstätigkeit,,true,2027,planung,0,335
PG,06362,true,31,saldo_investitionen,Saldo aus Investitionstätigkeit,,true,2028,planung,0,335
PG,06362,true,31,saldo_investitionen,Saldo aus Investitionstätigkeit,,true,2029,planung,0,335
PG,06366,true,17,saldo_laufende_verwaltung,Saldo aus lfd. Verw.-tätigkeit,,true,2024,ergebnis,-47686,340
PG,06366,true,17,saldo_laufende_verwaltung,Saldo aus lfd. Verw.-tätigkeit,,true,2025,ansatz,-50154,340
PG,06366,true,17,saldo_laufende_verwaltung,Saldo aus lfd. Verw.-tätigkeit,,true,2026,ansatz,-51759,340
PG,06366,true,17,saldo_laufende_verwaltung,Saldo aus lfd. Verw.-tätigkeit,,true,2027,planung,-52767,340
PG,06366,true,17,saldo_laufende_verwaltung,Saldo aus lfd. Verw.-tätigkeit,,true,2028,planung,-53898,340
PG,06366,true,17,saldo_laufende_verwaltung,Saldo aus lfd. Verw.-tätigkeit,,true,2029,planung,-55045,340
PG,06366,true,18,investitionszuwendungen,Zuwendungen für Investitionsmaßnahmen,,false,2024,ergebnis,12000,340
PG,06366,true,18,investitionszuwendungen,Zuwendungen für Investitionsmaßnahmen,,false,2025,ansatz,170000,340
PG,06366,true,18,investitionszuwendungen,Zuwendungen für Investitionsmaßnahmen,,false,2026,ansatz,0,340
PG,06366,true,18,investitionszuwendungen,Zuwendungen für Investitionsmaßnahmen,,false,2027,planung,0,340
PG,06366,true,18,investitionszuwendungen,Zuwendungen für Investitionsmaßnahmen,,false,2028,planung,0,340
PG,06366,true,18,investitionszuwendungen,Zuwendungen für Investitionsmaßnahmen,,false,2029,planung,0,340
PG,06366,true,23,einzahlungen_investitionen,Einzahlungen aus Investitionstätigkeit,,true,2024,ergebnis,12000,340
PG,06366,true,23,einzahlungen_investitionen,Einzahlungen aus Investitionstätigkeit,,true,2025,ansatz,170000,340
PG,06366,true,23,einzahlungen_investitionen,Einzahlungen aus Investitionstätigkeit,,true,2026,ansatz,0,340
PG,06366,true,23,einzahlungen_investitionen,Einzahlungen aus Investitionstätigkeit,,true,2027,planung,0,340
PG,06366,true,23,einzahlungen_investitionen,Einzahlungen aus Investitionstätigkeit,,true,2028,planung,0,340
PG,06366,true,23,einzahlungen_investitionen,Einzahlungen aus Investitionstätigkeit,,true,2029,planung,0,340
PG,06366,true,25,baumassnahmen,Ausz. f. Baumaßnahmen,,false,2024,ergebnis,84269,340
PG,06366,true,25,baumassnahmen,Ausz. f. Baumaßnahmen,,false,2025,ansatz,60000,340
PG,06366,true,25,baumassnahmen,Ausz. f. Baumaßnahmen,,false,2026,ansatz,65000,340
PG,06366,true,25,baumassnahmen,Ausz. f. Baumaßnahmen,,false,2027,planung,60000,340
PG,06366,true,25,baumassnahmen,Ausz. f. Baumaßnahmen,,false,2028,planung,50000,340
PG,06366,true,25,baumassnahmen,Ausz. f. Baumaßnahmen,,false,2029,planung,50000,340
PG,06366,true,30,auszahlungen_investitionen,Auszahlungen aus Investitionstätigkeit,,true,2024,ergebnis,84269,340
PG,06366,true,30,auszahlungen_investitionen,Auszahlungen aus Investitionstätigkeit,,true,2025,ansatz,60000,340
PG,06366,true,30,auszahlungen_investitionen,Auszahlungen aus Investitionstätigkeit,,true,2026,ansatz,65000,340
PG,06366,true,30,auszahlungen_investitionen,Auszahlungen aus Investitionstätigkeit,,true,2027,planung,60000,340
PG,06366,true,30,auszahlungen_investitionen,Auszahlungen aus Investitionstätigkeit,,true,2028,planung,50000,340
PG,06366,true,30,auszahlungen_investitionen,Auszahlungen aus Investitionstätigkeit,,true,2029,planung,50000,340
PG,06366,true,31,saldo_investitionen,Saldo aus Investitionstätigkeit,,true,2024,ergebnis,-72269,340
PG,06366,true,31,saldo_investitionen,Saldo aus Investitionstätigkeit,,true,2025,ansatz,110000,340
PG,06366,true,31,saldo_investitionen,Saldo aus Investitionstätigkeit,,true,2026,ansatz,-65000,340
PG,06366,true,31,saldo_investitionen,Saldo aus Investitionstätigkeit,,true,2027,planung,-60000,340
PG,06366,true,31,saldo_investitionen,Saldo aus Investitionstätigkeit,,true,2028,planung,-50000,340
PG,06366,true,31,saldo_investitionen,Saldo aus Investitionstätigkeit,,true,2029,planung,-50000,340
PG,07411,true,17,saldo_laufende_verwaltung,Saldo aus lfd. Verw.-tätigkeit,,true,2024,ergebnis,-353520,349
PG,07411,true,17,saldo_laufende_verwaltung,Saldo aus lfd. Verw.-tätigkeit,,true,2025,ansatz,-353000,349
PG,07411,true,17,saldo_laufende_verwaltung,Saldo aus lfd. Verw.-tätigkeit,,true,2026,ansatz,-345000,349
PG,07411,true,17,saldo_laufende_verwaltung,Saldo aus lfd. Verw.-tätigkeit,,true,2027,planung,-345000,349
PG,07411,true,17,saldo_laufende_verwaltung,Saldo aus lfd. Verw.-tätigkeit,,true,2028,planung,-345000,349
PG,07411,true,17,saldo_laufende_verwaltung,Saldo aus lfd. Verw.-tätigkeit,,true,2029,planung,-345000,349
PG,07411,true,23,einzahlungen_investitionen,Einzahlungen aus Investitionstätigkeit,,true,2024,ergebnis,0,349
PG,07411,true,23,einzahlungen_investitionen,Einzahlungen aus Investitionstätigkeit,,true,2025,ansatz,0,349
PG,07411,true,23,einzahlungen_investitionen,Einzahlungen aus Investitionstätigkeit,,true,2026,ansatz,0,349
PG,07411,true,23,einzahlungen_investitionen,Einzahlungen aus Investitionstätigkeit,,true,2027,planung,0,349
PG,07411,true,23,einzahlungen_investitionen,Einzahlungen aus Investitionstätigkeit,,true,2028,planung,0,349
PG,07411,true,23,einzahlungen_investitionen,Einzahlungen aus Investitionstätigkeit,,true,2029,planung,0,349
PG,07411,true,30,auszahlungen_investitionen,Auszahlungen aus Investitionstätigkeit,,true,2024,ergebnis,0,349
PG,07411,true,30,auszahlungen_investitionen,Auszahlungen aus Investitionstätigkeit,,true,2025,ansatz,0,349
PG,07411,true,30,auszahlungen_investitionen,Auszahlungen aus Investitionstätigkeit,,true,2026,ansatz,0,349
PG,07411,true,30,auszahlungen_investitionen,Auszahlungen aus Investitionstätigkeit,,true,2027,planung,0,349
PG,07411,true,30,auszahlungen_investitionen,Auszahlungen aus Investitionstätigkeit,,true,2028,planung,0,349
PG,07411,true,30,auszahlungen_investitionen,Auszahlungen aus Investitionstätigkeit,,true,2029,planung,0,349
PG,07411,true,31,saldo_investitionen,Saldo aus Investitionstätigkeit,,true,2024,ergebnis,0,349
PG,07411,true,31,saldo_investitionen,Saldo aus Investitionstätigkeit,,true,2025,ansatz,0,349
PG,07411,true,31,saldo_investitionen,Saldo aus Investitionstätigkeit,,true,2026,ansatz,0,349
PG,07411,true,31,saldo_investitionen,Saldo aus Investitionstätigkeit,,true,2027,planung,0,349
PG,07411,true,31,saldo_investitionen,Saldo aus Investitionstätigkeit,,true,2028,planung,0,349
PG,07411,true,31,saldo_investitionen,Saldo aus Investitionstätigkeit,,true,2029,planung,0,349
PG,08421,true,17,saldo_laufende_verwaltung,Saldo aus lfd. Verw.-tätigkeit,,true,2024,ergebnis,-102629,357
PG,08421,true,17,saldo_laufende_verwaltung,Saldo aus lfd. Verw.-tätigkeit,,true,2025,ansatz,-104647,357
PG,08421,true,17,saldo_laufende_verwaltung,Saldo aus lfd. Verw.-tätigkeit,,true,2026,ansatz,-112617,357
PG,08421,true,17,saldo_laufende_verwaltung,Saldo aus lfd. Verw.-tätigkeit,,true,2027,planung,-112211,357
PG,08421,true,17,saldo_laufende_verwaltung,Saldo aus lfd. Verw.-tätigkeit,,true,2028,planung,-115586,357
PG,08421,true,17,saldo_laufende_verwaltung,Saldo aus lfd. Verw.-tätigkeit,,true,2029,planung,-119124,357
PG,08421,true,23,einzahlungen_investitionen,Einzahlungen aus Investitionstätigkeit,,true,2024,ergebnis,0,357
PG,08421,true,23,einzahlungen_investitionen,Einzahlungen aus Investitionstätigkeit,,true,2025,ansatz,0,357
PG,08421,true,23,einzahlungen_investitionen,Einzahlungen aus Investitionstätigkeit,,true,2026,ansatz,0,357
PG,08421,true,23,einzahlungen_investitionen,Einzahlungen aus Investitionstätigkeit,,true,2027,planung,0,357
PG,08421,true,23,einzahlungen_investitionen,Einzahlungen aus Investitionstätigkeit,,true,2028,planung,0,357
PG,08421,true,23,einzahlungen_investitionen,Einzahlungen aus Investitionstätigkeit,,true,2029,planung,0,357
PG,08421,true,30,auszahlungen_investitionen,Auszahlungen aus Investitionstätigkeit,,true,2024,ergebnis,0,357
PG,08421,true,30,auszahlungen_investitionen,Auszahlungen aus Investitionstätigkeit,,true,2025,ansatz,0,357
PG,08421,true,30,auszahlungen_investitionen,Auszahlungen aus Investitionstätigkeit,,true,2026,ansatz,0,357
PG,08421,true,30,auszahlungen_investitionen,Auszahlungen aus Investitionstätigkeit,,true,2027,planung,0,357
PG,08421,true,30,auszahlungen_investitionen,Auszahlungen aus Investitionstätigkeit,,true,2028,planung,0,357
PG,08421,true,30,auszahlungen_investitionen,Auszahlungen aus Investitionstätigkeit,,true,2029,planung,0,357
PG,08421,true,31,saldo_investitionen,Saldo aus Investitionstätigkeit,,true,2024,ergebnis,0,357
PG,08421,true,31,saldo_investitionen,Saldo aus Investitionstätigkeit,,true,2025,ansatz,0,357
PG,08421,true,31,saldo_investitionen,Saldo aus Investitionstätigkeit,,true,2026,ansatz,0,357
PG,08421,true,31,saldo_investitionen,Saldo aus Investitionstätigkeit,,true,2027,planung,0,357
PG,08421,true,31,saldo_investitionen,Saldo aus Investitionstätigkeit,,true,2028,planung,0,357
PG,08421,true,31,saldo_investitionen,Saldo aus Investitionstätigkeit,,true,2029,planung,0,357
PG,08424,true,17,saldo_laufende_verwaltung,Saldo aus lfd. Verw.-tätigkeit,,true,2024,ergebnis,-477168,362
PG,08424,true,17,saldo_laufende_verwaltung,Saldo aus lfd. Verw.-tätigkeit,,true,2025,ansatz,-346834,362
PG,08424,true,17,saldo_laufende_verwaltung,Saldo aus lfd. Verw.-tätigkeit,,true,2026,ansatz,-690238,362
PG,08424,true,17,saldo_laufende_verwaltung,Saldo aus lfd. Verw.-tätigkeit,,true,2027,planung,-2345781,362
PG,08424,true,17,saldo_laufende_verwaltung,Saldo aus lfd. Verw.-tätigkeit,,true,2028,planung,-962173,362
PG,08424,true,17,saldo_laufende_verwaltung,Saldo aus lfd. Verw.-tätigkeit,,true,2029,planung,-639571,362
PG,08424,true,18,investitionszuwendungen,Zuwendungen für Investitionsmaßnahmen,,false,2024,ergebnis,10464,362
PG,08424,true,18,investitionszuwendungen,Zuwendungen für Investitionsmaßnahmen,,false,2025,ansatz,47500,362
PG,08424,true,18,investitionszuwendungen,Zuwendungen für Investitionsmaßnahmen,,false,2026,ansatz,0,362
PG,08424,true,18,investitionszuwendungen,Zuwendungen für Investitionsmaßnahmen,,false,2027,planung,19000,362
PG,08424,true,18,investitionszuwendungen,Zuwendungen für Investitionsmaßnahmen,,false,2028,planung,5510000,362
PG,08424,true,18,investitionszuwendungen,Zuwendungen für Investitionsmaßnahmen,,false,2029,planung,1656750,362
PG,08424,true,19,veraeusserung_sachanlagen,Einz. aus Veräußerung v. Sachanlagen,,false,2024,ergebnis,0,362
PG,08424,true,19,veraeusserung_sachanlagen,Einz. aus Veräußerung v. Sachanlagen,,false,2025,ansatz,315,362
PG,08424,true,19,veraeusserung_sachanlagen,Einz. aus Veräußerung v. Sachanlagen,,false,2026,ansatz,0,362
PG,08424,true,19,veraeusserung_sachanlagen,Einz. aus Veräußerung v. Sachanlagen,,false,2027,planung,0,362
PG,08424,true,19,veraeusserung_sachanlagen,Einz. aus Veräußerung v. Sachanlagen,,false,2028,planung,0,362
PG,08424,true,19,veraeusserung_sachanlagen,Einz. aus Veräußerung v. Sachanlagen,,false,2029,planung,0,362
PG,08424,true,23,einzahlungen_investitionen,Einzahlungen aus Investitionstätigkeit,,true,2024,ergebnis,10464,362
PG,08424,true,23,einzahlungen_investitionen,Einzahlungen aus Investitionstätigkeit,,true,2025,ansatz,47815,362
PG,08424,true,23,einzahlungen_investitionen,Einzahlungen aus Investitionstätigkeit,,true,2026,ansatz,0,362
PG,08424,true,23,einzahlungen_investitionen,Einzahlungen aus Investitionstätigkeit,,true,2027,planung,19000,362
PG,08424,true,23,einzahlungen_investitionen,Einzahlungen aus Investitionstätigkeit,,true,2028,planung,5510000,362
PG,08424,true,23,einzahlungen_investitionen,Einzahlungen aus Investitionstätigkeit,,true,2029,planung,1656750,362
PG,08424,true,25,baumassnahmen,Ausz. f. Baumaßnahmen,,false,2024,ergebnis,237984,362
PG,08424,true,25,baumassnahmen,Ausz. f. Baumaßnahmen,,false,2025,ansatz,2155000,362
PG,08424,true,25,baumassnahmen,Ausz. f. Baumaßnahmen,,false,2026,ansatz,1442621,362
PG,08424,true,25,baumassnahmen,Ausz. f. Baumaßnahmen,,false,2027,planung,10124000,362
PG,08424,true,25,baumassnahmen,Ausz. f. Baumaßnahmen,,false,2028,planung,2780000,362
PG,08424,true,25,baumassnahmen,Ausz. f. Baumaßnahmen,,false,2029,planung,1020000,362
PG,08424,true,26,erwerb_bewegliches_anlagevermoegen,Ausz. f. Erwerb von bewegl. Anlagevermögen,,false,2024,ergebnis,19949,362
PG,08424,true,26,erwerb_bewegliches_anlagevermoegen,Ausz. f. Erwerb von bewegl. Anlagevermögen,,false,2025,ansatz,55000,362
PG,08424,true,26,erwerb_bewegliches_anlagevermoegen,Ausz. f. Erwerb von bewegl. Anlagevermögen,,false,2026,ansatz,31000,362
PG,08424,true,26,erwerb_bewegliches_anlagevermoegen,Ausz. f. Erwerb von bewegl. Anlagevermögen,,false,2027,planung,9000,362
PG,08424,true,26,erwerb_bewegliches_anlagevermoegen,Ausz. f. Erwerb von bewegl. Anlagevermögen,,false,2028,planung,9000,362
PG,08424,true,26,erwerb_bewegliches_anlagevermoegen,Ausz. f. Erwerb von bewegl. Anlagevermögen,,false,2029,planung,9000,362
PG,08424,true,30,auszahlungen_investitionen,Auszahlungen aus Investitionstätigkeit,,true,2024,ergebnis,257933,362
PG,08424,true,30,auszahlungen_investitionen,Auszahlungen aus Investitionstätigkeit,,true,2025,ansatz,2210000,362
PG,08424,true,30,auszahlungen_investitionen,Auszahlungen aus Investitionstätigkeit,,true,2026,ansatz,1473621,362
PG,08424,true,30,auszahlungen_investitionen,Auszahlungen aus Investitionstätigkeit,,true,2027,planung,10133000,362
PG,08424,true,30,auszahlungen_investitionen,Auszahlungen aus Investitionstätigkeit,,true,2028,planung,2789000,362
PG,08424,true,30,auszahlungen_investitionen,Auszahlungen aus Investitionstätigkeit,,true,2029,planung,1029000,362
PG,08424,true,31,saldo_investitionen,Saldo aus Investitionstätigkeit,,true,2024,ergebnis,-247470,362
PG,08424,true,31,saldo_investitionen,Saldo aus Investitionstätigkeit,,true,2025,ansatz,-2162185,362
PG,08424,true,31,saldo_investitionen,Saldo aus Investitionstätigkeit,,true,2026,ansatz,-1473621,362
PG,08424,true,31,saldo_investitionen,Saldo aus Investitionstätigkeit,,true,2027,planung,-10114000,362
PG,08424,true,31,saldo_investitionen,Saldo aus Investitionstätigkeit,,true,2028,planung,2721000,362
PG,08424,true,31,saldo_investitionen,Saldo aus Investitionstätigkeit,,true,2029,planung,627750,362
PG,09511,true,17,saldo_laufende_verwaltung,Saldo aus lfd. Verw.-tätigkeit,,true,2024,ergebnis,-438976,385
PG,09511,true,17,saldo_laufende_verwaltung,Saldo aus lfd. Verw.-tätigkeit,,true,2025,ansatz,-632010,385
PG,09511,true,17,saldo_laufende_verwaltung,Saldo aus lfd. Verw.-tätigkeit,,true,2026,ansatz,-326426,385
PG,09511,true,17,saldo_laufende_verwaltung,Saldo aus lfd. Verw.-tätigkeit,,true,2027,planung,-331589,385
PG,09511,true,17,saldo_laufende_verwaltung,Saldo aus lfd. Verw.-tätigkeit,,true,2028,planung,-337975,385
PG,09511,true,17,saldo_laufende_verwaltung,Saldo aus lfd. Verw.-tätigkeit,,true,2029,planung,-344553,385
PG,09511,true,23,einzahlungen_investitionen,Einzahlungen aus Investitionstätigkeit,,true,2024,ergebnis,0,385
PG,09511,true,23,einzahlungen_investitionen,Einzahlungen aus Investitionstätigkeit,,true,2025,ansatz,0,385
PG,09511,true,23,einzahlungen_investitionen,Einzahlungen aus Investitionstätigkeit,,true,2026,ansatz,0,385
PG,09511,true,23,einzahlungen_investitionen,Einzahlungen aus Investitionstätigkeit,,true,2027,planung,0,385
PG,09511,true,23,einzahlungen_investitionen,Einzahlungen aus Investitionstätigkeit,,true,2028,planung,0,385
PG,09511,true,23,einzahlungen_investitionen,Einzahlungen aus Investitionstätigkeit,,true,2029,planung,0,385
PG,09511,true,28,aktivierbare_zuwendungen,Ausz. f. aktivierbaren Zuwendungen,,false,2024,ergebnis,329000,385
PG,09511,true,28,aktivierbare_zuwendungen,Ausz. f. aktivierbaren Zuwendungen,,false,2025,ansatz,328000,385
PG,09511,true,28,aktivierbare_zuwendungen,Ausz. f. aktivierbaren Zuwendungen,,false,2026,ansatz,90000,385
PG,09511,true,28,aktivierbare_zuwendungen,Ausz. f. aktivierbaren Zuwendungen,,false,2027,planung,0,385
PG,09511,true,28,aktivierbare_zuwendungen,Ausz. f. aktivierbaren Zuwendungen,,false,2028,planung,0,385
PG,09511,true,28,aktivierbare_zuwendungen,Ausz. f. aktivierbaren Zuwendungen,,false,2029,planung,0,385
PG,09511,true,30,auszahlungen_investitionen,Auszahlungen aus Investitionstätigkeit,,true,2024,ergebnis,329000,385
PG,09511,true,30,auszahlungen_investitionen,Auszahlungen aus Investitionstätigkeit,,true,2025,ansatz,328000,385
PG,09511,true,30,auszahlungen_investitionen,Auszahlungen aus Investitionstätigkeit,,true,2026,ansatz,90000,385
PG,09511,true,30,auszahlungen_investitionen,Auszahlungen aus Investitionstätigkeit,,true,2027,planung,0,385
PG,09511,true,30,auszahlungen_investitionen,Auszahlungen aus Investitionstätigkeit,,true,2028,planung,0,385
PG,09511,true,30,auszahlungen_investitionen,Auszahlungen aus Investitionstätigkeit,,true,2029,planung,0,385
PG,09511,true,31,saldo_investitionen,Saldo aus Investitionstätigkeit,,true,2024,ergebnis,-329000,385
PG,09511,true,31,saldo_investitionen,Saldo aus Investitionstätigkeit,,true,2025,ansatz,-328000,385
PG,09511,true,31,saldo_investitionen,Saldo aus Investitionstätigkeit,,true,2026,ansatz,-90000,385
PG,09511,true,31,saldo_investitionen,Saldo aus Investitionstätigkeit,,true,2027,planung,0,385
PG,09511,true,31,saldo_investitionen,Saldo aus Investitionstätigkeit,,true,2028,planung,0,385
PG,09511,true,31,saldo_investitionen,Saldo aus Investitionstätigkeit,,true,2029,planung,0,385
PG,10521,true,17,saldo_laufende_verwaltung,Saldo aus lfd. Verw.-tätigkeit,,true,2024,ergebnis,-54427,393
PG,10521,true,17,saldo_laufende_verwaltung,Saldo aus lfd. Verw.-tätigkeit,,true,2025,ansatz,-49488,393
PG,10521,true,17,saldo_laufende_verwaltung,Saldo aus lfd. Verw.-tätigkeit,,true,2026,ansatz,-54050,393
PG,10521,true,17,saldo_laufende_verwaltung,Saldo aus lfd. Verw.-tätigkeit,,true,2027,planung,-55271,393
PG,10521,true,17,saldo_laufende_verwaltung,Saldo aus lfd. Verw.-tätigkeit,,true,2028,planung,-56791,393
PG,10521,true,17,saldo_laufende_verwaltung,Saldo aus lfd. Verw.-tätigkeit,,true,2029,planung,-58348,393
PG,10521,true,23,einzahlungen_investitionen,Einzahlungen aus Investitionstätigkeit,,true,2024,ergebnis,0,393
PG,10521,true,23,einzahlungen_investitionen,Einzahlungen aus Investitionstätigkeit,,true,2025,ansatz,0,393
PG,10521,true,23,einzahlungen_investitionen,Einzahlungen aus Investitionstätigkeit,,true,2026,ansatz,0,393
PG,10521,true,23,einzahlungen_investitionen,Einzahlungen aus Investitionstätigkeit,,true,2027,planung,0,393
PG,10521,true,23,einzahlungen_investitionen,Einzahlungen aus Investitionstätigkeit,,true,2028,planung,0,393
PG,10521,true,23,einzahlungen_investitionen,Einzahlungen aus Investitionstätigkeit,,true,2029,planung,0,393
PG,10521,true,30,auszahlungen_investitionen,Auszahlungen aus Investitionstätigkeit,,true,2024,ergebnis,0,393
PG,10521,true,30,auszahlungen_investitionen,Auszahlungen aus Investitionstätigkeit,,true,2025,ansatz,0,393
PG,10521,true,30,auszahlungen_investitionen,Auszahlungen aus Investitionstätigkeit,,true,2026,ansatz,0,393
PG,10521,true,30,auszahlungen_investitionen,Auszahlungen aus Investitionstätigkeit,,true,2027,planung,0,393
PG,10521,true,30,auszahlungen_investitionen,Auszahlungen aus Investitionstätigkeit,,true,2028,planung,0,393
PG,10521,true,30,auszahlungen_investitionen,Auszahlungen aus Investitionstätigkeit,,true,2029,planung,0,393
PG,10521,true,31,saldo_investitionen,Saldo aus Investitionstätigkeit,,true,2024,ergebnis,0,393
PG,10521,true,31,saldo_investitionen,Saldo aus Investitionstätigkeit,,true,2025,ansatz,0,393
PG,10521,true,31,saldo_investitionen,Saldo aus Investitionstätigkeit,,true,2026,ansatz,0,393
PG,10521,true,31,saldo_investitionen,Saldo aus Investitionstätigkeit,,true,2027,planung,0,393
PG,10521,true,31,saldo_investitionen,Saldo aus Investitionstätigkeit,,true,2028,planung,0,393
PG,10521,true,31,saldo_investitionen,Saldo aus Investitionstätigkeit,,true,2029,planung,0,393
PG,10522,true,17,saldo_laufende_verwaltung,Saldo aus lfd. Verw.-tätigkeit,,true,2024,ergebnis,-4185,397
PG,10522,true,17,saldo_laufende_verwaltung,Saldo aus lfd. Verw.-tätigkeit,,true,2025,ansatz,-3833,397
PG,10522,true,17,saldo_laufende_verwaltung,Saldo aus lfd. Verw.-tätigkeit,,true,2026,ansatz,0,397
PG,10522,true,17,saldo_laufende_verwaltung,Saldo aus lfd. Verw.-tätigkeit,,true,2027,planung,0,397
PG,10522,true,17,saldo_laufende_verwaltung,Saldo aus lfd. Verw.-tätigkeit,,true,2028,planung,0,397
PG,10522,true,17,saldo_laufende_verwaltung,Saldo aus lfd. Verw.-tätigkeit,,true,2029,planung,0,397
PG,10522,true,23,einzahlungen_investitionen,Einzahlungen aus Investitionstätigkeit,,true,2024,ergebnis,0,397
PG,10522,true,23,einzahlungen_investitionen,Einzahlungen aus Investitionstätigkeit,,true,2025,ansatz,0,397
PG,10522,true,23,einzahlungen_investitionen,Einzahlungen aus Investitionstätigkeit,,true,2026,ansatz,0,397
PG,10522,true,23,einzahlungen_investitionen,Einzahlungen aus Investitionstätigkeit,,true,2027,planung,0,397
PG,10522,true,23,einzahlungen_investitionen,Einzahlungen aus Investitionstätigkeit,,true,2028,planung,0,397
PG,10522,true,23,einzahlungen_investitionen,Einzahlungen aus Investitionstätigkeit,,true,2029,planung,0,397
PG,10522,true,30,auszahlungen_investitionen,Auszahlungen aus Investitionstätigkeit,,true,2024,ergebnis,0,397
PG,10522,true,30,auszahlungen_investitionen,Auszahlungen aus Investitionstätigkeit,,true,2025,ansatz,0,397
PG,10522,true,30,auszahlungen_investitionen,Auszahlungen aus Investitionstätigkeit,,true,2026,ansatz,0,397
PG,10522,true,30,auszahlungen_investitionen,Auszahlungen aus Investitionstätigkeit,,true,2027,planung,0,397
PG,10522,true,30,auszahlungen_investitionen,Auszahlungen aus Investitionstätigkeit,,true,2028,planung,0,397
PG,10522,true,30,auszahlungen_investitionen,Auszahlungen aus Investitionstätigkeit,,true,2029,planung,0,397
PG,10522,true,31,saldo_investitionen,Saldo aus Investitionstätigkeit,,true,2024,ergebnis,0,397
PG,10522,true,31,saldo_investitionen,Saldo aus Investitionstätigkeit,,true,2025,ansatz,0,397
PG,10522,true,31,saldo_investitionen,Saldo aus Investitionstätigkeit,,true,2026,ansatz,0,397
PG,10522,true,31,saldo_investitionen,Saldo aus Investitionstätigkeit,,true,2027,planung,0,397
PG,10522,true,31,saldo_investitionen,Saldo aus Investitionstätigkeit,,true,2028,planung,0,397
PG,10522,true,31,saldo_investitionen,Saldo aus Investitionstätigkeit,,true,2029,planung,0,397
PG,10523,true,17,saldo_laufende_verwaltung,Saldo aus lfd. Verw.-tätigkeit,,true,2024,ergebnis,-8990,401
PG,10523,true,17,saldo_laufende_verwaltung,Saldo aus lfd. Verw.-tätigkeit,,true,2025,ansatz,-13523,401
PG,10523,true,17,saldo_laufende_verwaltung,Saldo aus lfd. Verw.-tätigkeit,,true,2026,ansatz,-33067,401
PG,10523,true,17,saldo_laufende_verwaltung,Saldo aus lfd. Verw.-tätigkeit,,true,2027,planung,-33666,401
PG,10523,true,17,saldo_laufende_verwaltung,Saldo aus lfd. Verw.-tätigkeit,,true,2028,planung,-34411,401
PG,10523,true,17,saldo_laufende_verwaltung,Saldo aus lfd. Verw.-tätigkeit,,true,2029,planung,-35174,401
PG,10523,true,23,einzahlungen_investitionen,Einzahlungen aus Investitionstätigkeit,,true,2024,ergebnis,0,401
PG,10523,true,23,einzahlungen_investitionen,Einzahlungen aus Investitionstätigkeit,,true,2025,ansatz,0,401
PG,10523,true,23,einzahlungen_investitionen,Einzahlungen aus Investitionstätigkeit,,true,2026,ansatz,0,401
PG,10523,true,23,einzahlungen_investitionen,Einzahlungen aus Investitionstätigkeit,,true,2027,planung,0,401
PG,10523,true,23,einzahlungen_investitionen,Einzahlungen aus Investitionstätigkeit,,true,2028,planung,0,401
PG,10523,true,23,einzahlungen_investitionen,Einzahlungen aus Investitionstätigkeit,,true,2029,planung,0,401
PG,10523,true,30,auszahlungen_investitionen,Auszahlungen aus Investitionstätigkeit,,true,2024,ergebnis,0,401
PG,10523,true,30,auszahlungen_investitionen,Auszahlungen aus Investitionstätigkeit,,true,2025,ansatz,0,401
PG,10523,true,30,auszahlungen_investitionen,Auszahlungen aus Investitionstätigkeit,,true,2026,ansatz,0,401
PG,10523,true,30,auszahlungen_investitionen,Auszahlungen aus Investitionstätigkeit,,true,2027,planung,0,401
PG,10523,true,30,auszahlungen_investitionen,Auszahlungen aus Investitionstätigkeit,,true,2028,planung,0,401
PG,10523,true,30,auszahlungen_investitionen,Auszahlungen aus Investitionstätigkeit,,true,2029,planung,0,401
PG,10523,true,31,saldo_investitionen,Saldo aus Investitionstätigkeit,,true,2024,ergebnis,0,401
PG,10523,true,31,saldo_investitionen,Saldo aus Investitionstätigkeit,,true,2025,ansatz,0,401
PG,10523,true,31,saldo_investitionen,Saldo aus Investitionstätigkeit,,true,2026,ansatz,0,401
PG,10523,true,31,saldo_investitionen,Saldo aus Investitionstätigkeit,,true,2027,planung,0,401
PG,10523,true,31,saldo_investitionen,Saldo aus Investitionstätigkeit,,true,2028,planung,0,401
PG,10523,true,31,saldo_investitionen,Saldo aus Investitionstätigkeit,,true,2029,planung,0,401
PG,11531,true,17,saldo_laufende_verwaltung,Saldo aus lfd. Verw.-tätigkeit,,true,2024,ergebnis,820637,410
PG,11531,true,17,saldo_laufende_verwaltung,Saldo aus lfd. Verw.-tätigkeit,,true,2025,ansatz,798000,410
PG,11531,true,17,saldo_laufende_verwaltung,Saldo aus lfd. Verw.-tätigkeit,,true,2026,ansatz,621200,410
PG,11531,true,17,saldo_laufende_verwaltung,Saldo aus lfd. Verw.-tätigkeit,,true,2027,planung,621200,410
PG,11531,true,17,saldo_laufende_verwaltung,Saldo aus lfd. Verw.-tätigkeit,,true,2028,planung,621200,410
PG,11531,true,17,saldo_laufende_verwaltung,Saldo aus lfd. Verw.-tätigkeit,,true,2029,planung,621200,410
PG,11531,true,23,einzahlungen_investitionen,Einzahlungen aus Investitionstätigkeit,,true,2024,ergebnis,0,410
PG,11531,true,23,einzahlungen_investitionen,Einzahlungen aus Investitionstätigkeit,,true,2025,ansatz,0,410
PG,11531,true,23,einzahlungen_investitionen,Einzahlungen aus Investitionstätigkeit,,true,2026,ansatz,0,410
PG,11531,true,23,einzahlungen_investitionen,Einzahlungen aus Investitionstätigkeit,,true,2027,planung,0,410
PG,11531,true,23,einzahlungen_investitionen,Einzahlungen aus Investitionstätigkeit,,true,2028,planung,0,410
PG,11531,true,23,einzahlungen_investitionen,Einzahlungen aus Investitionstätigkeit,,true,2029,planung,0,410
PG,11531,true,30,auszahlungen_investitionen,Auszahlungen aus Investitionstätigkeit,,true,2024,ergebnis,0,410
PG,11531,true,30,auszahlungen_investitionen,Auszahlungen aus Investitionstätigkeit,,true,2025,ansatz,0,410
PG,11531,true,30,auszahlungen_investitionen,Auszahlungen aus Investitionstätigkeit,,true,2026,ansatz,0,410
PG,11531,true,30,auszahlungen_investitionen,Auszahlungen aus Investitionstätigkeit,,true,2027,planung,0,410
PG,11531,true,30,auszahlungen_investitionen,Auszahlungen aus Investitionstätigkeit,,true,2028,planung,0,410
PG,11531,true,30,auszahlungen_investitionen,Auszahlungen aus Investitionstätigkeit,,true,2029,planung,0,410
PG,11531,true,31,saldo_investitionen,Saldo aus Investitionstätigkeit,,true,2024,ergebnis,0,410
PG,11531,true,31,saldo_investitionen,Saldo aus Investitionstätigkeit,,true,2025,ansatz,0,410
PG,11531,true,31,saldo_investitionen,Saldo aus Investitionstätigkeit,,true,2026,ansatz,0,410
PG,11531,true,31,saldo_investitionen,Saldo aus Investitionstätigkeit,,true,2027,planung,0,410
PG,11531,true,31,saldo_investitionen,Saldo aus Investitionstätigkeit,,true,2028,planung,0,410
PG,11531,true,31,saldo_investitionen,Saldo aus Investitionstätigkeit,,true,2029,planung,0,410
PG,11532,true,17,saldo_laufende_verwaltung,Saldo aus lfd. Verw.-tätigkeit,,true,2024,ergebnis,43880,414
PG,11532,true,17,saldo_laufende_verwaltung,Saldo aus lfd. Verw.-tätigkeit,,true,2025,ansatz,42840,414
PG,11532,true,17,saldo_laufende_verwaltung,Saldo aus lfd. Verw.-tätigkeit,,true,2026,ansatz,36000,414
PG,11532,true,17,saldo_laufende_verwaltung,Saldo aus lfd. Verw.-tätigkeit,,true,2027,planung,36000,414
PG,11532,true,17,saldo_laufende_verwaltung,Saldo aus lfd. Verw.-tätigkeit,,true,2028,planung,36000,414
PG,11532,true,17,saldo_laufende_verwaltung,Saldo aus lfd. Verw.-tätigkeit,,true,2029,planung,36000,414
PG,11532,true,23,einzahlungen_investitionen,Einzahlungen aus Investitionstätigkeit,,true,2024,ergebnis,0,414
PG,11532,true,23,einzahlungen_investitionen,Einzahlungen aus Investitionstätigkeit,,true,2025,ansatz,0,414
PG,11532,true,23,einzahlungen_investitionen,Einzahlungen aus Investitionstätigkeit,,true,2026,ansatz,0,414
PG,11532,true,23,einzahlungen_investitionen,Einzahlungen aus Investitionstätigkeit,,true,2027,planung,0,414
PG,11532,true,23,einzahlungen_investitionen,Einzahlungen aus Investitionstätigkeit,,true,2028,planung,0,414
PG,11532,true,23,einzahlungen_investitionen,Einzahlungen aus Investitionstätigkeit,,true,2029,planung,0,414
PG,11532,true,30,auszahlungen_investitionen,Auszahlungen aus Investitionstätigkeit,,true,2024,ergebnis,0,414
PG,11532,true,30,auszahlungen_investitionen,Auszahlungen aus Investitionstätigkeit,,true,2025,ansatz,0,414
PG,11532,true,30,auszahlungen_investitionen,Auszahlungen aus Investitionstätigkeit,,true,2026,ansatz,0,414
PG,11532,true,30,auszahlungen_investitionen,Auszahlungen aus Investitionstätigkeit,,true,2027,planung,0,414
PG,11532,true,30,auszahlungen_investitionen,Auszahlungen aus Investitionstätigkeit,,true,2028,planung,0,414
PG,11532,true,30,auszahlungen_investitionen,Auszahlungen aus Investitionstätigkeit,,true,2029,planung,0,414
PG,11532,true,31,saldo_investitionen,Saldo aus Investitionstätigkeit,,true,2024,ergebnis,0,414
PG,11532,true,31,saldo_investitionen,Saldo aus Investitionstätigkeit,,true,2025,ansatz,0,414
PG,11532,true,31,saldo_investitionen,Saldo aus Investitionstätigkeit,,true,2026,ansatz,0,414
PG,11532,true,31,saldo_investitionen,Saldo aus Investitionstätigkeit,,true,2027,planung,0,414
PG,11532,true,31,saldo_investitionen,Saldo aus Investitionstätigkeit,,true,2028,planung,0,414
PG,11532,true,31,saldo_investitionen,Saldo aus Investitionstätigkeit,,true,2029,planung,0,414
PG,11537,true,17,saldo_laufende_verwaltung,Saldo aus lfd. Verw.-tätigkeit,,true,2024,ergebnis,335170,418
PG,11537,true,17,saldo_laufende_verwaltung,Saldo aus lfd. Verw.-tätigkeit,,true,2025,ansatz,185947,418
PG,11537,true,17,saldo_laufende_verwaltung,Saldo aus lfd. Verw.-tätigkeit,,true,2026,ansatz,97552,418
PG,11537,true,17,saldo_laufende_verwaltung,Saldo aus lfd. Verw.-tätigkeit,,true,2027,planung,161998,418
PG,11537,true,17,saldo_laufende_verwaltung,Saldo aus lfd. Verw.-tätigkeit,,true,2028,planung,230870,418
PG,11537,true,17,saldo_laufende_verwaltung,Saldo aus lfd. Verw.-tätigkeit,,true,2029,planung,238507,418
PG,11537,true,23,einzahlungen_investitionen,Einzahlungen aus Investitionstätigkeit,,true,2024,ergebnis,0,418
PG,11537,true,23,einzahlungen_investitionen,Einzahlungen aus Investitionstätigkeit,,true,2025,ansatz,0,418
PG,11537,true,23,einzahlungen_investitionen,Einzahlungen aus Investitionstätigkeit,,true,2026,ansatz,0,418
PG,11537,true,23,einzahlungen_investitionen,Einzahlungen aus Investitionstätigkeit,,true,2027,planung,0,418
PG,11537,true,23,einzahlungen_investitionen,Einzahlungen aus Investitionstätigkeit,,true,2028,planung,0,418
PG,11537,true,23,einzahlungen_investitionen,Einzahlungen aus Investitionstätigkeit,,true,2029,planung,0,418
PG,11537,true,26,erwerb_bewegliches_anlagevermoegen,Ausz. f. Erwerb von bewegl. Anlagevermögen,,false,2024,ergebnis,39211,418
PG,11537,true,26,erwerb_bewegliches_anlagevermoegen,Ausz. f. Erwerb von bewegl. Anlagevermögen,,false,2025,ansatz,95000,418
PG,11537,true,26,erwerb_bewegliches_anlagevermoegen,Ausz. f. Erwerb von bewegl. Anlagevermögen,,false,2026,ansatz,115000,418
PG,11537,true,26,erwerb_bewegliches_anlagevermoegen,Ausz. f. Erwerb von bewegl. Anlagevermögen,,false,2027,planung,75000,418
PG,11537,true,26,erwerb_bewegliches_anlagevermoegen,Ausz. f. Erwerb von bewegl. Anlagevermögen,,false,2028,planung,75000,418
PG,11537,true,26,erwerb_bewegliches_anlagevermoegen,Ausz. f. Erwerb von bewegl. Anlagevermögen,,false,2029,planung,75000,418
PG,11537,true,30,auszahlungen_investitionen,Auszahlungen aus Investitionstätigkeit,,true,2024,ergebnis,39211,418
PG,11537,true,30,auszahlungen_investitionen,Auszahlungen aus Investitionstätigkeit,,true,2025,ansatz,95000,418
PG,11537,true,30,auszahlungen_investitionen,Auszahlungen aus Investitionstätigkeit,,true,2026,ansatz,115000,418
PG,11537,true,30,auszahlungen_investitionen,Auszahlungen aus Investitionstätigkeit,,true,2027,planung,75000,418
PG,11537,true,30,auszahlungen_investitionen,Auszahlungen aus Investitionstätigkeit,,true,2028,planung,75000,418
PG,11537,true,30,auszahlungen_investitionen,Auszahlungen aus Investitionstätigkeit,,true,2029,planung,75000,418
PG,11537,true,31,saldo_investitionen,Saldo aus Investitionstätigkeit,,true,2024,ergebnis,-39211,418
PG,11537,true,31,saldo_investitionen,Saldo aus Investitionstätigkeit,,true,2025,ansatz,-95000,418
PG,11537,true,31,saldo_investitionen,Saldo aus Investitionstätigkeit,,true,2026,ansatz,-115000,418
PG,11537,true,31,saldo_investitionen,Saldo aus Investitionstätigkeit,,true,2027,planung,-75000,418
PG,11537,true,31,saldo_investitionen,Saldo aus Investitionstätigkeit,,true,2028,planung,-75000,418
PG,11537,true,31,saldo_investitionen,Saldo aus Investitionstätigkeit,,true,2029,planung,-75000,418
PG,11538,true,17,saldo_laufende_verwaltung,Saldo aus lfd. Verw.-tätigkeit,,true,2024,ergebnis,2384188,425
PG,11538,true,17,saldo_laufende_verwaltung,Saldo aus lfd. Verw.-tätigkeit,,true,2025,ansatz,3438985,425
PG,11538,true,17,saldo_laufende_verwaltung,Saldo aus lfd. Verw.-tätigkeit,,true,2026,ansatz,3321627,425
PG,11538,true,17,saldo_laufende_verwaltung,Saldo aus lfd. Verw.-tätigkeit,,true,2027,planung,3306213,425
PG,11538,true,17,saldo_laufende_verwaltung,Saldo aus lfd. Verw.-tätigkeit,,true,2028,planung,3343379,425
PG,11538,true,17,saldo_laufende_verwaltung,Saldo aus lfd. Verw.-tätigkeit,,true,2029,planung,3434743,425
PG,11538,true,18,investitionszuwendungen,Zuwendungen für Investitionsmaßnahmen,,false,2024,ergebnis,22087,425
PG,11538,true,18,investitionszuwendungen,Zuwendungen für Investitionsmaßnahmen,,false,2025,ansatz,0,425
PG,11538,true,18,investitionszuwendungen,Zuwendungen für Investitionsmaßnahmen,,false,2026,ansatz,0,425
PG,11538,true,18,investitionszuwendungen,Zuwendungen für Investitionsmaßnahmen,,false,2027,planung,0,425
PG,11538,true,18,investitionszuwendungen,Zuwendungen für Investitionsmaßnahmen,,false,2028,planung,0,425
PG,11538,true,18,investitionszuwendungen,Zuwendungen für Investitionsmaßnahmen,,false,2029,planung,0,425
PG,11538,true,21,beitraege,Einz. aus Beiträgen u. ä. Entgelten,,false,2024,ergebnis,376197,425
PG,11538,true,21,beitraege,Einz. aus Beiträgen u. ä. Entgelten,,false,2025,ansatz,440000,425
PG,11538,true,21,beitraege,Einz. aus Beiträgen u. ä. Entgelten,,false,2026,ansatz,1015000,425
PG,11538,true,21,beitraege,Einz. aus Beiträgen u. ä. Entgelten,,false,2027,planung,550000,425
PG,11538,true,21,beitraege,Einz. aus Beiträgen u. ä. Entgelten,,false,2028,planung,978000,425
PG,11538,true,21,beitraege,Einz. aus Beiträgen u. ä. Entgelten,,false,2029,planung,1081000,425
PG,11538,true,23,einzahlungen_investitionen,Einzahlungen aus Investitionstätigkeit,,true,2024,ergebnis,398284,425
PG,11538,true,23,einzahlungen_investitionen,Einzahlungen aus Investitionstätigkeit,,true,2025,ansatz,440000,425
PG,11538,true,23,einzahlungen_investitionen,Einzahlungen aus Investitionstätigkeit,,true,2026,ansatz,1015000,425
PG,11538,true,23,einzahlungen_investitionen,Einzahlungen aus Investitionstätigkeit,,true,2027,planung,550000,425
PG,11538,true,23,einzahlungen_investitionen,Einzahlungen aus Investitionstätigkeit,,true,2028,planung,978000,425
PG,11538,true,23,einzahlungen_investitionen,Einzahlungen aus Investitionstätigkeit,,true,2029,planung,1081000,425
PG,11538,true,25,baumassnahmen,Ausz. f. Baumaßnahmen,,false,2024,ergebnis,3034432,425
PG,11538,true,25,baumassnahmen,Ausz. f. Baumaßnahmen,,false,2025,ansatz,3068000,425
PG,11538,true,25,baumassnahmen,Ausz. f. Baumaßnahmen,,false,2026,ansatz,2053000,425
PG,11538,true,25,baumassnahmen,Ausz. f. Baumaßnahmen,,false,2027,planung,3578000,425
PG,11538,true,25,baumassnahmen,Ausz. f. Baumaßnahmen,,false,2028,planung,3048000,425
PG,11538,true,25,baumassnahmen,Ausz. f. Baumaßnahmen,,false,2029,planung,783000,425
PG,11538,true,26,erwerb_bewegliches_anlagevermoegen,Ausz. f. Erwerb von bewegl. Anlagevermögen,,false,2024,ergebnis,4222,425
PG,11538,true,26,erwerb_bewegliches_anlagevermoegen,Ausz. f. Erwerb von bewegl. Anlagevermögen,,false,2025,ansatz,13000,425
PG,11538,true,26,erwerb_bewegliches_anlagevermoegen,Ausz. f. Erwerb von bewegl. Anlagevermögen,,false,2026,ansatz,5000,425
PG,11538,true,26,erwerb_bewegliches_anlagevermoegen,Ausz. f. Erwerb von bewegl. Anlagevermögen,,false,2027,planung,5000,425
PG,11538,true,26,erwerb_bewegliches_anlagevermoegen,Ausz. f. Erwerb von bewegl. Anlagevermögen,,false,2028,planung,5000,425
PG,11538,true,26,erwerb_bewegliches_anlagevermoegen,Ausz. f. Erwerb von bewegl. Anlagevermögen,,false,2029,planung,5000,425
PG,11538,true,30,auszahlungen_investitionen,Auszahlungen aus Investitionstätigkeit,,true,2024,ergebnis,3038654,425
PG,11538,true,30,auszahlungen_investitionen,Auszahlungen aus Investitionstätigkeit,,true,2025,ansatz,3081000,425
PG,11538,true,30,auszahlungen_investitionen,Auszahlungen aus Investitionstätigkeit,,true,2026,ansatz,2058000,425
PG,11538,true,30,auszahlungen_investitionen,Auszahlungen aus Investitionstätigkeit,,true,2027,planung,3583000,425
PG,11538,true,30,auszahlungen_investitionen,Auszahlungen aus Investitionstätigkeit,,true,2028,planung,3053000,425
PG,11538,true,30,auszahlungen_investitionen,Auszahlungen aus Investitionstätigkeit,,true,2029,planung,788000,425
PG,11538,true,31,saldo_investitionen,Saldo aus Investitionstätigkeit,,true,2024,ergebnis,-2640370,425
PG,11538,true,31,saldo_investitionen,Saldo aus Investitionstätigkeit,,true,2025,ansatz,-2641000,425
PG,11538,true,31,saldo_investitionen,Saldo aus Investitionstätigkeit,,true,2026,ansatz,-1043000,425
PG,11538,true,31,saldo_investitionen,Saldo aus Investitionstätigkeit,,true,2027,planung,-3033000,425
PG,11538,true,31,saldo_investitionen,Saldo aus Investitionstätigkeit,,true,2028,planung,-2075000,425
PG,11538,true,31,saldo_investitionen,Saldo aus Investitionstätigkeit,,true,2029,planung,293000,425
PG,12541,true,17,saldo_laufende_verwaltung,Saldo aus lfd. Verw.-tätigkeit,,true,2024,ergebnis,-1482237,447
PG,12541,true,17,saldo_laufende_verwaltung,Saldo aus lfd. Verw.-tätigkeit,,true,2025,ansatz,-1608694,447
PG,12541,true,17,saldo_laufende_verwaltung,Saldo aus lfd. Verw.-tätigkeit,,true,2026,ansatz,-1624070,447
PG,12541,true,17,saldo_laufende_verwaltung,Saldo aus lfd. Verw.-tätigkeit,,true,2027,planung,-1646858,447
PG,12541,true,17,saldo_laufende_verwaltung,Saldo aus lfd. Verw.-tätigkeit,,true,2028,planung,-1685284,447
PG,12541,true,17,saldo_laufende_verwaltung,Saldo aus lfd. Verw.-tätigkeit,,true,2029,planung,-1578469,447
PG,12541,true,18,investitionszuwendungen,Zuwendungen für Investitionsmaßnahmen,,false,2024,ergebnis,0,447
PG,12541,true,18,investitionszuwendungen,Zuwendungen für Investitionsmaßnahmen,,false,2025,ansatz,485000,447
PG,12541,true,18,investitionszuwendungen,Zuwendungen für Investitionsmaßnahmen,,false,2026,ansatz,935000,447
PG,12541,true,18,investitionszuwendungen,Zuwendungen für Investitionsmaßnahmen,,false,2027,planung,3100000,447
PG,12541,true,18,investitionszuwendungen,Zuwendungen für Investitionsmaßnahmen,,false,2028,planung,800000,447
PG,12541,true,18,investitionszuwendungen,Zuwendungen für Investitionsmaßnahmen,,false,2029,planung,0,447
PG,12541,true,21,beitraege,Einz. aus Beiträgen u. ä. Entgelten,,false,2024,ergebnis,54724,447
PG,12541,true,21,beitraege,Einz. aus Beiträgen u. ä. Entgelten,,false,2025,ansatz,500000,447
PG,12541,true,21,beitraege,Einz. aus Beiträgen u. ä. Entgelten,,false,2026,ansatz,736000,447
PG,12541,true,21,beitraege,Einz. aus Beiträgen u. ä. Entgelten,,false,2027,planung,686000,447
PG,12541,true,21,beitraege,Einz. aus Beiträgen u. ä. Entgelten,,false,2028,planung,616000,447
PG,12541,true,21,beitraege,Einz. aus Beiträgen u. ä. Entgelten,,false,2029,planung,526000,447
PG,12541,true,23,einzahlungen_investitionen,Einzahlungen aus Investitionstätigkeit,,true,2024,ergebnis,54724,447
PG,12541,true,23,einzahlungen_investitionen,Einzahlungen aus Investitionstätigkeit,,true,2025,ansatz,985000,447
PG,12541,true,23,einzahlungen_investitionen,Einzahlungen aus Investitionstätigkeit,,true,2026,ansatz,1671000,447
PG,12541,true,23,einzahlungen_investitionen,Einzahlungen aus Investitionstätigkeit,,true,2027,planung,3786000,447
PG,12541,true,23,einzahlungen_investitionen,Einzahlungen aus Investitionstätigkeit,,true,2028,planung,1416000,447
PG,12541,true,23,einzahlungen_investitionen,Einzahlungen aus Investitionstätigkeit,,true,2029,planung,526000,447
PG,12541,true,25,baumassnahmen,Ausz. f. Baumaßnahmen,,false,2024,ergebnis,1153862,447
PG,12541,true,25,baumassnahmen,Ausz. f. Baumaßnahmen,,false,2025,ansatz,1680000,447
PG,12541,true,25,baumassnahmen,Ausz. f. Baumaßnahmen,,false,2026,ansatz,2408000,447
PG,12541,true,25,baumassnahmen,Ausz. f. Baumaßnahmen,,false,2027,planung,5290000,447
PG,12541,true,25,baumassnahmen,Ausz. f. Baumaßnahmen,,false,2028,planung,1950000,447
PG,12541,true,25,baumassnahmen,Ausz. f. Baumaßnahmen,,false,2029,planung,250000,447
PG,12541,true,30,auszahlungen_investitionen,Auszahlungen aus Investitionstätigkeit,,true,2024,ergebnis,1153862,447
PG,12541,true,30,auszahlungen_investitionen,Auszahlungen aus Investitionstätigkeit,,true,2025,ansatz,1680000,447
PG,12541,true,30,auszahlungen_investitionen,Auszahlungen aus Investitionstätigkeit,,true,2026,ansatz,2408000,447
PG,12541,true,30,auszahlungen_investitionen,Auszahlungen aus Investitionstätigkeit,,true,2027,planung,5290000,447
PG,12541,true,30,auszahlungen_investitionen,Auszahlungen aus Investitionstätigkeit,,true,2028,planung,1950000,447
PG,12541,true,30,auszahlungen_investitionen,Auszahlungen aus Investitionstätigkeit,,true,2029,planung,250000,447
PG,12541,true,31,saldo_investitionen,Saldo aus Investitionstätigkeit,,true,2024,ergebnis,-1099138,447
PG,12541,true,31,saldo_investitionen,Saldo aus Investitionstätigkeit,,true,2025,ansatz,-695000,447
PG,12541,true,31,saldo_investitionen,Saldo aus Investitionstätigkeit,,true,2026,ansatz,-737000,447
PG,12541,true,31,saldo_investitionen,Saldo aus Investitionstätigkeit,,true,2027,planung,-1504000,447
PG,12541,true,31,saldo_investitionen,Saldo aus Investitionstätigkeit,,true,2028,planung,-534000,447
PG,12541,true,31,saldo_investitionen,Saldo aus Investitionstätigkeit,,true,2029,planung,276000,447
PG,12542,true,17,saldo_laufende_verwaltung,Saldo aus lfd. Verw.-tätigkeit,,true,2024,ergebnis,-7331,463
PG,12542,true,17,saldo_laufende_verwaltung,Saldo aus lfd. Verw.-tätigkeit,,true,2025,ansatz,-7889,463
PG,12542,true,17,saldo_laufende_verwaltung,Saldo aus lfd. Verw.-tätigkeit,,true,2026,ansatz,-8364,463
PG,12542,true,17,saldo_laufende_verwaltung,Saldo aus lfd. Verw.-tätigkeit,,true,2027,planung,-8536,463
PG,12542,true,17,saldo_laufende_verwaltung,Saldo aus lfd. Verw.-tätigkeit,,true,2028,planung,-8749,463
PG,12542,true,17,saldo_laufende_verwaltung,Saldo aus lfd. Verw.-tätigkeit,,true,2029,planung,-8968,463
PG,12542,true,23,einzahlungen_investitionen,Einzahlungen aus Investitionstätigkeit,,true,2024,ergebnis,0,463
PG,12542,true,23,einzahlungen_investitionen,Einzahlungen aus Investitionstätigkeit,,true,2025,ansatz,0,463
PG,12542,true,23,einzahlungen_investitionen,Einzahlungen aus Investitionstätigkeit,,true,2026,ansatz,0,463
PG,12542,true,23,einzahlungen_investitionen,Einzahlungen aus Investitionstätigkeit,,true,2027,planung,0,463
PG,12542,true,23,einzahlungen_investitionen,Einzahlungen aus Investitionstätigkeit,,true,2028,planung,0,463
PG,12542,true,23,einzahlungen_investitionen,Einzahlungen aus Investitionstätigkeit,,true,2029,planung,0,463
PG,12542,true,28,aktivierbare_zuwendungen,Ausz. f. aktivierbaren Zuwendungen,,false,2024,ergebnis,0,463
PG,12542,true,28,aktivierbare_zuwendungen,Ausz. f. aktivierbaren Zuwendungen,,false,2025,ansatz,32000,463
PG,12542,true,28,aktivierbare_zuwendungen,Ausz. f. aktivierbaren Zuwendungen,,false,2026,ansatz,23000,463
PG,12542,true,28,aktivierbare_zuwendungen,Ausz. f. aktivierbaren Zuwendungen,,false,2027,planung,35000,463
PG,12542,true,28,aktivierbare_zuwendungen,Ausz. f. aktivierbaren Zuwendungen,,false,2028,planung,191000,463
PG,12542,true,28,aktivierbare_zuwendungen,Ausz. f. aktivierbaren Zuwendungen,,false,2029,planung,0,463
PG,12542,true,30,auszahlungen_investitionen,Auszahlungen aus Investitionstätigkeit,,true,2024,ergebnis,0,463
PG,12542,true,30,auszahlungen_investitionen,Auszahlungen aus Investitionstätigkeit,,true,2025,ansatz,32000,463
PG,12542,true,30,auszahlungen_investitionen,Auszahlungen aus Investitionstätigkeit,,true,2026,ansatz,23000,463
PG,12542,true,30,auszahlungen_investitionen,Auszahlungen aus Investitionstätigkeit,,true,2027,planung,35000,463
PG,12542,true,30,auszahlungen_investitionen,Auszahlungen aus Investitionstätigkeit,,true,2028,planung,191000,463
PG,12542,true,30,auszahlungen_investitionen,Auszahlungen aus Investitionstätigkeit,,true,2029,planung,0,463
PG,12542,true,31,saldo_investitionen,Saldo aus Investitionstätigkeit,,true,2024,ergebnis,0,463
PG,12542,true,31,saldo_investitionen,Saldo aus Investitionstätigkeit,,true,2025,ansatz,-32000,463
PG,12542,true,31,saldo_investitionen,Saldo aus Investitionstätigkeit,,true,2026,ansatz,-23000,463
PG,12542,true,31,saldo_investitionen,Saldo aus Investitionstätigkeit,,true,2027,planung,-35000,463
PG,12542,true,31,saldo_investitionen,Saldo aus Investitionstätigkeit,,true,2028,planung,-191000,463
PG,12542,true,31,saldo_investitionen,Saldo aus Investitionstätigkeit,,true,2029,planung,0,463
PG,12543,true,17,saldo_laufende_verwaltung,Saldo aus lfd. Verw.-tätigkeit,,true,2024,ergebnis,-5269,469
PG,12543,true,17,saldo_laufende_verwaltung,Saldo aus lfd. Verw.-tätigkeit,,true,2025,ansatz,-5729,469
PG,12543,true,17,saldo_laufende_verwaltung,Saldo aus lfd. Verw.-tätigkeit,,true,2026,ansatz,-6046,469
PG,12543,true,17,saldo_laufende_verwaltung,Saldo aus lfd. Verw.-tätigkeit,,true,2027,planung,-6170,469
PG,12543,true,17,saldo_laufende_verwaltung,Saldo aus lfd. Verw.-tätigkeit,,true,2028,planung,-6325,469
PG,12543,true,17,saldo_laufende_verwaltung,Saldo aus lfd. Verw.-tätigkeit,,true,2029,planung,-6483,469
PG,12543,true,23,einzahlungen_investitionen,Einzahlungen aus Investitionstätigkeit,,true,2024,ergebnis,0,469
PG,12543,true,23,einzahlungen_investitionen,Einzahlungen aus Investitionstätigkeit,,true,2025,ansatz,0,469
PG,12543,true,23,einzahlungen_investitionen,Einzahlungen aus Investitionstätigkeit,,true,2026,ansatz,0,469
PG,12543,true,23,einzahlungen_investitionen,Einzahlungen aus Investitionstätigkeit,,true,2027,planung,0,469
PG,12543,true,23,einzahlungen_investitionen,Einzahlungen aus Investitionstätigkeit,,true,2028,planung,0,469
PG,12543,true,23,einzahlungen_investitionen,Einzahlungen aus Investitionstätigkeit,,true,2029,planung,0,469
PG,12543,true,30,auszahlungen_investitionen,Auszahlungen aus Investitionstätigkeit,,true,2024,ergebnis,0,469
PG,12543,true,30,auszahlungen_investitionen,Auszahlungen aus Investitionstätigkeit,,true,2025,ansatz,0,469
PG,12543,true,30,auszahlungen_investitionen,Auszahlungen aus Investitionstätigkeit,,true,2026,ansatz,0,469
PG,12543,true,30,auszahlungen_investitionen,Auszahlungen aus Investitionstätigkeit,,true,2027,planung,0,469
PG,12543,true,30,auszahlungen_investitionen,Auszahlungen aus Investitionstätigkeit,,true,2028,planung,0,469
PG,12543,true,30,auszahlungen_investitionen,Auszahlungen aus Investitionstätigkeit,,true,2029,planung,0,469
PG,12543,true,31,saldo_investitionen,Saldo aus Investitionstätigkeit,,true,2024,ergebnis,0,469
PG,12543,true,31,saldo_investitionen,Saldo aus Investitionstätigkeit,,true,2025,ansatz,0,469
PG,12543,true,31,saldo_investitionen,Saldo aus Investitionstätigkeit,,true,2026,ansatz,0,469
PG,12543,true,31,saldo_investitionen,Saldo aus Investitionstätigkeit,,true,2027,planung,0,469
PG,12543,true,31,saldo_investitionen,Saldo aus Investitionstätigkeit,,true,2028,planung,0,469
PG,12543,true,31,saldo_investitionen,Saldo aus Investitionstätigkeit,,true,2029,planung,0,469
PG,12545,true,17,saldo_laufende_verwaltung,Saldo aus lfd. Verw.-tätigkeit,,true,2024,ergebnis,14626,473
PG,12545,true,17,saldo_laufende_verwaltung,Saldo aus lfd. Verw.-tätigkeit,,true,2025,ansatz,12548,473
PG,12545,true,17,saldo_laufende_verwaltung,Saldo aus lfd. Verw.-tätigkeit,,true,2026,ansatz,14352,473
PG,12545,true,17,saldo_laufende_verwaltung,Saldo aus lfd. Verw.-tätigkeit,,true,2027,planung,14120,473
PG,12545,true,17,saldo_laufende_verwaltung,Saldo aus lfd. Verw.-tätigkeit,,true,2028,planung,15520,473
PG,12545,true,17,saldo_laufende_verwaltung,Saldo aus lfd. Verw.-tätigkeit,,true,2029,planung,15849,473
PG,12545,true,23,einzahlungen_investitionen,Einzahlungen aus Investitionstätigkeit,,true,2024,ergebnis,0,473
PG,12545,true,23,einzahlungen_investitionen,Einzahlungen aus Investitionstätigkeit,,true,2025,ansatz,0,473
PG,12545,true,23,einzahlungen_investitionen,Einzahlungen aus Investitionstätigkeit,,true,2026,ansatz,0,473
PG,12545,true,23,einzahlungen_investitionen,Einzahlungen aus Investitionstätigkeit,,true,2027,planung,0,473
PG,12545,true,23,einzahlungen_investitionen,Einzahlungen aus Investitionstätigkeit,,true,2028,planung,0,473
PG,12545,true,23,einzahlungen_investitionen,Einzahlungen aus Investitionstätigkeit,,true,2029,planung,0,473
PG,12545,true,30,auszahlungen_investitionen,Auszahlungen aus Investitionstätigkeit,,true,2024,ergebnis,0,473
PG,12545,true,30,auszahlungen_investitionen,Auszahlungen aus Investitionstätigkeit,,true,2025,ansatz,0,473
PG,12545,true,30,auszahlungen_investitionen,Auszahlungen aus Investitionstätigkeit,,true,2026,ansatz,0,473
PG,12545,true,30,auszahlungen_investitionen,Auszahlungen aus Investitionstätigkeit,,true,2027,planung,0,473
PG,12545,true,30,auszahlungen_investitionen,Auszahlungen aus Investitionstätigkeit,,true,2028,planung,0,473
PG,12545,true,30,auszahlungen_investitionen,Auszahlungen aus Investitionstätigkeit,,true,2029,planung,0,473
PG,12545,true,31,saldo_investitionen,Saldo aus Investitionstätigkeit,,true,2024,ergebnis,0,473
PG,12545,true,31,saldo_investitionen,Saldo aus Investitionstätigkeit,,true,2025,ansatz,0,473
PG,12545,true,31,saldo_investitionen,Saldo aus Investitionstätigkeit,,true,2026,ansatz,0,473
PG,12545,true,31,saldo_investitionen,Saldo aus Investitionstätigkeit,,true,2027,planung,0,473
PG,12545,true,31,saldo_investitionen,Saldo aus Investitionstätigkeit,,true,2028,planung,0,473
PG,12545,true,31,saldo_investitionen,Saldo aus Investitionstätigkeit,,true,2029,planung,0,473
PG,12546,true,17,saldo_laufende_verwaltung,Saldo aus lfd. Verw.-tätigkeit,,true,2024,ergebnis,-3225,478
PG,12546,true,17,saldo_laufende_verwaltung,Saldo aus lfd. Verw.-tätigkeit,,true,2025,ansatz,-5534,478
PG,12546,true,17,saldo_laufende_verwaltung,Saldo aus lfd. Verw.-tätigkeit,,true,2026,ansatz,-5651,478
PG,12546,true,17,saldo_laufende_verwaltung,Saldo aus lfd. Verw.-tätigkeit,,true,2027,planung,-5726,478
PG,12546,true,17,saldo_laufende_verwaltung,Saldo aus lfd. Verw.-tätigkeit,,true,2028,planung,-5819,478
PG,12546,true,17,saldo_laufende_verwaltung,Saldo aus lfd. Verw.-tätigkeit,,true,2029,planung,-5914,478
PG,12546,true,23,einzahlungen_investitionen,Einzahlungen aus Investitionstätigkeit,,true,2024,ergebnis,0,478
PG,12546,true,23,einzahlungen_investitionen,Einzahlungen aus Investitionstätigkeit,,true,2025,ansatz,0,478
PG,12546,true,23,einzahlungen_investitionen,Einzahlungen aus Investitionstätigkeit,,true,2026,ansatz,0,478
PG,12546,true,23,einzahlungen_investitionen,Einzahlungen aus Investitionstätigkeit,,true,2027,planung,0,478
PG,12546,true,23,einzahlungen_investitionen,Einzahlungen aus Investitionstätigkeit,,true,2028,planung,0,478
PG,12546,true,23,einzahlungen_investitionen,Einzahlungen aus Investitionstätigkeit,,true,2029,planung,0,478
PG,12546,true,30,auszahlungen_investitionen,Auszahlungen aus Investitionstätigkeit,,true,2024,ergebnis,0,478
PG,12546,true,30,auszahlungen_investitionen,Auszahlungen aus Investitionstätigkeit,,true,2025,ansatz,0,478
PG,12546,true,30,auszahlungen_investitionen,Auszahlungen aus Investitionstätigkeit,,true,2026,ansatz,0,478
PG,12546,true,30,auszahlungen_investitionen,Auszahlungen aus Investitionstätigkeit,,true,2027,planung,0,478
PG,12546,true,30,auszahlungen_investitionen,Auszahlungen aus Investitionstätigkeit,,true,2028,planung,0,478
PG,12546,true,30,auszahlungen_investitionen,Auszahlungen aus Investitionstätigkeit,,true,2029,planung,0,478
PG,12546,true,31,saldo_investitionen,Saldo aus Investitionstätigkeit,,true,2024,ergebnis,0,478
PG,12546,true,31,saldo_investitionen,Saldo aus Investitionstätigkeit,,true,2025,ansatz,0,478
PG,12546,true,31,saldo_investitionen,Saldo aus Investitionstätigkeit,,true,2026,ansatz,0,478
PG,12546,true,31,saldo_investitionen,Saldo aus Investitionstätigkeit,,true,2027,planung,0,478
PG,12546,true,31,saldo_investitionen,Saldo aus Investitionstätigkeit,,true,2028,planung,0,478
PG,12546,true,31,saldo_investitionen,Saldo aus Investitionstätigkeit,,true,2029,planung,0,478
PG,12547,true,17,saldo_laufende_verwaltung,Saldo aus lfd. Verw.-tätigkeit,,true,2024,ergebnis,-18972,483
PG,12547,true,17,saldo_laufende_verwaltung,Saldo aus lfd. Verw.-tätigkeit,,true,2025,ansatz,-19686,483
PG,12547,true,17,saldo_laufende_verwaltung,Saldo aus lfd. Verw.-tätigkeit,,true,2026,ansatz,-20357,483
PG,12547,true,17,saldo_laufende_verwaltung,Saldo aus lfd. Verw.-tätigkeit,,true,2027,planung,-20491,483
PG,12547,true,17,saldo_laufende_verwaltung,Saldo aus lfd. Verw.-tätigkeit,,true,2028,planung,-20646,483
PG,12547,true,17,saldo_laufende_verwaltung,Saldo aus lfd. Verw.-tätigkeit,,true,2029,planung,-20816,483
PG,12547,true,18,investitionszuwendungen,Zuwendungen für Investitionsmaßnahmen,,false,2024,ergebnis,0,483
PG,12547,true,18,investitionszuwendungen,Zuwendungen für Investitionsmaßnahmen,,false,2025,ansatz,45000,483
PG,12547,true,18,investitionszuwendungen,Zuwendungen für Investitionsmaßnahmen,,false,2026,ansatz,45000,483
PG,12547,true,18,investitionszuwendungen,Zuwendungen für Investitionsmaßnahmen,,false,2027,planung,0,483
PG,12547,true,18,investitionszuwendungen,Zuwendungen für Investitionsmaßnahmen,,false,2028,planung,0,483
PG,12547,true,18,investitionszuwendungen,Zuwendungen für Investitionsmaßnahmen,,false,2029,planung,0,483
PG,12547,true,23,einzahlungen_investitionen,Einzahlungen aus Investitionstätigkeit,,true,2024,ergebnis,0,483
PG,12547,true,23,einzahlungen_investitionen,Einzahlungen aus Investitionstätigkeit,,true,2025,ansatz,45000,483
PG,12547,true,23,einzahlungen_investitionen,Einzahlungen aus Investitionstätigkeit,,true,2026,ansatz,45000,483
PG,12547,true,23,einzahlungen_investitionen,Einzahlungen aus Investitionstätigkeit,,true,2027,planung,0,483
PG,12547,true,23,einzahlungen_investitionen,Einzahlungen aus Investitionstätigkeit,,true,2028,planung,0,483
PG,12547,true,23,einzahlungen_investitionen,Einzahlungen aus Investitionstätigkeit,,true,2029,planung,0,483
PG,12547,true,25,baumassnahmen,Ausz. f. Baumaßnahmen,,false,2024,ergebnis,8551,483
PG,12547,true,25,baumassnahmen,Ausz. f. Baumaßnahmen,,false,2025,ansatz,60000,483
PG,12547,true,25,baumassnahmen,Ausz. f. Baumaßnahmen,,false,2026,ansatz,65000,483
PG,12547,true,25,baumassnahmen,Ausz. f. Baumaßnahmen,,false,2027,planung,5000,483
PG,12547,true,25,baumassnahmen,Ausz. f. Baumaßnahmen,,false,2028,planung,5000,483
PG,12547,true,25,baumassnahmen,Ausz. f. Baumaßnahmen,,false,2029,planung,5000,483
PG,12547,true,30,auszahlungen_investitionen,Auszahlungen aus Investitionstätigkeit,,true,2024,ergebnis,8551,483
PG,12547,true,30,auszahlungen_investitionen,Auszahlungen aus Investitionstätigkeit,,true,2025,ansatz,60000,483
PG,12547,true,30,auszahlungen_investitionen,Auszahlungen aus Investitionstätigkeit,,true,2026,ansatz,65000,483
PG,12547,true,30,auszahlungen_investitionen,Auszahlungen aus Investitionstätigkeit,,true,2027,planung,5000,483
PG,12547,true,30,auszahlungen_investitionen,Auszahlungen aus Investitionstätigkeit,,true,2028,planung,5000,483
PG,12547,true,30,auszahlungen_investitionen,Auszahlungen aus Investitionstätigkeit,,true,2029,planung,5000,483
PG,12547,true,31,saldo_investitionen,Saldo aus Investitionstätigkeit,,true,2024,ergebnis,-8551,483
PG,12547,true,31,saldo_investitionen,Saldo aus Investitionstätigkeit,,true,2025,ansatz,-15000,483
PG,12547,true,31,saldo_investitionen,Saldo aus Investitionstätigkeit,,true,2026,ansatz,-20000,483
PG,12547,true,31,saldo_investitionen,Saldo aus Investitionstätigkeit,,true,2027,planung,-5000,483
PG,12547,true,31,saldo_investitionen,Saldo aus Investitionstätigkeit,,true,2028,planung,-5000,483
PG,12547,true,31,saldo_investitionen,Saldo aus Investitionstätigkeit,,true,2029,planung,-5000,483
PG,13551,true,17,saldo_laufende_verwaltung,Saldo aus lfd. Verw.-tätigkeit,,true,2024,ergebnis,-93825,492
PG,13551,true,17,saldo_laufende_verwaltung,Saldo aus lfd. Verw.-tätigkeit,,true,2025,ansatz,-93790,492
PG,13551,true,17,saldo_laufende_verwaltung,Saldo aus lfd. Verw.-tätigkeit,,true,2026,ansatz,-101033,492
PG,13551,true,17,saldo_laufende_verwaltung,Saldo aus lfd. Verw.-tätigkeit,,true,2027,planung,-103635,492
PG,13551,true,17,saldo_laufende_verwaltung,Saldo aus lfd. Verw.-tätigkeit,,true,2028,planung,-108101,492
PG,13551,true,17,saldo_laufende_verwaltung,Saldo aus lfd. Verw.-tätigkeit,,true,2029,planung,-112652,492
PG,13551,true,18,investitionszuwendungen,Zuwendungen für Investitionsmaßnahmen,,false,2024,ergebnis,0,492
PG,13551,true,18,investitionszuwendungen,Zuwendungen für Investitionsmaßnahmen,,false,2025,ansatz,0,492
PG,13551,true,18,investitionszuwendungen,Zuwendungen für Investitionsmaßnahmen,,false,2026,ansatz,3383,492
PG,13551,true,18,investitionszuwendungen,Zuwendungen für Investitionsmaßnahmen,,false,2027,planung,0,492
PG,13551,true,18,investitionszuwendungen,Zuwendungen für Investitionsmaßnahmen,,false,2028,planung,0,492
PG,13551,true,18,investitionszuwendungen,Zuwendungen für Investitionsmaßnahmen,,false,2029,planung,0,492
PG,13551,true,23,einzahlungen_investitionen,Einzahlungen aus Investitionstätigkeit,,true,2024,ergebnis,0,492
PG,13551,true,23,einzahlungen_investitionen,Einzahlungen aus Investitionstätigkeit,,true,2025,ansatz,0,492
PG,13551,true,23,einzahlungen_investitionen,Einzahlungen aus Investitionstätigkeit,,true,2026,ansatz,3383,492
PG,13551,true,23,einzahlungen_investitionen,Einzahlungen aus Investitionstätigkeit,,true,2027,planung,0,492
PG,13551,true,23,einzahlungen_investitionen,Einzahlungen aus Investitionstätigkeit,,true,2028,planung,0,492
PG,13551,true,23,einzahlungen_investitionen,Einzahlungen aus Investitionstätigkeit,,true,2029,planung,0,492
PG,13551,true,25,baumassnahmen,Ausz. f. Baumaßnahmen,,false,2024,ergebnis,23548,492
PG,13551,true,25,baumassnahmen,Ausz. f. Baumaßnahmen,,false,2025,ansatz,0,492
PG,13551,true,25,baumassnahmen,Ausz. f. Baumaßnahmen,,false,2026,ansatz,0,492
PG,13551,true,25,baumassnahmen,Ausz. f. Baumaßnahmen,,false,2027,planung,0,492
PG,13551,true,25,baumassnahmen,Ausz. f. Baumaßnahmen,,false,2028,planung,0,492
PG,13551,true,25,baumassnahmen,Ausz. f. Baumaßnahmen,,false,2029,planung,0,492
PG,13551,true,26,erwerb_bewegliches_anlagevermoegen,Ausz. f. Erwerb von bewegl. Anlagevermögen,,false,2024,ergebnis,0,492
PG,13551,true,26,erwerb_bewegliches_anlagevermoegen,Ausz. f. Erwerb von bewegl. Anlagevermögen,,false,2025,ansatz,0,492
PG,13551,true,26,erwerb_bewegliches_anlagevermoegen,Ausz. f. Erwerb von bewegl. Anlagevermögen,,false,2026,ansatz,6700,492
PG,13551,true,26,erwerb_bewegliches_anlagevermoegen,Ausz. f. Erwerb von bewegl. Anlagevermögen,,false,2027,planung,0,492
PG,13551,true,26,erwerb_bewegliches_anlagevermoegen,Ausz. f. Erwerb von bewegl. Anlagevermögen,,false,2028,planung,0,492
PG,13551,true,26,erwerb_bewegliches_anlagevermoegen,Ausz. f. Erwerb von bewegl. Anlagevermögen,,false,2029,planung,0,492
PG,13551,true,30,auszahlungen_investitionen,Auszahlungen aus Investitionstätigkeit,,true,2024,ergebnis,23548,492
PG,13551,true,30,auszahlungen_investitionen,Auszahlungen aus Investitionstätigkeit,,true,2025,ansatz,0,492
PG,13551,true,30,auszahlungen_investitionen,Auszahlungen aus Investitionstätigkeit,,true,2026,ansatz,6700,492
PG,13551,true,30,auszahlungen_investitionen,Auszahlungen aus Investitionstätigkeit,,true,2027,planung,0,492
PG,13551,true,30,auszahlungen_investitionen,Auszahlungen aus Investitionstätigkeit,,true,2028,planung,0,492
PG,13551,true,30,auszahlungen_investitionen,Auszahlungen aus Investitionstätigkeit,,true,2029,planung,0,492
PG,13551,true,31,saldo_investitionen,Saldo aus Investitionstätigkeit,,true,2024,ergebnis,-23548,492
PG,13551,true,31,saldo_investitionen,Saldo aus Investitionstätigkeit,,true,2025,ansatz,0,492
PG,13551,true,31,saldo_investitionen,Saldo aus Investitionstätigkeit,,true,2026,ansatz,-3317,492
PG,13551,true,31,saldo_investitionen,Saldo aus Investitionstätigkeit,,true,2027,planung,0,492
PG,13551,true,31,saldo_investitionen,Saldo aus Investitionstätigkeit,,true,2028,planung,0,492
PG,13551,true,31,saldo_investitionen,Saldo aus Investitionstätigkeit,,true,2029,planung,0,492
PG,13552,true,17,saldo_laufende_verwaltung,Saldo aus lfd. Verw.-tätigkeit,,true,2024,ergebnis,-1538,503
PG,13552,true,17,saldo_laufende_verwaltung,Saldo aus lfd. Verw.-tätigkeit,,true,2025,ansatz,1273,503
PG,13552,true,17,saldo_laufende_verwaltung,Saldo aus lfd. Verw.-tätigkeit,,true,2026,ansatz,15813,503
PG,13552,true,17,saldo_laufende_verwaltung,Saldo aus lfd. Verw.-tätigkeit,,true,2027,planung,17009,503
PG,13552,true,17,saldo_laufende_verwaltung,Saldo aus lfd. Verw.-tätigkeit,,true,2028,planung,17398,503
PG,13552,true,17,saldo_laufende_verwaltung,Saldo aus lfd. Verw.-tätigkeit,,true,2029,planung,17615,503
PG,13552,true,23,einzahlungen_investitionen,Einzahlungen aus Investitionstätigkeit,,true,2024,ergebnis,0,503
PG,13552,true,23,einzahlungen_investitionen,Einzahlungen aus Investitionstätigkeit,,true,2025,ansatz,0,503
PG,13552,true,23,einzahlungen_investitionen,Einzahlungen aus Investitionstätigkeit,,true,2026,ansatz,0,503
PG,13552,true,23,einzahlungen_investitionen,Einzahlungen aus Investitionstätigkeit,,true,2027,planung,0,503
PG,13552,true,23,einzahlungen_investitionen,Einzahlungen aus Investitionstätigkeit,,true,2028,planung,0,503
PG,13552,true,23,einzahlungen_investitionen,Einzahlungen aus Investitionstätigkeit,,true,2029,planung,0,503
PG,13552,true,30,auszahlungen_investitionen,Auszahlungen aus Investitionstätigkeit,,true,2024,ergebnis,0,503
PG,13552,true,30,auszahlungen_investitionen,Auszahlungen aus Investitionstätigkeit,,true,2025,ansatz,0,503
PG,13552,true,30,auszahlungen_investitionen,Auszahlungen aus Investitionstätigkeit,,true,2026,ansatz,0,503
PG,13552,true,30,auszahlungen_investitionen,Auszahlungen aus Investitionstätigkeit,,true,2027,planung,0,503
PG,13552,true,30,auszahlungen_investitionen,Auszahlungen aus Investitionstätigkeit,,true,2028,planung,0,503
PG,13552,true,30,auszahlungen_investitionen,Auszahlungen aus Investitionstätigkeit,,true,2029,planung,0,503
PG,13552,true,31,saldo_investitionen,Saldo aus Investitionstätigkeit,,true,2024,ergebnis,0,503
PG,13552,true,31,saldo_investitionen,Saldo aus Investitionstätigkeit,,true,2025,ansatz,0,503
PG,13552,true,31,saldo_investitionen,Saldo aus Investitionstätigkeit,,true,2026,ansatz,0,503
PG,13552,true,31,saldo_investitionen,Saldo aus Investitionstätigkeit,,true,2027,planung,0,503
PG,13552,true,31,saldo_investitionen,Saldo aus Investitionstätigkeit,,true,2028,planung,0,503
PG,13552,true,31,saldo_investitionen,Saldo aus Investitionstätigkeit,,true,2029,planung,0,503
PG,13553,true,17,saldo_laufende_verwaltung,Saldo aus lfd. Verw.-tätigkeit,,true,2024,ergebnis,-6198,509
PG,13553,true,17,saldo_laufende_verwaltung,Saldo aus lfd. Verw.-tätigkeit,,true,2025,ansatz,-7530,509
PG,13553,true,17,saldo_laufende_verwaltung,Saldo aus lfd. Verw.-tätigkeit,,true,2026,ansatz,-7638,509
PG,13553,true,17,saldo_laufende_verwaltung,Saldo aus lfd. Verw.-tätigkeit,,true,2027,planung,-7745,509
PG,13553,true,17,saldo_laufende_verwaltung,Saldo aus lfd. Verw.-tätigkeit,,true,2028,planung,-7845,509
PG,13553,true,17,saldo_laufende_verwaltung,Saldo aus lfd. Verw.-tätigkeit,,true,2029,planung,-7978,509
PG,13553,true,23,einzahlungen_investitionen,Einzahlungen aus Investitionstätigkeit,,true,2024,ergebnis,0,509
PG,13553,true,23,einzahlungen_investitionen,Einzahlungen aus Investitionstätigkeit,,true,2025,ansatz,0,509
PG,13553,true,23,einzahlungen_investitionen,Einzahlungen aus Investitionstätigkeit,,true,2026,ansatz,0,509
PG,13553,true,23,einzahlungen_investitionen,Einzahlungen aus Investitionstätigkeit,,true,2027,planung,0,509
PG,13553,true,23,einzahlungen_investitionen,Einzahlungen aus Investitionstätigkeit,,true,2028,planung,0,509
PG,13553,true,23,einzahlungen_investitionen,Einzahlungen aus Investitionstätigkeit,,true,2029,planung,0,509
PG,13553,true,30,auszahlungen_investitionen,Auszahlungen aus Investitionstätigkeit,,true,2024,ergebnis,0,509
PG,13553,true,30,auszahlungen_investitionen,Auszahlungen aus Investitionstätigkeit,,true,2025,ansatz,0,509
PG,13553,true,30,auszahlungen_investitionen,Auszahlungen aus Investitionstätigkeit,,true,2026,ansatz,0,509
PG,13553,true,30,auszahlungen_investitionen,Auszahlungen aus Investitionstätigkeit,,true,2027,planung,0,509
PG,13553,true,30,auszahlungen_investitionen,Auszahlungen aus Investitionstätigkeit,,true,2028,planung,0,509
PG,13553,true,30,auszahlungen_investitionen,Auszahlungen aus Investitionstätigkeit,,true,2029,planung,0,509
PG,13553,true,31,saldo_investitionen,Saldo aus Investitionstätigkeit,,true,2024,ergebnis,0,509
PG,13553,true,31,saldo_investitionen,Saldo aus Investitionstätigkeit,,true,2025,ansatz,0,509
PG,13553,true,31,saldo_investitionen,Saldo aus Investitionstätigkeit,,true,2026,ansatz,0,509
PG,13553,true,31,saldo_investitionen,Saldo aus Investitionstätigkeit,,true,2027,planung,0,509
PG,13553,true,31,saldo_investitionen,Saldo aus Investitionstätigkeit,,true,2028,planung,0,509
PG,13553,true,31,saldo_investitionen,Saldo aus Investitionstätigkeit,,true,2029,planung,0,509
PG,14561,true,17,saldo_laufende_verwaltung,Saldo aus lfd. Verw.-tätigkeit,,true,2024,ergebnis,-69890,517
PG,14561,true,17,saldo_laufende_verwaltung,Saldo aus lfd. Verw.-tätigkeit,,true,2025,ansatz,-167418,517
PG,14561,true,17,saldo_laufende_verwaltung,Saldo aus lfd. Verw.-tätigkeit,,true,2026,ansatz,-156958,517
PG,14561,true,17,saldo_laufende_verwaltung,Saldo aus lfd. Verw.-tätigkeit,,true,2027,planung,-158938,517
PG,14561,true,17,saldo_laufende_verwaltung,Saldo aus lfd. Verw.-tätigkeit,,true,2028,planung,-161331,517
PG,14561,true,17,saldo_laufende_verwaltung,Saldo aus lfd. Verw.-tätigkeit,,true,2029,planung,-212246,517
PG,14561,true,18,investitionszuwendungen,Zuwendungen für Investitionsmaßnahmen,,false,2024,ergebnis,-386,517
PG,14561,true,18,investitionszuwendungen,Zuwendungen für Investitionsmaßnahmen,,false,2025,ansatz,233500,517
PG,14561,true,18,investitionszuwendungen,Zuwendungen für Investitionsmaßnahmen,,false,2026,ansatz,360000,517
PG,14561,true,18,investitionszuwendungen,Zuwendungen für Investitionsmaßnahmen,,false,2027,planung,0,517
PG,14561,true,18,investitionszuwendungen,Zuwendungen für Investitionsmaßnahmen,,false,2028,planung,0,517
PG,14561,true,18,investitionszuwendungen,Zuwendungen für Investitionsmaßnahmen,,false,2029,planung,0,517
PG,14561,true,23,einzahlungen_investitionen,Einzahlungen aus Investitionstätigkeit,,true,2024,ergebnis,-386,517
PG,14561,true,23,einzahlungen_investitionen,Einzahlungen aus Investitionstätigkeit,,true,2025,ansatz,233500,517
PG,14561,true,23,einzahlungen_investitionen,Einzahlungen aus Investitionstätigkeit,,true,2026,ansatz,360000,517
PG,14561,true,23,einzahlungen_investitionen,Einzahlungen aus Investitionstätigkeit,,true,2027,planung,0,517
PG,14561,true,23,einzahlungen_investitionen,Einzahlungen aus Investitionstätigkeit,,true,2028,planung,0,517
PG,14561,true,23,einzahlungen_investitionen,Einzahlungen aus Investitionstätigkeit,,true,2029,planung,0,517
PG,14561,true,25,baumassnahmen,Ausz. f. Baumaßnahmen,,false,2024,ergebnis,156657,517
PG,14561,true,25,baumassnahmen,Ausz. f. Baumaßnahmen,,false,2025,ansatz,365000,517
PG,14561,true,25,baumassnahmen,Ausz. f. Baumaßnahmen,,false,2026,ansatz,465000,517
PG,14561,true,25,baumassnahmen,Ausz. f. Baumaßnahmen,,false,2027,planung,165000,517
PG,14561,true,25,baumassnahmen,Ausz. f. Baumaßnahmen,,false,2028,planung,85000,517
PG,14561,true,25,baumassnahmen,Ausz. f. Baumaßnahmen,,false,2029,planung,65000,517
PG,14561,true,30,auszahlungen_investitionen,Auszahlungen aus Investitionstätigkeit,,true,2024,ergebnis,156657,517
PG,14561,true,30,auszahlungen_investitionen,Auszahlungen aus Investitionstätigkeit,,true,2025,ansatz,365000,517
PG,14561,true,30,auszahlungen_investitionen,Auszahlungen aus Investitionstätigkeit,,true,2026,ansatz,465000,517
PG,14561,true,30,auszahlungen_investitionen,Auszahlungen aus Investitionstätigkeit,,true,2027,planung,165000,517
PG,14561,true,30,auszahlungen_investitionen,Auszahlungen aus Investitionstätigkeit,,true,2028,planung,85000,517
PG,14561,true,30,auszahlungen_investitionen,Auszahlungen aus Investitionstätigkeit,,true,2029,planung,65000,517
PG,14561,true,31,saldo_investitionen,Saldo aus Investitionstätigkeit,,true,2024,ergebnis,-157043,517
PG,14561,true,31,saldo_investitionen,Saldo aus Investitionstätigkeit,,true,2025,ansatz,-131500,517
PG,14561,true,31,saldo_investitionen,Saldo aus Investitionstätigkeit,,true,2026,ansatz,-105000,517
PG,14561,true,31,saldo_investitionen,Saldo aus Investitionstätigkeit,,true,2027,planung,-165000,517
PG,14561,true,31,saldo_investitionen,Saldo aus Investitionstätigkeit,,true,2028,planung,-85000,517
PG,14561,true,31,saldo_investitionen,Saldo aus Investitionstätigkeit,,true,2029,planung,-65000,517
PG,15571,true,17,saldo_laufende_verwaltung,Saldo aus lfd. Verw.-tätigkeit,,true,2024,ergebnis,-397543,528
PG,15571,true,17,saldo_laufende_verwaltung,Saldo aus lfd. Verw.-tätigkeit,,true,2025,ansatz,-263835,528
PG,15571,true,17,saldo_laufende_verwaltung,Saldo aus lfd. Verw.-tätigkeit,,true,2026,ansatz,-257307,528
PG,15571,true,17,saldo_laufende_verwaltung,Saldo aus lfd. Verw.-tätigkeit,,true,2027,planung,-258873,528
PG,15571,true,17,saldo_laufende_verwaltung,Saldo aus lfd. Verw.-tätigkeit,,true,2028,planung,-260273,528
PG,15571,true,17,saldo_laufende_verwaltung,Saldo aus lfd. Verw.-tätigkeit,,true,2029,planung,-262202,528
PG,15571,true,23,einzahlungen_investitionen,Einzahlungen aus Investitionstätigkeit,,true,2024,ergebnis,0,528
PG,15571,true,23,einzahlungen_investitionen,Einzahlungen aus Investitionstätigkeit,,true,2025,ansatz,0,528
PG,15571,true,23,einzahlungen_investitionen,Einzahlungen aus Investitionstätigkeit,,true,2026,ansatz,0,528
PG,15571,true,23,einzahlungen_investitionen,Einzahlungen aus Investitionstätigkeit,,true,2027,planung,0,528
PG,15571,true,23,einzahlungen_investitionen,Einzahlungen aus Investitionstätigkeit,,true,2028,planung,0,528
PG,15571,true,23,einzahlungen_investitionen,Einzahlungen aus Investitionstätigkeit,,true,2029,planung,0,528
PG,15571,true,30,auszahlungen_investitionen,Auszahlungen aus Investitionstätigkeit,,true,2024,ergebnis,0,528
PG,15571,true,30,auszahlungen_investitionen,Auszahlungen aus Investitionstätigkeit,,true,2025,ansatz,0,528
PG,15571,true,30,auszahlungen_investitionen,Auszahlungen aus Investitionstätigkeit,,true,2026,ansatz,0,528
PG,15571,true,30,auszahlungen_investitionen,Auszahlungen aus Investitionstätigkeit,,true,2027,planung,0,528
PG,15571,true,30,auszahlungen_investitionen,Auszahlungen aus Investitionstätigkeit,,true,2028,planung,0,528
PG,15571,true,30,auszahlungen_investitionen,Auszahlungen aus Investitionstätigkeit,,true,2029,planung,0,528
PG,15571,true,31,saldo_investitionen,Saldo aus Investitionstätigkeit,,true,2024,ergebnis,0,528
PG,15571,true,31,saldo_investitionen,Saldo aus Investitionstätigkeit,,true,2025,ansatz,0,528
PG,15571,true,31,saldo_investitionen,Saldo aus Investitionstätigkeit,,true,2026,ansatz,0,528
PG,15571,true,31,saldo_investitionen,Saldo aus Investitionstätigkeit,,true,2027,planung,0,528
PG,15571,true,31,saldo_investitionen,Saldo aus Investitionstätigkeit,,true,2028,planung,0,528
PG,15571,true,31,saldo_investitionen,Saldo aus Investitionstätigkeit,,true,2029,planung,0,528
PG,15573,true,17,saldo_laufende_verwaltung,Saldo aus lfd. Verw.-tätigkeit,,true,2024,ergebnis,-59401,534
PG,15573,true,17,saldo_laufende_verwaltung,Saldo aus lfd. Verw.-tätigkeit,,true,2025,ansatz,-169744,534
PG,15573,true,17,saldo_laufende_verwaltung,Saldo aus lfd. Verw.-tätigkeit,,true,2026,ansatz,108122,534
PG,15573,true,17,saldo_laufende_verwaltung,Saldo aus lfd. Verw.-tätigkeit,,true,2027,planung,111369,534
PG,15573,true,17,saldo_laufende_verwaltung,Saldo aus lfd. Verw.-tätigkeit,,true,2028,planung,113651,534
PG,15573,true,17,saldo_laufende_verwaltung,Saldo aus lfd. Verw.-tätigkeit,,true,2029,planung,116796,534
PG,15573,true,22,sonstige_investitionseinzahlungen,Sonstige Investitionseinzahlungen,,false,2024,ergebnis,0,534
PG,15573,true,22,sonstige_investitionseinzahlungen,Sonstige Investitionseinzahlungen,,false,2025,ansatz,62333,534
PG,15573,true,22,sonstige_investitionseinzahlungen,Sonstige Investitionseinzahlungen,,false,2026,ansatz,0,534
PG,15573,true,22,sonstige_investitionseinzahlungen,Sonstige Investitionseinzahlungen,,false,2027,planung,0,534
PG,15573,true,22,sonstige_investitionseinzahlungen,Sonstige Investitionseinzahlungen,,false,2028,planung,0,534
PG,15573,true,22,sonstige_investitionseinzahlungen,Sonstige Investitionseinzahlungen,,false,2029,planung,0,534
PG,15573,true,23,einzahlungen_investitionen,Einzahlungen aus Investitionstätigkeit,,true,2024,ergebnis,0,534
PG,15573,true,23,einzahlungen_investitionen,Einzahlungen aus Investitionstätigkeit,,true,2025,ansatz,62333,534
PG,15573,true,23,einzahlungen_investitionen,Einzahlungen aus Investitionstätigkeit,,true,2026,ansatz,0,534
PG,15573,true,23,einzahlungen_investitionen,Einzahlungen aus Investitionstätigkeit,,true,2027,planung,0,534
PG,15573,true,23,einzahlungen_investitionen,Einzahlungen aus Investitionstätigkeit,,true,2028,planung,0,534
PG,15573,true,23,einzahlungen_investitionen,Einzahlungen aus Investitionstätigkeit,,true,2029,planung,0,534
PG,15573,true,27,erwerb_finanzanlagen,Ausz. f. Erwerb v. Finanzanlagen,,false,2024,ergebnis,0,534
PG,15573,true,27,erwerb_finanzanlagen,Ausz. f. Erwerb v. Finanzanlagen,,false,2025,ansatz,952894,534
PG,15573,true,27,erwerb_finanzanlagen,Ausz. f. Erwerb v. Finanzanlagen,,false,2026,ansatz,0,534
PG,15573,true,27,erwerb_finanzanlagen,Ausz. f. Erwerb v. Finanzanlagen,,false,2027,planung,0,534
PG,15573,true,27,erwerb_finanzanlagen,Ausz. f. Erwerb v. Finanzanlagen,,false,2028,planung,0,534
PG,15573,true,27,erwerb_finanzanlagen,Ausz. f. Erwerb v. Finanzanlagen,,false,2029,planung,0,534
PG,15573,true,29,sonstige_investitionsauszahlungen,Sonstige Investitionsauszahlungen,,false,2024,ergebnis,0,534
PG,15573,true,29,sonstige_investitionsauszahlungen,Sonstige Investitionsauszahlungen,,false,2025,ansatz,3570000,534
PG,15573,true,29,sonstige_investitionsauszahlungen,Sonstige Investitionsauszahlungen,,false,2026,ansatz,0,534
PG,15573,true,29,sonstige_investitionsauszahlungen,Sonstige Investitionsauszahlungen,,false,2027,planung,0,534
PG,15573,true,29,sonstige_investitionsauszahlungen,Sonstige Investitionsauszahlungen,,false,2028,planung,0,534
PG,15573,true,29,sonstige_investitionsauszahlungen,Sonstige Investitionsauszahlungen,,false,2029,planung,0,534
PG,15573,true,30,auszahlungen_investitionen,Auszahlungen aus Investitionstätigkeit,,true,2024,ergebnis,0,534
PG,15573,true,30,auszahlungen_investitionen,Auszahlungen aus Investitionstätigkeit,,true,2025,ansatz,4522894,534
PG,15573,true,30,auszahlungen_investitionen,Auszahlungen aus Investitionstätigkeit,,true,2026,ansatz,0,534
PG,15573,true,30,auszahlungen_investitionen,Auszahlungen aus Investitionstätigkeit,,true,2027,planung,0,534
PG,15573,true,30,auszahlungen_investitionen,Auszahlungen aus Investitionstätigkeit,,true,2028,planung,0,534
PG,15573,true,30,auszahlungen_investitionen,Auszahlungen aus Investitionstätigkeit,,true,2029,planung,0,534
PG,15573,true,31,saldo_investitionen,Saldo aus Investitionstätigkeit,,true,2024,ergebnis,0,534
PG,15573,true,31,saldo_investitionen,Saldo aus Investitionstätigkeit,,true,2025,ansatz,-4460561,534
PG,15573,true,31,saldo_investitionen,Saldo aus Investitionstätigkeit,,true,2026,ansatz,0,534
PG,15573,true,31,saldo_investitionen,Saldo aus Investitionstätigkeit,,true,2027,planung,0,534
PG,15573,true,31,saldo_investitionen,Saldo aus Investitionstätigkeit,,true,2028,planung,0,534
PG,15573,true,31,saldo_investitionen,Saldo aus Investitionstätigkeit,,true,2029,planung,0,534
PG,15575,true,17,saldo_laufende_verwaltung,Saldo aus lfd. Verw.-tätigkeit,,true,2024,ergebnis,-296,546
PG,15575,true,17,saldo_laufende_verwaltung,Saldo aus lfd. Verw.-tätigkeit,,true,2025,ansatz,-8259,546
PG,15575,true,17,saldo_laufende_verwaltung,Saldo aus lfd. Verw.-tätigkeit,,true,2026,ansatz,-10686,546
PG,15575,true,17,saldo_laufende_verwaltung,Saldo aus lfd. Verw.-tätigkeit,,true,2027,planung,-10858,546
PG,15575,true,17,saldo_laufende_verwaltung,Saldo aus lfd. Verw.-tätigkeit,,true,2028,planung,-11037,546
PG,15575,true,17,saldo_laufende_verwaltung,Saldo aus lfd. Verw.-tätigkeit,,true,2029,planung,-11252,546
PG,15575,true,23,einzahlungen_investitionen,Einzahlungen aus Investitionstätigkeit,,true,2024,ergebnis,0,546
PG,15575,true,23,einzahlungen_investitionen,Einzahlungen aus Investitionstätigkeit,,true,2025,ansatz,0,546
PG,15575,true,23,einzahlungen_investitionen,Einzahlungen aus Investitionstätigkeit,,true,2026,ansatz,0,546
PG,15575,true,23,einzahlungen_investitionen,Einzahlungen aus Investitionstätigkeit,,true,2027,planung,0,546
PG,15575,true,23,einzahlungen_investitionen,Einzahlungen aus Investitionstätigkeit,,true,2028,planung,0,546
PG,15575,true,23,einzahlungen_investitionen,Einzahlungen aus Investitionstätigkeit,,true,2029,planung,0,546
PG,15575,true,26,erwerb_bewegliches_anlagevermoegen,Ausz. f. Erwerb von bewegl. Anlagevermögen,,false,2024,ergebnis,0,546
PG,15575,true,26,erwerb_bewegliches_anlagevermoegen,Ausz. f. Erwerb von bewegl. Anlagevermögen,,false,2025,ansatz,0,546
PG,15575,true,26,erwerb_bewegliches_anlagevermoegen,Ausz. f. Erwerb von bewegl. Anlagevermögen,,false,2026,ansatz,65000,546
PG,15575,true,26,erwerb_bewegliches_anlagevermoegen,Ausz. f. Erwerb von bewegl. Anlagevermögen,,false,2027,planung,0,546
PG,15575,true,26,erwerb_bewegliches_anlagevermoegen,Ausz. f. Erwerb von bewegl. Anlagevermögen,,false,2028,planung,0,546
PG,15575,true,26,erwerb_bewegliches_anlagevermoegen,Ausz. f. Erwerb von bewegl. Anlagevermögen,,false,2029,planung,0,546
PG,15575,true,30,auszahlungen_investitionen,Auszahlungen aus Investitionstätigkeit,,true,2024,ergebnis,0,546
PG,15575,true,30,auszahlungen_investitionen,Auszahlungen aus Investitionstätigkeit,,true,2025,ansatz,0,546
PG,15575,true,30,auszahlungen_investitionen,Auszahlungen aus Investitionstätigkeit,,true,2026,ansatz,65000,546
PG,15575,true,30,auszahlungen_investitionen,Auszahlungen aus Investitionstätigkeit,,true,2027,planung,0,546
PG,15575,true,30,auszahlungen_investitionen,Auszahlungen aus Investitionstätigkeit,,true,2028,planung,0,546
PG,15575,true,30,auszahlungen_investitionen,Auszahlungen aus Investitionstätigkeit,,true,2029,planung,0,546
PG,15575,true,31,saldo_investitionen,Saldo aus Investitionstätigkeit,,true,2024,ergebnis,0,546
PG,15575,true,31,saldo_investitionen,Saldo aus Investitionstätigkeit,,true,2025,ansatz,0,546
PG,15575,true,31,saldo_investitionen,Saldo aus Investitionstätigkeit,,true,2026,ansatz,-65000,546
PG,15575,true,31,saldo_investitionen,Saldo aus Investitionstätigkeit,,true,2027,planung,0,546
PG,15575,true,31,saldo_investitionen,Saldo aus Investitionstätigkeit,,true,2028,planung,0,546
PG,15575,true,31,saldo_investitionen,Saldo aus Investitionstätigkeit,,true,2029,planung,0,546
PG,16611,true,17,saldo_laufende_verwaltung,Saldo aus lfd. Verw.-tätigkeit,,true,2024,ergebnis,15614316,556
PG,16611,true,17,saldo_laufende_verwaltung,Saldo aus lfd. Verw.-tätigkeit,,true,2025,ansatz,12778400,556
PG,16611,true,17,saldo_laufende_verwaltung,Saldo aus lfd. Verw.-tätigkeit,,true,2026,ansatz,15491503,556
PG,16611,true,17,saldo_laufende_verwaltung,Saldo aus lfd. Verw.-tätigkeit,,true,2027,planung,17821000,556
PG,16611,true,17,saldo_laufende_verwaltung,Saldo aus lfd. Verw.-tätigkeit,,true,2028,planung,17174000,556
PG,16611,true,17,saldo_laufende_verwaltung,Saldo aus lfd. Verw.-tätigkeit,,true,2029,planung,17419000,556
PG,16611,true,18,investitionszuwendungen,Zuwendungen für Investitionsmaßnahmen,,false,2024,ergebnis,2739383,556
PG,16611,true,18,investitionszuwendungen,Zuwendungen für Investitionsmaßnahmen,,false,2025,ansatz,2776000,556
PG,16611,true,18,investitionszuwendungen,Zuwendungen für Investitionsmaßnahmen,,false,2026,ansatz,2958000,556
PG,16611,true,18,investitionszuwendungen,Zuwendungen für Investitionsmaßnahmen,,false,2027,planung,3103000,556
PG,16611,true,18,investitionszuwendungen,Zuwendungen für Investitionsmaßnahmen,,false,2028,planung,3246000,556
PG,16611,true,18,investitionszuwendungen,Zuwendungen für Investitionsmaßnahmen,,false,2029,planung,3376000,556
PG,16611,true,23,einzahlungen_investitionen,Einzahlungen aus Investitionstätigkeit,,true,2024,ergebnis,2739383,556
PG,16611,true,23,einzahlungen_investitionen,Einzahlungen aus Investitionstätigkeit,,true,2025,ansatz,2776000,556
PG,16611,true,23,einzahlungen_investitionen,Einzahlungen aus Investitionstätigkeit,,true,2026,ansatz,2958000,556
PG,16611,true,23,einzahlungen_investitionen,Einzahlungen aus Investitionstätigkeit,,true,2027,planung,3103000,556
PG,16611,true,23,einzahlungen_investitionen,Einzahlungen aus Investitionstätigkeit,,true,2028,planung,3246000,556
PG,16611,true,23,einzahlungen_investitionen,Einzahlungen aus Investitionstätigkeit,,true,2029,planung,3376000,556
PG,16611,true,30,auszahlungen_investitionen,Auszahlungen aus Investitionstätigkeit,,true,2024,ergebnis,0,556
PG,16611,true,30,auszahlungen_investitionen,Auszahlungen aus Investitionstätigkeit,,true,2025,ansatz,0,556
PG,16611,true,30,auszahlungen_investitionen,Auszahlungen aus Investitionstätigkeit,,true,2026,ansatz,0,556
PG,16611,true,30,auszahlungen_investitionen,Auszahlungen aus Investitionstätigkeit,,true,2027,planung,0,556
PG,16611,true,30,auszahlungen_investitionen,Auszahlungen aus Investitionstätigkeit,,true,2028,planung,0,556
PG,16611,true,30,auszahlungen_investitionen,Auszahlungen aus Investitionstätigkeit,,true,2029,planung,0,556
PG,16611,true,31,saldo_investitionen,Saldo aus Investitionstätigkeit,,true,2024,ergebnis,2739383,556
PG,16611,true,31,saldo_investitionen,Saldo aus Investitionstätigkeit,,true,2025,ansatz,2776000,556
PG,16611,true,31,saldo_investitionen,Saldo aus Investitionstätigkeit,,true,2026,ansatz,2958000,556
PG,16611,true,31,saldo_investitionen,Saldo aus Investitionstätigkeit,,true,2027,planung,3103000,556
PG,16611,true,31,saldo_investitionen,Saldo aus Investitionstätigkeit,,true,2028,planung,3246000,556
PG,16611,true,31,saldo_investitionen,Saldo aus Investitionstätigkeit,,true,2029,planung,3376000,556
PG,16612,true,17,saldo_laufende_verwaltung,Saldo aus lfd. Verw.-tätigkeit,,true,2024,ergebnis,423592,562
PG,16612,true,17,saldo_laufende_verwaltung,Saldo aus lfd. Verw.-tätigkeit,,true,2025,ansatz,274051,562
PG,16612,true,17,saldo_laufende_verwaltung,Saldo aus lfd. Verw.-tätigkeit,,true,2026,ansatz,-376625,562
PG,16612,true,17,saldo_laufende_verwaltung,Saldo aus lfd. Verw.-tätigkeit,,true,2027,planung,-1091242,562
PG,16612,true,17,saldo_laufende_verwaltung,Saldo aus lfd. Verw.-tätigkeit,,true,2028,planung,-1437228,562
PG,16612,true,17,saldo_laufende_verwaltung,Saldo aus lfd. Verw.-tätigkeit,,true,2029,planung,-1439278,562
PG,16612,true,22,sonstige_investitionseinzahlungen,Sonstige Investitionseinzahlungen,,false,2024,ergebnis,85021,562
PG,16612,true,22,sonstige_investitionseinzahlungen,Sonstige Investitionseinzahlungen,,false,2025,ansatz,9073100,562
PG,16612,true,22,sonstige_investitionseinzahlungen,Sonstige Investitionseinzahlungen,,false,2026,ansatz,73100,562
PG,16612,true,22,sonstige_investitionseinzahlungen,Sonstige Investitionseinzahlungen,,false,2027,planung,74700,562
PG,16612,true,22,sonstige_investitionseinzahlungen,Sonstige Investitionseinzahlungen,,false,2028,planung,74700,562
PG,16612,true,22,sonstige_investitionseinzahlungen,Sonstige Investitionseinzahlungen,,false,2029,planung,74700,562
PG,16612,true,23,einzahlungen_investitionen,Einzahlungen aus Investitionstätigkeit,,true,2024,ergebnis,85021,562
PG,16612,true,23,einzahlungen_investitionen,Einzahlungen aus Investitionstätigkeit,,true,2025,ansatz,9073100,562
PG,16612,true,23,einzahlungen_investitionen,Einzahlungen aus Investitionstätigkeit,,true,2026,ansatz,73100,562
PG,16612,true,23,einzahlungen_investitionen,Einzahlungen aus Investitionstätigkeit,,true,2027,planung,74700,562
PG,16612,true,23,einzahlungen_investitionen,Einzahlungen aus Investitionstätigkeit,,true,2028,planung,74700,562
PG,16612,true,23,einzahlungen_investitionen,Einzahlungen aus Investitionstätigkeit,,true,2029,planung,74700,562
PG,16612,true,29,sonstige_investitionsauszahlungen,Sonstige Investitionsauszahlungen,,false,2024,ergebnis,9000000,562
PG,16612,true,29,sonstige_investitionsauszahlungen,Sonstige Investitionsauszahlungen,,false,2025,ansatz,0,562
PG,16612,true,29,sonstige_investitionsauszahlungen,Sonstige Investitionsauszahlungen,,false,2026,ansatz,0,562
PG,16612,true,29,sonstige_investitionsauszahlungen,Sonstige Investitionsauszahlungen,,false,2027,planung,0,562
PG,16612,true,29,sonstige_investitionsauszahlungen,Sonstige Investitionsauszahlungen,,false,2028,planung,0,562
PG,16612,true,29,sonstige_investitionsauszahlungen,Sonstige Investitionsauszahlungen,,false,2029,planung,0,562
PG,16612,true,30,auszahlungen_investitionen,Auszahlungen aus Investitionstätigkeit,,true,2024,ergebnis,9000000,562
PG,16612,true,30,auszahlungen_investitionen,Auszahlungen aus Investitionstätigkeit,,true,2025,ansatz,0,562
PG,16612,true,30,auszahlungen_investitionen,Auszahlungen aus Investitionstätigkeit,,true,2026,ansatz,0,562
PG,16612,true,30,auszahlungen_investitionen,Auszahlungen aus Investitionstätigkeit,,true,2027,planung,0,562
PG,16612,true,30,auszahlungen_investitionen,Auszahlungen aus Investitionstätigkeit,,true,2028,planung,0,562
PG,16612,true,30,auszahlungen_investitionen,Auszahlungen aus Investitionstätigkeit,,true,2029,planung,0,562
PG,16612,true,31,saldo_investitionen,Saldo aus Investitionstätigkeit,,true,2024,ergebnis,-8914979,562
PG,16612,true,31,saldo_investitionen,Saldo aus Investitionstätigkeit,,true,2025,ansatz,9073100,562
PG,16612,true,31,saldo_investitionen,Saldo aus Investitionstätigkeit,,true,2026,ansatz,73100,562
PG,16612,true,31,saldo_investitionen,Saldo aus Investitionstätigkeit,,true,2027,planung,74700,562
PG,16612,true,31,saldo_investitionen,Saldo aus Investitionstätigkeit,,true,2028,planung,74700,562
PG,16612,true,31,saldo_investitionen,Saldo aus Investitionstätigkeit,,true,2029,planung,74700,562
P,0111101,false,17,saldo_laufende_verwaltung,Saldo aus lfd. Verw.-tätigkeit,,true,2024,ergebnis,-584411,117
P,0111101,false,17,saldo_laufende_verwaltung,Saldo aus lfd. Verw.-tätigkeit,,true,2025,ansatz,-548285,117
P,0111101,false,17,saldo_laufende_verwaltung,Saldo aus lfd. Verw.-tätigkeit,,true,2026,ansatz,-559501,117
P,0111101,false,17,saldo_laufende_verwaltung,Saldo aus lfd. Verw.-tätigkeit,,true,2027,planung,-571027,117
P,0111101,false,17,saldo_laufende_verwaltung,Saldo aus lfd. Verw.-tätigkeit,,true,2028,planung,-582517,117
P,0111101,false,17,saldo_laufende_verwaltung,Saldo aus lfd. Verw.-tätigkeit,,true,2029,planung,-595953,117
P,0111101,false,23,einzahlungen_investitionen,Einzahlungen aus Investitionstätigkeit,,true,2024,ergebnis,0,117
P,0111101,false,23,einzahlungen_investitionen,Einzahlungen aus Investitionstätigkeit,,true,2025,ansatz,0,117
P,0111101,false,23,einzahlungen_investitionen,Einzahlungen aus Investitionstätigkeit,,true,2026,ansatz,0,117
P,0111101,false,23,einzahlungen_investitionen,Einzahlungen aus Investitionstätigkeit,,true,2027,planung,0,117
P,0111101,false,23,einzahlungen_investitionen,Einzahlungen aus Investitionstätigkeit,,true,2028,planung,0,117
P,0111101,false,23,einzahlungen_investitionen,Einzahlungen aus Investitionstätigkeit,,true,2029,planung,0,117
P,0111101,false,30,auszahlungen_investitionen,Auszahlungen aus Investitionstätigkeit,,true,2024,ergebnis,0,117
P,0111101,false,30,auszahlungen_investitionen,Auszahlungen aus Investitionstätigkeit,,true,2025,ansatz,0,117
P,0111101,false,30,auszahlungen_investitionen,Auszahlungen aus Investitionstätigkeit,,true,2026,ansatz,0,117
P,0111101,false,30,auszahlungen_investitionen,Auszahlungen aus Investitionstätigkeit,,true,2027,planung,0,117
P,0111101,false,30,auszahlungen_investitionen,Auszahlungen aus Investitionstätigkeit,,true,2028,planung,0,117
P,0111101,false,30,auszahlungen_investitionen,Auszahlungen aus Investitionstätigkeit,,true,2029,planung,0,117
P,0111101,false,31,saldo_investitionen,Saldo aus Investitionstätigkeit,,true,2024,ergebnis,0,117
P,0111101,false,31,saldo_investitionen,Saldo aus Investitionstätigkeit,,true,2025,ansatz,0,117
P,0111101,false,31,saldo_investitionen,Saldo aus Investitionstätigkeit,,true,2026,ansatz,0,117
P,0111101,false,31,saldo_investitionen,Saldo aus Investitionstätigkeit,,true,2027,planung,0,117
P,0111101,false,31,saldo_investitionen,Saldo aus Investitionstätigkeit,,true,2028,planung,0,117
P,0111101,false,31,saldo_investitionen,Saldo aus Investitionstätigkeit,,true,2029,planung,0,117
P,0111102,false,17,saldo_laufende_verwaltung,Saldo aus lfd. Verw.-tätigkeit,,true,2024,ergebnis,-587611,123
P,0111102,false,17,saldo_laufende_verwaltung,Saldo aus lfd. Verw.-tätigkeit,,true,2025,ansatz,-623507,123
P,0111102,false,17,saldo_laufende_verwaltung,Saldo aus lfd. Verw.-tätigkeit,,true,2026,ansatz,-674038,123
P,0111102,false,17,saldo_laufende_verwaltung,Saldo aus lfd. Verw.-tätigkeit,,true,2027,planung,-732399,123
P,0111102,false,17,saldo_laufende_verwaltung,Saldo aus lfd. Verw.-tätigkeit,,true,2028,planung,-696830,123
P,0111102,false,17,saldo_laufende_verwaltung,Saldo aus lfd. Verw.-tätigkeit,,true,2029,planung,-711813,123
P,0111102,false,18,investitionszuwendungen,Zuwendungen für Investitionsmaßnahmen,,false,2024,ergebnis,18160,123
P,0111102,false,18,investitionszuwendungen,Zuwendungen für Investitionsmaßnahmen,,false,2025,ansatz,0,123
P,0111102,false,18,investitionszuwendungen,Zuwendungen für Investitionsmaßnahmen,,false,2026,ansatz,0,123
P,0111102,false,18,investitionszuwendungen,Zuwendungen für Investitionsmaßnahmen,,false,2027,planung,1010000,123
P,0111102,false,18,investitionszuwendungen,Zuwendungen für Investitionsmaßnahmen,,false,2028,planung,0,123
P,0111102,false,18,investitionszuwendungen,Zuwendungen für Investitionsmaßnahmen,,false,2029,planung,0,123
P,0111102,false,19,veraeusserung_sachanlagen,Einz. aus Veräußerung v. Sachanlagen,,false,2024,ergebnis,3000,123
P,0111102,false,19,veraeusserung_sachanlagen,Einz. aus Veräußerung v. Sachanlagen,,false,2025,ansatz,0,123
P,0111102,false,19,veraeusserung_sachanlagen,Einz. aus Veräußerung v. Sachanlagen,,false,2026,ansatz,0,123
P,0111102,false,19,veraeusserung_sachanlagen,Einz. aus Veräußerung v. Sachanlagen,,false,2027,planung,0,123
P,0111102,false,19,veraeusserung_sachanlagen,Einz. aus Veräußerung v. Sachanlagen,,false,2028,planung,0,123
P,0111102,false,19,veraeusserung_sachanlagen,Einz. aus Veräußerung v. Sachanlagen,,false,2029,planung,0,123
P,0111102,false,23,einzahlungen_investitionen,Einzahlungen aus Investitionstätigkeit,,true,2024,ergebnis,21160,123
P,0111102,false,23,einzahlungen_investitionen,Einzahlungen aus Investitionstätigkeit,,true,2025,ansatz,0,123
P,0111102,false,23,einzahlungen_investitionen,Einzahlungen aus Investitionstätigkeit,,true,2026,ansatz,0,123
P,0111102,false,23,einzahlungen_investitionen,Einzahlungen aus Investitionstätigkeit,,true,2027,planung,1010000,123
P,0111102,false,23,einzahlungen_investitionen,Einzahlungen aus Investitionstätigkeit,,true,2028,planung,0,123
P,0111102,false,23,einzahlungen_investitionen,Einzahlungen aus Investitionstätigkeit,,true,2029,planung,0,123
P,0111102,false,25,baumassnahmen,Ausz. f. Baumaßnahmen,,false,2024,ergebnis,626941,123
P,0111102,false,25,baumassnahmen,Ausz. f. Baumaßnahmen,,false,2025,ansatz,7000000,123
P,0111102,false,25,baumassnahmen,Ausz. f. Baumaßnahmen,,false,2026,ansatz,12000000,123
P,0111102,false,25,baumassnahmen,Ausz. f. Baumaßnahmen,,false,2027,planung,5100000,123
P,0111102,false,25,baumassnahmen,Ausz. f. Baumaßnahmen,,false,2028,planung,0,123
P,0111102,false,25,baumassnahmen,Ausz. f. Baumaßnahmen,,false,2029,planung,0,123
P,0111102,false,26,erwerb_bewegliches_anlagevermoegen,Ausz. f. Erwerb von bewegl. Anlagevermögen,,false,2024,ergebnis,141214,123
P,0111102,false,26,erwerb_bewegliches_anlagevermoegen,Ausz. f. Erwerb von bewegl. Anlagevermögen,,false,2025,ansatz,30000,123
P,0111102,false,26,erwerb_bewegliches_anlagevermoegen,Ausz. f. Erwerb von bewegl. Anlagevermögen,,false,2026,ansatz,30000,123
P,0111102,false,26,erwerb_bewegliches_anlagevermoegen,Ausz. f. Erwerb von bewegl. Anlagevermögen,,false,2027,planung,337000,123
P,0111102,false,26,erwerb_bewegliches_anlagevermoegen,Ausz. f. Erwerb von bewegl. Anlagevermögen,,false,2028,planung,30000,123
P,0111102,false,26,erwerb_bewegliches_anlagevermoegen,Ausz. f. Erwerb von bewegl. Anlagevermögen,,false,2029,planung,30000,123
P,0111102,false,28,aktivierbare_zuwendungen,Ausz. f. aktivierbaren Zuwendungen,,false,2024,ergebnis,0,123
P,0111102,false,28,aktivierbare_zuwendungen,Ausz. f. aktivierbaren Zuwendungen,,false,2025,ansatz,25000,123
P,0111102,false,28,aktivierbare_zuwendungen,Ausz. f. aktivierbaren Zuwendungen,,false,2026,ansatz,0,123
P,0111102,false,28,aktivierbare_zuwendungen,Ausz. f. aktivierbaren Zuwendungen,,false,2027,planung,0,123
P,0111102,false,28,aktivierbare_zuwendungen,Ausz. f. aktivierbaren Zuwendungen,,false,2028,planung,0,123
P,0111102,false,28,aktivierbare_zuwendungen,Ausz. f. aktivierbaren Zuwendungen,,false,2029,planung,0,123
P,0111102,false,30,auszahlungen_investitionen,Auszahlungen aus Investitionstätigkeit,,true,2024,ergebnis,768155,123
P,0111102,false,30,auszahlungen_investitionen,Auszahlungen aus Investitionstätigkeit,,true,2025,ansatz,7055000,123
P,0111102,false,30,auszahlungen_investitionen,Auszahlungen aus Investitionstätigkeit,,true,2026,ansatz,12030000,123
P,0111102,false,30,auszahlungen_investitionen,Auszahlungen aus Investitionstätigkeit,,true,2027,planung,5437000,123
P,0111102,false,30,auszahlungen_investitionen,Auszahlungen aus Investitionstätigkeit,,true,2028,planung,30000,123
P,0111102,false,30,auszahlungen_investitionen,Auszahlungen aus Investitionstätigkeit,,true,2029,planung,30000,123
P,0111102,false,31,saldo_investitionen,Saldo aus Investitionstätigkeit,,true,2024,ergebnis,-746995,123
P,0111102,false,31,saldo_investitionen,Saldo aus Investitionstätigkeit,,true,2025,ansatz,-7055000,123
P,0111102,false,31,saldo_investitionen,Saldo aus Investitionstätigkeit,,true,2026,ansatz,-12030000,123
P,0111102,false,31,saldo_investitionen,Saldo aus Investitionstätigkeit,,true,2027,planung,-4427000,123
P,0111102,false,31,saldo_investitionen,Saldo aus Investitionstätigkeit,,true,2028,planung,-30000,123
P,0111102,false,31,saldo_investitionen,Saldo aus Investitionstätigkeit,,true,2029,planung,-30000,123
P,0111103,false,17,saldo_laufende_verwaltung,Saldo aus lfd. Verw.-tätigkeit,,true,2024,ergebnis,-9030,129
P,0111103,false,17,saldo_laufende_verwaltung,Saldo aus lfd. Verw.-tätigkeit,,true,2025,ansatz,-13195,129
P,0111103,false,17,saldo_laufende_verwaltung,Saldo aus lfd. Verw.-tätigkeit,,true,2026,ansatz,-9488,129
P,0111103,false,17,saldo_laufende_verwaltung,Saldo aus lfd. Verw.-tätigkeit,,true,2027,planung,-9559,129
P,0111103,false,17,saldo_laufende_verwaltung,Saldo aus lfd. Verw.-tätigkeit,,true,2028,planung,-9647,129
P,0111103,false,17,saldo_laufende_verwaltung,Saldo aus lfd. Verw.-tätigkeit,,true,2029,planung,-9737,129
P,0111103,false,23,einzahlungen_investitionen,Einzahlungen aus Investitionstätigkeit,,true,2024,ergebnis,0,129
P,0111103,false,23,einzahlungen_investitionen,Einzahlungen aus Investitionstätigkeit,,true,2025,ansatz,0,129
P,0111103,false,23,einzahlungen_investitionen,Einzahlungen aus Investitionstätigkeit,,true,2026,ansatz,0,129
P,0111103,false,23,einzahlungen_investitionen,Einzahlungen aus Investitionstätigkeit,,true,2027,planung,0,129
P,0111103,false,23,einzahlungen_investitionen,Einzahlungen aus Investitionstätigkeit,,true,2028,planung,0,129
P,0111103,false,23,einzahlungen_investitionen,Einzahlungen aus Investitionstätigkeit,,true,2029,planung,0,129
P,0111103,false,30,auszahlungen_investitionen,Auszahlungen aus Investitionstätigkeit,,true,2024,ergebnis,0,129
P,0111103,false,30,auszahlungen_investitionen,Auszahlungen aus Investitionstätigkeit,,true,2025,ansatz,0,129
P,0111103,false,30,auszahlungen_investitionen,Auszahlungen aus Investitionstätigkeit,,true,2026,ansatz,0,129
P,0111103,false,30,auszahlungen_investitionen,Auszahlungen aus Investitionstätigkeit,,true,2027,planung,0,129
P,0111103,false,30,auszahlungen_investitionen,Auszahlungen aus Investitionstätigkeit,,true,2028,planung,0,129
P,0111103,false,30,auszahlungen_investitionen,Auszahlungen aus Investitionstätigkeit,,true,2029,planung,0,129
P,0111103,false,31,saldo_investitionen,Saldo aus Investitionstätigkeit,,true,2024,ergebnis,0,129
P,0111103,false,31,saldo_investitionen,Saldo aus Investitionstätigkeit,,true,2025,ansatz,0,129
P,0111103,false,31,saldo_investitionen,Saldo aus Investitionstätigkeit,,true,2026,ansatz,0,129
P,0111103,false,31,saldo_investitionen,Saldo aus Investitionstätigkeit,,true,2027,planung,0,129
P,0111103,false,31,saldo_investitionen,Saldo aus Investitionstätigkeit,,true,2028,planung,0,129
P,0111103,false,31,saldo_investitionen,Saldo aus Investitionstätigkeit,,true,2029,planung,0,129
P,0111104,false,17,saldo_laufende_verwaltung,Saldo aus lfd. Verw.-tätigkeit,,true,2024,ergebnis,-1381966,135
P,0111104,false,17,saldo_laufende_verwaltung,Saldo aus lfd. Verw.-tätigkeit,,true,2025,ansatz,-1428856,135
P,0111104,false,17,saldo_laufende_verwaltung,Saldo aus lfd. Verw.-tätigkeit,,true,2026,ansatz,-1493579,135
P,0111104,false,17,saldo_laufende_verwaltung,Saldo aus lfd. Verw.-tätigkeit,,true,2027,planung,-1517915,135
P,0111104,false,17,saldo_laufende_verwaltung,Saldo aus lfd. Verw.-tätigkeit,,true,2028,planung,-1542565,135
P,0111104,false,17,saldo_laufende_verwaltung,Saldo aus lfd. Verw.-tätigkeit,,true,2029,planung,-1568986,135
P,0111104,false,23,einzahlungen_investitionen,Einzahlungen aus Investitionstätigkeit,,true,2024,ergebnis,0,135
P,0111104,false,23,einzahlungen_investitionen,Einzahlungen aus Investitionstätigkeit,,true,2025,ansatz,0,135
P,0111104,false,23,einzahlungen_investitionen,Einzahlungen aus Investitionstätigkeit,,true,2026,ansatz,0,135
P,0111104,false,23,einzahlungen_investitionen,Einzahlungen aus Investitionstätigkeit,,true,2027,planung,0,135
P,0111104,false,23,einzahlungen_investitionen,Einzahlungen aus Investitionstätigkeit,,true,2028,planung,0,135
P,0111104,false,23,einzahlungen_investitionen,Einzahlungen aus Investitionstätigkeit,,true,2029,planung,0,135
P,0111104,false,30,auszahlungen_investitionen,Auszahlungen aus Investitionstätigkeit,,true,2024,ergebnis,0,135
P,0111104,false,30,auszahlungen_investitionen,Auszahlungen aus Investitionstätigkeit,,true,2025,ansatz,0,135
P,0111104,false,30,auszahlungen_investitionen,Auszahlungen aus Investitionstätigkeit,,true,2026,ansatz,0,135
P,0111104,false,30,auszahlungen_investitionen,Auszahlungen aus Investitionstätigkeit,,true,2027,planung,0,135
P,0111104,false,30,auszahlungen_investitionen,Auszahlungen aus Investitionstätigkeit,,true,2028,planung,0,135
P,0111104,false,30,auszahlungen_investitionen,Auszahlungen aus Investitionstätigkeit,,true,2029,planung,0,135
P,0111104,false,31,saldo_investitionen,Saldo aus Investitionstätigkeit,,true,2024,ergebnis,0,135
P,0111104,false,31,saldo_investitionen,Saldo aus Investitionstätigkeit,,true,2025,ansatz,0,135
P,0111104,false,31,saldo_investitionen,Saldo aus Investitionstätigkeit,,true,2026,ansatz,0,135
P,0111104,false,31,saldo_investitionen,Saldo aus Investitionstätigkeit,,true,2027,planung,0,135
P,0111104,false,31,saldo_investitionen,Saldo aus Investitionstätigkeit,,true,2028,planung,0,135
P,0111104,false,31,saldo_investitionen,Saldo aus Investitionstätigkeit,,true,2029,planung,0,135
P,0111105,false,17,saldo_laufende_verwaltung,Saldo aus lfd. Verw.-tätigkeit,,true,2024,ergebnis,-13921,140
P,0111105,false,17,saldo_laufende_verwaltung,Saldo aus lfd. Verw.-tätigkeit,,true,2025,ansatz,-16760,140
P,0111105,false,17,saldo_laufende_verwaltung,Saldo aus lfd. Verw.-tätigkeit,,true,2026,ansatz,-17263,140
P,0111105,false,17,saldo_laufende_verwaltung,Saldo aus lfd. Verw.-tätigkeit,,true,2027,planung,-17632,140
P,0111105,false,17,saldo_laufende_verwaltung,Saldo aus lfd. Verw.-tätigkeit,,true,2028,planung,-18054,140
P,0111105,false,17,saldo_laufende_verwaltung,Saldo aus lfd. Verw.-tätigkeit,,true,2029,planung,-18520,140
P,0111105,false,23,einzahlungen_investitionen,Einzahlungen aus Investitionstätigkeit,,true,2024,ergebnis,0,140
P,0111105,false,23,einzahlungen_investitionen,Einzahlungen aus Investitionstätigkeit,,true,2025,ansatz,0,140
P,0111105,false,23,einzahlungen_investitionen,Einzahlungen aus Investitionstätigkeit,,true,2026,ansatz,0,140
P,0111105,false,23,einzahlungen_investitionen,Einzahlungen aus Investitionstätigkeit,,true,2027,planung,0,140
P,0111105,false,23,einzahlungen_investitionen,Einzahlungen aus Investitionstätigkeit,,true,2028,planung,0,140
P,0111105,false,23,einzahlungen_investitionen,Einzahlungen aus Investitionstätigkeit,,true,2029,planung,0,140
P,0111105,false,30,auszahlungen_investitionen,Auszahlungen aus Investitionstätigkeit,,true,2024,ergebnis,0,140
P,0111105,false,30,auszahlungen_investitionen,Auszahlungen aus Investitionstätigkeit,,true,2025,ansatz,0,140
P,0111105,false,30,auszahlungen_investitionen,Auszahlungen aus Investitionstätigkeit,,true,2026,ansatz,0,140
P,0111105,false,30,auszahlungen_investitionen,Auszahlungen aus Investitionstätigkeit,,true,2027,planung,0,140
P,0111105,false,30,auszahlungen_investitionen,Auszahlungen aus Investitionstätigkeit,,true,2028,planung,0,140
P,0111105,false,30,auszahlungen_investitionen,Auszahlungen aus Investitionstätigkeit,,true,2029,planung,0,140
P,0111105,false,31,saldo_investitionen,Saldo aus Investitionstätigkeit,,true,2024,ergebnis,0,140
P,0111105,false,31,saldo_investitionen,Saldo aus Investitionstätigkeit,,true,2025,ansatz,0,140
P,0111105,false,31,saldo_investitionen,Saldo aus Investitionstätigkeit,,true,2026,ansatz,0,140
P,0111105,false,31,saldo_investitionen,Saldo aus Investitionstätigkeit,,true,2027,planung,0,140
P,0111105,false,31,saldo_investitionen,Saldo aus Investitionstätigkeit,,true,2028,planung,0,140
P,0111105,false,31,saldo_investitionen,Saldo aus Investitionstätigkeit,,true,2029,planung,0,140
P,0111106,false,17,saldo_laufende_verwaltung,Saldo aus lfd. Verw.-tätigkeit,,true,2024,ergebnis,-15831,145
P,0111106,false,17,saldo_laufende_verwaltung,Saldo aus lfd. Verw.-tätigkeit,,true,2025,ansatz,-16408,145
P,0111106,false,17,saldo_laufende_verwaltung,Saldo aus lfd. Verw.-tätigkeit,,true,2026,ansatz,-17737,145
P,0111106,false,17,saldo_laufende_verwaltung,Saldo aus lfd. Verw.-tätigkeit,,true,2027,planung,-18081,145
P,0111106,false,17,saldo_laufende_verwaltung,Saldo aus lfd. Verw.-tätigkeit,,true,2028,planung,-18507,145
P,0111106,false,17,saldo_laufende_verwaltung,Saldo aus lfd. Verw.-tätigkeit,,true,2029,planung,-18945,145
P,0111106,false,23,einzahlungen_investitionen,Einzahlungen aus Investitionstätigkeit,,true,2024,ergebnis,0,145
P,0111106,false,23,einzahlungen_investitionen,Einzahlungen aus Investitionstätigkeit,,true,2025,ansatz,0,145
P,0111106,false,23,einzahlungen_investitionen,Einzahlungen aus Investitionstätigkeit,,true,2026,ansatz,0,145
P,0111106,false,23,einzahlungen_investitionen,Einzahlungen aus Investitionstätigkeit,,true,2027,planung,0,145
P,0111106,false,23,einzahlungen_investitionen,Einzahlungen aus Investitionstätigkeit,,true,2028,planung,0,145
P,0111106,false,23,einzahlungen_investitionen,Einzahlungen aus Investitionstätigkeit,,true,2029,planung,0,145
P,0111106,false,30,auszahlungen_investitionen,Auszahlungen aus Investitionstätigkeit,,true,2024,ergebnis,0,145
P,0111106,false,30,auszahlungen_investitionen,Auszahlungen aus Investitionstätigkeit,,true,2025,ansatz,0,145
P,0111106,false,30,auszahlungen_investitionen,Auszahlungen aus Investitionstätigkeit,,true,2026,ansatz,0,145
P,0111106,false,30,auszahlungen_investitionen,Auszahlungen aus Investitionstätigkeit,,true,2027,planung,0,145
P,0111106,false,30,auszahlungen_investitionen,Auszahlungen aus Investitionstätigkeit,,true,2028,planung,0,145
P,0111106,false,30,auszahlungen_investitionen,Auszahlungen aus Investitionstätigkeit,,true,2029,planung,0,145
P,0111106,false,31,saldo_investitionen,Saldo aus Investitionstätigkeit,,true,2024,ergebnis,0,145
P,0111106,false,31,saldo_investitionen,Saldo aus Investitionstätigkeit,,true,2025,ansatz,0,145
P,0111106,false,31,saldo_investitionen,Saldo aus Investitionstätigkeit,,true,2026,ansatz,0,145
P,0111106,false,31,saldo_investitionen,Saldo aus Investitionstätigkeit,,true,2027,planung,0,145
P,0111106,false,31,saldo_investitionen,Saldo aus Investitionstätigkeit,,true,2028,planung,0,145
P,0111106,false,31,saldo_investitionen,Saldo aus Investitionstätigkeit,,true,2029,planung,0,145
P,0111107,false,17,saldo_laufende_verwaltung,Saldo aus lfd. Verw.-tätigkeit,,true,2024,ergebnis,-726248,150
P,0111107,false,17,saldo_laufende_verwaltung,Saldo aus lfd. Verw.-tätigkeit,,true,2025,ansatz,-778393,150
P,0111107,false,17,saldo_laufende_verwaltung,Saldo aus lfd. Verw.-tätigkeit,,true,2026,ansatz,-816906,150
P,0111107,false,17,saldo_laufende_verwaltung,Saldo aus lfd. Verw.-tätigkeit,,true,2027,planung,-835930,150
P,0111107,false,17,saldo_laufende_verwaltung,Saldo aus lfd. Verw.-tätigkeit,,true,2028,planung,-856817,150
P,0111107,false,17,saldo_laufende_verwaltung,Saldo aus lfd. Verw.-tätigkeit,,true,2029,planung,-878084,150
P,0111107,false,23,einzahlungen_investitionen,Einzahlungen aus Investitionstätigkeit,,true,2024,ergebnis,0,150
P,0111107,false,23,einzahlungen_investitionen,Einzahlungen aus Investitionstätigkeit,,true,2025,ansatz,0,150
P,0111107,false,23,einzahlungen_investitionen,Einzahlungen aus Investitionstätigkeit,,true,2026,ansatz,0,150
P,0111107,false,23,einzahlungen_investitionen,Einzahlungen aus Investitionstätigkeit,,true,2027,planung,0,150
P,0111107,false,23,einzahlungen_investitionen,Einzahlungen aus Investitionstätigkeit,,true,2028,planung,0,150
P,0111107,false,23,einzahlungen_investitionen,Einzahlungen aus Investitionstätigkeit,,true,2029,planung,0,150
P,0111107,false,30,auszahlungen_investitionen,Auszahlungen aus Investitionstätigkeit,,true,2024,ergebnis,0,150
P,0111107,false,30,auszahlungen_investitionen,Auszahlungen aus Investitionstätigkeit,,true,2025,ansatz,0,150
P,0111107,false,30,auszahlungen_investitionen,Auszahlungen aus Investitionstätigkeit,,true,2026,ansatz,0,150
P,0111107,false,30,auszahlungen_investitionen,Auszahlungen aus Investitionstätigkeit,,true,2027,planung,0,150
P,0111107,false,30,auszahlungen_investitionen,Auszahlungen aus Investitionstätigkeit,,true,2028,planung,0,150
P,0111107,false,30,auszahlungen_investitionen,Auszahlungen aus Investitionstätigkeit,,true,2029,planung,0,150
P,0111107,false,31,saldo_investitionen,Saldo aus Investitionstätigkeit,,true,2024,ergebnis,0,150
P,0111107,false,31,saldo_investitionen,Saldo aus Investitionstätigkeit,,true,2025,ansatz,0,150
P,0111107,false,31,saldo_investitionen,Saldo aus Investitionstätigkeit,,true,2026,ansatz,0,150
P,0111107,false,31,saldo_investitionen,Saldo aus Investitionstätigkeit,,true,2027,planung,0,150
P,0111107,false,31,saldo_investitionen,Saldo aus Investitionstätigkeit,,true,2028,planung,0,150
P,0111107,false,31,saldo_investitionen,Saldo aus Investitionstätigkeit,,true,2029,planung,0,150
P,0111108,false,17,saldo_laufende_verwaltung,Saldo aus lfd. Verw.-tätigkeit,,true,2024,ergebnis,-587097,156
P,0111108,false,17,saldo_laufende_verwaltung,Saldo aus lfd. Verw.-tätigkeit,,true,2025,ansatz,-734110,156
P,0111108,false,17,saldo_laufende_verwaltung,Saldo aus lfd. Verw.-tätigkeit,,true,2026,ansatz,-777715,156
P,0111108,false,17,saldo_laufende_verwaltung,Saldo aus lfd. Verw.-tätigkeit,,true,2027,planung,-775590,156
P,0111108,false,17,saldo_laufende_verwaltung,Saldo aus lfd. Verw.-tätigkeit,,true,2028,planung,-782970,156
P,0111108,false,17,saldo_laufende_verwaltung,Saldo aus lfd. Verw.-tätigkeit,,true,2029,planung,-796105,156
P,0111108,false,23,einzahlungen_investitionen,Einzahlungen aus Investitionstätigkeit,,true,2024,ergebnis,0,156
P,0111108,false,23,einzahlungen_investitionen,Einzahlungen aus Investitionstätigkeit,,true,2025,ansatz,0,156
P,0111108,false,23,einzahlungen_investitionen,Einzahlungen aus Investitionstätigkeit,,true,2026,ansatz,0,156
P,0111108,false,23,einzahlungen_investitionen,Einzahlungen aus Investitionstätigkeit,,true,2027,planung,0,156
P,0111108,false,23,einzahlungen_investitionen,Einzahlungen aus Investitionstätigkeit,,true,2028,planung,0,156
P,0111108,false,23,einzahlungen_investitionen,Einzahlungen aus Investitionstätigkeit,,true,2029,planung,0,156
P,0111108,false,26,erwerb_bewegliches_anlagevermoegen,Ausz. f. Erwerb von bewegl. Anlagevermögen,,false,2024,ergebnis,18818,156
P,0111108,false,26,erwerb_bewegliches_anlagevermoegen,Ausz. f. Erwerb von bewegl. Anlagevermögen,,false,2025,ansatz,95000,156
P,0111108,false,26,erwerb_bewegliches_anlagevermoegen,Ausz. f. Erwerb von bewegl. Anlagevermögen,,false,2026,ansatz,120000,156
P,0111108,false,26,erwerb_bewegliches_anlagevermoegen,Ausz. f. Erwerb von bewegl. Anlagevermögen,,false,2027,planung,249000,156
P,0111108,false,26,erwerb_bewegliches_anlagevermoegen,Ausz. f. Erwerb von bewegl. Anlagevermögen,,false,2028,planung,102000,156
P,0111108,false,26,erwerb_bewegliches_anlagevermoegen,Ausz. f. Erwerb von bewegl. Anlagevermögen,,false,2029,planung,109000,156
P,0111108,false,27,erwerb_finanzanlagen,Ausz. f. Erwerb v. Finanzanlagen,,false,2024,ergebnis,1000,156
P,0111108,false,27,erwerb_finanzanlagen,Ausz. f. Erwerb v. Finanzanlagen,,false,2025,ansatz,0,156
P,0111108,false,27,erwerb_finanzanlagen,Ausz. f. Erwerb v. Finanzanlagen,,false,2026,ansatz,0,156
P,0111108,false,27,erwerb_finanzanlagen,Ausz. f. Erwerb v. Finanzanlagen,,false,2027,planung,0,156
P,0111108,false,27,erwerb_finanzanlagen,Ausz. f. Erwerb v. Finanzanlagen,,false,2028,planung,0,156
P,0111108,false,27,erwerb_finanzanlagen,Ausz. f. Erwerb v. Finanzanlagen,,false,2029,planung,0,156
P,0111108,false,30,auszahlungen_investitionen,Auszahlungen aus Investitionstätigkeit,,true,2024,ergebnis,19818,156
P,0111108,false,30,auszahlungen_investitionen,Auszahlungen aus Investitionstätigkeit,,true,2025,ansatz,95000,156
P,0111108,false,30,auszahlungen_investitionen,Auszahlungen aus Investitionstätigkeit,,true,2026,ansatz,120000,156
P,0111108,false,30,auszahlungen_investitionen,Auszahlungen aus Investitionstätigkeit,,true,2027,planung,249000,156
P,0111108,false,30,auszahlungen_investitionen,Auszahlungen aus Investitionstätigkeit,,true,2028,planung,102000,156
P,0111108,false,30,auszahlungen_investitionen,Auszahlungen aus Investitionstätigkeit,,true,2029,planung,109000,156
P,0111108,false,31,saldo_investitionen,Saldo aus Investitionstätigkeit,,true,2024,ergebnis,-19818,156
P,0111108,false,31,saldo_investitionen,Saldo aus Investitionstätigkeit,,true,2025,ansatz,-95000,156
P,0111108,false,31,saldo_investitionen,Saldo aus Investitionstätigkeit,,true,2026,ansatz,-120000,156
P,0111108,false,31,saldo_investitionen,Saldo aus Investitionstätigkeit,,true,2027,planung,-249000,156
P,0111108,false,31,saldo_investitionen,Saldo aus Investitionstätigkeit,,true,2028,planung,-102000,156
P,0111108,false,31,saldo_investitionen,Saldo aus Investitionstätigkeit,,true,2029,planung,-109000,156
P,0111109,false,17,saldo_laufende_verwaltung,Saldo aus lfd. Verw.-tätigkeit,,true,2024,ergebnis,98678,162
P,0111109,false,17,saldo_laufende_verwaltung,Saldo aus lfd. Verw.-tätigkeit,,true,2025,ansatz,161842,162
P,0111109,false,17,saldo_laufende_verwaltung,Saldo aus lfd. Verw.-tätigkeit,,true,2026,ansatz,32269,162
P,0111109,false,17,saldo_laufende_verwaltung,Saldo aus lfd. Verw.-tätigkeit,,true,2027,planung,156444,162
P,0111109,false,17,saldo_laufende_verwaltung,Saldo aus lfd. Verw.-tätigkeit,,true,2028,planung,119681,162
P,0111109,false,17,saldo_laufende_verwaltung,Saldo aus lfd. Verw.-tätigkeit,,true,2029,planung,32233,162
P,0111109,false,19,veraeusserung_sachanlagen,Einz. aus Veräußerung v. Sachanlagen,,false,2024,ergebnis,299774,162
P,0111109,false,19,veraeusserung_sachanlagen,Einz. aus Veräußerung v. Sachanlagen,,false,2025,ansatz,650000,162
P,0111109,false,19,veraeusserung_sachanlagen,Einz. aus Veräußerung v. Sachanlagen,,false,2026,ansatz,2186000,162
P,0111109,false,19,veraeusserung_sachanlagen,Einz. aus Veräußerung v. Sachanlagen,,false,2027,planung,1640000,162
P,0111109,false,19,veraeusserung_sachanlagen,Einz. aus Veräußerung v. Sachanlagen,,false,2028,planung,2075000,162
P,0111109,false,19,veraeusserung_sachanlagen,Einz. aus Veräußerung v. Sachanlagen,,false,2029,planung,1035000,162
P,0111109,false,23,einzahlungen_investitionen,Einzahlungen aus Investitionstätigkeit,,true,2024,ergebnis,299774,162
P,0111109,false,23,einzahlungen_investitionen,Einzahlungen aus Investitionstätigkeit,,true,2025,ansatz,650000,162
P,0111109,false,23,einzahlungen_investitionen,Einzahlungen aus Investitionstätigkeit,,true,2026,ansatz,2186000,162
P,0111109,false,23,einzahlungen_investitionen,Einzahlungen aus Investitionstätigkeit,,true,2027,planung,1640000,162
P,0111109,false,23,einzahlungen_investitionen,Einzahlungen aus Investitionstätigkeit,,true,2028,planung,2075000,162
P,0111109,false,23,einzahlungen_investitionen,Einzahlungen aus Investitionstätigkeit,,true,2029,planung,1035000,162
P,0111109,false,24,erwerb_grundstuecke_gebaeude,Ausz. f. Erwerb von Grundst. u. Gebäuden,,false,2024,ergebnis,1273064,162
P,0111109,false,24,erwerb_grundstuecke_gebaeude,Ausz. f. Erwerb von Grundst. u. Gebäuden,,false,2025,ansatz,2700000,162
P,0111109,false,24,erwerb_grundstuecke_gebaeude,Ausz. f. Erwerb von Grundst. u. Gebäuden,,false,2026,ansatz,4006000,162
P,0111109,false,24,erwerb_grundstuecke_gebaeude,Ausz. f. Erwerb von Grundst. u. Gebäuden,,false,2027,planung,2800000,162
P,0111109,false,24,erwerb_grundstuecke_gebaeude,Ausz. f. Erwerb von Grundst. u. Gebäuden,,false,2028,planung,2300000,162
P,0111109,false,24,erwerb_grundstuecke_gebaeude,Ausz. f. Erwerb von Grundst. u. Gebäuden,,false,2029,planung,1300000,162
P,0111109,false,25,baumassnahmen,Ausz. f. Baumaßnahmen,,false,2024,ergebnis,15100,162
P,0111109,false,25,baumassnahmen,Ausz. f. Baumaßnahmen,,false,2025,ansatz,0,162
P,0111109,false,25,baumassnahmen,Ausz. f. Baumaßnahmen,,false,2026,ansatz,140000,162
P,0111109,false,25,baumassnahmen,Ausz. f. Baumaßnahmen,,false,2027,planung,0,162
P,0111109,false,25,baumassnahmen,Ausz. f. Baumaßnahmen,,false,2028,planung,0,162
P,0111109,false,25,baumassnahmen,Ausz. f. Baumaßnahmen,,false,2029,planung,0,162
P,0111109,false,30,auszahlungen_investitionen,Auszahlungen aus Investitionstätigkeit,,true,2024,ergebnis,1288164,162
P,0111109,false,30,auszahlungen_investitionen,Auszahlungen aus Investitionstätigkeit,,true,2025,ansatz,2700000,162
P,0111109,false,30,auszahlungen_investitionen,Auszahlungen aus Investitionstätigkeit,,true,2026,ansatz,4146000,162
P,0111109,false,30,auszahlungen_investitionen,Auszahlungen aus Investitionstätigkeit,,true,2027,planung,2800000,162
P,0111109,false,30,auszahlungen_investitionen,Auszahlungen aus Investitionstätigkeit,,true,2028,planung,2300000,162
P,0111109,false,30,auszahlungen_investitionen,Auszahlungen aus Investitionstätigkeit,,true,2029,planung,1300000,162
P,0111109,false,31,saldo_investitionen,Saldo aus Investitionstätigkeit,,true,2024,ergebnis,-988390,162
P,0111109,false,31,saldo_investitionen,Saldo aus Investitionstätigkeit,,true,2025,ansatz,-2050000,162
P,0111109,false,31,saldo_investitionen,Saldo aus Investitionstätigkeit,,true,2026,ansatz,-1960000,162
P,0111109,false,31,saldo_investitionen,Saldo aus Investitionstätigkeit,,true,2027,planung,-1160000,162
P,0111109,false,31,saldo_investitionen,Saldo aus Investitionstätigkeit,,true,2028,planung,-225000,162
P,0111109,false,31,saldo_investitionen,Saldo aus Investitionstätigkeit,,true,2029,planung,-265000,162
P,0111110,false,17,saldo_laufende_verwaltung,Saldo aus lfd. Verw.-tätigkeit,,true,2024,ergebnis,-3167069,171
P,0111110,false,17,saldo_laufende_verwaltung,Saldo aus lfd. Verw.-tätigkeit,,true,2025,ansatz,-4337433,171
P,0111110,false,17,saldo_laufende_verwaltung,Saldo aus lfd. Verw.-tätigkeit,,true,2026,ansatz,-4684711,171
P,0111110,false,17,saldo_laufende_verwaltung,Saldo aus lfd. Verw.-tätigkeit,,true,2027,planung,-4313999,171
P,0111110,false,17,saldo_laufende_verwaltung,Saldo aus lfd. Verw.-tätigkeit,,true,2028,planung,-4338063,171
P,0111110,false,17,saldo_laufende_verwaltung,Saldo aus lfd. Verw.-tätigkeit,,true,2029,planung,-4446568,171
P,0111110,false,18,investitionszuwendungen,Zuwendungen für Investitionsmaßnahmen,,false,2024,ergebnis,0,171
P,0111110,false,18,investitionszuwendungen,Zuwendungen für Investitionsmaßnahmen,,false,2025,ansatz,0,171
P,0111110,false,18,investitionszuwendungen,Zuwendungen für Investitionsmaßnahmen,,false,2026,ansatz,0,171
P,0111110,false,18,investitionszuwendungen,Zuwendungen für Investitionsmaßnahmen,,false,2027,planung,100000,171
P,0111110,false,18,investitionszuwendungen,Zuwendungen für Investitionsmaßnahmen,,false,2028,planung,0,171
P,0111110,false,18,investitionszuwendungen,Zuwendungen für Investitionsmaßnahmen,,false,2029,planung,0,171
P,0111110,false,23,einzahlungen_investitionen,Einzahlungen aus Investitionstätigkeit,,true,2024,ergebnis,0,171
P,0111110,false,23,einzahlungen_investitionen,Einzahlungen aus Investitionstätigkeit,,true,2025,ansatz,0,171
P,0111110,false,23,einzahlungen_investitionen,Einzahlungen aus Investitionstätigkeit,,true,2026,ansatz,0,171
P,0111110,false,23,einzahlungen_investitionen,Einzahlungen aus Investitionstätigkeit,,true,2027,planung,100000,171
P,0111110,false,23,einzahlungen_investitionen,Einzahlungen aus Investitionstätigkeit,,true,2028,planung,0,171
P,0111110,false,23,einzahlungen_investitionen,Einzahlungen aus Investitionstätigkeit,,true,2029,planung,0,171
P,0111110,false,26,erwerb_bewegliches_anlagevermoegen,Ausz. f. Erwerb von bewegl. Anlagevermögen,,false,2024,ergebnis,11557,171
P,0111110,false,26,erwerb_bewegliches_anlagevermoegen,Ausz. f. Erwerb von bewegl. Anlagevermögen,,false,2025,ansatz,300000,171
P,0111110,false,26,erwerb_bewegliches_anlagevermoegen,Ausz. f. Erwerb von bewegl. Anlagevermögen,,false,2026,ansatz,73350,171
P,0111110,false,26,erwerb_bewegliches_anlagevermoegen,Ausz. f. Erwerb von bewegl. Anlagevermögen,,false,2027,planung,150000,171
P,0111110,false,26,erwerb_bewegliches_anlagevermoegen,Ausz. f. Erwerb von bewegl. Anlagevermögen,,false,2028,planung,150000,171
P,0111110,false,26,erwerb_bewegliches_anlagevermoegen,Ausz. f. Erwerb von bewegl. Anlagevermögen,,false,2029,planung,100000,171
P,0111110,false,30,auszahlungen_investitionen,Auszahlungen aus Investitionstätigkeit,,true,2024,ergebnis,11557,171
P,0111110,false,30,auszahlungen_investitionen,Auszahlungen aus Investitionstätigkeit,,true,2025,ansatz,300000,171
P,0111110,false,30,auszahlungen_investitionen,Auszahlungen aus Investitionstätigkeit,,true,2026,ansatz,73350,171
P,0111110,false,30,auszahlungen_investitionen,Auszahlungen aus Investitionstätigkeit,,true,2027,planung,150000,171
P,0111110,false,30,auszahlungen_investitionen,Auszahlungen aus Investitionstätigkeit,,true,2028,planung,150000,171
P,0111110,false,30,auszahlungen_investitionen,Auszahlungen aus Investitionstätigkeit,,true,2029,planung,100000,171
P,0111110,false,31,saldo_investitionen,Saldo aus Investitionstätigkeit,,true,2024,ergebnis,-11557,171
P,0111110,false,31,saldo_investitionen,Saldo aus Investitionstätigkeit,,true,2025,ansatz,-300000,171
P,0111110,false,31,saldo_investitionen,Saldo aus Investitionstätigkeit,,true,2026,ansatz,-73350,171
P,0111110,false,31,saldo_investitionen,Saldo aus Investitionstätigkeit,,true,2027,planung,-50000,171
P,0111110,false,31,saldo_investitionen,Saldo aus Investitionstätigkeit,,true,2028,planung,-150000,171
P,0111110,false,31,saldo_investitionen,Saldo aus Investitionstätigkeit,,true,2029,planung,-100000,171
P,0111112,false,17,saldo_laufende_verwaltung,Saldo aus lfd. Verw.-tätigkeit,,true,2024,ergebnis,-1682931,180
P,0111112,false,17,saldo_laufende_verwaltung,Saldo aus lfd. Verw.-tätigkeit,,true,2025,ansatz,-1779210,180
P,0111112,false,17,saldo_laufende_verwaltung,Saldo aus lfd. Verw.-tätigkeit,,true,2026,ansatz,-1807484,180
P,0111112,false,17,saldo_laufende_verwaltung,Saldo aus lfd. Verw.-tätigkeit,,true,2027,planung,-1846064,180
P,0111112,false,17,saldo_laufende_verwaltung,Saldo aus lfd. Verw.-tätigkeit,,true,2028,planung,-1892319,180
P,0111112,false,17,saldo_laufende_verwaltung,Saldo aus lfd. Verw.-tätigkeit,,true,2029,planung,-1938562,180
P,0111112,false,18,investitionszuwendungen,Zuwendungen für Investitionsmaßnahmen,,false,2024,ergebnis,24440,180
P,0111112,false,18,investitionszuwendungen,Zuwendungen für Investitionsmaßnahmen,,false,2025,ansatz,32500,180
P,0111112,false,18,investitionszuwendungen,Zuwendungen für Investitionsmaßnahmen,,false,2026,ansatz,0,180
P,0111112,false,18,investitionszuwendungen,Zuwendungen für Investitionsmaßnahmen,,false,2027,planung,0,180
P,0111112,false,18,investitionszuwendungen,Zuwendungen für Investitionsmaßnahmen,,false,2028,planung,0,180
P,0111112,false,18,investitionszuwendungen,Zuwendungen für Investitionsmaßnahmen,,false,2029,planung,0,180
P,0111112,false,19,veraeusserung_sachanlagen,Einz. aus Veräußerung v. Sachanlagen,,false,2024,ergebnis,27250,180
P,0111112,false,19,veraeusserung_sachanlagen,Einz. aus Veräußerung v. Sachanlagen,,false,2025,ansatz,2725,180
P,0111112,false,19,veraeusserung_sachanlagen,Einz. aus Veräußerung v. Sachanlagen,,false,2026,ansatz,6600,180
P,0111112,false,19,veraeusserung_sachanlagen,Einz. aus Veräußerung v. Sachanlagen,,false,2027,planung,5000,180
P,0111112,false,19,veraeusserung_sachanlagen,Einz. aus Veräußerung v. Sachanlagen,,false,2028,planung,5000,180
P,0111112,false,19,veraeusserung_sachanlagen,Einz. aus Veräußerung v. Sachanlagen,,false,2029,planung,5000,180
P,0111112,false,23,einzahlungen_investitionen,Einzahlungen aus Investitionstätigkeit,,true,2024,ergebnis,51690,180
P,0111112,false,23,einzahlungen_investitionen,Einzahlungen aus Investitionstätigkeit,,true,2025,ansatz,35225,180
P,0111112,false,23,einzahlungen_investitionen,Einzahlungen aus Investitionstätigkeit,,true,2026,ansatz,6600,180
P,0111112,false,23,einzahlungen_investitionen,Einzahlungen aus Investitionstätigkeit,,true,2027,planung,5000,180
P,0111112,false,23,einzahlungen_investitionen,Einzahlungen aus Investitionstätigkeit,,true,2028,planung,5000,180
P,0111112,false,23,einzahlungen_investitionen,Einzahlungen aus Investitionstätigkeit,,true,2029,planung,5000,180
P,0111112,false,26,erwerb_bewegliches_anlagevermoegen,Ausz. f. Erwerb von bewegl. Anlagevermögen,,false,2024,ergebnis,347600,180
P,0111112,false,26,erwerb_bewegliches_anlagevermoegen,Ausz. f. Erwerb von bewegl. Anlagevermögen,,false,2025,ansatz,378000,180
P,0111112,false,26,erwerb_bewegliches_anlagevermoegen,Ausz. f. Erwerb von bewegl. Anlagevermögen,,false,2026,ansatz,260000,180
P,0111112,false,26,erwerb_bewegliches_anlagevermoegen,Ausz. f. Erwerb von bewegl. Anlagevermögen,,false,2027,planung,265000,180
P,0111112,false,26,erwerb_bewegliches_anlagevermoegen,Ausz. f. Erwerb von bewegl. Anlagevermögen,,false,2028,planung,265000,180
P,0111112,false,26,erwerb_bewegliches_anlagevermoegen,Ausz. f. Erwerb von bewegl. Anlagevermögen,,false,2029,planung,265000,180
P,0111112,false,30,auszahlungen_investitionen,Auszahlungen aus Investitionstätigkeit,,true,2024,ergebnis,347600,180
P,0111112,false,30,auszahlungen_investitionen,Auszahlungen aus Investitionstätigkeit,,true,2025,ansatz,378000,180
P,0111112,false,30,auszahlungen_investitionen,Auszahlungen aus Investitionstätigkeit,,true,2026,ansatz,260000,180
P,0111112,false,30,auszahlungen_investitionen,Auszahlungen aus Investitionstätigkeit,,true,2027,planung,265000,180
P,0111112,false,30,auszahlungen_investitionen,Auszahlungen aus Investitionstätigkeit,,true,2028,planung,265000,180
P,0111112,false,30,auszahlungen_investitionen,Auszahlungen aus Investitionstätigkeit,,true,2029,planung,265000,180
P,0111112,false,31,saldo_investitionen,Saldo aus Investitionstätigkeit,,true,2024,ergebnis,-295911,180
P,0111112,false,31,saldo_investitionen,Saldo aus Investitionstätigkeit,,true,2025,ansatz,-342775,180
P,0111112,false,31,saldo_investitionen,Saldo aus Investitionstätigkeit,,true,2026,ansatz,-253400,180
P,0111112,false,31,saldo_investitionen,Saldo aus Investitionstätigkeit,,true,2027,planung,-260000,180
P,0111112,false,31,saldo_investitionen,Saldo aus Investitionstätigkeit,,true,2028,planung,-260000,180
P,0111112,false,31,saldo_investitionen,Saldo aus Investitionstätigkeit,,true,2029,planung,-260000,180
P,0212101,false,17,saldo_laufende_verwaltung,Saldo aus lfd. Verw.-tätigkeit,,true,2024,ergebnis,-52666,190
P,0212101,false,17,saldo_laufende_verwaltung,Saldo aus lfd. Verw.-tätigkeit,,true,2025,ansatz,-23501,190
P,0212101,false,17,saldo_laufende_verwaltung,Saldo aus lfd. Verw.-tätigkeit,,true,2026,ansatz,-12221,190
P,0212101,false,17,saldo_laufende_verwaltung,Saldo aus lfd. Verw.-tätigkeit,,true,2027,planung,-10490,190
P,0212101,false,17,saldo_laufende_verwaltung,Saldo aus lfd. Verw.-tätigkeit,,true,2028,planung,-12782,190
P,0212101,false,17,saldo_laufende_verwaltung,Saldo aus lfd. Verw.-tätigkeit,,true,2029,planung,-8121,190
P,0212101,false,23,einzahlungen_investitionen,Einzahlungen aus Investitionstätigkeit,,true,2024,ergebnis,0,190
P,0212101,false,23,einzahlungen_investitionen,Einzahlungen aus Investitionstätigkeit,,true,2025,ansatz,0,190
P,0212101,false,23,einzahlungen_investitionen,Einzahlungen aus Investitionstätigkeit,,true,2026,ansatz,0,190
P,0212101,false,23,einzahlungen_investitionen,Einzahlungen aus Investitionstätigkeit,,true,2027,planung,0,190
P,0212101,false,23,einzahlungen_investitionen,Einzahlungen aus Investitionstätigkeit,,true,2028,planung,0,190
P,0212101,false,23,einzahlungen_investitionen,Einzahlungen aus Investitionstätigkeit,,true,2029,planung,0,190
P,0212101,false,30,auszahlungen_investitionen,Auszahlungen aus Investitionstätigkeit,,true,2024,ergebnis,0,191
P,0212101,false,30,auszahlungen_investitionen,Auszahlungen aus Investitionstätigkeit,,true,2025,ansatz,0,191
P,0212101,false,30,auszahlungen_investitionen,Auszahlungen aus Investitionstätigkeit,,true,2026,ansatz,0,191
P,0212101,false,30,auszahlungen_investitionen,Auszahlungen aus Investitionstätigkeit,,true,2027,planung,0,191
P,0212101,false,30,auszahlungen_investitionen,Auszahlungen aus Investitionstätigkeit,,true,2028,planung,0,191
P,0212101,false,30,auszahlungen_investitionen,Auszahlungen aus Investitionstätigkeit,,true,2029,planung,0,191
P,0212101,false,31,saldo_investitionen,Saldo aus Investitionstätigkeit,,true,2024,ergebnis,0,191
P,0212101,false,31,saldo_investitionen,Saldo aus Investitionstätigkeit,,true,2025,ansatz,0,191
P,0212101,false,31,saldo_investitionen,Saldo aus Investitionstätigkeit,,true,2026,ansatz,0,191
P,0212101,false,31,saldo_investitionen,Saldo aus Investitionstätigkeit,,true,2027,planung,0,191
P,0212101,false,31,saldo_investitionen,Saldo aus Investitionstätigkeit,,true,2028,planung,0,191
P,0212101,false,31,saldo_investitionen,Saldo aus Investitionstätigkeit,,true,2029,planung,0,191
P,0212201,false,17,saldo_laufende_verwaltung,Saldo aus lfd. Verw.-tätigkeit,,true,2024,ergebnis,-477128,196
P,0212201,false,17,saldo_laufende_verwaltung,Saldo aus lfd. Verw.-tätigkeit,,true,2025,ansatz,-550529,196
P,0212201,false,17,saldo_laufende_verwaltung,Saldo aus lfd. Verw.-tätigkeit,,true,2026,ansatz,-491836,196
P,0212201,false,17,saldo_laufende_verwaltung,Saldo aus lfd. Verw.-tätigkeit,,true,2027,planung,-502399,196
P,0212201,false,17,saldo_laufende_verwaltung,Saldo aus lfd. Verw.-tätigkeit,,true,2028,planung,-514854,196
P,0212201,false,17,saldo_laufende_verwaltung,Saldo aus lfd. Verw.-tätigkeit,,true,2029,planung,-528232,196
P,0212201,false,23,einzahlungen_investitionen,Einzahlungen aus Investitionstätigkeit,,true,2024,ergebnis,0,196
P,0212201,false,23,einzahlungen_investitionen,Einzahlungen aus Investitionstätigkeit,,true,2025,ansatz,0,196
P,0212201,false,23,einzahlungen_investitionen,Einzahlungen aus Investitionstätigkeit,,true,2026,ansatz,0,196
P,0212201,false,23,einzahlungen_investitionen,Einzahlungen aus Investitionstätigkeit,,true,2027,planung,0,196
P,0212201,false,23,einzahlungen_investitionen,Einzahlungen aus Investitionstätigkeit,,true,2028,planung,0,196
P,0212201,false,23,einzahlungen_investitionen,Einzahlungen aus Investitionstätigkeit,,true,2029,planung,0,196
P,0212201,false,26,erwerb_bewegliches_anlagevermoegen,Ausz. f. Erwerb von bewegl. Anlagevermögen,,false,2024,ergebnis,3587,196
P,0212201,false,26,erwerb_bewegliches_anlagevermoegen,Ausz. f. Erwerb von bewegl. Anlagevermögen,,false,2025,ansatz,0,196
P,0212201,false,26,erwerb_bewegliches_anlagevermoegen,Ausz. f. Erwerb von bewegl. Anlagevermögen,,false,2026,ansatz,108125,196
P,0212201,false,26,erwerb_bewegliches_anlagevermoegen,Ausz. f. Erwerb von bewegl. Anlagevermögen,,false,2027,planung,3125,196
P,0212201,false,26,erwerb_bewegliches_anlagevermoegen,Ausz. f. Erwerb von bewegl. Anlagevermögen,,false,2028,planung,3125,196
P,0212201,false,26,erwerb_bewegliches_anlagevermoegen,Ausz. f. Erwerb von bewegl. Anlagevermögen,,false,2029,planung,3125,196
P,0212201,false,30,auszahlungen_investitionen,Auszahlungen aus Investitionstätigkeit,,true,2024,ergebnis,3587,196
P,0212201,false,30,auszahlungen_investitionen,Auszahlungen aus Investitionstätigkeit,,true,2025,ansatz,0,196
P,0212201,false,30,auszahlungen_investitionen,Auszahlungen aus Investitionstätigkeit,,true,2026,ansatz,108125,196
P,0212201,false,30,auszahlungen_investitionen,Auszahlungen aus Investitionstätigkeit,,true,2027,planung,3125,196
P,0212201,false,30,auszahlungen_investitionen,Auszahlungen aus Investitionstätigkeit,,true,2028,planung,3125,196
P,0212201,false,30,auszahlungen_investitionen,Auszahlungen aus Investitionstätigkeit,,true,2029,planung,3125,196
P,0212201,false,31,saldo_investitionen,Saldo aus Investitionstätigkeit,,true,2024,ergebnis,-3587,196
P,0212201,false,31,saldo_investitionen,Saldo aus Investitionstätigkeit,,true,2025,ansatz,0,196
P,0212201,false,31,saldo_investitionen,Saldo aus Investitionstätigkeit,,true,2026,ansatz,-108125,196
P,0212201,false,31,saldo_investitionen,Saldo aus Investitionstätigkeit,,true,2027,planung,-3125,196
P,0212201,false,31,saldo_investitionen,Saldo aus Investitionstätigkeit,,true,2028,planung,-3125,196
P,0212201,false,31,saldo_investitionen,Saldo aus Investitionstätigkeit,,true,2029,planung,-3125,196
P,0212202,false,17,saldo_laufende_verwaltung,Saldo aus lfd. Verw.-tätigkeit,,true,2024,ergebnis,-31387,201
P,0212202,false,17,saldo_laufende_verwaltung,Saldo aus lfd. Verw.-tätigkeit,,true,2025,ansatz,-33683,201
P,0212202,false,17,saldo_laufende_verwaltung,Saldo aus lfd. Verw.-tätigkeit,,true,2026,ansatz,-37843,201
P,0212202,false,17,saldo_laufende_verwaltung,Saldo aus lfd. Verw.-tätigkeit,,true,2027,planung,-39331,201
P,0212202,false,17,saldo_laufende_verwaltung,Saldo aus lfd. Verw.-tätigkeit,,true,2028,planung,-40607,201
P,0212202,false,17,saldo_laufende_verwaltung,Saldo aus lfd. Verw.-tätigkeit,,true,2029,planung,-42433,201
P,0212202,false,23,einzahlungen_investitionen,Einzahlungen aus Investitionstätigkeit,,true,2024,ergebnis,0,202
P,0212202,false,23,einzahlungen_investitionen,Einzahlungen aus Investitionstätigkeit,,true,2025,ansatz,0,202
P,0212202,false,23,einzahlungen_investitionen,Einzahlungen aus Investitionstätigkeit,,true,2026,ansatz,0,202
P,0212202,false,23,einzahlungen_investitionen,Einzahlungen aus Investitionstätigkeit,,true,2027,planung,0,202
P,0212202,false,23,einzahlungen_investitionen,Einzahlungen aus Investitionstätigkeit,,true,2028,planung,0,202
P,0212202,false,23,einzahlungen_investitionen,Einzahlungen aus Investitionstätigkeit,,true,2029,planung,0,202
P,0212202,false,30,auszahlungen_investitionen,Auszahlungen aus Investitionstätigkeit,,true,2024,ergebnis,0,202
P,0212202,false,30,auszahlungen_investitionen,Auszahlungen aus Investitionstätigkeit,,true,2025,ansatz,0,202
P,0212202,false,30,auszahlungen_investitionen,Auszahlungen aus Investitionstätigkeit,,true,2026,ansatz,0,202
P,0212202,false,30,auszahlungen_investitionen,Auszahlungen aus Investitionstätigkeit,,true,2027,planung,0,202
P,0212202,false,30,auszahlungen_investitionen,Auszahlungen aus Investitionstätigkeit,,true,2028,planung,0,202
P,0212202,false,30,auszahlungen_investitionen,Auszahlungen aus Investitionstätigkeit,,true,2029,planung,0,202
P,0212202,false,31,saldo_investitionen,Saldo aus Investitionstätigkeit,,true,2024,ergebnis,0,202
P,0212202,false,31,saldo_investitionen,Saldo aus Investitionstätigkeit,,true,2025,ansatz,0,202
P,0212202,false,31,saldo_investitionen,Saldo aus Investitionstätigkeit,,true,2026,ansatz,0,202
P,0212202,false,31,saldo_investitionen,Saldo aus Investitionstätigkeit,,true,2027,planung,0,202
P,0212202,false,31,saldo_investitionen,Saldo aus Investitionstätigkeit,,true,2028,planung,0,202
P,0212202,false,31,saldo_investitionen,Saldo aus Investitionstätigkeit,,true,2029,planung,0,202
P,0212601,false,17,saldo_laufende_verwaltung,Saldo aus lfd. Verw.-tätigkeit,,true,2024,ergebnis,-296902,208
P,0212601,false,17,saldo_laufende_verwaltung,Saldo aus lfd. Verw.-tätigkeit,,true,2025,ansatz,-285539,208
P,0212601,false,17,saldo_laufende_verwaltung,Saldo aus lfd. Verw.-tätigkeit,,true,2026,ansatz,-360074,208
P,0212601,false,17,saldo_laufende_verwaltung,Saldo aus lfd. Verw.-tätigkeit,,true,2027,planung,-366413,208
P,0212601,false,17,saldo_laufende_verwaltung,Saldo aus lfd. Verw.-tätigkeit,,true,2028,planung,-387952,208
P,0212601,false,17,saldo_laufende_verwaltung,Saldo aus lfd. Verw.-tätigkeit,,true,2029,planung,-380036,208
P,0212601,false,18,investitionszuwendungen,Zuwendungen für Investitionsmaßnahmen,,false,2024,ergebnis,106350,208
P,0212601,false,18,investitionszuwendungen,Zuwendungen für Investitionsmaßnahmen,,false,2025,ansatz,100000,208
P,0212601,false,18,investitionszuwendungen,Zuwendungen für Investitionsmaßnahmen,,false,2026,ansatz,110000,208
P,0212601,false,18,investitionszuwendungen,Zuwendungen für Investitionsmaßnahmen,,false,2027,planung,110000,208
P,0212601,false,18,investitionszuwendungen,Zuwendungen für Investitionsmaßnahmen,,false,2028,planung,110000,208
P,0212601,false,18,investitionszuwendungen,Zuwendungen für Investitionsmaßnahmen,,false,2029,planung,110000,208
P,0212601,false,19,veraeusserung_sachanlagen,Einz. aus Veräußerung v. Sachanlagen,,false,2024,ergebnis,18800,208
P,0212601,false,19,veraeusserung_sachanlagen,Einz. aus Veräußerung v. Sachanlagen,,false,2025,ansatz,0,208
P,0212601,false,19,veraeusserung_sachanlagen,Einz. aus Veräußerung v. Sachanlagen,,false,2026,ansatz,0,208
P,0212601,false,19,veraeusserung_sachanlagen,Einz. aus Veräußerung v. Sachanlagen,,false,2027,planung,0,208
P,0212601,false,19,veraeusserung_sachanlagen,Einz. aus Veräußerung v. Sachanlagen,,false,2028,planung,0,208
P,0212601,false,19,veraeusserung_sachanlagen,Einz. aus Veräußerung v. Sachanlagen,,false,2029,planung,0,208
P,0212601,false,23,einzahlungen_investitionen,Einzahlungen aus Investitionstätigkeit,,true,2024,ergebnis,125150,208
P,0212601,false,23,einzahlungen_investitionen,Einzahlungen aus Investitionstätigkeit,,true,2025,ansatz,100000,208
P,0212601,false,23,einzahlungen_investitionen,Einzahlungen aus Investitionstätigkeit,,true,2026,ansatz,110000,208
P,0212601,false,23,einzahlungen_investitionen,Einzahlungen aus Investitionstätigkeit,,true,2027,planung,110000,208
P,0212601,false,23,einzahlungen_investitionen,Einzahlungen aus Investitionstätigkeit,,true,2028,planung,110000,208
P,0212601,false,23,einzahlungen_investitionen,Einzahlungen aus Investitionstätigkeit,,true,2029,planung,110000,208
P,0212601,false,26,erwerb_bewegliches_anlagevermoegen,Ausz. f. Erwerb von bewegl. Anlagevermögen,,false,2024,ergebnis,483876,208
P,0212601,false,26,erwerb_bewegliches_anlagevermoegen,Ausz. f. Erwerb von bewegl. Anlagevermögen,,false,2025,ansatz,265000,208
P,0212601,false,26,erwerb_bewegliches_anlagevermoegen,Ausz. f. Erwerb von bewegl. Anlagevermögen,,false,2026,ansatz,620000,208
P,0212601,false,26,erwerb_bewegliches_anlagevermoegen,Ausz. f. Erwerb von bewegl. Anlagevermögen,,false,2027,planung,663000,208
P,0212601,false,26,erwerb_bewegliches_anlagevermoegen,Ausz. f. Erwerb von bewegl. Anlagevermögen,,false,2028,planung,212000,208
P,0212601,false,26,erwerb_bewegliches_anlagevermoegen,Ausz. f. Erwerb von bewegl. Anlagevermögen,,false,2029,planung,405000,208
P,0212601,false,30,auszahlungen_investitionen,Auszahlungen aus Investitionstätigkeit,,true,2024,ergebnis,483876,208
P,0212601,false,30,auszahlungen_investitionen,Auszahlungen aus Investitionstätigkeit,,true,2025,ansatz,265000,208
P,0212601,false,30,auszahlungen_investitionen,Auszahlungen aus Investitionstätigkeit,,true,2026,ansatz,620000,208
P,0212601,false,30,auszahlungen_investitionen,Auszahlungen aus Investitionstätigkeit,,true,2027,planung,663000,208
P,0212601,false,30,auszahlungen_investitionen,Auszahlungen aus Investitionstätigkeit,,true,2028,planung,212000,208
P,0212601,false,30,auszahlungen_investitionen,Auszahlungen aus Investitionstätigkeit,,true,2029,planung,405000,208
P,0212601,false,31,saldo_investitionen,Saldo aus Investitionstätigkeit,,true,2024,ergebnis,-358727,208
P,0212601,false,31,saldo_investitionen,Saldo aus Investitionstätigkeit,,true,2025,ansatz,-165000,208
P,0212601,false,31,saldo_investitionen,Saldo aus Investitionstätigkeit,,true,2026,ansatz,-510000,208
P,0212601,false,31,saldo_investitionen,Saldo aus Investitionstätigkeit,,true,2027,planung,-553000,208
P,0212601,false,31,saldo_investitionen,Saldo aus Investitionstätigkeit,,true,2028,planung,-102000,208
P,0212601,false,31,saldo_investitionen,Saldo aus Investitionstätigkeit,,true,2029,planung,-295000,208
P,0321101,false,17,saldo_laufende_verwaltung,Saldo aus lfd. Verw.-tätigkeit,,true,2024,ergebnis,-1310449,221
P,0321101,false,17,saldo_laufende_verwaltung,Saldo aus lfd. Verw.-tätigkeit,,true,2025,ansatz,-522671,221
P,0321101,false,17,saldo_laufende_verwaltung,Saldo aus lfd. Verw.-tätigkeit,,true,2026,ansatz,-528442,221
P,0321101,false,17,saldo_laufende_verwaltung,Saldo aus lfd. Verw.-tätigkeit,,true,2027,planung,-544029,221
P,0321101,false,17,saldo_laufende_verwaltung,Saldo aus lfd. Verw.-tätigkeit,,true,2028,planung,-546201,221
P,0321101,false,17,saldo_laufende_verwaltung,Saldo aus lfd. Verw.-tätigkeit,,true,2029,planung,-585899,221
P,0321101,false,18,investitionszuwendungen,Zuwendungen für Investitionsmaßnahmen,,false,2024,ergebnis,10558,221
P,0321101,false,18,investitionszuwendungen,Zuwendungen für Investitionsmaßnahmen,,false,2025,ansatz,833377,221
P,0321101,false,18,investitionszuwendungen,Zuwendungen für Investitionsmaßnahmen,,false,2026,ansatz,0,221
P,0321101,false,18,investitionszuwendungen,Zuwendungen für Investitionsmaßnahmen,,false,2027,planung,0,221
P,0321101,false,18,investitionszuwendungen,Zuwendungen für Investitionsmaßnahmen,,false,2028,planung,0,221
P,0321101,false,18,investitionszuwendungen,Zuwendungen für Investitionsmaßnahmen,,false,2029,planung,0,221
P,0321101,false,23,einzahlungen_investitionen,Einzahlungen aus Investitionstätigkeit,,true,2024,ergebnis,10558,221
P,0321101,false,23,einzahlungen_investitionen,Einzahlungen aus Investitionstätigkeit,,true,2025,ansatz,833377,221
P,0321101,false,23,einzahlungen_investitionen,Einzahlungen aus Investitionstätigkeit,,true,2026,ansatz,0,221
P,0321101,false,23,einzahlungen_investitionen,Einzahlungen aus Investitionstätigkeit,,true,2027,planung,0,221
P,0321101,false,23,einzahlungen_investitionen,Einzahlungen aus Investitionstätigkeit,,true,2028,planung,0,221
P,0321101,false,23,einzahlungen_investitionen,Einzahlungen aus Investitionstätigkeit,,true,2029,planung,0,221
P,0321101,false,25,baumassnahmen,Ausz. f. Baumaßnahmen,,false,2024,ergebnis,1330845,221
P,0321101,false,25,baumassnahmen,Ausz. f. Baumaßnahmen,,false,2025,ansatz,1185000,221
P,0321101,false,25,baumassnahmen,Ausz. f. Baumaßnahmen,,false,2026,ansatz,1365000,221
P,0321101,false,25,baumassnahmen,Ausz. f. Baumaßnahmen,,false,2027,planung,3015000,221
P,0321101,false,25,baumassnahmen,Ausz. f. Baumaßnahmen,,false,2028,planung,1850000,221
P,0321101,false,25,baumassnahmen,Ausz. f. Baumaßnahmen,,false,2029,planung,500000,221
P,0321101,false,26,erwerb_bewegliches_anlagevermoegen,Ausz. f. Erwerb von bewegl. Anlagevermögen,,false,2024,ergebnis,293568,221
P,0321101,false,26,erwerb_bewegliches_anlagevermoegen,Ausz. f. Erwerb von bewegl. Anlagevermögen,,false,2025,ansatz,127000,221
P,0321101,false,26,erwerb_bewegliches_anlagevermoegen,Ausz. f. Erwerb von bewegl. Anlagevermögen,,false,2026,ansatz,230000,221
P,0321101,false,26,erwerb_bewegliches_anlagevermoegen,Ausz. f. Erwerb von bewegl. Anlagevermögen,,false,2027,planung,128000,221
P,0321101,false,26,erwerb_bewegliches_anlagevermoegen,Ausz. f. Erwerb von bewegl. Anlagevermögen,,false,2028,planung,114000,221
P,0321101,false,26,erwerb_bewegliches_anlagevermoegen,Ausz. f. Erwerb von bewegl. Anlagevermögen,,false,2029,planung,114000,221
P,0321101,false,30,auszahlungen_investitionen,Auszahlungen aus Investitionstätigkeit,,true,2024,ergebnis,1624413,221
P,0321101,false,30,auszahlungen_investitionen,Auszahlungen aus Investitionstätigkeit,,true,2025,ansatz,1312000,221
P,0321101,false,30,auszahlungen_investitionen,Auszahlungen aus Investitionstätigkeit,,true,2026,ansatz,1595000,221
P,0321101,false,30,auszahlungen_investitionen,Auszahlungen aus Investitionstätigkeit,,true,2027,planung,3143000,221
P,0321101,false,30,auszahlungen_investitionen,Auszahlungen aus Investitionstätigkeit,,true,2028,planung,1964000,221
P,0321101,false,30,auszahlungen_investitionen,Auszahlungen aus Investitionstätigkeit,,true,2029,planung,614000,221
P,0321101,false,31,saldo_investitionen,Saldo aus Investitionstätigkeit,,true,2024,ergebnis,-1613855,221
P,0321101,false,31,saldo_investitionen,Saldo aus Investitionstätigkeit,,true,2025,ansatz,-478623,221
P,0321101,false,31,saldo_investitionen,Saldo aus Investitionstätigkeit,,true,2026,ansatz,-1595000,221
P,0321101,false,31,saldo_investitionen,Saldo aus Investitionstätigkeit,,true,2027,planung,-3143000,221
P,0321101,false,31,saldo_investitionen,Saldo aus Investitionstätigkeit,,true,2028,planung,-1964000,221
P,0321101,false,31,saldo_investitionen,Saldo aus Investitionstätigkeit,,true,2029,planung,-614000,221
P,0321801,false,17,saldo_laufende_verwaltung,Saldo aus lfd. Verw.-tätigkeit,,true,2024,ergebnis,-783479,231
P,0321801,false,17,saldo_laufende_verwaltung,Saldo aus lfd. Verw.-tätigkeit,,true,2025,ansatz,-586884,231
P,0321801,false,17,saldo_laufende_verwaltung,Saldo aus lfd. Verw.-tätigkeit,,true,2026,ansatz,-618341,231
P,0321801,false,17,saldo_laufende_verwaltung,Saldo aus lfd. Verw.-tätigkeit,,true,2027,planung,-619055,231
P,0321801,false,17,saldo_laufende_verwaltung,Saldo aus lfd. Verw.-tätigkeit,,true,2028,planung,-643089,231
P,0321801,false,17,saldo_laufende_verwaltung,Saldo aus lfd. Verw.-tätigkeit,,true,2029,planung,-644788,231
P,0321801,false,23,einzahlungen_investitionen,Einzahlungen aus Investitionstätigkeit,,true,2024,ergebnis,0,231
P,0321801,false,23,einzahlungen_investitionen,Einzahlungen aus Investitionstätigkeit,,true,2025,ansatz,0,231
P,0321801,false,23,einzahlungen_investitionen,Einzahlungen aus Investitionstätigkeit,,true,2026,ansatz,0,231
P,0321801,false,23,einzahlungen_investitionen,Einzahlungen aus Investitionstätigkeit,,true,2027,planung,0,231
P,0321801,false,23,einzahlungen_investitionen,Einzahlungen aus Investitionstätigkeit,,true,2028,planung,0,231
P,0321801,false,23,einzahlungen_investitionen,Einzahlungen aus Investitionstätigkeit,,true,2029,planung,0,231
P,0321801,false,25,baumassnahmen,Ausz. f. Baumaßnahmen,,false,2024,ergebnis,0,231
P,0321801,false,25,baumassnahmen,Ausz. f. Baumaßnahmen,,false,2025,ansatz,0,231
P,0321801,false,25,baumassnahmen,Ausz. f. Baumaßnahmen,,false,2026,ansatz,40000,231
P,0321801,false,25,baumassnahmen,Ausz. f. Baumaßnahmen,,false,2027,planung,0,231
P,0321801,false,25,baumassnahmen,Ausz. f. Baumaßnahmen,,false,2028,planung,0,231
P,0321801,false,25,baumassnahmen,Ausz. f. Baumaßnahmen,,false,2029,planung,0,231
P,0321801,false,26,erwerb_bewegliches_anlagevermoegen,Ausz. f. Erwerb von bewegl. Anlagevermögen,,false,2024,ergebnis,13600,231
P,0321801,false,26,erwerb_bewegliches_anlagevermoegen,Ausz. f. Erwerb von bewegl. Anlagevermögen,,false,2025,ansatz,25600,231
P,0321801,false,26,erwerb_bewegliches_anlagevermoegen,Ausz. f. Erwerb von bewegl. Anlagevermögen,,false,2026,ansatz,128100,231
P,0321801,false,26,erwerb_bewegliches_anlagevermoegen,Ausz. f. Erwerb von bewegl. Anlagevermögen,,false,2027,planung,128600,231
P,0321801,false,26,erwerb_bewegliches_anlagevermoegen,Ausz. f. Erwerb von bewegl. Anlagevermögen,,false,2028,planung,114600,231
P,0321801,false,26,erwerb_bewegliches_anlagevermoegen,Ausz. f. Erwerb von bewegl. Anlagevermögen,,false,2029,planung,114600,231
P,0321801,false,30,auszahlungen_investitionen,Auszahlungen aus Investitionstätigkeit,,true,2024,ergebnis,13600,231
P,0321801,false,30,auszahlungen_investitionen,Auszahlungen aus Investitionstätigkeit,,true,2025,ansatz,25600,231
P,0321801,false,30,auszahlungen_investitionen,Auszahlungen aus Investitionstätigkeit,,true,2026,ansatz,168100,231
P,0321801,false,30,auszahlungen_investitionen,Auszahlungen aus Investitionstätigkeit,,true,2027,planung,128600,231
P,0321801,false,30,auszahlungen_investitionen,Auszahlungen aus Investitionstätigkeit,,true,2028,planung,114600,231
P,0321801,false,30,auszahlungen_investitionen,Auszahlungen aus Investitionstätigkeit,,true,2029,planung,114600,231
P,0321801,false,31,saldo_investitionen,Saldo aus Investitionstätigkeit,,true,2024,ergebnis,-13600,231
P,0321801,false,31,saldo_investitionen,Saldo aus Investitionstätigkeit,,true,2025,ansatz,-25600,231
P,0321801,false,31,saldo_investitionen,Saldo aus Investitionstätigkeit,,true,2026,ansatz,-168100,231
P,0321801,false,31,saldo_investitionen,Saldo aus Investitionstätigkeit,,true,2027,planung,-128600,231
P,0321801,false,31,saldo_investitionen,Saldo aus Investitionstätigkeit,,true,2028,planung,-114600,231
P,0321801,false,31,saldo_investitionen,Saldo aus Investitionstätigkeit,,true,2029,planung,-114600,231
P,0323201,false,17,saldo_laufende_verwaltung,Saldo aus lfd. Verw.-tätigkeit,,true,2024,ergebnis,0,239
P,0323201,false,17,saldo_laufende_verwaltung,Saldo aus lfd. Verw.-tätigkeit,,true,2025,ansatz,-1082161,239
P,0323201,false,17,saldo_laufende_verwaltung,Saldo aus lfd. Verw.-tätigkeit,,true,2026,ansatz,-1042642,239
P,0323201,false,17,saldo_laufende_verwaltung,Saldo aus lfd. Verw.-tätigkeit,,true,2027,planung,-1109870,239
P,0323201,false,17,saldo_laufende_verwaltung,Saldo aus lfd. Verw.-tätigkeit,,true,2028,planung,-1170271,239
P,0323201,false,17,saldo_laufende_verwaltung,Saldo aus lfd. Verw.-tätigkeit,,true,2029,planung,-1250136,239
P,0323201,false,23,einzahlungen_investitionen,Einzahlungen aus Investitionstätigkeit,,true,2024,ergebnis,0,239
P,0323201,false,23,einzahlungen_investitionen,Einzahlungen aus Investitionstätigkeit,,true,2025,ansatz,0,239
P,0323201,false,23,einzahlungen_investitionen,Einzahlungen aus Investitionstätigkeit,,true,2026,ansatz,0,239
P,0323201,false,23,einzahlungen_investitionen,Einzahlungen aus Investitionstätigkeit,,true,2027,planung,0,239
P,0323201,false,23,einzahlungen_investitionen,Einzahlungen aus Investitionstätigkeit,,true,2028,planung,0,239
P,0323201,false,23,einzahlungen_investitionen,Einzahlungen aus Investitionstätigkeit,,true,2029,planung,0,239
P,0323201,false,30,auszahlungen_investitionen,Auszahlungen aus Investitionstätigkeit,,true,2024,ergebnis,0,239
P,0323201,false,30,auszahlungen_investitionen,Auszahlungen aus Investitionstätigkeit,,true,2025,ansatz,0,239
P,0323201,false,30,auszahlungen_investitionen,Auszahlungen aus Investitionstätigkeit,,true,2026,ansatz,0,239
P,0323201,false,30,auszahlungen_investitionen,Auszahlungen aus Investitionstätigkeit,,true,2027,planung,0,239
P,0323201,false,30,auszahlungen_investitionen,Auszahlungen aus Investitionstätigkeit,,true,2028,planung,0,239
P,0323201,false,30,auszahlungen_investitionen,Auszahlungen aus Investitionstätigkeit,,true,2029,planung,0,239
P,0323201,false,31,saldo_investitionen,Saldo aus Investitionstätigkeit,,true,2024,ergebnis,0,239
P,0323201,false,31,saldo_investitionen,Saldo aus Investitionstätigkeit,,true,2025,ansatz,0,239
P,0323201,false,31,saldo_investitionen,Saldo aus Investitionstätigkeit,,true,2026,ansatz,0,239
P,0323201,false,31,saldo_investitionen,Saldo aus Investitionstätigkeit,,true,2027,planung,0,239
P,0323201,false,31,saldo_investitionen,Saldo aus Investitionstätigkeit,,true,2028,planung,0,239
P,0323201,false,31,saldo_investitionen,Saldo aus Investitionstätigkeit,,true,2029,planung,0,239
P,0324101,false,17,saldo_laufende_verwaltung,Saldo aus lfd. Verw.-tätigkeit,,true,2024,ergebnis,-705635,244
P,0324101,false,17,saldo_laufende_verwaltung,Saldo aus lfd. Verw.-tätigkeit,,true,2025,ansatz,-791738,244
P,0324101,false,17,saldo_laufende_verwaltung,Saldo aus lfd. Verw.-tätigkeit,,true,2026,ansatz,-888215,244
P,0324101,false,17,saldo_laufende_verwaltung,Saldo aus lfd. Verw.-tätigkeit,,true,2027,planung,-937097,244
P,0324101,false,17,saldo_laufende_verwaltung,Saldo aus lfd. Verw.-tätigkeit,,true,2028,planung,-989937,244
P,0324101,false,17,saldo_laufende_verwaltung,Saldo aus lfd. Verw.-tätigkeit,,true,2029,planung,-1038283,244
P,0324101,false,23,einzahlungen_investitionen,Einzahlungen aus Investitionstätigkeit,,true,2024,ergebnis,0,244
P,0324101,false,23,einzahlungen_investitionen,Einzahlungen aus Investitionstätigkeit,,true,2025,ansatz,0,244
P,0324101,false,23,einzahlungen_investitionen,Einzahlungen aus Investitionstätigkeit,,true,2026,ansatz,0,244
P,0324101,false,23,einzahlungen_investitionen,Einzahlungen aus Investitionstätigkeit,,true,2027,planung,0,244
P,0324101,false,23,einzahlungen_investitionen,Einzahlungen aus Investitionstätigkeit,,true,2028,planung,0,244
P,0324101,false,23,einzahlungen_investitionen,Einzahlungen aus Investitionstätigkeit,,true,2029,planung,0,244
P,0324101,false,30,auszahlungen_investitionen,Auszahlungen aus Investitionstätigkeit,,true,2024,ergebnis,0,244
P,0324101,false,30,auszahlungen_investitionen,Auszahlungen aus Investitionstätigkeit,,true,2025,ansatz,0,244
P,0324101,false,30,auszahlungen_investitionen,Auszahlungen aus Investitionstätigkeit,,true,2026,ansatz,0,244
P,0324101,false,30,auszahlungen_investitionen,Auszahlungen aus Investitionstätigkeit,,true,2027,planung,0,244
P,0324101,false,30,auszahlungen_investitionen,Auszahlungen aus Investitionstätigkeit,,true,2028,planung,0,244
P,0324101,false,30,auszahlungen_investitionen,Auszahlungen aus Investitionstätigkeit,,true,2029,planung,0,244
P,0324101,false,31,saldo_investitionen,Saldo aus Investitionstätigkeit,,true,2024,ergebnis,0,245
P,0324101,false,31,saldo_investitionen,Saldo aus Investitionstätigkeit,,true,2025,ansatz,0,245
P,0324101,false,31,saldo_investitionen,Saldo aus Investitionstätigkeit,,true,2026,ansatz,0,245
P,0324101,false,31,saldo_investitionen,Saldo aus Investitionstätigkeit,,true,2027,planung,0,245
P,0324101,false,31,saldo_investitionen,Saldo aus Investitionstätigkeit,,true,2028,planung,0,245
P,0324101,false,31,saldo_investitionen,Saldo aus Investitionstätigkeit,,true,2029,planung,0,245
P,0426301,false,17,saldo_laufende_verwaltung,Saldo aus lfd. Verw.-tätigkeit,,true,2024,ergebnis,-89128,253
P,0426301,false,17,saldo_laufende_verwaltung,Saldo aus lfd. Verw.-tätigkeit,,true,2025,ansatz,-93449,253
P,0426301,false,17,saldo_laufende_verwaltung,Saldo aus lfd. Verw.-tätigkeit,,true,2026,ansatz,-96823,253
P,0426301,false,17,saldo_laufende_verwaltung,Saldo aus lfd. Verw.-tätigkeit,,true,2027,planung,-100663,253
P,0426301,false,17,saldo_laufende_verwaltung,Saldo aus lfd. Verw.-tätigkeit,,true,2028,planung,-104613,253
P,0426301,false,17,saldo_laufende_verwaltung,Saldo aus lfd. Verw.-tätigkeit,,true,2029,planung,-108789,253
P,0426301,false,23,einzahlungen_investitionen,Einzahlungen aus Investitionstätigkeit,,true,2024,ergebnis,0,253
P,0426301,false,23,einzahlungen_investitionen,Einzahlungen aus Investitionstätigkeit,,true,2025,ansatz,0,253
P,0426301,false,23,einzahlungen_investitionen,Einzahlungen aus Investitionstätigkeit,,true,2026,ansatz,0,253
P,0426301,false,23,einzahlungen_investitionen,Einzahlungen aus Investitionstätigkeit,,true,2027,planung,0,253
P,0426301,false,23,einzahlungen_investitionen,Einzahlungen aus Investitionstätigkeit,,true,2028,planung,0,253
P,0426301,false,23,einzahlungen_investitionen,Einzahlungen aus Investitionstätigkeit,,true,2029,planung,0,253
P,0426301,false,30,auszahlungen_investitionen,Auszahlungen aus Investitionstätigkeit,,true,2024,ergebnis,0,253
P,0426301,false,30,auszahlungen_investitionen,Auszahlungen aus Investitionstätigkeit,,true,2025,ansatz,0,253
P,0426301,false,30,auszahlungen_investitionen,Auszahlungen aus Investitionstätigkeit,,true,2026,ansatz,0,253
P,0426301,false,30,auszahlungen_investitionen,Auszahlungen aus Investitionstätigkeit,,true,2027,planung,0,253
P,0426301,false,30,auszahlungen_investitionen,Auszahlungen aus Investitionstätigkeit,,true,2028,planung,0,253
P,0426301,false,30,auszahlungen_investitionen,Auszahlungen aus Investitionstätigkeit,,true,2029,planung,0,253
P,0426301,false,31,saldo_investitionen,Saldo aus Investitionstätigkeit,,true,2024,ergebnis,0,253
P,0426301,false,31,saldo_investitionen,Saldo aus Investitionstätigkeit,,true,2025,ansatz,0,253
P,0426301,false,31,saldo_investitionen,Saldo aus Investitionstätigkeit,,true,2026,ansatz,0,253
P,0426301,false,31,saldo_investitionen,Saldo aus Investitionstätigkeit,,true,2027,planung,0,253
P,0426301,false,31,saldo_investitionen,Saldo aus Investitionstätigkeit,,true,2028,planung,0,253
P,0426301,false,31,saldo_investitionen,Saldo aus Investitionstätigkeit,,true,2029,planung,0,253
P,0427101,false,17,saldo_laufende_verwaltung,Saldo aus lfd. Verw.-tätigkeit,,true,2024,ergebnis,-60998,257
P,0427101,false,17,saldo_laufende_verwaltung,Saldo aus lfd. Verw.-tätigkeit,,true,2025,ansatz,-63682,257
P,0427101,false,17,saldo_laufende_verwaltung,Saldo aus lfd. Verw.-tätigkeit,,true,2026,ansatz,-68719,257
P,0427101,false,17,saldo_laufende_verwaltung,Saldo aus lfd. Verw.-tätigkeit,,true,2027,planung,-71475,257
P,0427101,false,17,saldo_laufende_verwaltung,Saldo aus lfd. Verw.-tätigkeit,,true,2028,planung,-74213,257
P,0427101,false,17,saldo_laufende_verwaltung,Saldo aus lfd. Verw.-tätigkeit,,true,2029,planung,-77453,257
P,0427101,false,23,einzahlungen_investitionen,Einzahlungen aus Investitionstätigkeit,,true,2024,ergebnis,0,257
P,0427101,false,23,einzahlungen_investitionen,Einzahlungen aus Investitionstätigkeit,,true,2025,ansatz,0,257
P,0427101,false,23,einzahlungen_investitionen,Einzahlungen aus Investitionstätigkeit,,true,2026,ansatz,0,257
P,0427101,false,23,einzahlungen_investitionen,Einzahlungen aus Investitionstätigkeit,,true,2027,planung,0,257
P,0427101,false,23,einzahlungen_investitionen,Einzahlungen aus Investitionstätigkeit,,true,2028,planung,0,257
P,0427101,false,23,einzahlungen_investitionen,Einzahlungen aus Investitionstätigkeit,,true,2029,planung,0,257
P,0427101,false,30,auszahlungen_investitionen,Auszahlungen aus Investitionstätigkeit,,true,2024,ergebnis,0,257
P,0427101,false,30,auszahlungen_investitionen,Auszahlungen aus Investitionstätigkeit,,true,2025,ansatz,0,257
P,0427101,false,30,auszahlungen_investitionen,Auszahlungen aus Investitionstätigkeit,,true,2026,ansatz,0,257
P,0427101,false,30,auszahlungen_investitionen,Auszahlungen aus Investitionstätigkeit,,true,2027,planung,0,257
P,0427101,false,30,auszahlungen_investitionen,Auszahlungen aus Investitionstätigkeit,,true,2028,planung,0,257
P,0427101,false,30,auszahlungen_investitionen,Auszahlungen aus Investitionstätigkeit,,true,2029,planung,0,257
P,0427101,false,31,saldo_investitionen,Saldo aus Investitionstätigkeit,,true,2024,ergebnis,0,257
P,0427101,false,31,saldo_investitionen,Saldo aus Investitionstätigkeit,,true,2025,ansatz,0,257
P,0427101,false,31,saldo_investitionen,Saldo aus Investitionstätigkeit,,true,2026,ansatz,0,257
P,0427101,false,31,saldo_investitionen,Saldo aus Investitionstätigkeit,,true,2027,planung,0,257
P,0427101,false,31,saldo_investitionen,Saldo aus Investitionstätigkeit,,true,2028,planung,0,257
P,0427101,false,31,saldo_investitionen,Saldo aus Investitionstätigkeit,,true,2029,planung,0,257
P,0427201,false,17,saldo_laufende_verwaltung,Saldo aus lfd. Verw.-tätigkeit,,true,2024,ergebnis,-14655,261
P,0427201,false,17,saldo_laufende_verwaltung,Saldo aus lfd. Verw.-tätigkeit,,true,2025,ansatz,-15261,261
P,0427201,false,17,saldo_laufende_verwaltung,Saldo aus lfd. Verw.-tätigkeit,,true,2026,ansatz,-15207,261
P,0427201,false,17,saldo_laufende_verwaltung,Saldo aus lfd. Verw.-tätigkeit,,true,2027,planung,-15246,261
P,0427201,false,17,saldo_laufende_verwaltung,Saldo aus lfd. Verw.-tätigkeit,,true,2028,planung,-15285,261
P,0427201,false,17,saldo_laufende_verwaltung,Saldo aus lfd. Verw.-tätigkeit,,true,2029,planung,-15333,261
P,0427201,false,23,einzahlungen_investitionen,Einzahlungen aus Investitionstätigkeit,,true,2024,ergebnis,0,261
P,0427201,false,23,einzahlungen_investitionen,Einzahlungen aus Investitionstätigkeit,,true,2025,ansatz,0,261
P,0427201,false,23,einzahlungen_investitionen,Einzahlungen aus Investitionstätigkeit,,true,2026,ansatz,0,261
P,0427201,false,23,einzahlungen_investitionen,Einzahlungen aus Investitionstätigkeit,,true,2027,planung,0,261
P,0427201,false,23,einzahlungen_investitionen,Einzahlungen aus Investitionstätigkeit,,true,2028,planung,0,261
P,0427201,false,23,einzahlungen_investitionen,Einzahlungen aus Investitionstätigkeit,,true,2029,planung,0,261
P,0427201,false,30,auszahlungen_investitionen,Auszahlungen aus Investitionstätigkeit,,true,2024,ergebnis,0,261
P,0427201,false,30,auszahlungen_investitionen,Auszahlungen aus Investitionstätigkeit,,true,2025,ansatz,0,261
P,0427201,false,30,auszahlungen_investitionen,Auszahlungen aus Investitionstätigkeit,,true,2026,ansatz,0,261
P,0427201,false,30,auszahlungen_investitionen,Auszahlungen aus Investitionstätigkeit,,true,2027,planung,0,261
P,0427201,false,30,auszahlungen_investitionen,Auszahlungen aus Investitionstätigkeit,,true,2028,planung,0,261
P,0427201,false,30,auszahlungen_investitionen,Auszahlungen aus Investitionstätigkeit,,true,2029,planung,0,261
P,0427201,false,31,saldo_investitionen,Saldo aus Investitionstätigkeit,,true,2024,ergebnis,0,261
P,0427201,false,31,saldo_investitionen,Saldo aus Investitionstätigkeit,,true,2025,ansatz,0,261
P,0427201,false,31,saldo_investitionen,Saldo aus Investitionstätigkeit,,true,2026,ansatz,0,261
P,0427201,false,31,saldo_investitionen,Saldo aus Investitionstätigkeit,,true,2027,planung,0,261
P,0427201,false,31,saldo_investitionen,Saldo aus Investitionstätigkeit,,true,2028,planung,0,261
P,0427201,false,31,saldo_investitionen,Saldo aus Investitionstätigkeit,,true,2029,planung,0,261
P,0428101,false,17,saldo_laufende_verwaltung,Saldo aus lfd. Verw.-tätigkeit,,true,2024,ergebnis,-54792,266
P,0428101,false,17,saldo_laufende_verwaltung,Saldo aus lfd. Verw.-tätigkeit,,true,2025,ansatz,-40154,266
P,0428101,false,17,saldo_laufende_verwaltung,Saldo aus lfd. Verw.-tätigkeit,,true,2026,ansatz,-38004,266
P,0428101,false,17,saldo_laufende_verwaltung,Saldo aus lfd. Verw.-tätigkeit,,true,2027,planung,-38680,266
P,0428101,false,17,saldo_laufende_verwaltung,Saldo aus lfd. Verw.-tätigkeit,,true,2028,planung,-39407,266
P,0428101,false,17,saldo_laufende_verwaltung,Saldo aus lfd. Verw.-tätigkeit,,true,2029,planung,-40157,266
P,0428101,false,23,einzahlungen_investitionen,Einzahlungen aus Investitionstätigkeit,,true,2024,ergebnis,0,266
P,0428101,false,23,einzahlungen_investitionen,Einzahlungen aus Investitionstätigkeit,,true,2025,ansatz,0,266
P,0428101,false,23,einzahlungen_investitionen,Einzahlungen aus Investitionstätigkeit,,true,2026,ansatz,0,266
P,0428101,false,23,einzahlungen_investitionen,Einzahlungen aus Investitionstätigkeit,,true,2027,planung,0,266
P,0428101,false,23,einzahlungen_investitionen,Einzahlungen aus Investitionstätigkeit,,true,2028,planung,0,266
P,0428101,false,23,einzahlungen_investitionen,Einzahlungen aus Investitionstätigkeit,,true,2029,planung,0,266
P,0428101,false,26,erwerb_bewegliches_anlagevermoegen,Ausz. f. Erwerb von bewegl. Anlagevermögen,,false,2024,ergebnis,0,266
P,0428101,false,26,erwerb_bewegliches_anlagevermoegen,Ausz. f. Erwerb von bewegl. Anlagevermögen,,false,2025,ansatz,1000,266
P,0428101,false,26,erwerb_bewegliches_anlagevermoegen,Ausz. f. Erwerb von bewegl. Anlagevermögen,,false,2026,ansatz,1000,266
P,0428101,false,26,erwerb_bewegliches_anlagevermoegen,Ausz. f. Erwerb von bewegl. Anlagevermögen,,false,2027,planung,1000,266
P,0428101,false,26,erwerb_bewegliches_anlagevermoegen,Ausz. f. Erwerb von bewegl. Anlagevermögen,,false,2028,planung,1000,266
P,0428101,false,26,erwerb_bewegliches_anlagevermoegen,Ausz. f. Erwerb von bewegl. Anlagevermögen,,false,2029,planung,1000,266
P,0428101,false,30,auszahlungen_investitionen,Auszahlungen aus Investitionstätigkeit,,true,2024,ergebnis,0,266
P,0428101,false,30,auszahlungen_investitionen,Auszahlungen aus Investitionstätigkeit,,true,2025,ansatz,1000,266
P,0428101,false,30,auszahlungen_investitionen,Auszahlungen aus Investitionstätigkeit,,true,2026,ansatz,1000,266
P,0428101,false,30,auszahlungen_investitionen,Auszahlungen aus Investitionstätigkeit,,true,2027,planung,1000,266
P,0428101,false,30,auszahlungen_investitionen,Auszahlungen aus Investitionstätigkeit,,true,2028,planung,1000,266
P,0428101,false,30,auszahlungen_investitionen,Auszahlungen aus Investitionstätigkeit,,true,2029,planung,1000,266
P,0428101,false,31,saldo_investitionen,Saldo aus Investitionstätigkeit,,true,2024,ergebnis,0,266
P,0428101,false,31,saldo_investitionen,Saldo aus Investitionstätigkeit,,true,2025,ansatz,-1000,266
P,0428101,false,31,saldo_investitionen,Saldo aus Investitionstätigkeit,,true,2026,ansatz,-1000,266
P,0428101,false,31,saldo_investitionen,Saldo aus Investitionstätigkeit,,true,2027,planung,-1000,266
P,0428101,false,31,saldo_investitionen,Saldo aus Investitionstätigkeit,,true,2028,planung,-1000,266
P,0428101,false,31,saldo_investitionen,Saldo aus Investitionstätigkeit,,true,2029,planung,-1000,266
P,0428102,false,17,saldo_laufende_verwaltung,Saldo aus lfd. Verw.-tätigkeit,,true,2024,ergebnis,-170844,271
P,0428102,false,17,saldo_laufende_verwaltung,Saldo aus lfd. Verw.-tätigkeit,,true,2025,ansatz,-206813,271
P,0428102,false,17,saldo_laufende_verwaltung,Saldo aus lfd. Verw.-tätigkeit,,true,2026,ansatz,-178909,271
P,0428102,false,17,saldo_laufende_verwaltung,Saldo aus lfd. Verw.-tätigkeit,,true,2027,planung,-126446,271
P,0428102,false,17,saldo_laufende_verwaltung,Saldo aus lfd. Verw.-tätigkeit,,true,2028,planung,-128923,271
P,0428102,false,17,saldo_laufende_verwaltung,Saldo aus lfd. Verw.-tätigkeit,,true,2029,planung,-134379,271
P,0428102,false,23,einzahlungen_investitionen,Einzahlungen aus Investitionstätigkeit,,true,2024,ergebnis,0,271
P,0428102,false,23,einzahlungen_investitionen,Einzahlungen aus Investitionstätigkeit,,true,2025,ansatz,0,271
P,0428102,false,23,einzahlungen_investitionen,Einzahlungen aus Investitionstätigkeit,,true,2026,ansatz,0,271
P,0428102,false,23,einzahlungen_investitionen,Einzahlungen aus Investitionstätigkeit,,true,2027,planung,0,271
P,0428102,false,23,einzahlungen_investitionen,Einzahlungen aus Investitionstätigkeit,,true,2028,planung,0,271
P,0428102,false,23,einzahlungen_investitionen,Einzahlungen aus Investitionstätigkeit,,true,2029,planung,0,271
P,0428102,false,30,auszahlungen_investitionen,Auszahlungen aus Investitionstätigkeit,,true,2024,ergebnis,0,271
P,0428102,false,30,auszahlungen_investitionen,Auszahlungen aus Investitionstätigkeit,,true,2025,ansatz,0,271
P,0428102,false,30,auszahlungen_investitionen,Auszahlungen aus Investitionstätigkeit,,true,2026,ansatz,0,271
P,0428102,false,30,auszahlungen_investitionen,Auszahlungen aus Investitionstätigkeit,,true,2027,planung,0,271
P,0428102,false,30,auszahlungen_investitionen,Auszahlungen aus Investitionstätigkeit,,true,2028,planung,0,271
P,0428102,false,30,auszahlungen_investitionen,Auszahlungen aus Investitionstätigkeit,,true,2029,planung,0,271
P,0428102,false,31,saldo_investitionen,Saldo aus Investitionstätigkeit,,true,2024,ergebnis,0,271
P,0428102,false,31,saldo_investitionen,Saldo aus Investitionstätigkeit,,true,2025,ansatz,0,271
P,0428102,false,31,saldo_investitionen,Saldo aus Investitionstätigkeit,,true,2026,ansatz,0,271
P,0428102,false,31,saldo_investitionen,Saldo aus Investitionstätigkeit,,true,2027,planung,0,271
P,0428102,false,31,saldo_investitionen,Saldo aus Investitionstätigkeit,,true,2028,planung,0,271
P,0428102,false,31,saldo_investitionen,Saldo aus Investitionstätigkeit,,true,2029,planung,0,271
P,0531201,false,17,saldo_laufende_verwaltung,Saldo aus lfd. Verw.-tätigkeit,,true,2024,ergebnis,-853797,280
P,0531201,false,17,saldo_laufende_verwaltung,Saldo aus lfd. Verw.-tätigkeit,,true,2025,ansatz,0,280
P,0531201,false,17,saldo_laufende_verwaltung,Saldo aus lfd. Verw.-tätigkeit,,true,2026,ansatz,0,280
P,0531201,false,17,saldo_laufende_verwaltung,Saldo aus lfd. Verw.-tätigkeit,,true,2027,planung,0,280
P,0531201,false,17,saldo_laufende_verwaltung,Saldo aus lfd. Verw.-tätigkeit,,true,2028,planung,0,280
P,0531201,false,17,saldo_laufende_verwaltung,Saldo aus lfd. Verw.-tätigkeit,,true,2029,planung,0,280
P,0531201,false,23,einzahlungen_investitionen,Einzahlungen aus Investitionstätigkeit,,true,2024,ergebnis,0,280
P,0531201,false,23,einzahlungen_investitionen,Einzahlungen aus Investitionstätigkeit,,true,2025,ansatz,0,280
P,0531201,false,23,einzahlungen_investitionen,Einzahlungen aus Investitionstätigkeit,,true,2026,ansatz,0,280
P,0531201,false,23,einzahlungen_investitionen,Einzahlungen aus Investitionstätigkeit,,true,2027,planung,0,280
P,0531201,false,23,einzahlungen_investitionen,Einzahlungen aus Investitionstätigkeit,,true,2028,planung,0,280
P,0531201,false,23,einzahlungen_investitionen,Einzahlungen aus Investitionstätigkeit,,true,2029,planung,0,280
P,0531201,false,30,auszahlungen_investitionen,Auszahlungen aus Investitionstätigkeit,,true,2024,ergebnis,0,280
P,0531201,false,30,auszahlungen_investitionen,Auszahlungen aus Investitionstätigkeit,,true,2025,ansatz,0,280
P,0531201,false,30,auszahlungen_investitionen,Auszahlungen aus Investitionstätigkeit,,true,2026,ansatz,0,280
P,0531201,false,30,auszahlungen_investitionen,Auszahlungen aus Investitionstätigkeit,,true,2027,planung,0,280
P,0531201,false,30,auszahlungen_investitionen,Auszahlungen aus Investitionstätigkeit,,true,2028,planung,0,280
P,0531201,false,30,auszahlungen_investitionen,Auszahlungen aus Investitionstätigkeit,,true,2029,planung,0,280
P,0531201,false,31,saldo_investitionen,Saldo aus Investitionstätigkeit,,true,2024,ergebnis,0,281
P,0531201,false,31,saldo_investitionen,Saldo aus Investitionstätigkeit,,true,2025,ansatz,0,281
P,0531201,false,31,saldo_investitionen,Saldo aus Investitionstätigkeit,,true,2026,ansatz,0,281
P,0531201,false,31,saldo_investitionen,Saldo aus Investitionstätigkeit,,true,2027,planung,0,281
P,0531201,false,31,saldo_investitionen,Saldo aus Investitionstätigkeit,,true,2028,planung,0,281
P,0531201,false,31,saldo_investitionen,Saldo aus Investitionstätigkeit,,true,2029,planung,0,281
P,0531301,false,17,saldo_laufende_verwaltung,Saldo aus lfd. Verw.-tätigkeit,,true,2024,ergebnis,-326095,285
P,0531301,false,17,saldo_laufende_verwaltung,Saldo aus lfd. Verw.-tätigkeit,,true,2025,ansatz,-1122442,285
P,0531301,false,17,saldo_laufende_verwaltung,Saldo aus lfd. Verw.-tätigkeit,,true,2026,ansatz,-642021,285
P,0531301,false,17,saldo_laufende_verwaltung,Saldo aus lfd. Verw.-tätigkeit,,true,2027,planung,-645715,285
P,0531301,false,17,saldo_laufende_verwaltung,Saldo aus lfd. Verw.-tätigkeit,,true,2028,planung,-650102,285
P,0531301,false,17,saldo_laufende_verwaltung,Saldo aus lfd. Verw.-tätigkeit,,true,2029,planung,-654786,285
P,0531301,false,23,einzahlungen_investitionen,Einzahlungen aus Investitionstätigkeit,,true,2024,ergebnis,0,286
P,0531301,false,23,einzahlungen_investitionen,Einzahlungen aus Investitionstätigkeit,,true,2025,ansatz,0,286
P,0531301,false,23,einzahlungen_investitionen,Einzahlungen aus Investitionstätigkeit,,true,2026,ansatz,0,286
P,0531301,false,23,einzahlungen_investitionen,Einzahlungen aus Investitionstätigkeit,,true,2027,planung,0,286
P,0531301,false,23,einzahlungen_investitionen,Einzahlungen aus Investitionstätigkeit,,true,2028,planung,0,286
P,0531301,false,23,einzahlungen_investitionen,Einzahlungen aus Investitionstätigkeit,,true,2029,planung,0,286
P,0531301,false,30,auszahlungen_investitionen,Auszahlungen aus Investitionstätigkeit,,true,2024,ergebnis,0,286
P,0531301,false,30,auszahlungen_investitionen,Auszahlungen aus Investitionstätigkeit,,true,2025,ansatz,0,286
P,0531301,false,30,auszahlungen_investitionen,Auszahlungen aus Investitionstätigkeit,,true,2026,ansatz,0,286
P,0531301,false,30,auszahlungen_investitionen,Auszahlungen aus Investitionstätigkeit,,true,2027,planung,0,286
P,0531301,false,30,auszahlungen_investitionen,Auszahlungen aus Investitionstätigkeit,,true,2028,planung,0,286
P,0531301,false,30,auszahlungen_investitionen,Auszahlungen aus Investitionstätigkeit,,true,2029,planung,0,286
P,0531301,false,31,saldo_investitionen,Saldo aus Investitionstätigkeit,,true,2024,ergebnis,0,286
P,0531301,false,31,saldo_investitionen,Saldo aus Investitionstätigkeit,,true,2025,ansatz,0,286
P,0531301,false,31,saldo_investitionen,Saldo aus Investitionstätigkeit,,true,2026,ansatz,0,286
P,0531301,false,31,saldo_investitionen,Saldo aus Investitionstätigkeit,,true,2027,planung,0,286
P,0531301,false,31,saldo_investitionen,Saldo aus Investitionstätigkeit,,true,2028,planung,0,286
P,0531301,false,31,saldo_investitionen,Saldo aus Investitionstätigkeit,,true,2029,planung,0,286
P,0531601,false,17,saldo_laufende_verwaltung,Saldo aus lfd. Verw.-tätigkeit,,true,2024,ergebnis,0,291
P,0531601,false,17,saldo_laufende_verwaltung,Saldo aus lfd. Verw.-tätigkeit,,true,2025,ansatz,-1127096,291
P,0531601,false,17,saldo_laufende_verwaltung,Saldo aus lfd. Verw.-tätigkeit,,true,2026,ansatz,-929334,291
P,0531601,false,17,saldo_laufende_verwaltung,Saldo aus lfd. Verw.-tätigkeit,,true,2027,planung,-978844,291
P,0531601,false,17,saldo_laufende_verwaltung,Saldo aus lfd. Verw.-tätigkeit,,true,2028,planung,-1028775,291
P,0531601,false,17,saldo_laufende_verwaltung,Saldo aus lfd. Verw.-tätigkeit,,true,2029,planung,-1082198,291
P,0531601,false,23,einzahlungen_investitionen,Einzahlungen aus Investitionstätigkeit,,true,2024,ergebnis,0,291
P,0531601,false,23,einzahlungen_investitionen,Einzahlungen aus Investitionstätigkeit,,true,2025,ansatz,0,291
P,0531601,false,23,einzahlungen_investitionen,Einzahlungen aus Investitionstätigkeit,,true,2026,ansatz,0,291
P,0531601,false,23,einzahlungen_investitionen,Einzahlungen aus Investitionstätigkeit,,true,2027,planung,0,291
P,0531601,false,23,einzahlungen_investitionen,Einzahlungen aus Investitionstätigkeit,,true,2028,planung,0,291
P,0531601,false,23,einzahlungen_investitionen,Einzahlungen aus Investitionstätigkeit,,true,2029,planung,0,291
P,0531601,false,30,auszahlungen_investitionen,Auszahlungen aus Investitionstätigkeit,,true,2024,ergebnis,0,291
P,0531601,false,30,auszahlungen_investitionen,Auszahlungen aus Investitionstätigkeit,,true,2025,ansatz,0,291
P,0531601,false,30,auszahlungen_investitionen,Auszahlungen aus Investitionstätigkeit,,true,2026,ansatz,0,291
P,0531601,false,30,auszahlungen_investitionen,Auszahlungen aus Investitionstätigkeit,,true,2027,planung,0,291
P,0531601,false,30,auszahlungen_investitionen,Auszahlungen aus Investitionstätigkeit,,true,2028,planung,0,291
P,0531601,false,30,auszahlungen_investitionen,Auszahlungen aus Investitionstätigkeit,,true,2029,planung,0,291
P,0531601,false,31,saldo_investitionen,Saldo aus Investitionstätigkeit,,true,2024,ergebnis,0,292
P,0531601,false,31,saldo_investitionen,Saldo aus Investitionstätigkeit,,true,2025,ansatz,0,292
P,0531601,false,31,saldo_investitionen,Saldo aus Investitionstätigkeit,,true,2026,ansatz,0,292
P,0531601,false,31,saldo_investitionen,Saldo aus Investitionstätigkeit,,true,2027,planung,0,292
P,0531601,false,31,saldo_investitionen,Saldo aus Investitionstätigkeit,,true,2028,planung,0,292
P,0531601,false,31,saldo_investitionen,Saldo aus Investitionstätigkeit,,true,2029,planung,0,292
P,0531701,false,17,saldo_laufende_verwaltung,Saldo aus lfd. Verw.-tätigkeit,,true,2024,ergebnis,0,296
P,0531701,false,17,saldo_laufende_verwaltung,Saldo aus lfd. Verw.-tätigkeit,,true,2025,ansatz,-553,296
P,0531701,false,17,saldo_laufende_verwaltung,Saldo aus lfd. Verw.-tätigkeit,,true,2026,ansatz,-554,296
P,0531701,false,17,saldo_laufende_verwaltung,Saldo aus lfd. Verw.-tätigkeit,,true,2027,planung,-529,296
P,0531701,false,17,saldo_laufende_verwaltung,Saldo aus lfd. Verw.-tätigkeit,,true,2028,planung,-504,296
P,0531701,false,17,saldo_laufende_verwaltung,Saldo aus lfd. Verw.-tätigkeit,,true,2029,planung,-634,296
P,0531701,false,23,einzahlungen_investitionen,Einzahlungen aus Investitionstätigkeit,,true,2024,ergebnis,0,296
P,0531701,false,23,einzahlungen_investitionen,Einzahlungen aus Investitionstätigkeit,,true,2025,ansatz,0,296
P,0531701,false,23,einzahlungen_investitionen,Einzahlungen aus Investitionstätigkeit,,true,2026,ansatz,0,296
P,0531701,false,23,einzahlungen_investitionen,Einzahlungen aus Investitionstätigkeit,,true,2027,planung,0,296
P,0531701,false,23,einzahlungen_investitionen,Einzahlungen aus Investitionstätigkeit,,true,2028,planung,0,296
P,0531701,false,23,einzahlungen_investitionen,Einzahlungen aus Investitionstätigkeit,,true,2029,planung,0,296
P,0531701,false,30,auszahlungen_investitionen,Auszahlungen aus Investitionstätigkeit,,true,2024,ergebnis,0,296
P,0531701,false,30,auszahlungen_investitionen,Auszahlungen aus Investitionstätigkeit,,true,2025,ansatz,0,296
P,0531701,false,30,auszahlungen_investitionen,Auszahlungen aus Investitionstätigkeit,,true,2026,ansatz,0,296
P,0531701,false,30,auszahlungen_investitionen,Auszahlungen aus Investitionstätigkeit,,true,2027,planung,0,296
P,0531701,false,30,auszahlungen_investitionen,Auszahlungen aus Investitionstätigkeit,,true,2028,planung,0,296
P,0531701,false,30,auszahlungen_investitionen,Auszahlungen aus Investitionstätigkeit,,true,2029,planung,0,296
P,0531701,false,31,saldo_investitionen,Saldo aus Investitionstätigkeit,,true,2024,ergebnis,0,296
P,0531701,false,31,saldo_investitionen,Saldo aus Investitionstätigkeit,,true,2025,ansatz,0,296
P,0531701,false,31,saldo_investitionen,Saldo aus Investitionstätigkeit,,true,2026,ansatz,0,296
P,0531701,false,31,saldo_investitionen,Saldo aus Investitionstätigkeit,,true,2027,planung,0,296
P,0531701,false,31,saldo_investitionen,Saldo aus Investitionstätigkeit,,true,2028,planung,0,296
P,0531701,false,31,saldo_investitionen,Saldo aus Investitionstätigkeit,,true,2029,planung,0,296
P,0531801,false,17,saldo_laufende_verwaltung,Saldo aus lfd. Verw.-tätigkeit,,true,2024,ergebnis,0,301
P,0531801,false,17,saldo_laufende_verwaltung,Saldo aus lfd. Verw.-tätigkeit,,true,2025,ansatz,-56485,301
P,0531801,false,17,saldo_laufende_verwaltung,Saldo aus lfd. Verw.-tätigkeit,,true,2026,ansatz,-48851,301
P,0531801,false,17,saldo_laufende_verwaltung,Saldo aus lfd. Verw.-tätigkeit,,true,2027,planung,-48536,301
P,0531801,false,17,saldo_laufende_verwaltung,Saldo aus lfd. Verw.-tätigkeit,,true,2028,planung,-49101,301
P,0531801,false,17,saldo_laufende_verwaltung,Saldo aus lfd. Verw.-tätigkeit,,true,2029,planung,-49282,301
P,0531801,false,23,einzahlungen_investitionen,Einzahlungen aus Investitionstätigkeit,,true,2024,ergebnis,0,301
P,0531801,false,23,einzahlungen_investitionen,Einzahlungen aus Investitionstätigkeit,,true,2025,ansatz,0,301
P,0531801,false,23,einzahlungen_investitionen,Einzahlungen aus Investitionstätigkeit,,true,2026,ansatz,0,301
P,0531801,false,23,einzahlungen_investitionen,Einzahlungen aus Investitionstätigkeit,,true,2027,planung,0,301
P,0531801,false,23,einzahlungen_investitionen,Einzahlungen aus Investitionstätigkeit,,true,2028,planung,0,301
P,0531801,false,23,einzahlungen_investitionen,Einzahlungen aus Investitionstätigkeit,,true,2029,planung,0,301
P,0531801,false,30,auszahlungen_investitionen,Auszahlungen aus Investitionstätigkeit,,true,2024,ergebnis,0,301
P,0531801,false,30,auszahlungen_investitionen,Auszahlungen aus Investitionstätigkeit,,true,2025,ansatz,0,301
P,0531801,false,30,auszahlungen_investitionen,Auszahlungen aus Investitionstätigkeit,,true,2026,ansatz,0,301
P,0531801,false,30,auszahlungen_investitionen,Auszahlungen aus Investitionstätigkeit,,true,2027,planung,0,301
P,0531801,false,30,auszahlungen_investitionen,Auszahlungen aus Investitionstätigkeit,,true,2028,planung,0,301
P,0531801,false,30,auszahlungen_investitionen,Auszahlungen aus Investitionstätigkeit,,true,2029,planung,0,301
P,0531801,false,31,saldo_investitionen,Saldo aus Investitionstätigkeit,,true,2024,ergebnis,0,301
P,0531801,false,31,saldo_investitionen,Saldo aus Investitionstätigkeit,,true,2025,ansatz,0,301
P,0531801,false,31,saldo_investitionen,Saldo aus Investitionstätigkeit,,true,2026,ansatz,0,301
P,0531801,false,31,saldo_investitionen,Saldo aus Investitionstätigkeit,,true,2027,planung,0,301
P,0531801,false,31,saldo_investitionen,Saldo aus Investitionstätigkeit,,true,2028,planung,0,301
P,0531801,false,31,saldo_investitionen,Saldo aus Investitionstätigkeit,,true,2029,planung,0,301
P,0533301,false,17,saldo_laufende_verwaltung,Saldo aus lfd. Verw.-tätigkeit,,true,2024,ergebnis,-85591,305
P,0533301,false,17,saldo_laufende_verwaltung,Saldo aus lfd. Verw.-tätigkeit,,true,2025,ansatz,-101735,305
P,0533301,false,17,saldo_laufende_verwaltung,Saldo aus lfd. Verw.-tätigkeit,,true,2026,ansatz,-104858,305
P,0533301,false,17,saldo_laufende_verwaltung,Saldo aus lfd. Verw.-tätigkeit,,true,2027,planung,-107026,305
P,0533301,false,17,saldo_laufende_verwaltung,Saldo aus lfd. Verw.-tätigkeit,,true,2028,planung,-109637,305
P,0533301,false,17,saldo_laufende_verwaltung,Saldo aus lfd. Verw.-tätigkeit,,true,2029,planung,-112388,305
P,0533301,false,23,einzahlungen_investitionen,Einzahlungen aus Investitionstätigkeit,,true,2024,ergebnis,0,305
P,0533301,false,23,einzahlungen_investitionen,Einzahlungen aus Investitionstätigkeit,,true,2025,ansatz,0,305
P,0533301,false,23,einzahlungen_investitionen,Einzahlungen aus Investitionstätigkeit,,true,2026,ansatz,0,305
P,0533301,false,23,einzahlungen_investitionen,Einzahlungen aus Investitionstätigkeit,,true,2027,planung,0,305
P,0533301,false,23,einzahlungen_investitionen,Einzahlungen aus Investitionstätigkeit,,true,2028,planung,0,305
P,0533301,false,23,einzahlungen_investitionen,Einzahlungen aus Investitionstätigkeit,,true,2029,planung,0,305
P,0533301,false,30,auszahlungen_investitionen,Auszahlungen aus Investitionstätigkeit,,true,2024,ergebnis,0,305
P,0533301,false,30,auszahlungen_investitionen,Auszahlungen aus Investitionstätigkeit,,true,2025,ansatz,0,305
P,0533301,false,30,auszahlungen_investitionen,Auszahlungen aus Investitionstätigkeit,,true,2026,ansatz,0,305
P,0533301,false,30,auszahlungen_investitionen,Auszahlungen aus Investitionstätigkeit,,true,2027,planung,0,305
P,0533301,false,30,auszahlungen_investitionen,Auszahlungen aus Investitionstätigkeit,,true,2028,planung,0,305
P,0533301,false,30,auszahlungen_investitionen,Auszahlungen aus Investitionstätigkeit,,true,2029,planung,0,305
P,0533301,false,31,saldo_investitionen,Saldo aus Investitionstätigkeit,,true,2024,ergebnis,0,305
P,0533301,false,31,saldo_investitionen,Saldo aus Investitionstätigkeit,,true,2025,ansatz,0,305
P,0533301,false,31,saldo_investitionen,Saldo aus Investitionstätigkeit,,true,2026,ansatz,0,305
P,0533301,false,31,saldo_investitionen,Saldo aus Investitionstätigkeit,,true,2027,planung,0,305
P,0533301,false,31,saldo_investitionen,Saldo aus Investitionstätigkeit,,true,2028,planung,0,305
P,0533301,false,31,saldo_investitionen,Saldo aus Investitionstätigkeit,,true,2029,planung,0,305
P,0534501,false,17,saldo_laufende_verwaltung,Saldo aus lfd. Verw.-tätigkeit,,true,2024,ergebnis,0,309
P,0534501,false,17,saldo_laufende_verwaltung,Saldo aus lfd. Verw.-tätigkeit,,true,2025,ansatz,-117216,309
P,0534501,false,17,saldo_laufende_verwaltung,Saldo aus lfd. Verw.-tätigkeit,,true,2026,ansatz,-119919,309
P,0534501,false,17,saldo_laufende_verwaltung,Saldo aus lfd. Verw.-tätigkeit,,true,2027,planung,-122398,309
P,0534501,false,17,saldo_laufende_verwaltung,Saldo aus lfd. Verw.-tätigkeit,,true,2028,planung,-125437,309
P,0534501,false,17,saldo_laufende_verwaltung,Saldo aus lfd. Verw.-tätigkeit,,true,2029,planung,-128591,309
P,0534501,false,23,einzahlungen_investitionen,Einzahlungen aus Investitionstätigkeit,,true,2024,ergebnis,0,309
P,0534501,false,23,einzahlungen_investitionen,Einzahlungen aus Investitionstätigkeit,,true,2025,ansatz,0,309
P,0534501,false,23,einzahlungen_investitionen,Einzahlungen aus Investitionstätigkeit,,true,2026,ansatz,0,309
P,0534501,false,23,einzahlungen_investitionen,Einzahlungen aus Investitionstätigkeit,,true,2027,planung,0,309
P,0534501,false,23,einzahlungen_investitionen,Einzahlungen aus Investitionstätigkeit,,true,2028,planung,0,309
P,0534501,false,23,einzahlungen_investitionen,Einzahlungen aus Investitionstätigkeit,,true,2029,planung,0,309
P,0534501,false,30,auszahlungen_investitionen,Auszahlungen aus Investitionstätigkeit,,true,2024,ergebnis,0,309
P,0534501,false,30,auszahlungen_investitionen,Auszahlungen aus Investitionstätigkeit,,true,2025,ansatz,0,309
P,0534501,false,30,auszahlungen_investitionen,Auszahlungen aus Investitionstätigkeit,,true,2026,ansatz,0,309
P,0534501,false,30,auszahlungen_investitionen,Auszahlungen aus Investitionstätigkeit,,true,2027,planung,0,309
P,0534501,false,30,auszahlungen_investitionen,Auszahlungen aus Investitionstätigkeit,,true,2028,planung,0,309
P,0534501,false,30,auszahlungen_investitionen,Auszahlungen aus Investitionstätigkeit,,true,2029,planung,0,309
P,0534501,false,31,saldo_investitionen,Saldo aus Investitionstätigkeit,,true,2024,ergebnis,0,309
P,0534501,false,31,saldo_investitionen,Saldo aus Investitionstätigkeit,,true,2025,ansatz,0,309
P,0534501,false,31,saldo_investitionen,Saldo aus Investitionstätigkeit,,true,2026,ansatz,0,309
P,0534501,false,31,saldo_investitionen,Saldo aus Investitionstätigkeit,,true,2027,planung,0,309
P,0534501,false,31,saldo_investitionen,Saldo aus Investitionstätigkeit,,true,2028,planung,0,309
P,0534501,false,31,saldo_investitionen,Saldo aus Investitionstätigkeit,,true,2029,planung,0,309
P,0535101,false,17,saldo_laufende_verwaltung,Saldo aus lfd. Verw.-tätigkeit,,true,2024,ergebnis,-147222,313
P,0535101,false,17,saldo_laufende_verwaltung,Saldo aus lfd. Verw.-tätigkeit,,true,2025,ansatz,0,313
P,0535101,false,17,saldo_laufende_verwaltung,Saldo aus lfd. Verw.-tätigkeit,,true,2026,ansatz,0,313
P,0535101,false,17,saldo_laufende_verwaltung,Saldo aus lfd. Verw.-tätigkeit,,true,2027,planung,0,313
P,0535101,false,17,saldo_laufende_verwaltung,Saldo aus lfd. Verw.-tätigkeit,,true,2028,planung,0,313
P,0535101,false,17,saldo_laufende_verwaltung,Saldo aus lfd. Verw.-tätigkeit,,true,2029,planung,0,313
P,0535101,false,23,einzahlungen_investitionen,Einzahlungen aus Investitionstätigkeit,,true,2024,ergebnis,0,313
P,0535101,false,23,einzahlungen_investitionen,Einzahlungen aus Investitionstätigkeit,,true,2025,ansatz,0,313
P,0535101,false,23,einzahlungen_investitionen,Einzahlungen aus Investitionstätigkeit,,true,2026,ansatz,0,313
P,0535101,false,23,einzahlungen_investitionen,Einzahlungen aus Investitionstätigkeit,,true,2027,planung,0,313
P,0535101,false,23,einzahlungen_investitionen,Einzahlungen aus Investitionstätigkeit,,true,2028,planung,0,313
P,0535101,false,23,einzahlungen_investitionen,Einzahlungen aus Investitionstätigkeit,,true,2029,planung,0,313
P,0535101,false,30,auszahlungen_investitionen,Auszahlungen aus Investitionstätigkeit,,true,2024,ergebnis,0,313
P,0535101,false,30,auszahlungen_investitionen,Auszahlungen aus Investitionstätigkeit,,true,2025,ansatz,0,313
P,0535101,false,30,auszahlungen_investitionen,Auszahlungen aus Investitionstätigkeit,,true,2026,ansatz,0,313
P,0535101,false,30,auszahlungen_investitionen,Auszahlungen aus Investitionstätigkeit,,true,2027,planung,0,313
P,0535101,false,30,auszahlungen_investitionen,Auszahlungen aus Investitionstätigkeit,,true,2028,planung,0,313
P,0535101,false,30,auszahlungen_investitionen,Auszahlungen aus Investitionstätigkeit,,true,2029,planung,0,313
P,0535101,false,31,saldo_investitionen,Saldo aus Investitionstätigkeit,,true,2024,ergebnis,0,313
P,0535101,false,31,saldo_investitionen,Saldo aus Investitionstätigkeit,,true,2025,ansatz,0,313
P,0535101,false,31,saldo_investitionen,Saldo aus Investitionstätigkeit,,true,2026,ansatz,0,313
P,0535101,false,31,saldo_investitionen,Saldo aus Investitionstätigkeit,,true,2027,planung,0,313
P,0535101,false,31,saldo_investitionen,Saldo aus Investitionstätigkeit,,true,2028,planung,0,313
P,0535101,false,31,saldo_investitionen,Saldo aus Investitionstätigkeit,,true,2029,planung,0,313
P,0535102,false,17,saldo_laufende_verwaltung,Saldo aus lfd. Verw.-tätigkeit,,true,2024,ergebnis,-48249,317
P,0535102,false,17,saldo_laufende_verwaltung,Saldo aus lfd. Verw.-tätigkeit,,true,2025,ansatz,-43633,317
P,0535102,false,17,saldo_laufende_verwaltung,Saldo aus lfd. Verw.-tätigkeit,,true,2026,ansatz,-44169,317
P,0535102,false,17,saldo_laufende_verwaltung,Saldo aus lfd. Verw.-tätigkeit,,true,2027,planung,-44787,317
P,0535102,false,17,saldo_laufende_verwaltung,Saldo aus lfd. Verw.-tätigkeit,,true,2028,planung,-45510,317
P,0535102,false,17,saldo_laufende_verwaltung,Saldo aus lfd. Verw.-tätigkeit,,true,2029,planung,-46291,317
P,0535102,false,23,einzahlungen_investitionen,Einzahlungen aus Investitionstätigkeit,,true,2024,ergebnis,0,317
P,0535102,false,23,einzahlungen_investitionen,Einzahlungen aus Investitionstätigkeit,,true,2025,ansatz,0,317
P,0535102,false,23,einzahlungen_investitionen,Einzahlungen aus Investitionstätigkeit,,true,2026,ansatz,0,317
P,0535102,false,23,einzahlungen_investitionen,Einzahlungen aus Investitionstätigkeit,,true,2027,planung,0,317
P,0535102,false,23,einzahlungen_investitionen,Einzahlungen aus Investitionstätigkeit,,true,2028,planung,0,317
P,0535102,false,23,einzahlungen_investitionen,Einzahlungen aus Investitionstätigkeit,,true,2029,planung,0,317
P,0535102,false,30,auszahlungen_investitionen,Auszahlungen aus Investitionstätigkeit,,true,2024,ergebnis,0,317
P,0535102,false,30,auszahlungen_investitionen,Auszahlungen aus Investitionstätigkeit,,true,2025,ansatz,0,317
P,0535102,false,30,auszahlungen_investitionen,Auszahlungen aus Investitionstätigkeit,,true,2026,ansatz,0,317
P,0535102,false,30,auszahlungen_investitionen,Auszahlungen aus Investitionstätigkeit,,true,2027,planung,0,317
P,0535102,false,30,auszahlungen_investitionen,Auszahlungen aus Investitionstätigkeit,,true,2028,planung,0,317
P,0535102,false,30,auszahlungen_investitionen,Auszahlungen aus Investitionstätigkeit,,true,2029,planung,0,317
P,0535102,false,31,saldo_investitionen,Saldo aus Investitionstätigkeit,,true,2024,ergebnis,0,317
P,0535102,false,31,saldo_investitionen,Saldo aus Investitionstätigkeit,,true,2025,ansatz,0,317
P,0535102,false,31,saldo_investitionen,Saldo aus Investitionstätigkeit,,true,2026,ansatz,0,317
P,0535102,false,31,saldo_investitionen,Saldo aus Investitionstätigkeit,,true,2027,planung,0,317
P,0535102,false,31,saldo_investitionen,Saldo aus Investitionstätigkeit,,true,2028,planung,0,317
P,0535102,false,31,saldo_investitionen,Saldo aus Investitionstätigkeit,,true,2029,planung,0,317
P,0537501,false,17,saldo_laufende_verwaltung,Saldo aus lfd. Verw.-tätigkeit,,true,2024,ergebnis,-245293,322
P,0537501,false,17,saldo_laufende_verwaltung,Saldo aus lfd. Verw.-tätigkeit,,true,2025,ansatz,-8578,322
P,0537501,false,17,saldo_laufende_verwaltung,Saldo aus lfd. Verw.-tätigkeit,,true,2026,ansatz,1131770,322
P,0537501,false,17,saldo_laufende_verwaltung,Saldo aus lfd. Verw.-tätigkeit,,true,2027,planung,1140977,322
P,0537501,false,17,saldo_laufende_verwaltung,Saldo aus lfd. Verw.-tätigkeit,,true,2028,planung,1132737,322
P,0537501,false,17,saldo_laufende_verwaltung,Saldo aus lfd. Verw.-tätigkeit,,true,2029,planung,1124106,322
P,0537501,false,23,einzahlungen_investitionen,Einzahlungen aus Investitionstätigkeit,,true,2024,ergebnis,0,322
P,0537501,false,23,einzahlungen_investitionen,Einzahlungen aus Investitionstätigkeit,,true,2025,ansatz,0,322
P,0537501,false,23,einzahlungen_investitionen,Einzahlungen aus Investitionstätigkeit,,true,2026,ansatz,0,322
P,0537501,false,23,einzahlungen_investitionen,Einzahlungen aus Investitionstätigkeit,,true,2027,planung,0,322
P,0537501,false,23,einzahlungen_investitionen,Einzahlungen aus Investitionstätigkeit,,true,2028,planung,0,322
P,0537501,false,23,einzahlungen_investitionen,Einzahlungen aus Investitionstätigkeit,,true,2029,planung,0,322
P,0537501,false,24,erwerb_grundstuecke_gebaeude,Ausz. f. Erwerb von Grundst. u. Gebäuden,,false,2024,ergebnis,353037,322
P,0537501,false,24,erwerb_grundstuecke_gebaeude,Ausz. f. Erwerb von Grundst. u. Gebäuden,,false,2025,ansatz,0,322
P,0537501,false,24,erwerb_grundstuecke_gebaeude,Ausz. f. Erwerb von Grundst. u. Gebäuden,,false,2026,ansatz,0,322
P,0537501,false,24,erwerb_grundstuecke_gebaeude,Ausz. f. Erwerb von Grundst. u. Gebäuden,,false,2027,planung,0,322
P,0537501,false,24,erwerb_grundstuecke_gebaeude,Ausz. f. Erwerb von Grundst. u. Gebäuden,,false,2028,planung,0,322
P,0537501,false,24,erwerb_grundstuecke_gebaeude,Ausz. f. Erwerb von Grundst. u. Gebäuden,,false,2029,planung,0,322
P,0537501,false,25,baumassnahmen,Ausz. f. Baumaßnahmen,,false,2024,ergebnis,2042969,322
P,0537501,false,25,baumassnahmen,Ausz. f. Baumaßnahmen,,false,2025,ansatz,0,322
P,0537501,false,25,baumassnahmen,Ausz. f. Baumaßnahmen,,false,2026,ansatz,0,322
P,0537501,false,25,baumassnahmen,Ausz. f. Baumaßnahmen,,false,2027,planung,0,322
P,0537501,false,25,baumassnahmen,Ausz. f. Baumaßnahmen,,false,2028,planung,0,322
P,0537501,false,25,baumassnahmen,Ausz. f. Baumaßnahmen,,false,2029,planung,0,322
P,0537501,false,26,erwerb_bewegliches_anlagevermoegen,Ausz. f. Erwerb von bewegl. Anlagevermögen,,false,2024,ergebnis,4308,322
P,0537501,false,26,erwerb_bewegliches_anlagevermoegen,Ausz. f. Erwerb von bewegl. Anlagevermögen,,false,2025,ansatz,3000,322
P,0537501,false,26,erwerb_bewegliches_anlagevermoegen,Ausz. f. Erwerb von bewegl. Anlagevermögen,,false,2026,ansatz,0,322
P,0537501,false,26,erwerb_bewegliches_anlagevermoegen,Ausz. f. Erwerb von bewegl. Anlagevermögen,,false,2027,planung,0,322
P,0537501,false,26,erwerb_bewegliches_anlagevermoegen,Ausz. f. Erwerb von bewegl. Anlagevermögen,,false,2028,planung,0,322
P,0537501,false,26,erwerb_bewegliches_anlagevermoegen,Ausz. f. Erwerb von bewegl. Anlagevermögen,,false,2029,planung,0,322
P,0537501,false,30,auszahlungen_investitionen,Auszahlungen aus Investitionstätigkeit,,true,2024,ergebnis,2400314,322
P,0537501,false,30,auszahlungen_investitionen,Auszahlungen aus Investitionstätigkeit,,true,2025,ansatz,3000,322
P,0537501,false,30,auszahlungen_investitionen,Auszahlungen aus Investitionstätigkeit,,true,2026,ansatz,0,322
P,0537501,false,30,auszahlungen_investitionen,Auszahlungen aus Investitionstätigkeit,,true,2027,planung,0,322
P,0537501,false,30,auszahlungen_investitionen,Auszahlungen aus Investitionstätigkeit,,true,2028,planung,0,322
P,0537501,false,30,auszahlungen_investitionen,Auszahlungen aus Investitionstätigkeit,,true,2029,planung,0,322
P,0537501,false,31,saldo_investitionen,Saldo aus Investitionstätigkeit,,true,2024,ergebnis,-2400314,322
P,0537501,false,31,saldo_investitionen,Saldo aus Investitionstätigkeit,,true,2025,ansatz,-3000,322
P,0537501,false,31,saldo_investitionen,Saldo aus Investitionstätigkeit,,true,2026,ansatz,0,322
P,0537501,false,31,saldo_investitionen,Saldo aus Investitionstätigkeit,,true,2027,planung,0,322
P,0537501,false,31,saldo_investitionen,Saldo aus Investitionstätigkeit,,true,2028,planung,0,322
P,0537501,false,31,saldo_investitionen,Saldo aus Investitionstätigkeit,,true,2029,planung,0,322
P,0636101,false,17,saldo_laufende_verwaltung,Saldo aus lfd. Verw.-tätigkeit,,true,2024,ergebnis,-158412,331
P,0636101,false,17,saldo_laufende_verwaltung,Saldo aus lfd. Verw.-tätigkeit,,true,2025,ansatz,-1152407,331
P,0636101,false,17,saldo_laufende_verwaltung,Saldo aus lfd. Verw.-tätigkeit,,true,2026,ansatz,-1237775,331
P,0636101,false,17,saldo_laufende_verwaltung,Saldo aus lfd. Verw.-tätigkeit,,true,2027,planung,-1418750,331
P,0636101,false,17,saldo_laufende_verwaltung,Saldo aus lfd. Verw.-tätigkeit,,true,2028,planung,-1535694,331
P,0636101,false,17,saldo_laufende_verwaltung,Saldo aus lfd. Verw.-tätigkeit,,true,2029,planung,-1640768,331
P,0636101,false,23,einzahlungen_investitionen,Einzahlungen aus Investitionstätigkeit,,true,2024,ergebnis,0,331
P,0636101,false,23,einzahlungen_investitionen,Einzahlungen aus Investitionstätigkeit,,true,2025,ansatz,0,331
P,0636101,false,23,einzahlungen_investitionen,Einzahlungen aus Investitionstätigkeit,,true,2026,ansatz,0,331
P,0636101,false,23,einzahlungen_investitionen,Einzahlungen aus Investitionstätigkeit,,true,2027,planung,0,331
P,0636101,false,23,einzahlungen_investitionen,Einzahlungen aus Investitionstätigkeit,,true,2028,planung,0,331
P,0636101,false,23,einzahlungen_investitionen,Einzahlungen aus Investitionstätigkeit,,true,2029,planung,0,331
P,0636101,false,25,baumassnahmen,Ausz. f. Baumaßnahmen,,false,2024,ergebnis,16194,331
P,0636101,false,25,baumassnahmen,Ausz. f. Baumaßnahmen,,false,2025,ansatz,0,331
P,0636101,false,25,baumassnahmen,Ausz. f. Baumaßnahmen,,false,2026,ansatz,0,331
P,0636101,false,25,baumassnahmen,Ausz. f. Baumaßnahmen,,false,2027,planung,0,331
P,0636101,false,25,baumassnahmen,Ausz. f. Baumaßnahmen,,false,2028,planung,0,331
P,0636101,false,25,baumassnahmen,Ausz. f. Baumaßnahmen,,false,2029,planung,0,331
P,0636101,false,28,aktivierbare_zuwendungen,Ausz. f. aktivierbaren Zuwendungen,,false,2024,ergebnis,0,331
P,0636101,false,28,aktivierbare_zuwendungen,Ausz. f. aktivierbaren Zuwendungen,,false,2025,ansatz,70000,331
P,0636101,false,28,aktivierbare_zuwendungen,Ausz. f. aktivierbaren Zuwendungen,,false,2026,ansatz,0,331
P,0636101,false,28,aktivierbare_zuwendungen,Ausz. f. aktivierbaren Zuwendungen,,false,2027,planung,300000,331
P,0636101,false,28,aktivierbare_zuwendungen,Ausz. f. aktivierbaren Zuwendungen,,false,2028,planung,0,331
P,0636101,false,28,aktivierbare_zuwendungen,Ausz. f. aktivierbaren Zuwendungen,,false,2029,planung,0,331
P,0636101,false,30,auszahlungen_investitionen,Auszahlungen aus Investitionstätigkeit,,true,2024,ergebnis,16194,331
P,0636101,false,30,auszahlungen_investitionen,Auszahlungen aus Investitionstätigkeit,,true,2025,ansatz,70000,331
P,0636101,false,30,auszahlungen_investitionen,Auszahlungen aus Investitionstätigkeit,,true,2026,ansatz,0,331
P,0636101,false,30,auszahlungen_investitionen,Auszahlungen aus Investitionstätigkeit,,true,2027,planung,300000,331
P,0636101,false,30,auszahlungen_investitionen,Auszahlungen aus Investitionstätigkeit,,true,2028,planung,0,331
P,0636101,false,30,auszahlungen_investitionen,Auszahlungen aus Investitionstätigkeit,,true,2029,planung,0,331
P,0636101,false,31,saldo_investitionen,Saldo aus Investitionstätigkeit,,true,2024,ergebnis,-16194,331
P,0636101,false,31,saldo_investitionen,Saldo aus Investitionstätigkeit,,true,2025,ansatz,-70000,331
P,0636101,false,31,saldo_investitionen,Saldo aus Investitionstätigkeit,,true,2026,ansatz,0,331
P,0636101,false,31,saldo_investitionen,Saldo aus Investitionstätigkeit,,true,2027,planung,-300000,331
P,0636101,false,31,saldo_investitionen,Saldo aus Investitionstätigkeit,,true,2028,planung,0,331
P,0636101,false,31,saldo_investitionen,Saldo aus Investitionstätigkeit,,true,2029,planung,0,331
P,0636201,false,17,saldo_laufende_verwaltung,Saldo aus lfd. Verw.-tätigkeit,,true,2024,ergebnis,-145510,336
P,0636201,false,17,saldo_laufende_verwaltung,Saldo aus lfd. Verw.-tätigkeit,,true,2025,ansatz,-146520,336
P,0636201,false,17,saldo_laufende_verwaltung,Saldo aus lfd. Verw.-tätigkeit,,true,2026,ansatz,-190011,336
P,0636201,false,17,saldo_laufende_verwaltung,Saldo aus lfd. Verw.-tätigkeit,,true,2027,planung,-194724,336
P,0636201,false,17,saldo_laufende_verwaltung,Saldo aus lfd. Verw.-tätigkeit,,true,2028,planung,-198421,336
P,0636201,false,17,saldo_laufende_verwaltung,Saldo aus lfd. Verw.-tätigkeit,,true,2029,planung,-202306,336
P,0636201,false,23,einzahlungen_investitionen,Einzahlungen aus Investitionstätigkeit,,true,2024,ergebnis,0,336
P,0636201,false,23,einzahlungen_investitionen,Einzahlungen aus Investitionstätigkeit,,true,2025,ansatz,0,336
P,0636201,false,23,einzahlungen_investitionen,Einzahlungen aus Investitionstätigkeit,,true,2026,ansatz,0,336
P,0636201,false,23,einzahlungen_investitionen,Einzahlungen aus Investitionstätigkeit,,true,2027,planung,0,336
P,0636201,false,23,einzahlungen_investitionen,Einzahlungen aus Investitionstätigkeit,,true,2028,planung,0,336
P,0636201,false,23,einzahlungen_investitionen,Einzahlungen aus Investitionstätigkeit,,true,2029,planung,0,336
P,0636201,false,30,auszahlungen_investitionen,Auszahlungen aus Investitionstätigkeit,,true,2024,ergebnis,0,336
P,0636201,false,30,auszahlungen_investitionen,Auszahlungen aus Investitionstätigkeit,,true,2025,ansatz,0,336
P,0636201,false,30,auszahlungen_investitionen,Auszahlungen aus Investitionstätigkeit,,true,2026,ansatz,0,336
P,0636201,false,30,auszahlungen_investitionen,Auszahlungen aus Investitionstätigkeit,,true,2027,planung,0,336
P,0636201,false,30,auszahlungen_investitionen,Auszahlungen aus Investitionstätigkeit,,true,2028,planung,0,336
P,0636201,false,30,auszahlungen_investitionen,Auszahlungen aus Investitionstätigkeit,,true,2029,planung,0,336
P,0636201,false,31,saldo_investitionen,Saldo aus Investitionstätigkeit,,true,2024,ergebnis,0,337
P,0636201,false,31,saldo_investitionen,Saldo aus Investitionstätigkeit,,true,2025,ansatz,0,337
P,0636201,false,31,saldo_investitionen,Saldo aus Investitionstätigkeit,,true,2026,ansatz,0,337
P,0636201,false,31,saldo_investitionen,Saldo aus Investitionstätigkeit,,true,2027,planung,0,337
P,0636201,false,31,saldo_investitionen,Saldo aus Investitionstätigkeit,,true,2028,planung,0,337
P,0636201,false,31,saldo_investitionen,Saldo aus Investitionstätigkeit,,true,2029,planung,0,337
P,0636601,false,17,saldo_laufende_verwaltung,Saldo aus lfd. Verw.-tätigkeit,,true,2024,ergebnis,-47686,341
P,0636601,false,17,saldo_laufende_verwaltung,Saldo aus lfd. Verw.-tätigkeit,,true,2025,ansatz,-50154,341
P,0636601,false,17,saldo_laufende_verwaltung,Saldo aus lfd. Verw.-tätigkeit,,true,2026,ansatz,-51759,341
P,0636601,false,17,saldo_laufende_verwaltung,Saldo aus lfd. Verw.-tätigkeit,,true,2027,planung,-52767,341
P,0636601,false,17,saldo_laufende_verwaltung,Saldo aus lfd. Verw.-tätigkeit,,true,2028,planung,-53898,341
P,0636601,false,17,saldo_laufende_verwaltung,Saldo aus lfd. Verw.-tätigkeit,,true,2029,planung,-55045,341
P,0636601,false,18,investitionszuwendungen,Zuwendungen für Investitionsmaßnahmen,,false,2024,ergebnis,12000,341
P,0636601,false,18,investitionszuwendungen,Zuwendungen für Investitionsmaßnahmen,,false,2025,ansatz,170000,341
P,0636601,false,18,investitionszuwendungen,Zuwendungen für Investitionsmaßnahmen,,false,2026,ansatz,0,341
P,0636601,false,18,investitionszuwendungen,Zuwendungen für Investitionsmaßnahmen,,false,2027,planung,0,341
P,0636601,false,18,investitionszuwendungen,Zuwendungen für Investitionsmaßnahmen,,false,2028,planung,0,341
P,0636601,false,18,investitionszuwendungen,Zuwendungen für Investitionsmaßnahmen,,false,2029,planung,0,341
P,0636601,false,23,einzahlungen_investitionen,Einzahlungen aus Investitionstätigkeit,,true,2024,ergebnis,12000,341
P,0636601,false,23,einzahlungen_investitionen,Einzahlungen aus Investitionstätigkeit,,true,2025,ansatz,170000,341
P,0636601,false,23,einzahlungen_investitionen,Einzahlungen aus Investitionstätigkeit,,true,2026,ansatz,0,341
P,0636601,false,23,einzahlungen_investitionen,Einzahlungen aus Investitionstätigkeit,,true,2027,planung,0,341
P,0636601,false,23,einzahlungen_investitionen,Einzahlungen aus Investitionstätigkeit,,true,2028,planung,0,341
P,0636601,false,23,einzahlungen_investitionen,Einzahlungen aus Investitionstätigkeit,,true,2029,planung,0,341
P,0636601,false,25,baumassnahmen,Ausz. f. Baumaßnahmen,,false,2024,ergebnis,84269,342
P,0636601,false,25,baumassnahmen,Ausz. f. Baumaßnahmen,,false,2025,ansatz,60000,342
P,0636601,false,25,baumassnahmen,Ausz. f. Baumaßnahmen,,false,2026,ansatz,65000,342
P,0636601,false,25,baumassnahmen,Ausz. f. Baumaßnahmen,,false,2027,planung,60000,342
P,0636601,false,25,baumassnahmen,Ausz. f. Baumaßnahmen,,false,2028,planung,50000,342
P,0636601,false,25,baumassnahmen,Ausz. f. Baumaßnahmen,,false,2029,planung,50000,342
P,0636601,false,30,auszahlungen_investitionen,Auszahlungen aus Investitionstätigkeit,,true,2024,ergebnis,84269,342
P,0636601,false,30,auszahlungen_investitionen,Auszahlungen aus Investitionstätigkeit,,true,2025,ansatz,60000,342
P,0636601,false,30,auszahlungen_investitionen,Auszahlungen aus Investitionstätigkeit,,true,2026,ansatz,65000,342
P,0636601,false,30,auszahlungen_investitionen,Auszahlungen aus Investitionstätigkeit,,true,2027,planung,60000,342
P,0636601,false,30,auszahlungen_investitionen,Auszahlungen aus Investitionstätigkeit,,true,2028,planung,50000,342
P,0636601,false,30,auszahlungen_investitionen,Auszahlungen aus Investitionstätigkeit,,true,2029,planung,50000,342
P,0636601,false,31,saldo_investitionen,Saldo aus Investitionstätigkeit,,true,2024,ergebnis,-72269,342
P,0636601,false,31,saldo_investitionen,Saldo aus Investitionstätigkeit,,true,2025,ansatz,110000,342
P,0636601,false,31,saldo_investitionen,Saldo aus Investitionstätigkeit,,true,2026,ansatz,-65000,342
P,0636601,false,31,saldo_investitionen,Saldo aus Investitionstätigkeit,,true,2027,planung,-60000,342
P,0636601,false,31,saldo_investitionen,Saldo aus Investitionstätigkeit,,true,2028,planung,-50000,342
P,0636601,false,31,saldo_investitionen,Saldo aus Investitionstätigkeit,,true,2029,planung,-50000,342
P,0741101,false,17,saldo_laufende_verwaltung,Saldo aus lfd. Verw.-tätigkeit,,true,2024,ergebnis,-353520,350
P,0741101,false,17,saldo_laufende_verwaltung,Saldo aus lfd. Verw.-tätigkeit,,true,2025,ansatz,-353000,350
P,0741101,false,17,saldo_laufende_verwaltung,Saldo aus lfd. Verw.-tätigkeit,,true,2026,ansatz,-345000,350
P,0741101,false,17,saldo_laufende_verwaltung,Saldo aus lfd. Verw.-tätigkeit,,true,2027,planung,-345000,350
P,0741101,false,17,saldo_laufende_verwaltung,Saldo aus lfd. Verw.-tätigkeit,,true,2028,planung,-345000,350
P,0741101,false,17,saldo_laufende_verwaltung,Saldo aus lfd. Verw.-tätigkeit,,true,2029,planung,-345000,350
P,0741101,false,23,einzahlungen_investitionen,Einzahlungen aus Investitionstätigkeit,,true,2024,ergebnis,0,350
P,0741101,false,23,einzahlungen_investitionen,Einzahlungen aus Investitionstätigkeit,,true,2025,ansatz,0,350
P,0741101,false,23,einzahlungen_investitionen,Einzahlungen aus Investitionstätigkeit,,true,2026,ansatz,0,350
P,0741101,false,23,einzahlungen_investitionen,Einzahlungen aus Investitionstätigkeit,,true,2027,planung,0,350
P,0741101,false,23,einzahlungen_investitionen,Einzahlungen aus Investitionstätigkeit,,true,2028,planung,0,350
P,0741101,false,23,einzahlungen_investitionen,Einzahlungen aus Investitionstätigkeit,,true,2029,planung,0,350
P,0741101,false,30,auszahlungen_investitionen,Auszahlungen aus Investitionstätigkeit,,true,2024,ergebnis,0,350
P,0741101,false,30,auszahlungen_investitionen,Auszahlungen aus Investitionstätigkeit,,true,2025,ansatz,0,350
P,0741101,false,30,auszahlungen_investitionen,Auszahlungen aus Investitionstätigkeit,,true,2026,ansatz,0,350
P,0741101,false,30,auszahlungen_investitionen,Auszahlungen aus Investitionstätigkeit,,true,2027,planung,0,350
P,0741101,false,30,auszahlungen_investitionen,Auszahlungen aus Investitionstätigkeit,,true,2028,planung,0,350
P,0741101,false,30,auszahlungen_investitionen,Auszahlungen aus Investitionstätigkeit,,true,2029,planung,0,350
P,0741101,false,31,saldo_investitionen,Saldo aus Investitionstätigkeit,,true,2024,ergebnis,0,350
P,0741101,false,31,saldo_investitionen,Saldo aus Investitionstätigkeit,,true,2025,ansatz,0,350
P,0741101,false,31,saldo_investitionen,Saldo aus Investitionstätigkeit,,true,2026,ansatz,0,350
P,0741101,false,31,saldo_investitionen,Saldo aus Investitionstätigkeit,,true,2027,planung,0,350
P,0741101,false,31,saldo_investitionen,Saldo aus Investitionstätigkeit,,true,2028,planung,0,350
P,0741101,false,31,saldo_investitionen,Saldo aus Investitionstätigkeit,,true,2029,planung,0,350
P,0842101,false,17,saldo_laufende_verwaltung,Saldo aus lfd. Verw.-tätigkeit,,true,2024,ergebnis,-102629,358
P,0842101,false,17,saldo_laufende_verwaltung,Saldo aus lfd. Verw.-tätigkeit,,true,2025,ansatz,-104647,358
P,0842101,false,17,saldo_laufende_verwaltung,Saldo aus lfd. Verw.-tätigkeit,,true,2026,ansatz,-112617,358
P,0842101,false,17,saldo_laufende_verwaltung,Saldo aus lfd. Verw.-tätigkeit,,true,2027,planung,-112211,358
P,0842101,false,17,saldo_laufende_verwaltung,Saldo aus lfd. Verw.-tätigkeit,,true,2028,planung,-115586,358
P,0842101,false,17,saldo_laufende_verwaltung,Saldo aus lfd. Verw.-tätigkeit,,true,2029,planung,-119124,358
P,0842101,false,23,einzahlungen_investitionen,Einzahlungen aus Investitionstätigkeit,,true,2024,ergebnis,0,358
P,0842101,false,23,einzahlungen_investitionen,Einzahlungen aus Investitionstätigkeit,,true,2025,ansatz,0,358
P,0842101,false,23,einzahlungen_investitionen,Einzahlungen aus Investitionstätigkeit,,true,2026,ansatz,0,358
P,0842101,false,23,einzahlungen_investitionen,Einzahlungen aus Investitionstätigkeit,,true,2027,planung,0,358
P,0842101,false,23,einzahlungen_investitionen,Einzahlungen aus Investitionstätigkeit,,true,2028,planung,0,358
P,0842101,false,23,einzahlungen_investitionen,Einzahlungen aus Investitionstätigkeit,,true,2029,planung,0,358
P,0842101,false,30,auszahlungen_investitionen,Auszahlungen aus Investitionstätigkeit,,true,2024,ergebnis,0,358
P,0842101,false,30,auszahlungen_investitionen,Auszahlungen aus Investitionstätigkeit,,true,2025,ansatz,0,358
P,0842101,false,30,auszahlungen_investitionen,Auszahlungen aus Investitionstätigkeit,,true,2026,ansatz,0,358
P,0842101,false,30,auszahlungen_investitionen,Auszahlungen aus Investitionstätigkeit,,true,2027,planung,0,358
P,0842101,false,30,auszahlungen_investitionen,Auszahlungen aus Investitionstätigkeit,,true,2028,planung,0,358
P,0842101,false,30,auszahlungen_investitionen,Auszahlungen aus Investitionstätigkeit,,true,2029,planung,0,358
P,0842101,false,31,saldo_investitionen,Saldo aus Investitionstätigkeit,,true,2024,ergebnis,0,359
P,0842101,false,31,saldo_investitionen,Saldo aus Investitionstätigkeit,,true,2025,ansatz,0,359
P,0842101,false,31,saldo_investitionen,Saldo aus Investitionstätigkeit,,true,2026,ansatz,0,359
P,0842101,false,31,saldo_investitionen,Saldo aus Investitionstätigkeit,,true,2027,planung,0,359
P,0842101,false,31,saldo_investitionen,Saldo aus Investitionstätigkeit,,true,2028,planung,0,359
P,0842101,false,31,saldo_investitionen,Saldo aus Investitionstätigkeit,,true,2029,planung,0,359
P,0842401,false,17,saldo_laufende_verwaltung,Saldo aus lfd. Verw.-tätigkeit,,true,2024,ergebnis,-185639,364
P,0842401,false,17,saldo_laufende_verwaltung,Saldo aus lfd. Verw.-tätigkeit,,true,2025,ansatz,-163075,364
P,0842401,false,17,saldo_laufende_verwaltung,Saldo aus lfd. Verw.-tätigkeit,,true,2026,ansatz,-212112,364
P,0842401,false,17,saldo_laufende_verwaltung,Saldo aus lfd. Verw.-tätigkeit,,true,2027,planung,-210861,364
P,0842401,false,17,saldo_laufende_verwaltung,Saldo aus lfd. Verw.-tätigkeit,,true,2028,planung,-202080,364
P,0842401,false,17,saldo_laufende_verwaltung,Saldo aus lfd. Verw.-tätigkeit,,true,2029,planung,-203627,364
P,0842401,false,18,investitionszuwendungen,Zuwendungen für Investitionsmaßnahmen,,false,2024,ergebnis,3016,364
P,0842401,false,18,investitionszuwendungen,Zuwendungen für Investitionsmaßnahmen,,false,2025,ansatz,47500,364
P,0842401,false,18,investitionszuwendungen,Zuwendungen für Investitionsmaßnahmen,,false,2026,ansatz,0,364
P,0842401,false,18,investitionszuwendungen,Zuwendungen für Investitionsmaßnahmen,,false,2027,planung,19000,364
P,0842401,false,18,investitionszuwendungen,Zuwendungen für Investitionsmaßnahmen,,false,2028,planung,0,364
P,0842401,false,18,investitionszuwendungen,Zuwendungen für Investitionsmaßnahmen,,false,2029,planung,0,364
P,0842401,false,19,veraeusserung_sachanlagen,Einz. aus Veräußerung v. Sachanlagen,,false,2024,ergebnis,0,364
P,0842401,false,19,veraeusserung_sachanlagen,Einz. aus Veräußerung v. Sachanlagen,,false,2025,ansatz,315,364
P,0842401,false,19,veraeusserung_sachanlagen,Einz. aus Veräußerung v. Sachanlagen,,false,2026,ansatz,0,364
P,0842401,false,19,veraeusserung_sachanlagen,Einz. aus Veräußerung v. Sachanlagen,,false,2027,planung,0,364
P,0842401,false,19,veraeusserung_sachanlagen,Einz. aus Veräußerung v. Sachanlagen,,false,2028,planung,0,364
P,0842401,false,19,veraeusserung_sachanlagen,Einz. aus Veräußerung v. Sachanlagen,,false,2029,planung,0,364
P,0842401,false,23,einzahlungen_investitionen,Einzahlungen aus Investitionstätigkeit,,true,2024,ergebnis,3016,364
P,0842401,false,23,einzahlungen_investitionen,Einzahlungen aus Investitionstätigkeit,,true,2025,ansatz,47815,364
P,0842401,false,23,einzahlungen_investitionen,Einzahlungen aus Investitionstätigkeit,,true,2026,ansatz,0,364
P,0842401,false,23,einzahlungen_investitionen,Einzahlungen aus Investitionstätigkeit,,true,2027,planung,19000,364
P,0842401,false,23,einzahlungen_investitionen,Einzahlungen aus Investitionstätigkeit,,true,2028,planung,0,364
P,0842401,false,23,einzahlungen_investitionen,Einzahlungen aus Investitionstätigkeit,,true,2029,planung,0,364
P,0842401,false,25,baumassnahmen,Ausz. f. Baumaßnahmen,,false,2024,ergebnis,61362,364
P,0842401,false,25,baumassnahmen,Ausz. f. Baumaßnahmen,,false,2025,ansatz,180000,364
P,0842401,false,25,baumassnahmen,Ausz. f. Baumaßnahmen,,false,2026,ansatz,94621,364
P,0842401,false,25,baumassnahmen,Ausz. f. Baumaßnahmen,,false,2027,planung,94000,364
P,0842401,false,25,baumassnahmen,Ausz. f. Baumaßnahmen,,false,2028,planung,30000,364
P,0842401,false,25,baumassnahmen,Ausz. f. Baumaßnahmen,,false,2029,planung,20000,364
P,0842401,false,26,erwerb_bewegliches_anlagevermoegen,Ausz. f. Erwerb von bewegl. Anlagevermögen,,false,2024,ergebnis,18692,364
P,0842401,false,26,erwerb_bewegliches_anlagevermoegen,Ausz. f. Erwerb von bewegl. Anlagevermögen,,false,2025,ansatz,49500,364
P,0842401,false,26,erwerb_bewegliches_anlagevermoegen,Ausz. f. Erwerb von bewegl. Anlagevermögen,,false,2026,ansatz,27000,364
P,0842401,false,26,erwerb_bewegliches_anlagevermoegen,Ausz. f. Erwerb von bewegl. Anlagevermögen,,false,2027,planung,5000,364
P,0842401,false,26,erwerb_bewegliches_anlagevermoegen,Ausz. f. Erwerb von bewegl. Anlagevermögen,,false,2028,planung,5000,364
P,0842401,false,26,erwerb_bewegliches_anlagevermoegen,Ausz. f. Erwerb von bewegl. Anlagevermögen,,false,2029,planung,5000,364
P,0842401,false,30,auszahlungen_investitionen,Auszahlungen aus Investitionstätigkeit,,true,2024,ergebnis,80054,364
P,0842401,false,30,auszahlungen_investitionen,Auszahlungen aus Investitionstätigkeit,,true,2025,ansatz,229500,364
P,0842401,false,30,auszahlungen_investitionen,Auszahlungen aus Investitionstätigkeit,,true,2026,ansatz,121621,364
P,0842401,false,30,auszahlungen_investitionen,Auszahlungen aus Investitionstätigkeit,,true,2027,planung,99000,364
P,0842401,false,30,auszahlungen_investitionen,Auszahlungen aus Investitionstätigkeit,,true,2028,planung,35000,364
P,0842401,false,30,auszahlungen_investitionen,Auszahlungen aus Investitionstätigkeit,,true,2029,planung,25000,364
P,0842401,false,31,saldo_investitionen,Saldo aus Investitionstätigkeit,,true,2024,ergebnis,-77039,364
P,0842401,false,31,saldo_investitionen,Saldo aus Investitionstätigkeit,,true,2025,ansatz,-181685,364
P,0842401,false,31,saldo_investitionen,Saldo aus Investitionstätigkeit,,true,2026,ansatz,-121621,364
P,0842401,false,31,saldo_investitionen,Saldo aus Investitionstätigkeit,,true,2027,planung,-80000,364
P,0842401,false,31,saldo_investitionen,Saldo aus Investitionstätigkeit,,true,2028,planung,-35000,364
P,0842401,false,31,saldo_investitionen,Saldo aus Investitionstätigkeit,,true,2029,planung,-25000,364
P,0842402,false,17,saldo_laufende_verwaltung,Saldo aus lfd. Verw.-tätigkeit,,true,2024,ergebnis,-122030,371
P,0842402,false,17,saldo_laufende_verwaltung,Saldo aus lfd. Verw.-tätigkeit,,true,2025,ansatz,4167,371
P,0842402,false,17,saldo_laufende_verwaltung,Saldo aus lfd. Verw.-tätigkeit,,true,2026,ansatz,-254864,371
P,0842402,false,17,saldo_laufende_verwaltung,Saldo aus lfd. Verw.-tätigkeit,,true,2027,planung,-909473,371
P,0842402,false,17,saldo_laufende_verwaltung,Saldo aus lfd. Verw.-tätigkeit,,true,2028,planung,-507962,371
P,0842402,false,17,saldo_laufende_verwaltung,Saldo aus lfd. Verw.-tätigkeit,,true,2029,planung,-225982,371
P,0842402,false,18,investitionszuwendungen,Zuwendungen für Investitionsmaßnahmen,,false,2024,ergebnis,7448,371
P,0842402,false,18,investitionszuwendungen,Zuwendungen für Investitionsmaßnahmen,,false,2025,ansatz,0,371
P,0842402,false,18,investitionszuwendungen,Zuwendungen für Investitionsmaßnahmen,,false,2026,ansatz,0,371
P,0842402,false,18,investitionszuwendungen,Zuwendungen für Investitionsmaßnahmen,,false,2027,planung,0,371
P,0842402,false,18,investitionszuwendungen,Zuwendungen für Investitionsmaßnahmen,,false,2028,planung,1800000,371
P,0842402,false,18,investitionszuwendungen,Zuwendungen für Investitionsmaßnahmen,,false,2029,planung,1656750,371
P,0842402,false,23,einzahlungen_investitionen,Einzahlungen aus Investitionstätigkeit,,true,2024,ergebnis,7448,371
P,0842402,false,23,einzahlungen_investitionen,Einzahlungen aus Investitionstätigkeit,,true,2025,ansatz,0,371
P,0842402,false,23,einzahlungen_investitionen,Einzahlungen aus Investitionstätigkeit,,true,2026,ansatz,0,371
P,0842402,false,23,einzahlungen_investitionen,Einzahlungen aus Investitionstätigkeit,,true,2027,planung,0,371
P,0842402,false,23,einzahlungen_investitionen,Einzahlungen aus Investitionstätigkeit,,true,2028,planung,1800000,371
P,0842402,false,23,einzahlungen_investitionen,Einzahlungen aus Investitionstätigkeit,,true,2029,planung,1656750,371
P,0842402,false,25,baumassnahmen,Ausz. f. Baumaßnahmen,,false,2024,ergebnis,176622,371
P,0842402,false,25,baumassnahmen,Ausz. f. Baumaßnahmen,,false,2025,ansatz,1880000,371
P,0842402,false,25,baumassnahmen,Ausz. f. Baumaßnahmen,,false,2026,ansatz,1198000,371
P,0842402,false,25,baumassnahmen,Ausz. f. Baumaßnahmen,,false,2027,planung,4630000,371
P,0842402,false,25,baumassnahmen,Ausz. f. Baumaßnahmen,,false,2028,planung,2500000,371
P,0842402,false,25,baumassnahmen,Ausz. f. Baumaßnahmen,,false,2029,planung,1000000,371
P,0842402,false,26,erwerb_bewegliches_anlagevermoegen,Ausz. f. Erwerb von bewegl. Anlagevermögen,,false,2024,ergebnis,0,371
P,0842402,false,26,erwerb_bewegliches_anlagevermoegen,Ausz. f. Erwerb von bewegl. Anlagevermögen,,false,2025,ansatz,4000,371
P,0842402,false,26,erwerb_bewegliches_anlagevermoegen,Ausz. f. Erwerb von bewegl. Anlagevermögen,,false,2026,ansatz,4000,371
P,0842402,false,26,erwerb_bewegliches_anlagevermoegen,Ausz. f. Erwerb von bewegl. Anlagevermögen,,false,2027,planung,4000,371
P,0842402,false,26,erwerb_bewegliches_anlagevermoegen,Ausz. f. Erwerb von bewegl. Anlagevermögen,,false,2028,planung,4000,371
P,0842402,false,26,erwerb_bewegliches_anlagevermoegen,Ausz. f. Erwerb von bewegl. Anlagevermögen,,false,2029,planung,4000,371
P,0842402,false,30,auszahlungen_investitionen,Auszahlungen aus Investitionstätigkeit,,true,2024,ergebnis,176622,371
P,0842402,false,30,auszahlungen_investitionen,Auszahlungen aus Investitionstätigkeit,,true,2025,ansatz,1884000,371
P,0842402,false,30,auszahlungen_investitionen,Auszahlungen aus Investitionstätigkeit,,true,2026,ansatz,1202000,371
P,0842402,false,30,auszahlungen_investitionen,Auszahlungen aus Investitionstätigkeit,,true,2027,planung,4634000,371
P,0842402,false,30,auszahlungen_investitionen,Auszahlungen aus Investitionstätigkeit,,true,2028,planung,2504000,371
P,0842402,false,30,auszahlungen_investitionen,Auszahlungen aus Investitionstätigkeit,,true,2029,planung,1004000,371
P,0842402,false,31,saldo_investitionen,Saldo aus Investitionstätigkeit,,true,2024,ergebnis,-169174,371
P,0842402,false,31,saldo_investitionen,Saldo aus Investitionstätigkeit,,true,2025,ansatz,-1884000,371
P,0842402,false,31,saldo_investitionen,Saldo aus Investitionstätigkeit,,true,2026,ansatz,-1202000,371
P,0842402,false,31,saldo_investitionen,Saldo aus Investitionstätigkeit,,true,2027,planung,-4634000,371
P,0842402,false,31,saldo_investitionen,Saldo aus Investitionstätigkeit,,true,2028,planung,-704000,371
P,0842402,false,31,saldo_investitionen,Saldo aus Investitionstätigkeit,,true,2029,planung,652750,371
P,0842403,false,17,saldo_laufende_verwaltung,Saldo aus lfd. Verw.-tätigkeit,,true,2024,ergebnis,-169499,378
P,0842403,false,17,saldo_laufende_verwaltung,Saldo aus lfd. Verw.-tätigkeit,,true,2025,ansatz,-187926,378
P,0842403,false,17,saldo_laufende_verwaltung,Saldo aus lfd. Verw.-tätigkeit,,true,2026,ansatz,-223262,378
P,0842403,false,17,saldo_laufende_verwaltung,Saldo aus lfd. Verw.-tätigkeit,,true,2027,planung,-1225447,378
P,0842403,false,17,saldo_laufende_verwaltung,Saldo aus lfd. Verw.-tätigkeit,,true,2028,planung,-252131,378
P,0842403,false,17,saldo_laufende_verwaltung,Saldo aus lfd. Verw.-tätigkeit,,true,2029,planung,-209962,378
P,0842403,false,18,investitionszuwendungen,Zuwendungen für Investitionsmaßnahmen,,false,2024,ergebnis,0,378
P,0842403,false,18,investitionszuwendungen,Zuwendungen für Investitionsmaßnahmen,,false,2025,ansatz,0,378
P,0842403,false,18,investitionszuwendungen,Zuwendungen für Investitionsmaßnahmen,,false,2026,ansatz,0,378
P,0842403,false,18,investitionszuwendungen,Zuwendungen für Investitionsmaßnahmen,,false,2027,planung,0,378
P,0842403,false,18,investitionszuwendungen,Zuwendungen für Investitionsmaßnahmen,,false,2028,planung,3710000,378
P,0842403,false,18,investitionszuwendungen,Zuwendungen für Investitionsmaßnahmen,,false,2029,planung,0,378
P,0842403,false,23,einzahlungen_investitionen,Einzahlungen aus Investitionstätigkeit,,true,2024,ergebnis,0,378
P,0842403,false,23,einzahlungen_investitionen,Einzahlungen aus Investitionstätigkeit,,true,2025,ansatz,0,378
P,0842403,false,23,einzahlungen_investitionen,Einzahlungen aus Investitionstätigkeit,,true,2026,ansatz,0,378
P,0842403,false,23,einzahlungen_investitionen,Einzahlungen aus Investitionstätigkeit,,true,2027,planung,0,378
P,0842403,false,23,einzahlungen_investitionen,Einzahlungen aus Investitionstätigkeit,,true,2028,planung,3710000,378
P,0842403,false,23,einzahlungen_investitionen,Einzahlungen aus Investitionstätigkeit,,true,2029,planung,0,378
P,0842403,false,25,baumassnahmen,Ausz. f. Baumaßnahmen,,false,2024,ergebnis,0,378
P,0842403,false,25,baumassnahmen,Ausz. f. Baumaßnahmen,,false,2025,ansatz,95000,378
P,0842403,false,25,baumassnahmen,Ausz. f. Baumaßnahmen,,false,2026,ansatz,150000,378
P,0842403,false,25,baumassnahmen,Ausz. f. Baumaßnahmen,,false,2027,planung,5400000,378
P,0842403,false,25,baumassnahmen,Ausz. f. Baumaßnahmen,,false,2028,planung,250000,378
P,0842403,false,25,baumassnahmen,Ausz. f. Baumaßnahmen,,false,2029,planung,0,378
P,0842403,false,26,erwerb_bewegliches_anlagevermoegen,Ausz. f. Erwerb von bewegl. Anlagevermögen,,false,2024,ergebnis,1257,378
P,0842403,false,26,erwerb_bewegliches_anlagevermoegen,Ausz. f. Erwerb von bewegl. Anlagevermögen,,false,2025,ansatz,1500,378
P,0842403,false,26,erwerb_bewegliches_anlagevermoegen,Ausz. f. Erwerb von bewegl. Anlagevermögen,,false,2026,ansatz,0,378
P,0842403,false,26,erwerb_bewegliches_anlagevermoegen,Ausz. f. Erwerb von bewegl. Anlagevermögen,,false,2027,planung,0,378
P,0842403,false,26,erwerb_bewegliches_anlagevermoegen,Ausz. f. Erwerb von bewegl. Anlagevermögen,,false,2028,planung,0,378
P,0842403,false,26,erwerb_bewegliches_anlagevermoegen,Ausz. f. Erwerb von bewegl. Anlagevermögen,,false,2029,planung,0,378
P,0842403,false,30,auszahlungen_investitionen,Auszahlungen aus Investitionstätigkeit,,true,2024,ergebnis,1257,378
P,0842403,false,30,auszahlungen_investitionen,Auszahlungen aus Investitionstätigkeit,,true,2025,ansatz,96500,378
P,0842403,false,30,auszahlungen_investitionen,Auszahlungen aus Investitionstätigkeit,,true,2026,ansatz,150000,378
P,0842403,false,30,auszahlungen_investitionen,Auszahlungen aus Investitionstätigkeit,,true,2027,planung,5400000,378
P,0842403,false,30,auszahlungen_investitionen,Auszahlungen aus Investitionstätigkeit,,true,2028,planung,250000,378
P,0842403,false,30,auszahlungen_investitionen,Auszahlungen aus Investitionstätigkeit,,true,2029,planung,0,378
P,0842403,false,31,saldo_investitionen,Saldo aus Investitionstätigkeit,,true,2024,ergebnis,-1257,378
P,0842403,false,31,saldo_investitionen,Saldo aus Investitionstätigkeit,,true,2025,ansatz,-96500,378
P,0842403,false,31,saldo_investitionen,Saldo aus Investitionstätigkeit,,true,2026,ansatz,-150000,378
P,0842403,false,31,saldo_investitionen,Saldo aus Investitionstätigkeit,,true,2027,planung,-5400000,378
P,0842403,false,31,saldo_investitionen,Saldo aus Investitionstätigkeit,,true,2028,planung,3460000,378
P,0842403,false,31,saldo_investitionen,Saldo aus Investitionstätigkeit,,true,2029,planung,0,378
P,0951101,false,17,saldo_laufende_verwaltung,Saldo aus lfd. Verw.-tätigkeit,,true,2024,ergebnis,-438976,387
P,0951101,false,17,saldo_laufende_verwaltung,Saldo aus lfd. Verw.-tätigkeit,,true,2025,ansatz,-632010,387
P,0951101,false,17,saldo_laufende_verwaltung,Saldo aus lfd. Verw.-tätigkeit,,true,2026,ansatz,-326426,387
P,0951101,false,17,saldo_laufende_verwaltung,Saldo aus lfd. Verw.-tätigkeit,,true,2027,planung,-331589,387
P,0951101,false,17,saldo_laufende_verwaltung,Saldo aus lfd. Verw.-tätigkeit,,true,2028,planung,-337975,387
P,0951101,false,17,saldo_laufende_verwaltung,Saldo aus lfd. Verw.-tätigkeit,,true,2029,planung,-344553,387
P,0951101,false,23,einzahlungen_investitionen,Einzahlungen aus Investitionstätigkeit,,true,2024,ergebnis,0,387
P,0951101,false,23,einzahlungen_investitionen,Einzahlungen aus Investitionstätigkeit,,true,2025,ansatz,0,387
P,0951101,false,23,einzahlungen_investitionen,Einzahlungen aus Investitionstätigkeit,,true,2026,ansatz,0,387
P,0951101,false,23,einzahlungen_investitionen,Einzahlungen aus Investitionstätigkeit,,true,2027,planung,0,387
P,0951101,false,23,einzahlungen_investitionen,Einzahlungen aus Investitionstätigkeit,,true,2028,planung,0,387
P,0951101,false,23,einzahlungen_investitionen,Einzahlungen aus Investitionstätigkeit,,true,2029,planung,0,387
P,0951101,false,28,aktivierbare_zuwendungen,Ausz. f. aktivierbaren Zuwendungen,,false,2024,ergebnis,329000,387
P,0951101,false,28,aktivierbare_zuwendungen,Ausz. f. aktivierbaren Zuwendungen,,false,2025,ansatz,328000,387
P,0951101,false,28,aktivierbare_zuwendungen,Ausz. f. aktivierbaren Zuwendungen,,false,2026,ansatz,90000,387
P,0951101,false,28,aktivierbare_zuwendungen,Ausz. f. aktivierbaren Zuwendungen,,false,2027,planung,0,387
P,0951101,false,28,aktivierbare_zuwendungen,Ausz. f. aktivierbaren Zuwendungen,,false,2028,planung,0,387
P,0951101,false,28,aktivierbare_zuwendungen,Ausz. f. aktivierbaren Zuwendungen,,false,2029,planung,0,387
P,0951101,false,30,auszahlungen_investitionen,Auszahlungen aus Investitionstätigkeit,,true,2024,ergebnis,329000,387
P,0951101,false,30,auszahlungen_investitionen,Auszahlungen aus Investitionstätigkeit,,true,2025,ansatz,328000,387
P,0951101,false,30,auszahlungen_investitionen,Auszahlungen aus Investitionstätigkeit,,true,2026,ansatz,90000,387
P,0951101,false,30,auszahlungen_investitionen,Auszahlungen aus Investitionstätigkeit,,true,2027,planung,0,387
P,0951101,false,30,auszahlungen_investitionen,Auszahlungen aus Investitionstätigkeit,,true,2028,planung,0,387
P,0951101,false,30,auszahlungen_investitionen,Auszahlungen aus Investitionstätigkeit,,true,2029,planung,0,387
P,0951101,false,31,saldo_investitionen,Saldo aus Investitionstätigkeit,,true,2024,ergebnis,-329000,387
P,0951101,false,31,saldo_investitionen,Saldo aus Investitionstätigkeit,,true,2025,ansatz,-328000,387
P,0951101,false,31,saldo_investitionen,Saldo aus Investitionstätigkeit,,true,2026,ansatz,-90000,387
P,0951101,false,31,saldo_investitionen,Saldo aus Investitionstätigkeit,,true,2027,planung,0,387
P,0951101,false,31,saldo_investitionen,Saldo aus Investitionstätigkeit,,true,2028,planung,0,387
P,0951101,false,31,saldo_investitionen,Saldo aus Investitionstätigkeit,,true,2029,planung,0,387
P,1052101,false,17,saldo_laufende_verwaltung,Saldo aus lfd. Verw.-tätigkeit,,true,2024,ergebnis,-54427,394
P,1052101,false,17,saldo_laufende_verwaltung,Saldo aus lfd. Verw.-tätigkeit,,true,2025,ansatz,-49488,394
P,1052101,false,17,saldo_laufende_verwaltung,Saldo aus lfd. Verw.-tätigkeit,,true,2026,ansatz,-54050,394
P,1052101,false,17,saldo_laufende_verwaltung,Saldo aus lfd. Verw.-tätigkeit,,true,2027,planung,-55271,394
P,1052101,false,17,saldo_laufende_verwaltung,Saldo aus lfd. Verw.-tätigkeit,,true,2028,planung,-56791,394
P,1052101,false,17,saldo_laufende_verwaltung,Saldo aus lfd. Verw.-tätigkeit,,true,2029,planung,-58348,394
P,1052101,false,23,einzahlungen_investitionen,Einzahlungen aus Investitionstätigkeit,,true,2024,ergebnis,0,394
P,1052101,false,23,einzahlungen_investitionen,Einzahlungen aus Investitionstätigkeit,,true,2025,ansatz,0,394
P,1052101,false,23,einzahlungen_investitionen,Einzahlungen aus Investitionstätigkeit,,true,2026,ansatz,0,394
P,1052101,false,23,einzahlungen_investitionen,Einzahlungen aus Investitionstätigkeit,,true,2027,planung,0,394
P,1052101,false,23,einzahlungen_investitionen,Einzahlungen aus Investitionstätigkeit,,true,2028,planung,0,394
P,1052101,false,23,einzahlungen_investitionen,Einzahlungen aus Investitionstätigkeit,,true,2029,planung,0,394
P,1052101,false,30,auszahlungen_investitionen,Auszahlungen aus Investitionstätigkeit,,true,2024,ergebnis,0,394
P,1052101,false,30,auszahlungen_investitionen,Auszahlungen aus Investitionstätigkeit,,true,2025,ansatz,0,394
P,1052101,false,30,auszahlungen_investitionen,Auszahlungen aus Investitionstätigkeit,,true,2026,ansatz,0,394
P,1052101,false,30,auszahlungen_investitionen,Auszahlungen aus Investitionstätigkeit,,true,2027,planung,0,394
P,1052101,false,30,auszahlungen_investitionen,Auszahlungen aus Investitionstätigkeit,,true,2028,planung,0,394
P,1052101,false,30,auszahlungen_investitionen,Auszahlungen aus Investitionstätigkeit,,true,2029,planung,0,394
P,1052101,false,31,saldo_investitionen,Saldo aus Investitionstätigkeit,,true,2024,ergebnis,0,394
P,1052101,false,31,saldo_investitionen,Saldo aus Investitionstätigkeit,,true,2025,ansatz,0,394
P,1052101,false,31,saldo_investitionen,Saldo aus Investitionstätigkeit,,true,2026,ansatz,0,394
P,1052101,false,31,saldo_investitionen,Saldo aus Investitionstätigkeit,,true,2027,planung,0,394
P,1052101,false,31,saldo_investitionen,Saldo aus Investitionstätigkeit,,true,2028,planung,0,394
P,1052101,false,31,saldo_investitionen,Saldo aus Investitionstätigkeit,,true,2029,planung,0,394
P,1052201,false,17,saldo_laufende_verwaltung,Saldo aus lfd. Verw.-tätigkeit,,true,2024,ergebnis,-4185,398
P,1052201,false,17,saldo_laufende_verwaltung,Saldo aus lfd. Verw.-tätigkeit,,true,2025,ansatz,-3833,398
P,1052201,false,17,saldo_laufende_verwaltung,Saldo aus lfd. Verw.-tätigkeit,,true,2026,ansatz,0,398
P,1052201,false,17,saldo_laufende_verwaltung,Saldo aus lfd. Verw.-tätigkeit,,true,2027,planung,0,398
P,1052201,false,17,saldo_laufende_verwaltung,Saldo aus lfd. Verw.-tätigkeit,,true,2028,planung,0,398
P,1052201,false,17,saldo_laufende_verwaltung,Saldo aus lfd. Verw.-tätigkeit,,true,2029,planung,0,398
P,1052201,false,23,einzahlungen_investitionen,Einzahlungen aus Investitionstätigkeit,,true,2024,ergebnis,0,398
P,1052201,false,23,einzahlungen_investitionen,Einzahlungen aus Investitionstätigkeit,,true,2025,ansatz,0,398
P,1052201,false,23,einzahlungen_investitionen,Einzahlungen aus Investitionstätigkeit,,true,2026,ansatz,0,398
P,1052201,false,23,einzahlungen_investitionen,Einzahlungen aus Investitionstätigkeit,,true,2027,planung,0,398
P,1052201,false,23,einzahlungen_investitionen,Einzahlungen aus Investitionstätigkeit,,true,2028,planung,0,398
P,1052201,false,23,einzahlungen_investitionen,Einzahlungen aus Investitionstätigkeit,,true,2029,planung,0,398
P,1052201,false,30,auszahlungen_investitionen,Auszahlungen aus Investitionstätigkeit,,true,2024,ergebnis,0,398
P,1052201,false,30,auszahlungen_investitionen,Auszahlungen aus Investitionstätigkeit,,true,2025,ansatz,0,398
P,1052201,false,30,auszahlungen_investitionen,Auszahlungen aus Investitionstätigkeit,,true,2026,ansatz,0,398
P,1052201,false,30,auszahlungen_investitionen,Auszahlungen aus Investitionstätigkeit,,true,2027,planung,0,398
P,1052201,false,30,auszahlungen_investitionen,Auszahlungen aus Investitionstätigkeit,,true,2028,planung,0,398
P,1052201,false,30,auszahlungen_investitionen,Auszahlungen aus Investitionstätigkeit,,true,2029,planung,0,398
P,1052201,false,31,saldo_investitionen,Saldo aus Investitionstätigkeit,,true,2024,ergebnis,0,398
P,1052201,false,31,saldo_investitionen,Saldo aus Investitionstätigkeit,,true,2025,ansatz,0,398
P,1052201,false,31,saldo_investitionen,Saldo aus Investitionstätigkeit,,true,2026,ansatz,0,398
P,1052201,false,31,saldo_investitionen,Saldo aus Investitionstätigkeit,,true,2027,planung,0,398
P,1052201,false,31,saldo_investitionen,Saldo aus Investitionstätigkeit,,true,2028,planung,0,398
P,1052201,false,31,saldo_investitionen,Saldo aus Investitionstätigkeit,,true,2029,planung,0,398
P,1052301,false,17,saldo_laufende_verwaltung,Saldo aus lfd. Verw.-tätigkeit,,true,2024,ergebnis,-8990,402
P,1052301,false,17,saldo_laufende_verwaltung,Saldo aus lfd. Verw.-tätigkeit,,true,2025,ansatz,-13523,402
P,1052301,false,17,saldo_laufende_verwaltung,Saldo aus lfd. Verw.-tätigkeit,,true,2026,ansatz,-33067,402
P,1052301,false,17,saldo_laufende_verwaltung,Saldo aus lfd. Verw.-tätigkeit,,true,2027,planung,-33666,402
P,1052301,false,17,saldo_laufende_verwaltung,Saldo aus lfd. Verw.-tätigkeit,,true,2028,planung,-34411,402
P,1052301,false,17,saldo_laufende_verwaltung,Saldo aus lfd. Verw.-tätigkeit,,true,2029,planung,-35174,402
P,1052301,false,23,einzahlungen_investitionen,Einzahlungen aus Investitionstätigkeit,,true,2024,ergebnis,0,402
P,1052301,false,23,einzahlungen_investitionen,Einzahlungen aus Investitionstätigkeit,,true,2025,ansatz,0,402
P,1052301,false,23,einzahlungen_investitionen,Einzahlungen aus Investitionstätigkeit,,true,2026,ansatz,0,402
P,1052301,false,23,einzahlungen_investitionen,Einzahlungen aus Investitionstätigkeit,,true,2027,planung,0,402
P,1052301,false,23,einzahlungen_investitionen,Einzahlungen aus Investitionstätigkeit,,true,2028,planung,0,402
P,1052301,false,23,einzahlungen_investitionen,Einzahlungen aus Investitionstätigkeit,,true,2029,planung,0,402
P,1052301,false,30,auszahlungen_investitionen,Auszahlungen aus Investitionstätigkeit,,true,2024,ergebnis,0,403
P,1052301,false,30,auszahlungen_investitionen,Auszahlungen aus Investitionstätigkeit,,true,2025,ansatz,0,403
P,1052301,false,30,auszahlungen_investitionen,Auszahlungen aus Investitionstätigkeit,,true,2026,ansatz,0,403
P,1052301,false,30,auszahlungen_investitionen,Auszahlungen aus Investitionstätigkeit,,true,2027,planung,0,403
P,1052301,false,30,auszahlungen_investitionen,Auszahlungen aus Investitionstätigkeit,,true,2028,planung,0,403
P,1052301,false,30,auszahlungen_investitionen,Auszahlungen aus Investitionstätigkeit,,true,2029,planung,0,403
P,1052301,false,31,saldo_investitionen,Saldo aus Investitionstätigkeit,,true,2024,ergebnis,0,403
P,1052301,false,31,saldo_investitionen,Saldo aus Investitionstätigkeit,,true,2025,ansatz,0,403
P,1052301,false,31,saldo_investitionen,Saldo aus Investitionstätigkeit,,true,2026,ansatz,0,403
P,1052301,false,31,saldo_investitionen,Saldo aus Investitionstätigkeit,,true,2027,planung,0,403
P,1052301,false,31,saldo_investitionen,Saldo aus Investitionstätigkeit,,true,2028,planung,0,403
P,1052301,false,31,saldo_investitionen,Saldo aus Investitionstätigkeit,,true,2029,planung,0,403
P,1153101,false,17,saldo_laufende_verwaltung,Saldo aus lfd. Verw.-tätigkeit,,true,2024,ergebnis,820637,411
P,1153101,false,17,saldo_laufende_verwaltung,Saldo aus lfd. Verw.-tätigkeit,,true,2025,ansatz,798000,411
P,1153101,false,17,saldo_laufende_verwaltung,Saldo aus lfd. Verw.-tätigkeit,,true,2026,ansatz,621200,411
P,1153101,false,17,saldo_laufende_verwaltung,Saldo aus lfd. Verw.-tätigkeit,,true,2027,planung,621200,411
P,1153101,false,17,saldo_laufende_verwaltung,Saldo aus lfd. Verw.-tätigkeit,,true,2028,planung,621200,411
P,1153101,false,17,saldo_laufende_verwaltung,Saldo aus lfd. Verw.-tätigkeit,,true,2029,planung,621200,411
P,1153101,false,23,einzahlungen_investitionen,Einzahlungen aus Investitionstätigkeit,,true,2024,ergebnis,0,411
P,1153101,false,23,einzahlungen_investitionen,Einzahlungen aus Investitionstätigkeit,,true,2025,ansatz,0,411
P,1153101,false,23,einzahlungen_investitionen,Einzahlungen aus Investitionstätigkeit,,true,2026,ansatz,0,411
P,1153101,false,23,einzahlungen_investitionen,Einzahlungen aus Investitionstätigkeit,,true,2027,planung,0,411
P,1153101,false,23,einzahlungen_investitionen,Einzahlungen aus Investitionstätigkeit,,true,2028,planung,0,411
P,1153101,false,23,einzahlungen_investitionen,Einzahlungen aus Investitionstätigkeit,,true,2029,planung,0,411
P,1153101,false,30,auszahlungen_investitionen,Auszahlungen aus Investitionstätigkeit,,true,2024,ergebnis,0,411
P,1153101,false,30,auszahlungen_investitionen,Auszahlungen aus Investitionstätigkeit,,true,2025,ansatz,0,411
P,1153101,false,30,auszahlungen_investitionen,Auszahlungen aus Investitionstätigkeit,,true,2026,ansatz,0,411
P,1153101,false,30,auszahlungen_investitionen,Auszahlungen aus Investitionstätigkeit,,true,2027,planung,0,411
P,1153101,false,30,auszahlungen_investitionen,Auszahlungen aus Investitionstätigkeit,,true,2028,planung,0,411
P,1153101,false,30,auszahlungen_investitionen,Auszahlungen aus Investitionstätigkeit,,true,2029,planung,0,411
P,1153101,false,31,saldo_investitionen,Saldo aus Investitionstätigkeit,,true,2024,ergebnis,0,411
P,1153101,false,31,saldo_investitionen,Saldo aus Investitionstätigkeit,,true,2025,ansatz,0,411
P,1153101,false,31,saldo_investitionen,Saldo aus Investitionstätigkeit,,true,2026,ansatz,0,411
P,1153101,false,31,saldo_investitionen,Saldo aus Investitionstätigkeit,,true,2027,planung,0,411
P,1153101,false,31,saldo_investitionen,Saldo aus Investitionstätigkeit,,true,2028,planung,0,411
P,1153101,false,31,saldo_investitionen,Saldo aus Investitionstätigkeit,,true,2029,planung,0,411
P,1153201,false,17,saldo_laufende_verwaltung,Saldo aus lfd. Verw.-tätigkeit,,true,2024,ergebnis,43880,415
P,1153201,false,17,saldo_laufende_verwaltung,Saldo aus lfd. Verw.-tätigkeit,,true,2025,ansatz,42840,415
P,1153201,false,17,saldo_laufende_verwaltung,Saldo aus lfd. Verw.-tätigkeit,,true,2026,ansatz,36000,415
P,1153201,false,17,saldo_laufende_verwaltung,Saldo aus lfd. Verw.-tätigkeit,,true,2027,planung,36000,415
P,1153201,false,17,saldo_laufende_verwaltung,Saldo aus lfd. Verw.-tätigkeit,,true,2028,planung,36000,415
P,1153201,false,17,saldo_laufende_verwaltung,Saldo aus lfd. Verw.-tätigkeit,,true,2029,planung,36000,415
P,1153201,false,23,einzahlungen_investitionen,Einzahlungen aus Investitionstätigkeit,,true,2024,ergebnis,0,415
P,1153201,false,23,einzahlungen_investitionen,Einzahlungen aus Investitionstätigkeit,,true,2025,ansatz,0,415
P,1153201,false,23,einzahlungen_investitionen,Einzahlungen aus Investitionstätigkeit,,true,2026,ansatz,0,415
P,1153201,false,23,einzahlungen_investitionen,Einzahlungen aus Investitionstätigkeit,,true,2027,planung,0,415
P,1153201,false,23,einzahlungen_investitionen,Einzahlungen aus Investitionstätigkeit,,true,2028,planung,0,415
P,1153201,false,23,einzahlungen_investitionen,Einzahlungen aus Investitionstätigkeit,,true,2029,planung,0,415
P,1153201,false,30,auszahlungen_investitionen,Auszahlungen aus Investitionstätigkeit,,true,2024,ergebnis,0,415
P,1153201,false,30,auszahlungen_investitionen,Auszahlungen aus Investitionstätigkeit,,true,2025,ansatz,0,415
P,1153201,false,30,auszahlungen_investitionen,Auszahlungen aus Investitionstätigkeit,,true,2026,ansatz,0,415
P,1153201,false,30,auszahlungen_investitionen,Auszahlungen aus Investitionstätigkeit,,true,2027,planung,0,415
P,1153201,false,30,auszahlungen_investitionen,Auszahlungen aus Investitionstätigkeit,,true,2028,planung,0,415
P,1153201,false,30,auszahlungen_investitionen,Auszahlungen aus Investitionstätigkeit,,true,2029,planung,0,415
P,1153201,false,31,saldo_investitionen,Saldo aus Investitionstätigkeit,,true,2024,ergebnis,0,415
P,1153201,false,31,saldo_investitionen,Saldo aus Investitionstätigkeit,,true,2025,ansatz,0,415
P,1153201,false,31,saldo_investitionen,Saldo aus Investitionstätigkeit,,true,2026,ansatz,0,415
P,1153201,false,31,saldo_investitionen,Saldo aus Investitionstätigkeit,,true,2027,planung,0,415
P,1153201,false,31,saldo_investitionen,Saldo aus Investitionstätigkeit,,true,2028,planung,0,415
P,1153201,false,31,saldo_investitionen,Saldo aus Investitionstätigkeit,,true,2029,planung,0,415
P,1153701,false,17,saldo_laufende_verwaltung,Saldo aus lfd. Verw.-tätigkeit,,true,2024,ergebnis,335170,421
P,1153701,false,17,saldo_laufende_verwaltung,Saldo aus lfd. Verw.-tätigkeit,,true,2025,ansatz,185947,421
P,1153701,false,17,saldo_laufende_verwaltung,Saldo aus lfd. Verw.-tätigkeit,,true,2026,ansatz,97552,421
P,1153701,false,17,saldo_laufende_verwaltung,Saldo aus lfd. Verw.-tätigkeit,,true,2027,planung,161998,421
P,1153701,false,17,saldo_laufende_verwaltung,Saldo aus lfd. Verw.-tätigkeit,,true,2028,planung,230870,421
P,1153701,false,17,saldo_laufende_verwaltung,Saldo aus lfd. Verw.-tätigkeit,,true,2029,planung,238507,421
P,1153701,false,23,einzahlungen_investitionen,Einzahlungen aus Investitionstätigkeit,,true,2024,ergebnis,0,421
P,1153701,false,23,einzahlungen_investitionen,Einzahlungen aus Investitionstätigkeit,,true,2025,ansatz,0,421
P,1153701,false,23,einzahlungen_investitionen,Einzahlungen aus Investitionstätigkeit,,true,2026,ansatz,0,421
P,1153701,false,23,einzahlungen_investitionen,Einzahlungen aus Investitionstätigkeit,,true,2027,planung,0,421
P,1153701,false,23,einzahlungen_investitionen,Einzahlungen aus Investitionstätigkeit,,true,2028,planung,0,421
P,1153701,false,23,einzahlungen_investitionen,Einzahlungen aus Investitionstätigkeit,,true,2029,planung,0,421
P,1153701,false,26,erwerb_bewegliches_anlagevermoegen,Ausz. f. Erwerb von bewegl. Anlagevermögen,,false,2024,ergebnis,39211,421
P,1153701,false,26,erwerb_bewegliches_anlagevermoegen,Ausz. f. Erwerb von bewegl. Anlagevermögen,,false,2025,ansatz,95000,421
P,1153701,false,26,erwerb_bewegliches_anlagevermoegen,Ausz. f. Erwerb von bewegl. Anlagevermögen,,false,2026,ansatz,115000,421
P,1153701,false,26,erwerb_bewegliches_anlagevermoegen,Ausz. f. Erwerb von bewegl. Anlagevermögen,,false,2027,planung,75000,421
P,1153701,false,26,erwerb_bewegliches_anlagevermoegen,Ausz. f. Erwerb von bewegl. Anlagevermögen,,false,2028,planung,75000,421
P,1153701,false,26,erwerb_bewegliches_anlagevermoegen,Ausz. f. Erwerb von bewegl. Anlagevermögen,,false,2029,planung,75000,421
P,1153701,false,30,auszahlungen_investitionen,Auszahlungen aus Investitionstätigkeit,,true,2024,ergebnis,39211,421
P,1153701,false,30,auszahlungen_investitionen,Auszahlungen aus Investitionstätigkeit,,true,2025,ansatz,95000,421
P,1153701,false,30,auszahlungen_investitionen,Auszahlungen aus Investitionstätigkeit,,true,2026,ansatz,115000,421
P,1153701,false,30,auszahlungen_investitionen,Auszahlungen aus Investitionstätigkeit,,true,2027,planung,75000,421
P,1153701,false,30,auszahlungen_investitionen,Auszahlungen aus Investitionstätigkeit,,true,2028,planung,75000,421
P,1153701,false,30,auszahlungen_investitionen,Auszahlungen aus Investitionstätigkeit,,true,2029,planung,75000,421
P,1153701,false,31,saldo_investitionen,Saldo aus Investitionstätigkeit,,true,2024,ergebnis,-39211,421
P,1153701,false,31,saldo_investitionen,Saldo aus Investitionstätigkeit,,true,2025,ansatz,-95000,421
P,1153701,false,31,saldo_investitionen,Saldo aus Investitionstätigkeit,,true,2026,ansatz,-115000,421
P,1153701,false,31,saldo_investitionen,Saldo aus Investitionstätigkeit,,true,2027,planung,-75000,421
P,1153701,false,31,saldo_investitionen,Saldo aus Investitionstätigkeit,,true,2028,planung,-75000,421
P,1153701,false,31,saldo_investitionen,Saldo aus Investitionstätigkeit,,true,2029,planung,-75000,421
P,1153801,false,17,saldo_laufende_verwaltung,Saldo aus lfd. Verw.-tätigkeit,,true,2024,ergebnis,2384111,428
P,1153801,false,17,saldo_laufende_verwaltung,Saldo aus lfd. Verw.-tätigkeit,,true,2025,ansatz,3436177,428
P,1153801,false,17,saldo_laufende_verwaltung,Saldo aus lfd. Verw.-tätigkeit,,true,2026,ansatz,3312000,428
P,1153801,false,17,saldo_laufende_verwaltung,Saldo aus lfd. Verw.-tätigkeit,,true,2027,planung,3296176,428
P,1153801,false,17,saldo_laufende_verwaltung,Saldo aus lfd. Verw.-tätigkeit,,true,2028,planung,3332954,428
P,1153801,false,17,saldo_laufende_verwaltung,Saldo aus lfd. Verw.-tätigkeit,,true,2029,planung,3424633,428
P,1153801,false,18,investitionszuwendungen,Zuwendungen für Investitionsmaßnahmen,,false,2024,ergebnis,22087,428
P,1153801,false,18,investitionszuwendungen,Zuwendungen für Investitionsmaßnahmen,,false,2025,ansatz,0,428
P,1153801,false,18,investitionszuwendungen,Zuwendungen für Investitionsmaßnahmen,,false,2026,ansatz,0,428
P,1153801,false,18,investitionszuwendungen,Zuwendungen für Investitionsmaßnahmen,,false,2027,planung,0,428
P,1153801,false,18,investitionszuwendungen,Zuwendungen für Investitionsmaßnahmen,,false,2028,planung,0,428
P,1153801,false,18,investitionszuwendungen,Zuwendungen für Investitionsmaßnahmen,,false,2029,planung,0,428
P,1153801,false,21,beitraege,Einz. aus Beiträgen u. ä. Entgelten,,false,2024,ergebnis,376197,428
P,1153801,false,21,beitraege,Einz. aus Beiträgen u. ä. Entgelten,,false,2025,ansatz,440000,428
P,1153801,false,21,beitraege,Einz. aus Beiträgen u. ä. Entgelten,,false,2026,ansatz,1015000,428
P,1153801,false,21,beitraege,Einz. aus Beiträgen u. ä. Entgelten,,false,2027,planung,550000,428
P,1153801,false,21,beitraege,Einz. aus Beiträgen u. ä. Entgelten,,false,2028,planung,978000,428
P,1153801,false,21,beitraege,Einz. aus Beiträgen u. ä. Entgelten,,false,2029,planung,1081000,428
P,1153801,false,23,einzahlungen_investitionen,Einzahlungen aus Investitionstätigkeit,,true,2024,ergebnis,398284,428
P,1153801,false,23,einzahlungen_investitionen,Einzahlungen aus Investitionstätigkeit,,true,2025,ansatz,440000,428
P,1153801,false,23,einzahlungen_investitionen,Einzahlungen aus Investitionstätigkeit,,true,2026,ansatz,1015000,428
P,1153801,false,23,einzahlungen_investitionen,Einzahlungen aus Investitionstätigkeit,,true,2027,planung,550000,428
P,1153801,false,23,einzahlungen_investitionen,Einzahlungen aus Investitionstätigkeit,,true,2028,planung,978000,428
P,1153801,false,23,einzahlungen_investitionen,Einzahlungen aus Investitionstätigkeit,,true,2029,planung,1081000,428
P,1153801,false,25,baumassnahmen,Ausz. f. Baumaßnahmen,,false,2024,ergebnis,3034432,428
P,1153801,false,25,baumassnahmen,Ausz. f. Baumaßnahmen,,false,2025,ansatz,3068000,428
P,1153801,false,25,baumassnahmen,Ausz. f. Baumaßnahmen,,false,2026,ansatz,2053000,428
P,1153801,false,25,baumassnahmen,Ausz. f. Baumaßnahmen,,false,2027,planung,3578000,428
P,1153801,false,25,baumassnahmen,Ausz. f. Baumaßnahmen,,false,2028,planung,3048000,428
P,1153801,false,25,baumassnahmen,Ausz. f. Baumaßnahmen,,false,2029,planung,783000,428
P,1153801,false,26,erwerb_bewegliches_anlagevermoegen,Ausz. f. Erwerb von bewegl. Anlagevermögen,,false,2024,ergebnis,4222,428
P,1153801,false,26,erwerb_bewegliches_anlagevermoegen,Ausz. f. Erwerb von bewegl. Anlagevermögen,,false,2025,ansatz,13000,428
P,1153801,false,26,erwerb_bewegliches_anlagevermoegen,Ausz. f. Erwerb von bewegl. Anlagevermögen,,false,2026,ansatz,5000,428
P,1153801,false,26,erwerb_bewegliches_anlagevermoegen,Ausz. f. Erwerb von bewegl. Anlagevermögen,,false,2027,planung,5000,428
P,1153801,false,26,erwerb_bewegliches_anlagevermoegen,Ausz. f. Erwerb von bewegl. Anlagevermögen,,false,2028,planung,5000,428
P,1153801,false,26,erwerb_bewegliches_anlagevermoegen,Ausz. f. Erwerb von bewegl. Anlagevermögen,,false,2029,planung,5000,428
P,1153801,false,30,auszahlungen_investitionen,Auszahlungen aus Investitionstätigkeit,,true,2024,ergebnis,3038654,428
P,1153801,false,30,auszahlungen_investitionen,Auszahlungen aus Investitionstätigkeit,,true,2025,ansatz,3081000,428
P,1153801,false,30,auszahlungen_investitionen,Auszahlungen aus Investitionstätigkeit,,true,2026,ansatz,2058000,428
P,1153801,false,30,auszahlungen_investitionen,Auszahlungen aus Investitionstätigkeit,,true,2027,planung,3583000,428
P,1153801,false,30,auszahlungen_investitionen,Auszahlungen aus Investitionstätigkeit,,true,2028,planung,3053000,428
P,1153801,false,30,auszahlungen_investitionen,Auszahlungen aus Investitionstätigkeit,,true,2029,planung,788000,428
P,1153801,false,31,saldo_investitionen,Saldo aus Investitionstätigkeit,,true,2024,ergebnis,-2640370,428
P,1153801,false,31,saldo_investitionen,Saldo aus Investitionstätigkeit,,true,2025,ansatz,-2641000,428
P,1153801,false,31,saldo_investitionen,Saldo aus Investitionstätigkeit,,true,2026,ansatz,-1043000,428
P,1153801,false,31,saldo_investitionen,Saldo aus Investitionstätigkeit,,true,2027,planung,-3033000,428
P,1153801,false,31,saldo_investitionen,Saldo aus Investitionstätigkeit,,true,2028,planung,-2075000,428
P,1153801,false,31,saldo_investitionen,Saldo aus Investitionstätigkeit,,true,2029,planung,293000,428
P,1153802,false,17,saldo_laufende_verwaltung,Saldo aus lfd. Verw.-tätigkeit,,true,2024,ergebnis,77,439
P,1153802,false,17,saldo_laufende_verwaltung,Saldo aus lfd. Verw.-tätigkeit,,true,2025,ansatz,2808,439
P,1153802,false,17,saldo_laufende_verwaltung,Saldo aus lfd. Verw.-tätigkeit,,true,2026,ansatz,9627,439
P,1153802,false,17,saldo_laufende_verwaltung,Saldo aus lfd. Verw.-tätigkeit,,true,2027,planung,10037,439
P,1153802,false,17,saldo_laufende_verwaltung,Saldo aus lfd. Verw.-tätigkeit,,true,2028,planung,10425,439
P,1153802,false,17,saldo_laufende_verwaltung,Saldo aus lfd. Verw.-tätigkeit,,true,2029,planung,10110,439
P,1153802,false,23,einzahlungen_investitionen,Einzahlungen aus Investitionstätigkeit,,true,2024,ergebnis,0,440
P,1153802,false,23,einzahlungen_investitionen,Einzahlungen aus Investitionstätigkeit,,true,2025,ansatz,0,440
P,1153802,false,23,einzahlungen_investitionen,Einzahlungen aus Investitionstätigkeit,,true,2026,ansatz,0,440
P,1153802,false,23,einzahlungen_investitionen,Einzahlungen aus Investitionstätigkeit,,true,2027,planung,0,440
P,1153802,false,23,einzahlungen_investitionen,Einzahlungen aus Investitionstätigkeit,,true,2028,planung,0,440
P,1153802,false,23,einzahlungen_investitionen,Einzahlungen aus Investitionstätigkeit,,true,2029,planung,0,440
P,1153802,false,30,auszahlungen_investitionen,Auszahlungen aus Investitionstätigkeit,,true,2024,ergebnis,0,440
P,1153802,false,30,auszahlungen_investitionen,Auszahlungen aus Investitionstätigkeit,,true,2025,ansatz,0,440
P,1153802,false,30,auszahlungen_investitionen,Auszahlungen aus Investitionstätigkeit,,true,2026,ansatz,0,440
P,1153802,false,30,auszahlungen_investitionen,Auszahlungen aus Investitionstätigkeit,,true,2027,planung,0,440
P,1153802,false,30,auszahlungen_investitionen,Auszahlungen aus Investitionstätigkeit,,true,2028,planung,0,440
P,1153802,false,30,auszahlungen_investitionen,Auszahlungen aus Investitionstätigkeit,,true,2029,planung,0,440
P,1153802,false,31,saldo_investitionen,Saldo aus Investitionstätigkeit,,true,2024,ergebnis,0,440
P,1153802,false,31,saldo_investitionen,Saldo aus Investitionstätigkeit,,true,2025,ansatz,0,440
P,1153802,false,31,saldo_investitionen,Saldo aus Investitionstätigkeit,,true,2026,ansatz,0,440
P,1153802,false,31,saldo_investitionen,Saldo aus Investitionstätigkeit,,true,2027,planung,0,440
P,1153802,false,31,saldo_investitionen,Saldo aus Investitionstätigkeit,,true,2028,planung,0,440
P,1153802,false,31,saldo_investitionen,Saldo aus Investitionstätigkeit,,true,2029,planung,0,440
P,1254101,false,17,saldo_laufende_verwaltung,Saldo aus lfd. Verw.-tätigkeit,,true,2024,ergebnis,-1261390,449
P,1254101,false,17,saldo_laufende_verwaltung,Saldo aus lfd. Verw.-tätigkeit,,true,2025,ansatz,-1440872,449
P,1254101,false,17,saldo_laufende_verwaltung,Saldo aus lfd. Verw.-tätigkeit,,true,2026,ansatz,-1448707,449
P,1254101,false,17,saldo_laufende_verwaltung,Saldo aus lfd. Verw.-tätigkeit,,true,2027,planung,-1467501,449
P,1254101,false,17,saldo_laufende_verwaltung,Saldo aus lfd. Verw.-tätigkeit,,true,2028,planung,-1500486,449
P,1254101,false,17,saldo_laufende_verwaltung,Saldo aus lfd. Verw.-tätigkeit,,true,2029,planung,-1503623,449
P,1254101,false,18,investitionszuwendungen,Zuwendungen für Investitionsmaßnahmen,,false,2024,ergebnis,0,449
P,1254101,false,18,investitionszuwendungen,Zuwendungen für Investitionsmaßnahmen,,false,2025,ansatz,485000,449
P,1254101,false,18,investitionszuwendungen,Zuwendungen für Investitionsmaßnahmen,,false,2026,ansatz,935000,449
P,1254101,false,18,investitionszuwendungen,Zuwendungen für Investitionsmaßnahmen,,false,2027,planung,3100000,449
P,1254101,false,18,investitionszuwendungen,Zuwendungen für Investitionsmaßnahmen,,false,2028,planung,800000,449
P,1254101,false,18,investitionszuwendungen,Zuwendungen für Investitionsmaßnahmen,,false,2029,planung,0,449
P,1254101,false,21,beitraege,Einz. aus Beiträgen u. ä. Entgelten,,false,2024,ergebnis,54724,449
P,1254101,false,21,beitraege,Einz. aus Beiträgen u. ä. Entgelten,,false,2025,ansatz,500000,449
P,1254101,false,21,beitraege,Einz. aus Beiträgen u. ä. Entgelten,,false,2026,ansatz,736000,449
P,1254101,false,21,beitraege,Einz. aus Beiträgen u. ä. Entgelten,,false,2027,planung,686000,449
P,1254101,false,21,beitraege,Einz. aus Beiträgen u. ä. Entgelten,,false,2028,planung,616000,449
P,1254101,false,21,beitraege,Einz. aus Beiträgen u. ä. Entgelten,,false,2029,planung,526000,449
P,1254101,false,23,einzahlungen_investitionen,Einzahlungen aus Investitionstätigkeit,,true,2024,ergebnis,54724,449
P,1254101,false,23,einzahlungen_investitionen,Einzahlungen aus Investitionstätigkeit,,true,2025,ansatz,985000,449
P,1254101,false,23,einzahlungen_investitionen,Einzahlungen aus Investitionstätigkeit,,true,2026,ansatz,1671000,449
P,1254101,false,23,einzahlungen_investitionen,Einzahlungen aus Investitionstätigkeit,,true,2027,planung,3786000,449
P,1254101,false,23,einzahlungen_investitionen,Einzahlungen aus Investitionstätigkeit,,true,2028,planung,1416000,449
P,1254101,false,23,einzahlungen_investitionen,Einzahlungen aus Investitionstätigkeit,,true,2029,planung,526000,449
P,1254101,false,25,baumassnahmen,Ausz. f. Baumaßnahmen,,false,2024,ergebnis,1148579,449
P,1254101,false,25,baumassnahmen,Ausz. f. Baumaßnahmen,,false,2025,ansatz,1670000,449
P,1254101,false,25,baumassnahmen,Ausz. f. Baumaßnahmen,,false,2026,ansatz,2348000,449
P,1254101,false,25,baumassnahmen,Ausz. f. Baumaßnahmen,,false,2027,planung,5280000,449
P,1254101,false,25,baumassnahmen,Ausz. f. Baumaßnahmen,,false,2028,planung,1940000,449
P,1254101,false,25,baumassnahmen,Ausz. f. Baumaßnahmen,,false,2029,planung,240000,449
P,1254101,false,30,auszahlungen_investitionen,Auszahlungen aus Investitionstätigkeit,,true,2024,ergebnis,1148579,449
P,1254101,false,30,auszahlungen_investitionen,Auszahlungen aus Investitionstätigkeit,,true,2025,ansatz,1670000,449
P,1254101,false,30,auszahlungen_investitionen,Auszahlungen aus Investitionstätigkeit,,true,2026,ansatz,2348000,449
P,1254101,false,30,auszahlungen_investitionen,Auszahlungen aus Investitionstätigkeit,,true,2027,planung,5280000,449
P,1254101,false,30,auszahlungen_investitionen,Auszahlungen aus Investitionstätigkeit,,true,2028,planung,1940000,449
P,1254101,false,30,auszahlungen_investitionen,Auszahlungen aus Investitionstätigkeit,,true,2029,planung,240000,449
P,1254101,false,31,saldo_investitionen,Saldo aus Investitionstätigkeit,,true,2024,ergebnis,-1093855,449
P,1254101,false,31,saldo_investitionen,Saldo aus Investitionstätigkeit,,true,2025,ansatz,-685000,449
P,1254101,false,31,saldo_investitionen,Saldo aus Investitionstätigkeit,,true,2026,ansatz,-677000,449
P,1254101,false,31,saldo_investitionen,Saldo aus Investitionstätigkeit,,true,2027,planung,-1494000,449
P,1254101,false,31,saldo_investitionen,Saldo aus Investitionstätigkeit,,true,2028,planung,-524000,449
P,1254101,false,31,saldo_investitionen,Saldo aus Investitionstätigkeit,,true,2029,planung,286000,449
P,1254102,false,17,saldo_laufende_verwaltung,Saldo aus lfd. Verw.-tätigkeit,,true,2024,ergebnis,-220847,459
P,1254102,false,17,saldo_laufende_verwaltung,Saldo aus lfd. Verw.-tätigkeit,,true,2025,ansatz,-167822,459
P,1254102,false,17,saldo_laufende_verwaltung,Saldo aus lfd. Verw.-tätigkeit,,true,2026,ansatz,-175363,459
P,1254102,false,17,saldo_laufende_verwaltung,Saldo aus lfd. Verw.-tätigkeit,,true,2027,planung,-179357,459
P,1254102,false,17,saldo_laufende_verwaltung,Saldo aus lfd. Verw.-tätigkeit,,true,2028,planung,-184798,459
P,1254102,false,17,saldo_laufende_verwaltung,Saldo aus lfd. Verw.-tätigkeit,,true,2029,planung,-74846,459
P,1254102,false,23,einzahlungen_investitionen,Einzahlungen aus Investitionstätigkeit,,true,2024,ergebnis,0,459
P,1254102,false,23,einzahlungen_investitionen,Einzahlungen aus Investitionstätigkeit,,true,2025,ansatz,0,459
P,1254102,false,23,einzahlungen_investitionen,Einzahlungen aus Investitionstätigkeit,,true,2026,ansatz,0,459
P,1254102,false,23,einzahlungen_investitionen,Einzahlungen aus Investitionstätigkeit,,true,2027,planung,0,459
P,1254102,false,23,einzahlungen_investitionen,Einzahlungen aus Investitionstätigkeit,,true,2028,planung,0,459
P,1254102,false,23,einzahlungen_investitionen,Einzahlungen aus Investitionstätigkeit,,true,2029,planung,0,459
P,1254102,false,25,baumassnahmen,Ausz. f. Baumaßnahmen,,false,2024,ergebnis,5283,459
P,1254102,false,25,baumassnahmen,Ausz. f. Baumaßnahmen,,false,2025,ansatz,10000,459
P,1254102,false,25,baumassnahmen,Ausz. f. Baumaßnahmen,,false,2026,ansatz,60000,459
P,1254102,false,25,baumassnahmen,Ausz. f. Baumaßnahmen,,false,2027,planung,10000,459
P,1254102,false,25,baumassnahmen,Ausz. f. Baumaßnahmen,,false,2028,planung,10000,459
P,1254102,false,25,baumassnahmen,Ausz. f. Baumaßnahmen,,false,2029,planung,10000,459
P,1254102,false,30,auszahlungen_investitionen,Auszahlungen aus Investitionstätigkeit,,true,2024,ergebnis,5283,459
P,1254102,false,30,auszahlungen_investitionen,Auszahlungen aus Investitionstätigkeit,,true,2025,ansatz,10000,459
P,1254102,false,30,auszahlungen_investitionen,Auszahlungen aus Investitionstätigkeit,,true,2026,ansatz,60000,459
P,1254102,false,30,auszahlungen_investitionen,Auszahlungen aus Investitionstätigkeit,,true,2027,planung,10000,459
P,1254102,false,30,auszahlungen_investitionen,Auszahlungen aus Investitionstätigkeit,,true,2028,planung,10000,459
P,1254102,false,30,auszahlungen_investitionen,Auszahlungen aus Investitionstätigkeit,,true,2029,planung,10000,459
P,1254102,false,31,saldo_investitionen,Saldo aus Investitionstätigkeit,,true,2024,ergebnis,-5283,459
P,1254102,false,31,saldo_investitionen,Saldo aus Investitionstätigkeit,,true,2025,ansatz,-10000,459
P,1254102,false,31,saldo_investitionen,Saldo aus Investitionstätigkeit,,true,2026,ansatz,-60000,459
P,1254102,false,31,saldo_investitionen,Saldo aus Investitionstätigkeit,,true,2027,planung,-10000,459
P,1254102,false,31,saldo_investitionen,Saldo aus Investitionstätigkeit,,true,2028,planung,-10000,459
P,1254102,false,31,saldo_investitionen,Saldo aus Investitionstätigkeit,,true,2029,planung,-10000,459
P,1254201,false,17,saldo_laufende_verwaltung,Saldo aus lfd. Verw.-tätigkeit,,true,2024,ergebnis,-7331,465
P,1254201,false,17,saldo_laufende_verwaltung,Saldo aus lfd. Verw.-tätigkeit,,true,2025,ansatz,-7889,465
P,1254201,false,17,saldo_laufende_verwaltung,Saldo aus lfd. Verw.-tätigkeit,,true,2026,ansatz,-8364,465
P,1254201,false,17,saldo_laufende_verwaltung,Saldo aus lfd. Verw.-tätigkeit,,true,2027,planung,-8536,465
P,1254201,false,17,saldo_laufende_verwaltung,Saldo aus lfd. Verw.-tätigkeit,,true,2028,planung,-8749,465
P,1254201,false,17,saldo_laufende_verwaltung,Saldo aus lfd. Verw.-tätigkeit,,true,2029,planung,-8968,465
P,1254201,false,23,einzahlungen_investitionen,Einzahlungen aus Investitionstätigkeit,,true,2024,ergebnis,0,465
P,1254201,false,23,einzahlungen_investitionen,Einzahlungen aus Investitionstätigkeit,,true,2025,ansatz,0,465
P,1254201,false,23,einzahlungen_investitionen,Einzahlungen aus Investitionstätigkeit,,true,2026,ansatz,0,465
P,1254201,false,23,einzahlungen_investitionen,Einzahlungen aus Investitionstätigkeit,,true,2027,planung,0,465
P,1254201,false,23,einzahlungen_investitionen,Einzahlungen aus Investitionstätigkeit,,true,2028,planung,0,465
P,1254201,false,23,einzahlungen_investitionen,Einzahlungen aus Investitionstätigkeit,,true,2029,planung,0,465
P,1254201,false,28,aktivierbare_zuwendungen,Ausz. f. aktivierbaren Zuwendungen,,false,2024,ergebnis,0,465
P,1254201,false,28,aktivierbare_zuwendungen,Ausz. f. aktivierbaren Zuwendungen,,false,2025,ansatz,32000,465
P,1254201,false,28,aktivierbare_zuwendungen,Ausz. f. aktivierbaren Zuwendungen,,false,2026,ansatz,23000,465
P,1254201,false,28,aktivierbare_zuwendungen,Ausz. f. aktivierbaren Zuwendungen,,false,2027,planung,35000,465
P,1254201,false,28,aktivierbare_zuwendungen,Ausz. f. aktivierbaren Zuwendungen,,false,2028,planung,191000,465
P,1254201,false,28,aktivierbare_zuwendungen,Ausz. f. aktivierbaren Zuwendungen,,false,2029,planung,0,465
P,1254201,false,30,auszahlungen_investitionen,Auszahlungen aus Investitionstätigkeit,,true,2024,ergebnis,0,465
P,1254201,false,30,auszahlungen_investitionen,Auszahlungen aus Investitionstätigkeit,,true,2025,ansatz,32000,465
P,1254201,false,30,auszahlungen_investitionen,Auszahlungen aus Investitionstätigkeit,,true,2026,ansatz,23000,465
P,1254201,false,30,auszahlungen_investitionen,Auszahlungen aus Investitionstätigkeit,,true,2027,planung,35000,465
P,1254201,false,30,auszahlungen_investitionen,Auszahlungen aus Investitionstätigkeit,,true,2028,planung,191000,465
P,1254201,false,30,auszahlungen_investitionen,Auszahlungen aus Investitionstätigkeit,,true,2029,planung,0,465
P,1254201,false,31,saldo_investitionen,Saldo aus Investitionstätigkeit,,true,2024,ergebnis,0,465
P,1254201,false,31,saldo_investitionen,Saldo aus Investitionstätigkeit,,true,2025,ansatz,-32000,465
P,1254201,false,31,saldo_investitionen,Saldo aus Investitionstätigkeit,,true,2026,ansatz,-23000,465
P,1254201,false,31,saldo_investitionen,Saldo aus Investitionstätigkeit,,true,2027,planung,-35000,465
P,1254201,false,31,saldo_investitionen,Saldo aus Investitionstätigkeit,,true,2028,planung,-191000,465
P,1254201,false,31,saldo_investitionen,Saldo aus Investitionstätigkeit,,true,2029,planung,0,465
P,1254301,false,17,saldo_laufende_verwaltung,Saldo aus lfd. Verw.-tätigkeit,,true,2024,ergebnis,-5269,470
P,1254301,false,17,saldo_laufende_verwaltung,Saldo aus lfd. Verw.-tätigkeit,,true,2025,ansatz,-5729,470
P,1254301,false,17,saldo_laufende_verwaltung,Saldo aus lfd. Verw.-tätigkeit,,true,2026,ansatz,-6046,470
P,1254301,false,17,saldo_laufende_verwaltung,Saldo aus lfd. Verw.-tätigkeit,,true,2027,planung,-6170,470
P,1254301,false,17,saldo_laufende_verwaltung,Saldo aus lfd. Verw.-tätigkeit,,true,2028,planung,-6325,470
P,1254301,false,17,saldo_laufende_verwaltung,Saldo aus lfd. Verw.-tätigkeit,,true,2029,planung,-6483,470
P,1254301,false,23,einzahlungen_investitionen,Einzahlungen aus Investitionstätigkeit,,true,2024,ergebnis,0,470
P,1254301,false,23,einzahlungen_investitionen,Einzahlungen aus Investitionstätigkeit,,true,2025,ansatz,0,470
P,1254301,false,23,einzahlungen_investitionen,Einzahlungen aus Investitionstätigkeit,,true,2026,ansatz,0,470
P,1254301,false,23,einzahlungen_investitionen,Einzahlungen aus Investitionstätigkeit,,true,2027,planung,0,470
P,1254301,false,23,einzahlungen_investitionen,Einzahlungen aus Investitionstätigkeit,,true,2028,planung,0,470
P,1254301,false,23,einzahlungen_investitionen,Einzahlungen aus Investitionstätigkeit,,true,2029,planung,0,470
P,1254301,false,30,auszahlungen_investitionen,Auszahlungen aus Investitionstätigkeit,,true,2024,ergebnis,0,470
P,1254301,false,30,auszahlungen_investitionen,Auszahlungen aus Investitionstätigkeit,,true,2025,ansatz,0,470
P,1254301,false,30,auszahlungen_investitionen,Auszahlungen aus Investitionstätigkeit,,true,2026,ansatz,0,470
P,1254301,false,30,auszahlungen_investitionen,Auszahlungen aus Investitionstätigkeit,,true,2027,planung,0,470
P,1254301,false,30,auszahlungen_investitionen,Auszahlungen aus Investitionstätigkeit,,true,2028,planung,0,470
P,1254301,false,30,auszahlungen_investitionen,Auszahlungen aus Investitionstätigkeit,,true,2029,planung,0,470
P,1254301,false,31,saldo_investitionen,Saldo aus Investitionstätigkeit,,true,2024,ergebnis,0,470
P,1254301,false,31,saldo_investitionen,Saldo aus Investitionstätigkeit,,true,2025,ansatz,0,470
P,1254301,false,31,saldo_investitionen,Saldo aus Investitionstätigkeit,,true,2026,ansatz,0,470
P,1254301,false,31,saldo_investitionen,Saldo aus Investitionstätigkeit,,true,2027,planung,0,470
P,1254301,false,31,saldo_investitionen,Saldo aus Investitionstätigkeit,,true,2028,planung,0,470
P,1254301,false,31,saldo_investitionen,Saldo aus Investitionstätigkeit,,true,2029,planung,0,470
P,1254501,false,17,saldo_laufende_verwaltung,Saldo aus lfd. Verw.-tätigkeit,,true,2024,ergebnis,14626,475
P,1254501,false,17,saldo_laufende_verwaltung,Saldo aus lfd. Verw.-tätigkeit,,true,2025,ansatz,12548,475
P,1254501,false,17,saldo_laufende_verwaltung,Saldo aus lfd. Verw.-tätigkeit,,true,2026,ansatz,14352,475
P,1254501,false,17,saldo_laufende_verwaltung,Saldo aus lfd. Verw.-tätigkeit,,true,2027,planung,14120,475
P,1254501,false,17,saldo_laufende_verwaltung,Saldo aus lfd. Verw.-tätigkeit,,true,2028,planung,15520,475
P,1254501,false,17,saldo_laufende_verwaltung,Saldo aus lfd. Verw.-tätigkeit,,true,2029,planung,15849,475
P,1254501,false,23,einzahlungen_investitionen,Einzahlungen aus Investitionstätigkeit,,true,2024,ergebnis,0,475
P,1254501,false,23,einzahlungen_investitionen,Einzahlungen aus Investitionstätigkeit,,true,2025,ansatz,0,475
P,1254501,false,23,einzahlungen_investitionen,Einzahlungen aus Investitionstätigkeit,,true,2026,ansatz,0,475
P,1254501,false,23,einzahlungen_investitionen,Einzahlungen aus Investitionstätigkeit,,true,2027,planung,0,475
P,1254501,false,23,einzahlungen_investitionen,Einzahlungen aus Investitionstätigkeit,,true,2028,planung,0,475
P,1254501,false,23,einzahlungen_investitionen,Einzahlungen aus Investitionstätigkeit,,true,2029,planung,0,475
P,1254501,false,30,auszahlungen_investitionen,Auszahlungen aus Investitionstätigkeit,,true,2024,ergebnis,0,475
P,1254501,false,30,auszahlungen_investitionen,Auszahlungen aus Investitionstätigkeit,,true,2025,ansatz,0,475
P,1254501,false,30,auszahlungen_investitionen,Auszahlungen aus Investitionstätigkeit,,true,2026,ansatz,0,475
P,1254501,false,30,auszahlungen_investitionen,Auszahlungen aus Investitionstätigkeit,,true,2027,planung,0,475
P,1254501,false,30,auszahlungen_investitionen,Auszahlungen aus Investitionstätigkeit,,true,2028,planung,0,475
P,1254501,false,30,auszahlungen_investitionen,Auszahlungen aus Investitionstätigkeit,,true,2029,planung,0,475
P,1254501,false,31,saldo_investitionen,Saldo aus Investitionstätigkeit,,true,2024,ergebnis,0,475
P,1254501,false,31,saldo_investitionen,Saldo aus Investitionstätigkeit,,true,2025,ansatz,0,475
P,1254501,false,31,saldo_investitionen,Saldo aus Investitionstätigkeit,,true,2026,ansatz,0,475
P,1254501,false,31,saldo_investitionen,Saldo aus Investitionstätigkeit,,true,2027,planung,0,475
P,1254501,false,31,saldo_investitionen,Saldo aus Investitionstätigkeit,,true,2028,planung,0,475
P,1254501,false,31,saldo_investitionen,Saldo aus Investitionstätigkeit,,true,2029,planung,0,475
P,1254601,false,17,saldo_laufende_verwaltung,Saldo aus lfd. Verw.-tätigkeit,,true,2024,ergebnis,-3225,480
P,1254601,false,17,saldo_laufende_verwaltung,Saldo aus lfd. Verw.-tätigkeit,,true,2025,ansatz,-5534,480
P,1254601,false,17,saldo_laufende_verwaltung,Saldo aus lfd. Verw.-tätigkeit,,true,2026,ansatz,-5651,480
P,1254601,false,17,saldo_laufende_verwaltung,Saldo aus lfd. Verw.-tätigkeit,,true,2027,planung,-5726,480
P,1254601,false,17,saldo_laufende_verwaltung,Saldo aus lfd. Verw.-tätigkeit,,true,2028,planung,-5819,480
P,1254601,false,17,saldo_laufende_verwaltung,Saldo aus lfd. Verw.-tätigkeit,,true,2029,planung,-5914,480
P,1254601,false,23,einzahlungen_investitionen,Einzahlungen aus Investitionstätigkeit,,true,2024,ergebnis,0,480
P,1254601,false,23,einzahlungen_investitionen,Einzahlungen aus Investitionstätigkeit,,true,2025,ansatz,0,480
P,1254601,false,23,einzahlungen_investitionen,Einzahlungen aus Investitionstätigkeit,,true,2026,ansatz,0,480
P,1254601,false,23,einzahlungen_investitionen,Einzahlungen aus Investitionstätigkeit,,true,2027,planung,0,480
P,1254601,false,23,einzahlungen_investitionen,Einzahlungen aus Investitionstätigkeit,,true,2028,planung,0,480
P,1254601,false,23,einzahlungen_investitionen,Einzahlungen aus Investitionstätigkeit,,true,2029,planung,0,480
P,1254601,false,30,auszahlungen_investitionen,Auszahlungen aus Investitionstätigkeit,,true,2024,ergebnis,0,480
P,1254601,false,30,auszahlungen_investitionen,Auszahlungen aus Investitionstätigkeit,,true,2025,ansatz,0,480
P,1254601,false,30,auszahlungen_investitionen,Auszahlungen aus Investitionstätigkeit,,true,2026,ansatz,0,480
P,1254601,false,30,auszahlungen_investitionen,Auszahlungen aus Investitionstätigkeit,,true,2027,planung,0,480
P,1254601,false,30,auszahlungen_investitionen,Auszahlungen aus Investitionstätigkeit,,true,2028,planung,0,480
P,1254601,false,30,auszahlungen_investitionen,Auszahlungen aus Investitionstätigkeit,,true,2029,planung,0,480
P,1254601,false,31,saldo_investitionen,Saldo aus Investitionstätigkeit,,true,2024,ergebnis,0,480
P,1254601,false,31,saldo_investitionen,Saldo aus Investitionstätigkeit,,true,2025,ansatz,0,480
P,1254601,false,31,saldo_investitionen,Saldo aus Investitionstätigkeit,,true,2026,ansatz,0,480
P,1254601,false,31,saldo_investitionen,Saldo aus Investitionstätigkeit,,true,2027,planung,0,480
P,1254601,false,31,saldo_investitionen,Saldo aus Investitionstätigkeit,,true,2028,planung,0,480
P,1254601,false,31,saldo_investitionen,Saldo aus Investitionstätigkeit,,true,2029,planung,0,480
P,1254701,false,17,saldo_laufende_verwaltung,Saldo aus lfd. Verw.-tätigkeit,,true,2024,ergebnis,-18972,485
P,1254701,false,17,saldo_laufende_verwaltung,Saldo aus lfd. Verw.-tätigkeit,,true,2025,ansatz,-19686,485
P,1254701,false,17,saldo_laufende_verwaltung,Saldo aus lfd. Verw.-tätigkeit,,true,2026,ansatz,-20357,485
P,1254701,false,17,saldo_laufende_verwaltung,Saldo aus lfd. Verw.-tätigkeit,,true,2027,planung,-20491,485
P,1254701,false,17,saldo_laufende_verwaltung,Saldo aus lfd. Verw.-tätigkeit,,true,2028,planung,-20646,485
P,1254701,false,17,saldo_laufende_verwaltung,Saldo aus lfd. Verw.-tätigkeit,,true,2029,planung,-20816,485
P,1254701,false,18,investitionszuwendungen,Zuwendungen für Investitionsmaßnahmen,,false,2024,ergebnis,0,485
P,1254701,false,18,investitionszuwendungen,Zuwendungen für Investitionsmaßnahmen,,false,2025,ansatz,45000,485
P,1254701,false,18,investitionszuwendungen,Zuwendungen für Investitionsmaßnahmen,,false,2026,ansatz,45000,485
P,1254701,false,18,investitionszuwendungen,Zuwendungen für Investitionsmaßnahmen,,false,2027,planung,0,485
P,1254701,false,18,investitionszuwendungen,Zuwendungen für Investitionsmaßnahmen,,false,2028,planung,0,485
P,1254701,false,18,investitionszuwendungen,Zuwendungen für Investitionsmaßnahmen,,false,2029,planung,0,485
P,1254701,false,23,einzahlungen_investitionen,Einzahlungen aus Investitionstätigkeit,,true,2024,ergebnis,0,485
P,1254701,false,23,einzahlungen_investitionen,Einzahlungen aus Investitionstätigkeit,,true,2025,ansatz,45000,485
P,1254701,false,23,einzahlungen_investitionen,Einzahlungen aus Investitionstätigkeit,,true,2026,ansatz,45000,485
P,1254701,false,23,einzahlungen_investitionen,Einzahlungen aus Investitionstätigkeit,,true,2027,planung,0,485
P,1254701,false,23,einzahlungen_investitionen,Einzahlungen aus Investitionstätigkeit,,true,2028,planung,0,485
P,1254701,false,23,einzahlungen_investitionen,Einzahlungen aus Investitionstätigkeit,,true,2029,planung,0,485
P,1254701,false,25,baumassnahmen,Ausz. f. Baumaßnahmen,,false,2024,ergebnis,8551,485
P,1254701,false,25,baumassnahmen,Ausz. f. Baumaßnahmen,,false,2025,ansatz,60000,485
P,1254701,false,25,baumassnahmen,Ausz. f. Baumaßnahmen,,false,2026,ansatz,65000,485
P,1254701,false,25,baumassnahmen,Ausz. f. Baumaßnahmen,,false,2027,planung,5000,485
P,1254701,false,25,baumassnahmen,Ausz. f. Baumaßnahmen,,false,2028,planung,5000,485
P,1254701,false,25,baumassnahmen,Ausz. f. Baumaßnahmen,,false,2029,planung,5000,485
P,1254701,false,30,auszahlungen_investitionen,Auszahlungen aus Investitionstätigkeit,,true,2024,ergebnis,8551,485
P,1254701,false,30,auszahlungen_investitionen,Auszahlungen aus Investitionstätigkeit,,true,2025,ansatz,60000,485
P,1254701,false,30,auszahlungen_investitionen,Auszahlungen aus Investitionstätigkeit,,true,2026,ansatz,65000,485
P,1254701,false,30,auszahlungen_investitionen,Auszahlungen aus Investitionstätigkeit,,true,2027,planung,5000,485
P,1254701,false,30,auszahlungen_investitionen,Auszahlungen aus Investitionstätigkeit,,true,2028,planung,5000,485
P,1254701,false,30,auszahlungen_investitionen,Auszahlungen aus Investitionstätigkeit,,true,2029,planung,5000,485
P,1254701,false,31,saldo_investitionen,Saldo aus Investitionstätigkeit,,true,2024,ergebnis,-8551,485
P,1254701,false,31,saldo_investitionen,Saldo aus Investitionstätigkeit,,true,2025,ansatz,-15000,485
P,1254701,false,31,saldo_investitionen,Saldo aus Investitionstätigkeit,,true,2026,ansatz,-20000,485
P,1254701,false,31,saldo_investitionen,Saldo aus Investitionstätigkeit,,true,2027,planung,-5000,485
P,1254701,false,31,saldo_investitionen,Saldo aus Investitionstätigkeit,,true,2028,planung,-5000,485
P,1254701,false,31,saldo_investitionen,Saldo aus Investitionstätigkeit,,true,2029,planung,-5000,485
P,1355101,false,17,saldo_laufende_verwaltung,Saldo aus lfd. Verw.-tätigkeit,,true,2024,ergebnis,-60116,494
P,1355101,false,17,saldo_laufende_verwaltung,Saldo aus lfd. Verw.-tätigkeit,,true,2025,ansatz,-55554,494
P,1355101,false,17,saldo_laufende_verwaltung,Saldo aus lfd. Verw.-tätigkeit,,true,2026,ansatz,-55172,494
P,1355101,false,17,saldo_laufende_verwaltung,Saldo aus lfd. Verw.-tätigkeit,,true,2027,planung,-56782,494
P,1355101,false,17,saldo_laufende_verwaltung,Saldo aus lfd. Verw.-tätigkeit,,true,2028,planung,-60137,494
P,1355101,false,17,saldo_laufende_verwaltung,Saldo aus lfd. Verw.-tätigkeit,,true,2029,planung,-63561,494
P,1355101,false,18,investitionszuwendungen,Zuwendungen für Investitionsmaßnahmen,,false,2024,ergebnis,0,494
P,1355101,false,18,investitionszuwendungen,Zuwendungen für Investitionsmaßnahmen,,false,2025,ansatz,0,494
P,1355101,false,18,investitionszuwendungen,Zuwendungen für Investitionsmaßnahmen,,false,2026,ansatz,3383,494
P,1355101,false,18,investitionszuwendungen,Zuwendungen für Investitionsmaßnahmen,,false,2027,planung,0,494
P,1355101,false,18,investitionszuwendungen,Zuwendungen für Investitionsmaßnahmen,,false,2028,planung,0,494
P,1355101,false,18,investitionszuwendungen,Zuwendungen für Investitionsmaßnahmen,,false,2029,planung,0,494
P,1355101,false,23,einzahlungen_investitionen,Einzahlungen aus Investitionstätigkeit,,true,2024,ergebnis,0,494
P,1355101,false,23,einzahlungen_investitionen,Einzahlungen aus Investitionstätigkeit,,true,2025,ansatz,0,494
P,1355101,false,23,einzahlungen_investitionen,Einzahlungen aus Investitionstätigkeit,,true,2026,ansatz,3383,494
P,1355101,false,23,einzahlungen_investitionen,Einzahlungen aus Investitionstätigkeit,,true,2027,planung,0,494
P,1355101,false,23,einzahlungen_investitionen,Einzahlungen aus Investitionstätigkeit,,true,2028,planung,0,494
P,1355101,false,23,einzahlungen_investitionen,Einzahlungen aus Investitionstätigkeit,,true,2029,planung,0,494
P,1355101,false,25,baumassnahmen,Ausz. f. Baumaßnahmen,,false,2024,ergebnis,23548,494
P,1355101,false,25,baumassnahmen,Ausz. f. Baumaßnahmen,,false,2025,ansatz,0,494
P,1355101,false,25,baumassnahmen,Ausz. f. Baumaßnahmen,,false,2026,ansatz,0,494
P,1355101,false,25,baumassnahmen,Ausz. f. Baumaßnahmen,,false,2027,planung,0,494
P,1355101,false,25,baumassnahmen,Ausz. f. Baumaßnahmen,,false,2028,planung,0,494
P,1355101,false,25,baumassnahmen,Ausz. f. Baumaßnahmen,,false,2029,planung,0,494
P,1355101,false,26,erwerb_bewegliches_anlagevermoegen,Ausz. f. Erwerb von bewegl. Anlagevermögen,,false,2024,ergebnis,0,494
P,1355101,false,26,erwerb_bewegliches_anlagevermoegen,Ausz. f. Erwerb von bewegl. Anlagevermögen,,false,2025,ansatz,0,494
P,1355101,false,26,erwerb_bewegliches_anlagevermoegen,Ausz. f. Erwerb von bewegl. Anlagevermögen,,false,2026,ansatz,6700,494
P,1355101,false,26,erwerb_bewegliches_anlagevermoegen,Ausz. f. Erwerb von bewegl. Anlagevermögen,,false,2027,planung,0,494
P,1355101,false,26,erwerb_bewegliches_anlagevermoegen,Ausz. f. Erwerb von bewegl. Anlagevermögen,,false,2028,planung,0,494
P,1355101,false,26,erwerb_bewegliches_anlagevermoegen,Ausz. f. Erwerb von bewegl. Anlagevermögen,,false,2029,planung,0,494
P,1355101,false,30,auszahlungen_investitionen,Auszahlungen aus Investitionstätigkeit,,true,2024,ergebnis,23548,494
P,1355101,false,30,auszahlungen_investitionen,Auszahlungen aus Investitionstätigkeit,,true,2025,ansatz,0,494
P,1355101,false,30,auszahlungen_investitionen,Auszahlungen aus Investitionstätigkeit,,true,2026,ansatz,6700,494
P,1355101,false,30,auszahlungen_investitionen,Auszahlungen aus Investitionstätigkeit,,true,2027,planung,0,494
P,1355101,false,30,auszahlungen_investitionen,Auszahlungen aus Investitionstätigkeit,,true,2028,planung,0,494
P,1355101,false,30,auszahlungen_investitionen,Auszahlungen aus Investitionstätigkeit,,true,2029,planung,0,494
P,1355101,false,31,saldo_investitionen,Saldo aus Investitionstätigkeit,,true,2024,ergebnis,-23548,494
P,1355101,false,31,saldo_investitionen,Saldo aus Investitionstätigkeit,,true,2025,ansatz,0,494
P,1355101,false,31,saldo_investitionen,Saldo aus Investitionstätigkeit,,true,2026,ansatz,-3317,494
P,1355101,false,31,saldo_investitionen,Saldo aus Investitionstätigkeit,,true,2027,planung,0,494
P,1355101,false,31,saldo_investitionen,Saldo aus Investitionstätigkeit,,true,2028,planung,0,494
P,1355101,false,31,saldo_investitionen,Saldo aus Investitionstätigkeit,,true,2029,planung,0,494
P,1355102,false,17,saldo_laufende_verwaltung,Saldo aus lfd. Verw.-tätigkeit,,true,2024,ergebnis,-33709,500
P,1355102,false,17,saldo_laufende_verwaltung,Saldo aus lfd. Verw.-tätigkeit,,true,2025,ansatz,-38236,500
P,1355102,false,17,saldo_laufende_verwaltung,Saldo aus lfd. Verw.-tätigkeit,,true,2026,ansatz,-45861,500
P,1355102,false,17,saldo_laufende_verwaltung,Saldo aus lfd. Verw.-tätigkeit,,true,2027,planung,-46853,500
P,1355102,false,17,saldo_laufende_verwaltung,Saldo aus lfd. Verw.-tätigkeit,,true,2028,planung,-47964,500
P,1355102,false,17,saldo_laufende_verwaltung,Saldo aus lfd. Verw.-tätigkeit,,true,2029,planung,-49091,500
P,1355102,false,23,einzahlungen_investitionen,Einzahlungen aus Investitionstätigkeit,,true,2024,ergebnis,0,500
P,1355102,false,23,einzahlungen_investitionen,Einzahlungen aus Investitionstätigkeit,,true,2025,ansatz,0,500
P,1355102,false,23,einzahlungen_investitionen,Einzahlungen aus Investitionstätigkeit,,true,2026,ansatz,0,500
P,1355102,false,23,einzahlungen_investitionen,Einzahlungen aus Investitionstätigkeit,,true,2027,planung,0,500
P,1355102,false,23,einzahlungen_investitionen,Einzahlungen aus Investitionstätigkeit,,true,2028,planung,0,500
P,1355102,false,23,einzahlungen_investitionen,Einzahlungen aus Investitionstätigkeit,,true,2029,planung,0,500
P,1355102,false,30,auszahlungen_investitionen,Auszahlungen aus Investitionstätigkeit,,true,2024,ergebnis,0,500
P,1355102,false,30,auszahlungen_investitionen,Auszahlungen aus Investitionstätigkeit,,true,2025,ansatz,0,500
P,1355102,false,30,auszahlungen_investitionen,Auszahlungen aus Investitionstätigkeit,,true,2026,ansatz,0,500
P,1355102,false,30,auszahlungen_investitionen,Auszahlungen aus Investitionstätigkeit,,true,2027,planung,0,500
P,1355102,false,30,auszahlungen_investitionen,Auszahlungen aus Investitionstätigkeit,,true,2028,planung,0,500
P,1355102,false,30,auszahlungen_investitionen,Auszahlungen aus Investitionstätigkeit,,true,2029,planung,0,500
P,1355102,false,31,saldo_investitionen,Saldo aus Investitionstätigkeit,,true,2024,ergebnis,0,500
P,1355102,false,31,saldo_investitionen,Saldo aus Investitionstätigkeit,,true,2025,ansatz,0,500
P,1355102,false,31,saldo_investitionen,Saldo aus Investitionstätigkeit,,true,2026,ansatz,0,500
P,1355102,false,31,saldo_investitionen,Saldo aus Investitionstätigkeit,,true,2027,planung,0,500
P,1355102,false,31,saldo_investitionen,Saldo aus Investitionstätigkeit,,true,2028,planung,0,500
P,1355102,false,31,saldo_investitionen,Saldo aus Investitionstätigkeit,,true,2029,planung,0,500
P,1355201,false,17,saldo_laufende_verwaltung,Saldo aus lfd. Verw.-tätigkeit,,true,2024,ergebnis,-1538,506
P,1355201,false,17,saldo_laufende_verwaltung,Saldo aus lfd. Verw.-tätigkeit,,true,2025,ansatz,1273,506
P,1355201,false,17,saldo_laufende_verwaltung,Saldo aus lfd. Verw.-tätigkeit,,true,2026,ansatz,15813,506
P,1355201,false,17,saldo_laufende_verwaltung,Saldo aus lfd. Verw.-tätigkeit,,true,2027,planung,17009,506
P,1355201,false,17,saldo_laufende_verwaltung,Saldo aus lfd. Verw.-tätigkeit,,true,2028,planung,17398,506
P,1355201,false,17,saldo_laufende_verwaltung,Saldo aus lfd. Verw.-tätigkeit,,true,2029,planung,17615,506
P,1355201,false,23,einzahlungen_investitionen,Einzahlungen aus Investitionstätigkeit,,true,2024,ergebnis,0,506
P,1355201,false,23,einzahlungen_investitionen,Einzahlungen aus Investitionstätigkeit,,true,2025,ansatz,0,506
P,1355201,false,23,einzahlungen_investitionen,Einzahlungen aus Investitionstätigkeit,,true,2026,ansatz,0,506
P,1355201,false,23,einzahlungen_investitionen,Einzahlungen aus Investitionstätigkeit,,true,2027,planung,0,506
P,1355201,false,23,einzahlungen_investitionen,Einzahlungen aus Investitionstätigkeit,,true,2028,planung,0,506
P,1355201,false,23,einzahlungen_investitionen,Einzahlungen aus Investitionstätigkeit,,true,2029,planung,0,506
P,1355201,false,30,auszahlungen_investitionen,Auszahlungen aus Investitionstätigkeit,,true,2024,ergebnis,0,506
P,1355201,false,30,auszahlungen_investitionen,Auszahlungen aus Investitionstätigkeit,,true,2025,ansatz,0,506
P,1355201,false,30,auszahlungen_investitionen,Auszahlungen aus Investitionstätigkeit,,true,2026,ansatz,0,506
P,1355201,false,30,auszahlungen_investitionen,Auszahlungen aus Investitionstätigkeit,,true,2027,planung,0,506
P,1355201,false,30,auszahlungen_investitionen,Auszahlungen aus Investitionstätigkeit,,true,2028,planung,0,506
P,1355201,false,30,auszahlungen_investitionen,Auszahlungen aus Investitionstätigkeit,,true,2029,planung,0,506
P,1355201,false,31,saldo_investitionen,Saldo aus Investitionstätigkeit,,true,2024,ergebnis,0,506
P,1355201,false,31,saldo_investitionen,Saldo aus Investitionstätigkeit,,true,2025,ansatz,0,506
P,1355201,false,31,saldo_investitionen,Saldo aus Investitionstätigkeit,,true,2026,ansatz,0,506
P,1355201,false,31,saldo_investitionen,Saldo aus Investitionstätigkeit,,true,2027,planung,0,506
P,1355201,false,31,saldo_investitionen,Saldo aus Investitionstätigkeit,,true,2028,planung,0,506
P,1355201,false,31,saldo_investitionen,Saldo aus Investitionstätigkeit,,true,2029,planung,0,506
P,1355301,false,17,saldo_laufende_verwaltung,Saldo aus lfd. Verw.-tätigkeit,,true,2024,ergebnis,-6198,511
P,1355301,false,17,saldo_laufende_verwaltung,Saldo aus lfd. Verw.-tätigkeit,,true,2025,ansatz,-7530,511
P,1355301,false,17,saldo_laufende_verwaltung,Saldo aus lfd. Verw.-tätigkeit,,true,2026,ansatz,-7638,511
P,1355301,false,17,saldo_laufende_verwaltung,Saldo aus lfd. Verw.-tätigkeit,,true,2027,planung,-7745,511
P,1355301,false,17,saldo_laufende_verwaltung,Saldo aus lfd. Verw.-tätigkeit,,true,2028,planung,-7845,511
P,1355301,false,17,saldo_laufende_verwaltung,Saldo aus lfd. Verw.-tätigkeit,,true,2029,planung,-7978,511
P,1355301,false,23,einzahlungen_investitionen,Einzahlungen aus Investitionstätigkeit,,true,2024,ergebnis,0,511
P,1355301,false,23,einzahlungen_investitionen,Einzahlungen aus Investitionstätigkeit,,true,2025,ansatz,0,511
P,1355301,false,23,einzahlungen_investitionen,Einzahlungen aus Investitionstätigkeit,,true,2026,ansatz,0,511
P,1355301,false,23,einzahlungen_investitionen,Einzahlungen aus Investitionstätigkeit,,true,2027,planung,0,511
P,1355301,false,23,einzahlungen_investitionen,Einzahlungen aus Investitionstätigkeit,,true,2028,planung,0,511
P,1355301,false,23,einzahlungen_investitionen,Einzahlungen aus Investitionstätigkeit,,true,2029,planung,0,511
P,1355301,false,30,auszahlungen_investitionen,Auszahlungen aus Investitionstätigkeit,,true,2024,ergebnis,0,511
P,1355301,false,30,auszahlungen_investitionen,Auszahlungen aus Investitionstätigkeit,,true,2025,ansatz,0,511
P,1355301,false,30,auszahlungen_investitionen,Auszahlungen aus Investitionstätigkeit,,true,2026,ansatz,0,511
P,1355301,false,30,auszahlungen_investitionen,Auszahlungen aus Investitionstätigkeit,,true,2027,planung,0,511
P,1355301,false,30,auszahlungen_investitionen,Auszahlungen aus Investitionstätigkeit,,true,2028,planung,0,511
P,1355301,false,30,auszahlungen_investitionen,Auszahlungen aus Investitionstätigkeit,,true,2029,planung,0,511
P,1355301,false,31,saldo_investitionen,Saldo aus Investitionstätigkeit,,true,2024,ergebnis,0,511
P,1355301,false,31,saldo_investitionen,Saldo aus Investitionstätigkeit,,true,2025,ansatz,0,511
P,1355301,false,31,saldo_investitionen,Saldo aus Investitionstätigkeit,,true,2026,ansatz,0,511
P,1355301,false,31,saldo_investitionen,Saldo aus Investitionstätigkeit,,true,2027,planung,0,511
P,1355301,false,31,saldo_investitionen,Saldo aus Investitionstätigkeit,,true,2028,planung,0,511
P,1355301,false,31,saldo_investitionen,Saldo aus Investitionstätigkeit,,true,2029,planung,0,511
P,1456101,false,17,saldo_laufende_verwaltung,Saldo aus lfd. Verw.-tätigkeit,,true,2024,ergebnis,-69890,518
P,1456101,false,17,saldo_laufende_verwaltung,Saldo aus lfd. Verw.-tätigkeit,,true,2025,ansatz,-167418,518
P,1456101,false,17,saldo_laufende_verwaltung,Saldo aus lfd. Verw.-tätigkeit,,true,2026,ansatz,-156958,518
P,1456101,false,17,saldo_laufende_verwaltung,Saldo aus lfd. Verw.-tätigkeit,,true,2027,planung,-158938,518
P,1456101,false,17,saldo_laufende_verwaltung,Saldo aus lfd. Verw.-tätigkeit,,true,2028,planung,-161331,518
P,1456101,false,17,saldo_laufende_verwaltung,Saldo aus lfd. Verw.-tätigkeit,,true,2029,planung,-212246,518
P,1456101,false,18,investitionszuwendungen,Zuwendungen für Investitionsmaßnahmen,,false,2024,ergebnis,-386,519
P,1456101,false,18,investitionszuwendungen,Zuwendungen für Investitionsmaßnahmen,,false,2025,ansatz,233500,519
P,1456101,false,18,investitionszuwendungen,Zuwendungen für Investitionsmaßnahmen,,false,2026,ansatz,360000,519
P,1456101,false,18,investitionszuwendungen,Zuwendungen für Investitionsmaßnahmen,,false,2027,planung,0,519
P,1456101,false,18,investitionszuwendungen,Zuwendungen für Investitionsmaßnahmen,,false,2028,planung,0,519
P,1456101,false,18,investitionszuwendungen,Zuwendungen für Investitionsmaßnahmen,,false,2029,planung,0,519
P,1456101,false,23,einzahlungen_investitionen,Einzahlungen aus Investitionstätigkeit,,true,2024,ergebnis,-386,519
P,1456101,false,23,einzahlungen_investitionen,Einzahlungen aus Investitionstätigkeit,,true,2025,ansatz,233500,519
P,1456101,false,23,einzahlungen_investitionen,Einzahlungen aus Investitionstätigkeit,,true,2026,ansatz,360000,519
P,1456101,false,23,einzahlungen_investitionen,Einzahlungen aus Investitionstätigkeit,,true,2027,planung,0,519
P,1456101,false,23,einzahlungen_investitionen,Einzahlungen aus Investitionstätigkeit,,true,2028,planung,0,519
P,1456101,false,23,einzahlungen_investitionen,Einzahlungen aus Investitionstätigkeit,,true,2029,planung,0,519
P,1456101,false,25,baumassnahmen,Ausz. f. Baumaßnahmen,,false,2024,ergebnis,156657,519
P,1456101,false,25,baumassnahmen,Ausz. f. Baumaßnahmen,,false,2025,ansatz,365000,519
P,1456101,false,25,baumassnahmen,Ausz. f. Baumaßnahmen,,false,2026,ansatz,465000,519
P,1456101,false,25,baumassnahmen,Ausz. f. Baumaßnahmen,,false,2027,planung,165000,519
P,1456101,false,25,baumassnahmen,Ausz. f. Baumaßnahmen,,false,2028,planung,85000,519
P,1456101,false,25,baumassnahmen,Ausz. f. Baumaßnahmen,,false,2029,planung,65000,519
P,1456101,false,30,auszahlungen_investitionen,Auszahlungen aus Investitionstätigkeit,,true,2024,ergebnis,156657,519
P,1456101,false,30,auszahlungen_investitionen,Auszahlungen aus Investitionstätigkeit,,true,2025,ansatz,365000,519
P,1456101,false,30,auszahlungen_investitionen,Auszahlungen aus Investitionstätigkeit,,true,2026,ansatz,465000,519
P,1456101,false,30,auszahlungen_investitionen,Auszahlungen aus Investitionstätigkeit,,true,2027,planung,165000,519
P,1456101,false,30,auszahlungen_investitionen,Auszahlungen aus Investitionstätigkeit,,true,2028,planung,85000,519
P,1456101,false,30,auszahlungen_investitionen,Auszahlungen aus Investitionstätigkeit,,true,2029,planung,65000,519
P,1456101,false,31,saldo_investitionen,Saldo aus Investitionstätigkeit,,true,2024,ergebnis,-157043,519
P,1456101,false,31,saldo_investitionen,Saldo aus Investitionstätigkeit,,true,2025,ansatz,-131500,519
P,1456101,false,31,saldo_investitionen,Saldo aus Investitionstätigkeit,,true,2026,ansatz,-105000,519
P,1456101,false,31,saldo_investitionen,Saldo aus Investitionstätigkeit,,true,2027,planung,-165000,519
P,1456101,false,31,saldo_investitionen,Saldo aus Investitionstätigkeit,,true,2028,planung,-85000,519
P,1456101,false,31,saldo_investitionen,Saldo aus Investitionstätigkeit,,true,2029,planung,-65000,519
P,1557101,false,17,saldo_laufende_verwaltung,Saldo aus lfd. Verw.-tätigkeit,,true,2024,ergebnis,-397543,530
P,1557101,false,17,saldo_laufende_verwaltung,Saldo aus lfd. Verw.-tätigkeit,,true,2025,ansatz,-263835,530
P,1557101,false,17,saldo_laufende_verwaltung,Saldo aus lfd. Verw.-tätigkeit,,true,2026,ansatz,-257307,530
P,1557101,false,17,saldo_laufende_verwaltung,Saldo aus lfd. Verw.-tätigkeit,,true,2027,planung,-258873,530
P,1557101,false,17,saldo_laufende_verwaltung,Saldo aus lfd. Verw.-tätigkeit,,true,2028,planung,-260273,530
P,1557101,false,17,saldo_laufende_verwaltung,Saldo aus lfd. Verw.-tätigkeit,,true,2029,planung,-262202,530
P,1557101,false,23,einzahlungen_investitionen,Einzahlungen aus Investitionstätigkeit,,true,2024,ergebnis,0,530
P,1557101,false,23,einzahlungen_investitionen,Einzahlungen aus Investitionstätigkeit,,true,2025,ansatz,0,530
P,1557101,false,23,einzahlungen_investitionen,Einzahlungen aus Investitionstätigkeit,,true,2026,ansatz,0,530
P,1557101,false,23,einzahlungen_investitionen,Einzahlungen aus Investitionstätigkeit,,true,2027,planung,0,530
P,1557101,false,23,einzahlungen_investitionen,Einzahlungen aus Investitionstätigkeit,,true,2028,planung,0,530
P,1557101,false,23,einzahlungen_investitionen,Einzahlungen aus Investitionstätigkeit,,true,2029,planung,0,530
P,1557101,false,30,auszahlungen_investitionen,Auszahlungen aus Investitionstätigkeit,,true,2024,ergebnis,0,530
P,1557101,false,30,auszahlungen_investitionen,Auszahlungen aus Investitionstätigkeit,,true,2025,ansatz,0,530
P,1557101,false,30,auszahlungen_investitionen,Auszahlungen aus Investitionstätigkeit,,true,2026,ansatz,0,530
P,1557101,false,30,auszahlungen_investitionen,Auszahlungen aus Investitionstätigkeit,,true,2027,planung,0,530
P,1557101,false,30,auszahlungen_investitionen,Auszahlungen aus Investitionstätigkeit,,true,2028,planung,0,530
P,1557101,false,30,auszahlungen_investitionen,Auszahlungen aus Investitionstätigkeit,,true,2029,planung,0,530
P,1557101,false,31,saldo_investitionen,Saldo aus Investitionstätigkeit,,true,2024,ergebnis,0,530
P,1557101,false,31,saldo_investitionen,Saldo aus Investitionstätigkeit,,true,2025,ansatz,0,530
P,1557101,false,31,saldo_investitionen,Saldo aus Investitionstätigkeit,,true,2026,ansatz,0,530
P,1557101,false,31,saldo_investitionen,Saldo aus Investitionstätigkeit,,true,2027,planung,0,530
P,1557101,false,31,saldo_investitionen,Saldo aus Investitionstätigkeit,,true,2028,planung,0,530
P,1557101,false,31,saldo_investitionen,Saldo aus Investitionstätigkeit,,true,2029,planung,0,530
P,1557301,false,17,saldo_laufende_verwaltung,Saldo aus lfd. Verw.-tätigkeit,,true,2024,ergebnis,-47930,537
P,1557301,false,17,saldo_laufende_verwaltung,Saldo aus lfd. Verw.-tätigkeit,,true,2025,ansatz,-22588,537
P,1557301,false,17,saldo_laufende_verwaltung,Saldo aus lfd. Verw.-tätigkeit,,true,2026,ansatz,-25515,537
P,1557301,false,17,saldo_laufende_verwaltung,Saldo aus lfd. Verw.-tätigkeit,,true,2027,planung,-25941,537
P,1557301,false,17,saldo_laufende_verwaltung,Saldo aus lfd. Verw.-tätigkeit,,true,2028,planung,-26332,537
P,1557301,false,17,saldo_laufende_verwaltung,Saldo aus lfd. Verw.-tätigkeit,,true,2029,planung,-26860,537
P,1557301,false,23,einzahlungen_investitionen,Einzahlungen aus Investitionstätigkeit,,true,2024,ergebnis,0,537
P,1557301,false,23,einzahlungen_investitionen,Einzahlungen aus Investitionstätigkeit,,true,2025,ansatz,0,537
P,1557301,false,23,einzahlungen_investitionen,Einzahlungen aus Investitionstätigkeit,,true,2026,ansatz,0,537
P,1557301,false,23,einzahlungen_investitionen,Einzahlungen aus Investitionstätigkeit,,true,2027,planung,0,537
P,1557301,false,23,einzahlungen_investitionen,Einzahlungen aus Investitionstätigkeit,,true,2028,planung,0,537
P,1557301,false,23,einzahlungen_investitionen,Einzahlungen aus Investitionstätigkeit,,true,2029,planung,0,537
P,1557301,false,30,auszahlungen_investitionen,Auszahlungen aus Investitionstätigkeit,,true,2024,ergebnis,0,537
P,1557301,false,30,auszahlungen_investitionen,Auszahlungen aus Investitionstätigkeit,,true,2025,ansatz,0,537
P,1557301,false,30,auszahlungen_investitionen,Auszahlungen aus Investitionstätigkeit,,true,2026,ansatz,0,537
P,1557301,false,30,auszahlungen_investitionen,Auszahlungen aus Investitionstätigkeit,,true,2027,planung,0,537
P,1557301,false,30,auszahlungen_investitionen,Auszahlungen aus Investitionstätigkeit,,true,2028,planung,0,537
P,1557301,false,30,auszahlungen_investitionen,Auszahlungen aus Investitionstätigkeit,,true,2029,planung,0,537
P,1557301,false,31,saldo_investitionen,Saldo aus Investitionstätigkeit,,true,2024,ergebnis,0,537
P,1557301,false,31,saldo_investitionen,Saldo aus Investitionstätigkeit,,true,2025,ansatz,0,537
P,1557301,false,31,saldo_investitionen,Saldo aus Investitionstätigkeit,,true,2026,ansatz,0,537
P,1557301,false,31,saldo_investitionen,Saldo aus Investitionstätigkeit,,true,2027,planung,0,537
P,1557301,false,31,saldo_investitionen,Saldo aus Investitionstätigkeit,,true,2028,planung,0,537
P,1557301,false,31,saldo_investitionen,Saldo aus Investitionstätigkeit,,true,2029,planung,0,537
P,1557302,false,17,saldo_laufende_verwaltung,Saldo aus lfd. Verw.-tätigkeit,,true,2024,ergebnis,-11471,542
P,1557302,false,17,saldo_laufende_verwaltung,Saldo aus lfd. Verw.-tätigkeit,,true,2025,ansatz,-147156,542
P,1557302,false,17,saldo_laufende_verwaltung,Saldo aus lfd. Verw.-tätigkeit,,true,2026,ansatz,133637,542
P,1557302,false,17,saldo_laufende_verwaltung,Saldo aus lfd. Verw.-tätigkeit,,true,2027,planung,137310,542
P,1557302,false,17,saldo_laufende_verwaltung,Saldo aus lfd. Verw.-tätigkeit,,true,2028,planung,139983,542
P,1557302,false,17,saldo_laufende_verwaltung,Saldo aus lfd. Verw.-tätigkeit,,true,2029,planung,143656,542
P,1557302,false,22,sonstige_investitionseinzahlungen,Sonstige Investitionseinzahlungen,,false,2024,ergebnis,0,542
P,1557302,false,22,sonstige_investitionseinzahlungen,Sonstige Investitionseinzahlungen,,false,2025,ansatz,62333,542
P,1557302,false,22,sonstige_investitionseinzahlungen,Sonstige Investitionseinzahlungen,,false,2026,ansatz,0,542
P,1557302,false,22,sonstige_investitionseinzahlungen,Sonstige Investitionseinzahlungen,,false,2027,planung,0,542
P,1557302,false,22,sonstige_investitionseinzahlungen,Sonstige Investitionseinzahlungen,,false,2028,planung,0,542
P,1557302,false,22,sonstige_investitionseinzahlungen,Sonstige Investitionseinzahlungen,,false,2029,planung,0,542
P,1557302,false,23,einzahlungen_investitionen,Einzahlungen aus Investitionstätigkeit,,true,2024,ergebnis,0,542
P,1557302,false,23,einzahlungen_investitionen,Einzahlungen aus Investitionstätigkeit,,true,2025,ansatz,62333,542
P,1557302,false,23,einzahlungen_investitionen,Einzahlungen aus Investitionstätigkeit,,true,2026,ansatz,0,542
P,1557302,false,23,einzahlungen_investitionen,Einzahlungen aus Investitionstätigkeit,,true,2027,planung,0,542
P,1557302,false,23,einzahlungen_investitionen,Einzahlungen aus Investitionstätigkeit,,true,2028,planung,0,542
P,1557302,false,23,einzahlungen_investitionen,Einzahlungen aus Investitionstätigkeit,,true,2029,planung,0,542
P,1557302,false,27,erwerb_finanzanlagen,Ausz. f. Erwerb v. Finanzanlagen,,false,2024,ergebnis,0,542
P,1557302,false,27,erwerb_finanzanlagen,Ausz. f. Erwerb v. Finanzanlagen,,false,2025,ansatz,952894,542
P,1557302,false,27,erwerb_finanzanlagen,Ausz. f. Erwerb v. Finanzanlagen,,false,2026,ansatz,0,542
P,1557302,false,27,erwerb_finanzanlagen,Ausz. f. Erwerb v. Finanzanlagen,,false,2027,planung,0,542
P,1557302,false,27,erwerb_finanzanlagen,Ausz. f. Erwerb v. Finanzanlagen,,false,2028,planung,0,542
P,1557302,false,27,erwerb_finanzanlagen,Ausz. f. Erwerb v. Finanzanlagen,,false,2029,planung,0,542
P,1557302,false,29,sonstige_investitionsauszahlungen,Sonstige Investitionsauszahlungen,,false,2024,ergebnis,0,542
P,1557302,false,29,sonstige_investitionsauszahlungen,Sonstige Investitionsauszahlungen,,false,2025,ansatz,3570000,542
P,1557302,false,29,sonstige_investitionsauszahlungen,Sonstige Investitionsauszahlungen,,false,2026,ansatz,0,542
P,1557302,false,29,sonstige_investitionsauszahlungen,Sonstige Investitionsauszahlungen,,false,2027,planung,0,542
P,1557302,false,29,sonstige_investitionsauszahlungen,Sonstige Investitionsauszahlungen,,false,2028,planung,0,542
P,1557302,false,29,sonstige_investitionsauszahlungen,Sonstige Investitionsauszahlungen,,false,2029,planung,0,542
P,1557302,false,30,auszahlungen_investitionen,Auszahlungen aus Investitionstätigkeit,,true,2024,ergebnis,0,542
P,1557302,false,30,auszahlungen_investitionen,Auszahlungen aus Investitionstätigkeit,,true,2025,ansatz,4522894,542
P,1557302,false,30,auszahlungen_investitionen,Auszahlungen aus Investitionstätigkeit,,true,2026,ansatz,0,542
P,1557302,false,30,auszahlungen_investitionen,Auszahlungen aus Investitionstätigkeit,,true,2027,planung,0,542
P,1557302,false,30,auszahlungen_investitionen,Auszahlungen aus Investitionstätigkeit,,true,2028,planung,0,542
P,1557302,false,30,auszahlungen_investitionen,Auszahlungen aus Investitionstätigkeit,,true,2029,planung,0,542
P,1557302,false,31,saldo_investitionen,Saldo aus Investitionstätigkeit,,true,2024,ergebnis,0,542
P,1557302,false,31,saldo_investitionen,Saldo aus Investitionstätigkeit,,true,2025,ansatz,-4460561,542
P,1557302,false,31,saldo_investitionen,Saldo aus Investitionstätigkeit,,true,2026,ansatz,0,542
P,1557302,false,31,saldo_investitionen,Saldo aus Investitionstätigkeit,,true,2027,planung,0,542
P,1557302,false,31,saldo_investitionen,Saldo aus Investitionstätigkeit,,true,2028,planung,0,542
P,1557302,false,31,saldo_investitionen,Saldo aus Investitionstätigkeit,,true,2029,planung,0,542
P,1557501,false,17,saldo_laufende_verwaltung,Saldo aus lfd. Verw.-tätigkeit,,true,2024,ergebnis,-296,548
P,1557501,false,17,saldo_laufende_verwaltung,Saldo aus lfd. Verw.-tätigkeit,,true,2025,ansatz,-8259,548
P,1557501,false,17,saldo_laufende_verwaltung,Saldo aus lfd. Verw.-tätigkeit,,true,2026,ansatz,-10686,548
P,1557501,false,17,saldo_laufende_verwaltung,Saldo aus lfd. Verw.-tätigkeit,,true,2027,planung,-10858,548
P,1557501,false,17,saldo_laufende_verwaltung,Saldo aus lfd. Verw.-tätigkeit,,true,2028,planung,-11037,548
P,1557501,false,17,saldo_laufende_verwaltung,Saldo aus lfd. Verw.-tätigkeit,,true,2029,planung,-11252,548
P,1557501,false,23,einzahlungen_investitionen,Einzahlungen aus Investitionstätigkeit,,true,2024,ergebnis,0,548
P,1557501,false,23,einzahlungen_investitionen,Einzahlungen aus Investitionstätigkeit,,true,2025,ansatz,0,548
P,1557501,false,23,einzahlungen_investitionen,Einzahlungen aus Investitionstätigkeit,,true,2026,ansatz,0,548
P,1557501,false,23,einzahlungen_investitionen,Einzahlungen aus Investitionstätigkeit,,true,2027,planung,0,548
P,1557501,false,23,einzahlungen_investitionen,Einzahlungen aus Investitionstätigkeit,,true,2028,planung,0,548
P,1557501,false,23,einzahlungen_investitionen,Einzahlungen aus Investitionstätigkeit,,true,2029,planung,0,548
P,1557501,false,26,erwerb_bewegliches_anlagevermoegen,Ausz. f. Erwerb von bewegl. Anlagevermögen,,false,2024,ergebnis,0,548
P,1557501,false,26,erwerb_bewegliches_anlagevermoegen,Ausz. f. Erwerb von bewegl. Anlagevermögen,,false,2025,ansatz,0,548
P,1557501,false,26,erwerb_bewegliches_anlagevermoegen,Ausz. f. Erwerb von bewegl. Anlagevermögen,,false,2026,ansatz,65000,548
P,1557501,false,26,erwerb_bewegliches_anlagevermoegen,Ausz. f. Erwerb von bewegl. Anlagevermögen,,false,2027,planung,0,548
P,1557501,false,26,erwerb_bewegliches_anlagevermoegen,Ausz. f. Erwerb von bewegl. Anlagevermögen,,false,2028,planung,0,548
P,1557501,false,26,erwerb_bewegliches_anlagevermoegen,Ausz. f. Erwerb von bewegl. Anlagevermögen,,false,2029,planung,0,548
P,1557501,false,30,auszahlungen_investitionen,Auszahlungen aus Investitionstätigkeit,,true,2024,ergebnis,0,548
P,1557501,false,30,auszahlungen_investitionen,Auszahlungen aus Investitionstätigkeit,,true,2025,ansatz,0,548
P,1557501,false,30,auszahlungen_investitionen,Auszahlungen aus Investitionstätigkeit,,true,2026,ansatz,65000,548
P,1557501,false,30,auszahlungen_investitionen,Auszahlungen aus Investitionstätigkeit,,true,2027,planung,0,548
P,1557501,false,30,auszahlungen_investitionen,Auszahlungen aus Investitionstätigkeit,,true,2028,planung,0,548
P,1557501,false,30,auszahlungen_investitionen,Auszahlungen aus Investitionstätigkeit,,true,2029,planung,0,548
P,1557501,false,31,saldo_investitionen,Saldo aus Investitionstätigkeit,,true,2024,ergebnis,0,548
P,1557501,false,31,saldo_investitionen,Saldo aus Investitionstätigkeit,,true,2025,ansatz,0,548
P,1557501,false,31,saldo_investitionen,Saldo aus Investitionstätigkeit,,true,2026,ansatz,-65000,548
P,1557501,false,31,saldo_investitionen,Saldo aus Investitionstätigkeit,,true,2027,planung,0,548
P,1557501,false,31,saldo_investitionen,Saldo aus Investitionstätigkeit,,true,2028,planung,0,548
P,1557501,false,31,saldo_investitionen,Saldo aus Investitionstätigkeit,,true,2029,planung,0,548
P,1661101,false,17,saldo_laufende_verwaltung,Saldo aus lfd. Verw.-tätigkeit,,true,2024,ergebnis,15614316,558
P,1661101,false,17,saldo_laufende_verwaltung,Saldo aus lfd. Verw.-tätigkeit,,true,2025,ansatz,12778400,558
P,1661101,false,17,saldo_laufende_verwaltung,Saldo aus lfd. Verw.-tätigkeit,,true,2026,ansatz,15491503,558
P,1661101,false,17,saldo_laufende_verwaltung,Saldo aus lfd. Verw.-tätigkeit,,true,2027,planung,17821000,558
P,1661101,false,17,saldo_laufende_verwaltung,Saldo aus lfd. Verw.-tätigkeit,,true,2028,planung,17174000,558
P,1661101,false,17,saldo_laufende_verwaltung,Saldo aus lfd. Verw.-tätigkeit,,true,2029,planung,17419000,558
P,1661101,false,18,investitionszuwendungen,Zuwendungen für Investitionsmaßnahmen,,false,2024,ergebnis,2739383,558
P,1661101,false,18,investitionszuwendungen,Zuwendungen für Investitionsmaßnahmen,,false,2025,ansatz,2776000,558
P,1661101,false,18,investitionszuwendungen,Zuwendungen für Investitionsmaßnahmen,,false,2026,ansatz,2958000,558
P,1661101,false,18,investitionszuwendungen,Zuwendungen für Investitionsmaßnahmen,,false,2027,planung,3103000,558
P,1661101,false,18,investitionszuwendungen,Zuwendungen für Investitionsmaßnahmen,,false,2028,planung,3246000,558
P,1661101,false,18,investitionszuwendungen,Zuwendungen für Investitionsmaßnahmen,,false,2029,planung,3376000,558
P,1661101,false,23,einzahlungen_investitionen,Einzahlungen aus Investitionstätigkeit,,true,2024,ergebnis,2739383,558
P,1661101,false,23,einzahlungen_investitionen,Einzahlungen aus Investitionstätigkeit,,true,2025,ansatz,2776000,558
P,1661101,false,23,einzahlungen_investitionen,Einzahlungen aus Investitionstätigkeit,,true,2026,ansatz,2958000,558
P,1661101,false,23,einzahlungen_investitionen,Einzahlungen aus Investitionstätigkeit,,true,2027,planung,3103000,558
P,1661101,false,23,einzahlungen_investitionen,Einzahlungen aus Investitionstätigkeit,,true,2028,planung,3246000,558
P,1661101,false,23,einzahlungen_investitionen,Einzahlungen aus Investitionstätigkeit,,true,2029,planung,3376000,558
P,1661101,false,30,auszahlungen_investitionen,Auszahlungen aus Investitionstätigkeit,,true,2024,ergebnis,0,558
P,1661101,false,30,auszahlungen_investitionen,Auszahlungen aus Investitionstätigkeit,,true,2025,ansatz,0,558
P,1661101,false,30,auszahlungen_investitionen,Auszahlungen aus Investitionstätigkeit,,true,2026,ansatz,0,558
P,1661101,false,30,auszahlungen_investitionen,Auszahlungen aus Investitionstätigkeit,,true,2027,planung,0,558
P,1661101,false,30,auszahlungen_investitionen,Auszahlungen aus Investitionstätigkeit,,true,2028,planung,0,558
P,1661101,false,30,auszahlungen_investitionen,Auszahlungen aus Investitionstätigkeit,,true,2029,planung,0,558
P,1661101,false,31,saldo_investitionen,Saldo aus Investitionstätigkeit,,true,2024,ergebnis,2739383,558
P,1661101,false,31,saldo_investitionen,Saldo aus Investitionstätigkeit,,true,2025,ansatz,2776000,558
P,1661101,false,31,saldo_investitionen,Saldo aus Investitionstätigkeit,,true,2026,ansatz,2958000,558
P,1661101,false,31,saldo_investitionen,Saldo aus Investitionstätigkeit,,true,2027,planung,3103000,558
P,1661101,false,31,saldo_investitionen,Saldo aus Investitionstätigkeit,,true,2028,planung,3246000,558
P,1661101,false,31,saldo_investitionen,Saldo aus Investitionstätigkeit,,true,2029,planung,3376000,558
P,1661201,false,17,saldo_laufende_verwaltung,Saldo aus lfd. Verw.-tätigkeit,,true,2024,ergebnis,423592,563
P,1661201,false,17,saldo_laufende_verwaltung,Saldo aus lfd. Verw.-tätigkeit,,true,2025,ansatz,274051,563
P,1661201,false,17,saldo_laufende_verwaltung,Saldo aus lfd. Verw.-tätigkeit,,true,2026,ansatz,-376625,563
P,1661201,false,17,saldo_laufende_verwaltung,Saldo aus lfd. Verw.-tätigkeit,,true,2027,planung,-1091242,563
P,1661201,false,17,saldo_laufende_verwaltung,Saldo aus lfd. Verw.-tätigkeit,,true,2028,planung,-1437228,563
P,1661201,false,17,saldo_laufende_verwaltung,Saldo aus lfd. Verw.-tätigkeit,,true,2029,planung,-1439278,563
P,1661201,false,22,sonstige_investitionseinzahlungen,Sonstige Investitionseinzahlungen,,false,2024,ergebnis,85021,563
P,1661201,false,22,sonstige_investitionseinzahlungen,Sonstige Investitionseinzahlungen,,false,2025,ansatz,9073100,563
P,1661201,false,22,sonstige_investitionseinzahlungen,Sonstige Investitionseinzahlungen,,false,2026,ansatz,73100,563
P,1661201,false,22,sonstige_investitionseinzahlungen,Sonstige Investitionseinzahlungen,,false,2027,planung,74700,563
P,1661201,false,22,sonstige_investitionseinzahlungen,Sonstige Investitionseinzahlungen,,false,2028,planung,74700,563
P,1661201,false,22,sonstige_investitionseinzahlungen,Sonstige Investitionseinzahlungen,,false,2029,planung,74700,563
P,1661201,false,23,einzahlungen_investitionen,Einzahlungen aus Investitionstätigkeit,,true,2024,ergebnis,85021,563
P,1661201,false,23,einzahlungen_investitionen,Einzahlungen aus Investitionstätigkeit,,true,2025,ansatz,9073100,563
P,1661201,false,23,einzahlungen_investitionen,Einzahlungen aus Investitionstätigkeit,,true,2026,ansatz,73100,563
P,1661201,false,23,einzahlungen_investitionen,Einzahlungen aus Investitionstätigkeit,,true,2027,planung,74700,563
P,1661201,false,23,einzahlungen_investitionen,Einzahlungen aus Investitionstätigkeit,,true,2028,planung,74700,563
P,1661201,false,23,einzahlungen_investitionen,Einzahlungen aus Investitionstätigkeit,,true,2029,planung,74700,563
P,1661201,false,29,sonstige_investitionsauszahlungen,Sonstige Investitionsauszahlungen,,false,2024,ergebnis,9000000,563
P,1661201,false,29,sonstige_investitionsauszahlungen,Sonstige Investitionsauszahlungen,,false,2025,ansatz,0,563
P,1661201,false,29,sonstige_investitionsauszahlungen,Sonstige Investitionsauszahlungen,,false,2026,ansatz,0,563
P,1661201,false,29,sonstige_investitionsauszahlungen,Sonstige Investitionsauszahlungen,,false,2027,planung,0,563
P,1661201,false,29,sonstige_investitionsauszahlungen,Sonstige Investitionsauszahlungen,,false,2028,planung,0,563
P,1661201,false,29,sonstige_investitionsauszahlungen,Sonstige Investitionsauszahlungen,,false,2029,planung,0,563
P,1661201,false,30,auszahlungen_investitionen,Auszahlungen aus Investitionstätigkeit,,true,2024,ergebnis,9000000,564
P,1661201,false,30,auszahlungen_investitionen,Auszahlungen aus Investitionstätigkeit,,true,2025,ansatz,0,564
P,1661201,false,30,auszahlungen_investitionen,Auszahlungen aus Investitionstätigkeit,,true,2026,ansatz,0,564
P,1661201,false,30,auszahlungen_investitionen,Auszahlungen aus Investitionstätigkeit,,true,2027,planung,0,564
P,1661201,false,30,auszahlungen_investitionen,Auszahlungen aus Investitionstätigkeit,,true,2028,planung,0,564
P,1661201,false,30,auszahlungen_investitionen,Auszahlungen aus Investitionstätigkeit,,true,2029,planung,0,564
P,1661201,false,31,saldo_investitionen,Saldo aus Investitionstätigkeit,,true,2024,ergebnis,-8914979,564
P,1661201,false,31,saldo_investitionen,Saldo aus Investitionstätigkeit,,true,2025,ansatz,9073100,564
P,1661201,false,31,saldo_investitionen,Saldo aus Investitionstätigkeit,,true,2026,ansatz,73100,564
P,1661201,false,31,saldo_investitionen,Saldo aus Investitionstätigkeit,,true,2027,planung,74700,564
P,1661201,false,31,saldo_investitionen,Saldo aus Investitionstätigkeit,,true,2028,planung,74700,564
P,1661201,false,31,saldo_investitionen,Saldo aus Investitionstätigkeit,,true,2029,planung,74700,564
