produkt,position,gruppe,bezeichnung,einheit,jahr,wert,nachkommastellen,hinweis,pdf_seite
0111101,1,Stellenplan,Anzahl der Vollzeitstellen,,2024,2.9,2,Planwert,116
0111101,1,Stellenplan,Anzahl der Vollzeitstellen,,2025,2.69,2,Planwert,116
0111101,1,Stellenplan,Anzahl der Vollzeitstellen,,2026,2.78,2,Planwert,116
0111101,1,Stellenplan,Anzahl der Vollzeitstellen,,2027,2.78,2,Planwert,116
0111101,1,Stellenplan,Anzahl der Vollzeitstellen,,2028,2.78,2,Planwert,116
0111101,1,Stellenplan,Anzahl der Vollzeitstellen,,2029,2.78,2,Planwert,116
0111101,2,Kennzahlen,Aufwendungen für ehrenamtliche Tätigkeiten für Politik (in €),,2024,221311.96,2,,116
0111101,2,Kennzahlen,Aufwendungen für ehrenamtliche Tätigkeiten für Politik (in €),,2025,230150.0,2,Planwert,116
0111101,2,Kennzahlen,Aufwendungen für ehrenamtliche Tätigkeiten für Politik (in €),,2026,234850.0,2,Planwert,116
0111101,2,Kennzahlen,Aufwendungen für ehrenamtliche Tätigkeiten für Politik (in €),,2027,239300.0,2,Planwert,116
0111101,2,Kennzahlen,Aufwendungen für ehrenamtliche Tätigkeiten für Politik (in €),,2028,243850.0,2,Planwert,116
0111101,2,Kennzahlen,Aufwendungen für ehrenamtliche Tätigkeiten für Politik (in €),,2029,248500.0,2,Planwert,116
0111101,3,Kennzahlen,Aufwand für ehrenamtliche Tätigkeit (Gemeindeorgane) je Einwohner,,2024,10.97,2,,116
0111101,3,Kennzahlen,Aufwand für ehrenamtliche Tätigkeit (Gemeindeorgane) je Einwohner,,2025,11.41,2,Planwert,116
0111101,3,Kennzahlen,Aufwand für ehrenamtliche Tätigkeit (Gemeindeorgane) je Einwohner,,2026,11.65,2,Planwert,116
0111101,3,Kennzahlen,Aufwand für ehrenamtliche Tätigkeit (Gemeindeorgane) je Einwohner,,2027,11.87,2,Planwert,116
0111101,3,Kennzahlen,Aufwand für ehrenamtliche Tätigkeit (Gemeindeorgane) je Einwohner,,2028,12.09,2,Planwert,116
0111101,3,Kennzahlen,Aufwand für ehrenamtliche Tätigkeit (Gemeindeorgane) je Einwohner,,2029,12.32,2,Planwert,116
0111101,4,Kennzahlen,Fraktionszuwendungen (in €),,2024,8399.34,2,,116
0111101,4,Kennzahlen,Fraktionszuwendungen (in €),,2025,8400.0,2,Planwert,116
0111101,4,Kennzahlen,Fraktionszuwendungen (in €),,2026,8400.0,2,Planwert,116
0111101,4,Kennzahlen,Fraktionszuwendungen (in €),,2027,8400.0,2,Planwert,116
0111101,4,Kennzahlen,Fraktionszuwendungen (in €),,2028,8400.0,2,Planwert,116
0111101,4,Kennzahlen,Fraktionszuwendungen (in €),,2029,8400.0,2,Planwert,116
0111101,5,Kennzahlen,Fraktionszuwendungen (in € je Ratsmitglied),,2024,247.04,2,,116
0111101,5,Kennzahlen,Fraktionszuwendungen (in € je Ratsmitglied),,2025,247.06,2,Planwert,116
0111101,5,Kennzahlen,Fraktionszuwendungen (in € je Ratsmitglied),,2026,247.06,2,Planwert,116
0111101,5,Kennzahlen,Fraktionszuwendungen (in € je Ratsmitglied),,2027,247.06,2,Planwert,116
0111101,5,Kennzahlen,Fraktionszuwendungen (in € je Ratsmitglied),,2028,247.06,2,Planwert,116
0111101,5,Kennzahlen,Fraktionszuwendungen (in € je Ratsmitglied),,2029,247.06,2,Planwert,116
0111101,6,Kennzahlen,Produktergebnis je Einwohner,,2024,-27.11,2,,116
0111101,6,Kennzahlen,Produktergebnis je Einwohner,,2025,-30.89,2,Planwert,116
0111101,6,Kennzahlen,Produktergebnis je Einwohner,,2026,-32.95,2,Planwert,116
0111101,6,Kennzahlen,Produktergebnis je Einwohner,,2027,-34.02,2,Planwert,116
0111101,6,Kennzahlen,Produktergebnis je Einwohner,,2028,-35.03,2,Planwert,116
0111101,6,Kennzahlen,Produktergebnis je Einwohner,,2029,-35.7,2,Planwert,116
0111102,1,Stellenplan,Anzahl der Vollzeitstellen,,2024,4.16,2,Planwert,121
0111102,1,Stellenplan,Anzahl der Vollzeitstellen,,2025,5.64,2,Planwert,121
0111102,1,Stellenplan,Anzahl der Vollzeitstellen,,2026,6.29,2,Planwert,121
0111102,1,Stellenplan,Anzahl der Vollzeitstellen,,2027,6.29,2,Planwert,121
0111102,1,Stellenplan,Anzahl der Vollzeitstellen,,2028,6.29,2,Planwert,121
0111102,1,Stellenplan,Anzahl der Vollzeitstellen,,2029,6.29,2,Planwert,121
0111102,2,Kennzahlen,Produktergebnis je Einwohner,,2024,-17.4,2,,121
0111102,2,Kennzahlen,Produktergebnis je Einwohner,,2025,-24.95,2,Planwert,121
0111102,2,Kennzahlen,Produktergebnis je Einwohner,,2026,-24.06,2,Planwert,121
0111102,2,Kennzahlen,Produktergebnis je Einwohner,,2027,-27.18,2,Planwert,121
0111102,2,Kennzahlen,Produktergebnis je Einwohner,,2028,-28.2,2,Planwert,121
0111102,2,Kennzahlen,Produktergebnis je Einwohner,,2029,-29.13,2,Planwert,121
0111103,1,Stellenplan,Anzahl der Vollzeitstellen,,2024,0.07,2,Planwert,128
0111103,1,Stellenplan,Anzahl der Vollzeitstellen,,2025,0.07,2,Planwert,128
0111103,1,Stellenplan,Anzahl der Vollzeitstellen,,2026,0.05,2,Planwert,128
0111103,1,Stellenplan,Anzahl der Vollzeitstellen,,2027,0.05,2,Planwert,128
0111103,1,Stellenplan,Anzahl der Vollzeitstellen,,2028,0.05,2,Planwert,128
0111103,1,Stellenplan,Anzahl der Vollzeitstellen,,2029,0.05,2,Planwert,128
0111103,2,Kennzahlen,Produktergebnis je Einwohner,,2024,-0.47,2,,128
0111103,2,Kennzahlen,Produktergebnis je Einwohner,,2025,-0.68,2,Planwert,128
0111103,2,Kennzahlen,Produktergebnis je Einwohner,,2026,-0.49,2,Planwert,128
0111103,2,Kennzahlen,Produktergebnis je Einwohner,,2027,-0.49,2,Planwert,128
0111103,2,Kennzahlen,Produktergebnis je Einwohner,,2028,-0.5,2,Planwert,128
0111103,2,Kennzahlen,Produktergebnis je Einwohner,,2029,-0.5,2,Planwert,128
0111104,1,Stellenplan,Anzahl der Vollzeitstellen,,2024,7.16,2,Planwert,133
0111104,1,Stellenplan,Anzahl der Vollzeitstellen,,2025,9.26,2,Planwert,133
0111104,1,Stellenplan,Anzahl der Vollzeitstellen,,2026,9.02,2,Planwert,133
0111104,1,Stellenplan,Anzahl der Vollzeitstellen,,2027,9.02,2,Planwert,133
0111104,1,Stellenplan,Anzahl der Vollzeitstellen,,2028,9.02,2,Planwert,133
0111104,1,Stellenplan,Anzahl der Vollzeitstellen,,2029,9.02,2,Planwert,133
0111104,2,Stellenplan,Anzahl der Auszubildenden,,2024,5.0,2,Planwert,133
0111104,2,Stellenplan,Anzahl der Auszubildenden,,2025,6.0,2,Planwert,133
0111104,2,Stellenplan,Anzahl der Auszubildenden,,2026,6.08,2,Planwert,133
0111104,2,Stellenplan,Anzahl der Auszubildenden,,2027,6.08,2,Planwert,133
0111104,2,Stellenplan,Anzahl der Auszubildenden,,2028,6.08,2,Planwert,133
0111104,2,Stellenplan,Anzahl der Auszubildenden,,2029,6.08,2,Planwert,133
0111104,3,Kennzahlen,Produktergebnis je Einwohner,,2024,-81.76,2,,133
0111104,3,Kennzahlen,Produktergebnis je Einwohner,,2025,-123.72,2,Planwert,133
0111104,3,Kennzahlen,Produktergebnis je Einwohner,,2026,-62.89,2,Planwert,133
0111104,3,Kennzahlen,Produktergebnis je Einwohner,,2027,-64.0,2,Planwert,133
0111104,3,Kennzahlen,Produktergebnis je Einwohner,,2028,-64.85,2,Planwert,133
0111104,3,Kennzahlen,Produktergebnis je Einwohner,,2029,-64.81,2,Planwert,133
0111105,1,Stellenplan,Anzahl der Vollzeitstellen,,2024,0.19,2,Planwert,139
0111105,1,Stellenplan,Anzahl der Vollzeitstellen,,2025,0.2,2,Planwert,139
0111105,1,Stellenplan,Anzahl der Vollzeitstellen,,2026,0.2,2,Planwert,139
0111105,1,Stellenplan,Anzahl der Vollzeitstellen,,2027,0.2,2,Planwert,139
0111105,1,Stellenplan,Anzahl der Vollzeitstellen,,2028,0.2,2,Planwert,139
0111105,1,Stellenplan,Anzahl der Vollzeitstellen,,2029,0.2,2,Planwert,139
0111105,2,Kennzahlen,Produktergebnis je Einwohner,,2024,-1.19,2,,139
0111105,2,Kennzahlen,Produktergebnis je Einwohner,,2025,-1.37,2,Planwert,139
0111105,2,Kennzahlen,Produktergebnis je Einwohner,,2026,-1.43,2,Planwert,139
0111105,2,Kennzahlen,Produktergebnis je Einwohner,,2027,-1.49,2,Planwert,139
0111105,2,Kennzahlen,Produktergebnis je Einwohner,,2028,-1.55,2,Planwert,139
0111105,2,Kennzahlen,Produktergebnis je Einwohner,,2029,-1.59,2,Planwert,139
0111106,1,Stellenplan,Anzahl der Vollzeitstellen,,2024,0.21,2,Planwert,144
0111106,1,Stellenplan,Anzahl der Vollzeitstellen,,2025,0.21,2,Planwert,144
0111106,1,Stellenplan,Anzahl der Vollzeitstellen,,2026,0.21,2,Planwert,144
0111106,1,Stellenplan,Anzahl der Vollzeitstellen,,2027,0.21,2,Planwert,144
0111106,1,Stellenplan,Anzahl der Vollzeitstellen,,2028,0.21,2,Planwert,144
0111106,1,Stellenplan,Anzahl der Vollzeitstellen,,2029,0.21,2,Planwert,144
0111106,2,Kennzahlen,Produktergebnis je Einwohner,,2024,-0.85,2,,144
0111106,2,Kennzahlen,Produktergebnis je Einwohner,,2025,-0.9,2,Planwert,144
0111106,2,Kennzahlen,Produktergebnis je Einwohner,,2026,-0.95,2,Planwert,144
0111106,2,Kennzahlen,Produktergebnis je Einwohner,,2027,-0.97,2,Planwert,144
0111106,2,Kennzahlen,Produktergebnis je Einwohner,,2028,-1.0,2,Planwert,144
0111106,2,Kennzahlen,Produktergebnis je Einwohner,,2029,-1.02,2,Planwert,144
0111107,1,Stellenplan,Anzahl der Vollzeitstellen,,2024,9.42,2,Planwert,148
0111107,1,Stellenplan,Anzahl der Vollzeitstellen,,2025,9.96,2,Planwert,148
0111107,1,Stellenplan,Anzahl der Vollzeitstellen,,2026,9.89,2,Planwert,148
0111107,1,Stellenplan,Anzahl der Vollzeitstellen,,2027,9.89,2,Planwert,148
0111107,1,Stellenplan,Anzahl der Vollzeitstellen,,2028,9.89,2,Planwert,148
0111107,1,Stellenplan,Anzahl der Vollzeitstellen,,2029,9.89,2,Planwert,148
0111107,2,Kennzahlen,Höhe der ausstehenden fälligen Forderungen aus Abgaben (in €) (Stand 01.01.),,2024,343291.0,0,,148
0111107,2,Kennzahlen,Höhe der ausstehenden fälligen Forderungen aus Abgaben (in €) (Stand 01.01.),,2025,343000.0,0,Planwert,148
0111107,2,Kennzahlen,Höhe der ausstehenden fälligen Forderungen aus Abgaben (in €) (Stand 01.01.),,2026,343000.0,0,Planwert,148
0111107,2,Kennzahlen,Höhe der ausstehenden fälligen Forderungen aus Abgaben (in €) (Stand 01.01.),,2027,343000.0,0,Planwert,148
0111107,2,Kennzahlen,Höhe der ausstehenden fälligen Forderungen aus Abgaben (in €) (Stand 01.01.),,2028,343000.0,0,Planwert,148
0111107,2,Kennzahlen,Höhe der ausstehenden fälligen Forderungen aus Abgaben (in €) (Stand 01.01.),,2029,343000.0,0,Planwert,148
0111107,3,Kennzahlen,Grundbesitzabgaben (Anzahl der Jahresbescheide),,2024,7816.0,0,,148
0111107,3,Kennzahlen,Grundbesitzabgaben (Anzahl der Jahresbescheide),,2025,7909.0,0,Planwert,148
0111107,3,Kennzahlen,Grundbesitzabgaben (Anzahl der Jahresbescheide),,2026,9000.0,0,Planwert,148
0111107,3,Kennzahlen,Grundbesitzabgaben (Anzahl der Jahresbescheide),,2027,9000.0,0,Planwert,148
0111107,3,Kennzahlen,Grundbesitzabgaben (Anzahl der Jahresbescheide),,2028,9000.0,0,Planwert,148
0111107,3,Kennzahlen,Grundbesitzabgaben (Anzahl der Jahresbescheide),,2029,9000.0,0,Planwert,148
0111107,4,Kennzahlen,Grundbesitzabgaben (Anzahl der Änderungsbescheide),,2024,1563.0,0,,148
0111107,4,Kennzahlen,Grundbesitzabgaben (Anzahl der Änderungsbescheide),,2025,1520.0,0,Planwert,148
0111107,4,Kennzahlen,Grundbesitzabgaben (Anzahl der Änderungsbescheide),,2026,1520.0,0,Planwert,148
0111107,4,Kennzahlen,Grundbesitzabgaben (Anzahl der Änderungsbescheide),,2027,1520.0,0,Planwert,148
0111107,4,Kennzahlen,Grundbesitzabgaben (Anzahl der Änderungsbescheide),,2028,1520.0,0,Planwert,148
0111107,4,Kennzahlen,Grundbesitzabgaben (Anzahl der Änderungsbescheide),,2029,1520.0,0,Planwert,148
0111107,5,Kennzahlen,Gewerbesteuer (Anzahl der Jahresbescheide),,2024,439.0,0,,148
0111107,5,Kennzahlen,Gewerbesteuer (Anzahl der Jahresbescheide),,2025,446.0,0,Planwert,148
0111107,5,Kennzahlen,Gewerbesteuer (Anzahl der Jahresbescheide),,2026,446.0,0,Planwert,148
0111107,5,Kennzahlen,Gewerbesteuer (Anzahl der Jahresbescheide),,2027,446.0,0,Planwert,148
0111107,5,Kennzahlen,Gewerbesteuer (Anzahl der Jahresbescheide),,2028,446.0,0,Planwert,148
0111107,5,Kennzahlen,Gewerbesteuer (Anzahl der Jahresbescheide),,2029,446.0,0,Planwert,148
0111107,6,Kennzahlen,Gewerbesteuer (Anzahl der Änderungsbescheide),,2024,1234.0,0,,148
0111107,6,Kennzahlen,Gewerbesteuer (Anzahl der Änderungsbescheide),,2025,1250.0,0,Planwert,148
0111107,6,Kennzahlen,Gewerbesteuer (Anzahl der Änderungsbescheide),,2026,1250.0,0,Planwert,148
0111107,6,Kennzahlen,Gewerbesteuer (Anzahl der Änderungsbescheide),,2027,1250.0,0,Planwert,148
0111107,6,Kennzahlen,Gewerbesteuer (Anzahl der Änderungsbescheide),,2028,1250.0,0,Planwert,148
0111107,6,Kennzahlen,Gewerbesteuer (Anzahl der Änderungsbescheide),,2029,1250.0,0,Planwert,148
0111107,7,Kennzahlen,Vergnügungssteuer (Anzahl der Bescheide),,2024,14.0,0,,148
0111107,7,Kennzahlen,Vergnügungssteuer (Anzahl der Bescheide),,2025,13.0,0,Planwert,148
0111107,7,Kennzahlen,Vergnügungssteuer (Anzahl der Bescheide),,2026,13.0,0,Planwert,148
0111107,7,Kennzahlen,Vergnügungssteuer (Anzahl der Bescheide),,2027,13.0,0,Planwert,148
0111107,7,Kennzahlen,Vergnügungssteuer (Anzahl der Bescheide),,2028,13.0,0,Planwert,148
0111107,7,Kennzahlen,Vergnügungssteuer (Anzahl der Bescheide),,2029,13.0,0,Planwert,148
0111107,8,Kennzahlen,Produktergebnis je Einwohner,,2024,-37.98,2,,148
0111107,8,Kennzahlen,Produktergebnis je Einwohner,,2025,-46.26,2,Planwert,148
0111107,8,Kennzahlen,Produktergebnis je Einwohner,,2026,-48.94,2,Planwert,148
0111107,8,Kennzahlen,Produktergebnis je Einwohner,,2027,-50.76,2,Planwert,148
0111107,8,Kennzahlen,Produktergebnis je Einwohner,,2028,-52.42,2,Planwert,148
0111107,8,Kennzahlen,Produktergebnis je Einwohner,,2029,-53.49,2,Planwert,148
0111108,1,Stellenplan,Anzahl der Vollzeitstellen,,2024,4.47,2,Planwert,154
0111108,1,Stellenplan,Anzahl der Vollzeitstellen,,2025,4.47,2,Planwert,154
0111108,1,Stellenplan,Anzahl der Vollzeitstellen,,2026,5.05,2,Planwert,154
0111108,1,Stellenplan,Anzahl der Vollzeitstellen,,2027,5.05,2,Planwert,154
0111108,1,Stellenplan,Anzahl der Vollzeitstellen,,2028,5.05,2,Planwert,154
0111108,1,Stellenplan,Anzahl der Vollzeitstellen,,2029,5.05,2,Planwert,154
0111108,2,Stellenplan,Anzahl der Auszubildenden,,2024,0.47,2,Planwert,154
0111108,2,Stellenplan,Anzahl der Auszubildenden,,2025,0.47,2,Planwert,154
0111108,2,Stellenplan,Anzahl der Auszubildenden,,2026,1.0,2,Planwert,154
0111108,2,Stellenplan,Anzahl der Auszubildenden,,2027,1.0,2,Planwert,154
0111108,2,Stellenplan,Anzahl der Auszubildenden,,2028,1.0,2,Planwert,154
0111108,2,Stellenplan,Anzahl der Auszubildenden,,2029,1.0,2,Planwert,154
0111108,3,Kennzahlen,Anzahl der DV-Arbeitsplätze (Stand 30.06.),,2024,275.0,0,,154
0111108,3,Kennzahlen,Anzahl der DV-Arbeitsplätze (Stand 30.06.),,2025,275.0,0,Planwert,154
0111108,3,Kennzahlen,Anzahl der DV-Arbeitsplätze (Stand 30.06.),,2026,275.0,0,Planwert,154
0111108,3,Kennzahlen,Anzahl der DV-Arbeitsplätze (Stand 30.06.),,2027,275.0,0,Planwert,154
0111108,3,Kennzahlen,Anzahl der DV-Arbeitsplätze (Stand 30.06.),,2028,275.0,0,Planwert,154
0111108,3,Kennzahlen,Anzahl der DV-Arbeitsplätze (Stand 30.06.),,2029,275.0,0,Planwert,154
0111108,4,Kennzahlen,Produktergebnis je je DV Arbeitsplatz,,2024,-2202.0,0,,154
0111108,4,Kennzahlen,Produktergebnis je je DV Arbeitsplatz,,2025,-2864.0,0,Planwert,154
0111108,4,Kennzahlen,Produktergebnis je je DV Arbeitsplatz,,2026,-2844.0,0,Planwert,154
0111108,4,Kennzahlen,Produktergebnis je je DV Arbeitsplatz,,2027,-2871.0,0,Planwert,154
0111108,4,Kennzahlen,Produktergebnis je je DV Arbeitsplatz,,2028,-2961.0,0,Planwert,154
0111108,4,Kennzahlen,Produktergebnis je je DV Arbeitsplatz,,2029,-3110.0,0,Planwert,154
0111108,5,Kennzahlen,Produktergebnis je Einwohner,,2024,-30.02,2,,154
0111108,5,Kennzahlen,Produktergebnis je Einwohner,,2025,-39.06,2,Planwert,154
0111108,5,Kennzahlen,Produktergebnis je Einwohner,,2026,-38.78,2,Planwert,154
0111108,5,Kennzahlen,Produktergebnis je Einwohner,,2027,-39.16,2,Planwert,154
0111108,5,Kennzahlen,Produktergebnis je Einwohner,,2028,-40.38,2,Planwert,154
0111108,5,Kennzahlen,Produktergebnis je Einwohner,,2029,-42.41,2,Planwert,154
0111109,1,Stellenplan,Anzahl der Vollzeitstellen,,2024,0.4,2,Planwert,160
0111109,1,Stellenplan,Anzahl der Vollzeitstellen,,2025,0.39,2,Planwert,160
0111109,1,Stellenplan,Anzahl der Vollzeitstellen,,2026,0.39,2,Planwert,160
0111109,1,Stellenplan,Anzahl der Vollzeitstellen,,2027,0.39,2,Planwert,160
0111109,1,Stellenplan,Anzahl der Vollzeitstellen,,2028,0.39,2,Planwert,160
0111109,1,Stellenplan,Anzahl der Vollzeitstellen,,2029,0.39,2,Planwert,160
0111109,2,Kennzahlen,Anzahl der verkauften Wohnbaugrundstücke,,2024,0.0,0,,160
0111109,2,Kennzahlen,Anzahl der verkauften Wohnbaugrundstücke,,2025,9.0,0,Planwert,160
0111109,2,Kennzahlen,Anzahl der verkauften Wohnbaugrundstücke,,2026,13.0,0,Planwert,160
0111109,2,Kennzahlen,Anzahl der verkauften Wohnbaugrundstücke,,2027,20.0,0,Planwert,160
0111109,2,Kennzahlen,Anzahl der verkauften Wohnbaugrundstücke,,2028,28.0,0,Planwert,160
0111109,2,Kennzahlen,Anzahl der verkauften Wohnbaugrundstücke,,2029,8.0,0,Planwert,160
0111109,3,Kennzahlen,Verkaufte Industrie- und Gewerbeflächen in qm,,2024,8898.0,2,,160
0111109,3,Kennzahlen,Verkaufte Industrie- und Gewerbeflächen in qm,,2025,3304.0,2,Planwert,160
0111109,3,Kennzahlen,Verkaufte Industrie- und Gewerbeflächen in qm,,2026,5000.0,2,Planwert,160
0111109,3,Kennzahlen,Verkaufte Industrie- und Gewerbeflächen in qm,,2027,5000.0,2,Planwert,160
0111109,3,Kennzahlen,Verkaufte Industrie- und Gewerbeflächen in qm,,2028,5000.0,2,Planwert,160
0111109,3,Kennzahlen,Verkaufte Industrie- und Gewerbeflächen in qm,,2029,5000.0,2,Planwert,160
0111109,4,Kennzahlen,Produktergebnis je Einwohner,,2024,21.95,2,,160
0111109,4,Kennzahlen,Produktergebnis je Einwohner,,2025,12.49,2,Planwert,160
0111109,4,Kennzahlen,Produktergebnis je Einwohner,,2026,53.21,2,Planwert,160
0111109,4,Kennzahlen,Produktergebnis je Einwohner,,2027,58.29,2,Planwert,160
0111109,4,Kennzahlen,Produktergebnis je Einwohner,,2028,60.7,2,Planwert,160
0111109,4,Kennzahlen,Produktergebnis je Einwohner,,2029,14.16,2,Planwert,160
0111110,1,Stellenplan,Anzahl der Vollzeitstellen,,2024,5.34,2,Planwert,168
0111110,1,Stellenplan,Anzahl der Vollzeitstellen,,2025,6.2,2,Planwert,168
0111110,1,Stellenplan,Anzahl der Vollzeitstellen,,2026,6.08,2,Planwert,168
0111110,1,Stellenplan,Anzahl der Vollzeitstellen,,2027,6.08,2,Planwert,168
0111110,1,Stellenplan,Anzahl der Vollzeitstellen,,2028,6.08,2,Planwert,168
0111110,1,Stellenplan,Anzahl der Vollzeitstellen,,2029,6.08,2,Planwert,168
0111110,2,Kennzahlen,Produktergebnis je Einwohner,,2024,-31.35,2,,168
0111110,2,Kennzahlen,Produktergebnis je Einwohner,,2025,-27.95,2,Planwert,168
0111110,2,Kennzahlen,Produktergebnis je Einwohner,,2026,-25.67,2,Planwert,168
0111110,2,Kennzahlen,Produktergebnis je Einwohner,,2027,-21.24,2,Planwert,168
0111110,2,Kennzahlen,Produktergebnis je Einwohner,,2028,-28.13,2,Planwert,168
0111110,2,Kennzahlen,Produktergebnis je Einwohner,,2029,-28.78,2,Planwert,168
0111112,1,Stellenplan,Anzahl der Vollzeitstellen,,2024,23.58,2,Planwert,177
0111112,1,Stellenplan,Anzahl der Vollzeitstellen,,2025,23.74,2,Planwert,177
0111112,1,Stellenplan,Anzahl der Vollzeitstellen,,2026,24.43,2,Planwert,177
0111112,1,Stellenplan,Anzahl der Vollzeitstellen,,2027,24.43,2,Planwert,177
0111112,1,Stellenplan,Anzahl der Vollzeitstellen,,2028,24.43,2,Planwert,177
0111112,1,Stellenplan,Anzahl der Vollzeitstellen,,2029,24.43,2,Planwert,177
0111112,2,Stellenplan,Anzahl der Auszubildenden,,2024,2.0,2,Planwert,177
0111112,2,Stellenplan,Anzahl der Auszubildenden,,2025,2.5,2,Planwert,177
0111112,2,Stellenplan,Anzahl der Auszubildenden,,2026,3.0,2,Planwert,177
0111112,2,Stellenplan,Anzahl der Auszubildenden,,2027,3.0,2,Planwert,177
0111112,2,Stellenplan,Anzahl der Auszubildenden,,2028,3.0,2,Planwert,177
0111112,2,Stellenplan,Anzahl der Auszubildenden,,2029,3.0,2,Planwert,177
0111112,3,Kennzahlen,Produktergebnis je Einwohner,,2024,10.76,2,,177
0111112,3,Kennzahlen,Produktergebnis je Einwohner,,2025,6.68,2,Planwert,177
0111112,3,Kennzahlen,Produktergebnis je Einwohner,,2026,1.94,2,Planwert,177
0111112,3,Kennzahlen,Produktergebnis je Einwohner,,2027,1.56,2,Planwert,177
0111112,3,Kennzahlen,Produktergebnis je Einwohner,,2028,1.15,2,Planwert,177
0111112,3,Kennzahlen,Produktergebnis je Einwohner,,2029,0.31,2,Planwert,177
0212101,1,Stellenplan,Anzahl der Vollzeitstellen,,2024,0.16,2,Planwert,189
0212101,1,Stellenplan,Anzahl der Vollzeitstellen,,2025,0.14,2,Planwert,189
0212101,1,Stellenplan,Anzahl der Vollzeitstellen,,2026,0.14,2,Planwert,189
0212101,1,Stellenplan,Anzahl der Vollzeitstellen,,2027,0.14,2,Planwert,189
0212101,1,Stellenplan,Anzahl der Vollzeitstellen,,2028,0.14,2,Planwert,189
0212101,1,Stellenplan,Anzahl der Vollzeitstellen,,2029,0.14,2,Planwert,189
0212101,2,Kennzahlen,Produktergebnis je Einwohner,,2024,-2.54,2,,189
0212101,2,Kennzahlen,Produktergebnis je Einwohner,,2025,-1.54,2,Planwert,189
0212101,2,Kennzahlen,Produktergebnis je Einwohner,,2026,-0.76,2,Planwert,189
0212101,2,Kennzahlen,Produktergebnis je Einwohner,,2027,-0.86,2,Planwert,189
0212101,2,Kennzahlen,Produktergebnis je Einwohner,,2028,-0.81,2,Planwert,189
0212101,2,Kennzahlen,Produktergebnis je Einwohner,,2029,-0.76,2,Planwert,189
0212201,1,Stellenplan,Anzahl der Vollzeitstellen,,2024,7.75,2,Planwert,194
0212201,1,Stellenplan,Anzahl der Vollzeitstellen,,2025,7.86,2,Planwert,194
0212201,1,Stellenplan,Anzahl der Vollzeitstellen,,2026,7.81,2,Planwert,194
0212201,1,Stellenplan,Anzahl der Vollzeitstellen,,2027,7.81,2,Planwert,194
0212201,1,Stellenplan,Anzahl der Vollzeitstellen,,2028,7.81,2,Planwert,194
0212201,1,Stellenplan,Anzahl der Vollzeitstellen,,2029,7.81,2,Planwert,194
0212201,2,Kennzahlen,Geburten,,2024,186.0,0,,194
0212201,3,Kennzahlen,Sterbefälle,,2024,214.0,0,,194
0212201,4,Kennzahlen,Ummeldungen innerhalb des Stadtgebietes,,2024,723.0,0,,194
0212201,4,Kennzahlen,Ummeldungen innerhalb des Stadtgebietes,,2025,700.0,0,Planwert,194
0212201,4,Kennzahlen,Ummeldungen innerhalb des Stadtgebietes,,2026,700.0,0,Planwert,194
0212201,4,Kennzahlen,Ummeldungen innerhalb des Stadtgebietes,,2027,700.0,0,Planwert,194
0212201,4,Kennzahlen,Ummeldungen innerhalb des Stadtgebietes,,2028,700.0,0,Planwert,194
0212201,4,Kennzahlen,Ummeldungen innerhalb des Stadtgebietes,,2029,700.0,0,Planwert,194
0212201,5,Kennzahlen,ausgestellte Personalausweise,,2024,2600.0,0,,194
0212201,5,Kennzahlen,ausgestellte Personalausweise,,2025,2600.0,0,Planwert,194
0212201,5,Kennzahlen,ausgestellte Personalausweise,,2026,2600.0,0,Planwert,194
0212201,5,Kennzahlen,ausgestellte Personalausweise,,2027,2600.0,0,Planwert,194
0212201,5,Kennzahlen,ausgestellte Personalausweise,,2028,2600.0,0,Planwert,194
0212201,5,Kennzahlen,ausgestellte Personalausweise,,2029,2600.0,0,Planwert,194
0212201,6,Kennzahlen,ausgestellte Reisepässe,,2024,1154.0,0,,194
0212201,6,Kennzahlen,ausgestellte Reisepässe,,2025,1100.0,0,Planwert,194
0212201,6,Kennzahlen,ausgestellte Reisepässe,,2026,1100.0,0,Planwert,194
0212201,6,Kennzahlen,ausgestellte Reisepässe,,2027,1100.0,0,Planwert,194
0212201,6,Kennzahlen,ausgestellte Reisepässe,,2028,1100.0,0,Planwert,194
0212201,6,Kennzahlen,ausgestellte Reisepässe,,2029,1100.0,0,Planwert,194
0212201,7,Kennzahlen,ausgestellte vorläufige Ausweisdokumente,,2024,341.0,0,,194
0212201,7,Kennzahlen,ausgestellte vorläufige Ausweisdokumente,,2025,300.0,0,Planwert,194
0212201,7,Kennzahlen,ausgestellte vorläufige Ausweisdokumente,,2026,300.0,0,Planwert,194
0212201,7,Kennzahlen,ausgestellte vorläufige Ausweisdokumente,,2027,300.0,0,Planwert,194
0212201,7,Kennzahlen,ausgestellte vorläufige Ausweisdokumente,,2028,300.0,0,Planwert,194
0212201,7,Kennzahlen,ausgestellte vorläufige Ausweisdokumente,,2029,300.0,0,Planwert,194
0212201,8,Kennzahlen,Produktergebnis je Einwohner,,2024,-27.88,2,,194
0212201,8,Kennzahlen,Produktergebnis je Einwohner,,2025,-32.55,2,Planwert,194
0212201,8,Kennzahlen,Produktergebnis je Einwohner,,2026,-29.55,2,Planwert,194
0212201,8,Kennzahlen,Produktergebnis je Einwohner,,2027,-30.6,2,Planwert,194
0212201,8,Kennzahlen,Produktergebnis je Einwohner,,2028,-31.49,2,Planwert,194
0212201,8,Kennzahlen,Produktergebnis je Einwohner,,2029,-32.14,2,Planwert,194
0212202,1,Stellenplan,Anzahl der Vollzeitstellen,,2024,1.17,2,Planwert,200
0212202,1,Stellenplan,Anzahl der Vollzeitstellen,,2025,0.88,2,Planwert,200
0212202,1,Stellenplan,Anzahl der Vollzeitstellen,,2026,0.88,2,Planwert,200
0212202,1,Stellenplan,Anzahl der Vollzeitstellen,,2027,0.88,2,Planwert,200
0212202,1,Stellenplan,Anzahl der Vollzeitstellen,,2028,0.88,2,Planwert,200
0212202,1,Stellenplan,Anzahl der Vollzeitstellen,,2029,0.88,2,Planwert,200
0212202,2,Kennzahlen,Anzahl der Eheschließungen,,2024,158.0,2,,200
0212202,2,Kennzahlen,Anzahl der Eheschließungen,,2025,130.0,2,Planwert,200
0212202,2,Kennzahlen,Anzahl der Eheschließungen,,2026,130.0,2,Planwert,200
0212202,2,Kennzahlen,Anzahl der Eheschließungen,,2027,130.0,2,Planwert,200
0212202,2,Kennzahlen,Anzahl der Eheschließungen,,2028,130.0,2,Planwert,200
0212202,2,Kennzahlen,Anzahl der Eheschließungen,,2029,130.0,2,Planwert,200
0212202,3,Kennzahlen,beurkundete Geburten,,2024,1.0,2,,200
0212202,3,Kennzahlen,beurkundete Geburten,,2025,1.0,2,Planwert,200
0212202,3,Kennzahlen,beurkundete Geburten,,2026,1.0,2,Planwert,200
0212202,3,Kennzahlen,beurkundete Geburten,,2027,1.0,2,Planwert,200
0212202,3,Kennzahlen,beurkundete Geburten,,2028,1.0,2,Planwert,200
0212202,3,Kennzahlen,beurkundete Geburten,,2029,1.0,2,Planwert,200
0212202,4,Kennzahlen,beurkundete Sterbefälle,,2024,95.0,2,,200
0212202,4,Kennzahlen,beurkundete Sterbefälle,,2025,100.0,2,Planwert,200
0212202,4,Kennzahlen,beurkundete Sterbefälle,,2026,100.0,2,Planwert,200
0212202,4,Kennzahlen,beurkundete Sterbefälle,,2027,100.0,2,Planwert,200
0212202,4,Kennzahlen,beurkundete Sterbefälle,,2028,100.0,2,Planwert,200
0212202,4,Kennzahlen,beurkundete Sterbefälle,,2029,100.0,2,Planwert,200
0212202,5,Kennzahlen,Produktergebnis je Einwohner,,2024,-1.9,2,,200
0212202,5,Kennzahlen,Produktergebnis je Einwohner,,2025,-2.84,2,Planwert,200
0212202,5,Kennzahlen,Produktergebnis je Einwohner,,2026,-3.49,2,Planwert,200
0212202,5,Kennzahlen,Produktergebnis je Einwohner,,2027,-3.72,2,Planwert,200
0212202,5,Kennzahlen,Produktergebnis je Einwohner,,2028,-3.92,2,Planwert,200
0212202,5,Kennzahlen,Produktergebnis je Einwohner,,2029,-4.01,2,Planwert,200
0212202,6,Kennzahlen,Einwohner gesamt mit Erstwohnsitz am 30.12.,,2024,20166.0,0,,200
0212202,6,Kennzahlen,Einwohner gesamt mit Erstwohnsitz am 30.12.,,2025,20166.0,0,Planwert,200
0212202,6,Kennzahlen,Einwohner gesamt mit Erstwohnsitz am 30.12.,,2026,20166.0,0,Planwert,200
0212202,6,Kennzahlen,Einwohner gesamt mit Erstwohnsitz am 30.12.,,2027,20166.0,0,Planwert,200
0212202,6,Kennzahlen,Einwohner gesamt mit Erstwohnsitz am 30.12.,,2028,20166.0,0,Planwert,200
0212202,6,Kennzahlen,Einwohner gesamt mit Erstwohnsitz am 30.12.,,2029,20166.0,0,Planwert,200
0212601,1,Stellenplan,Anzahl der Vollzeitstellen,,2024,0.62,2,Planwert,205
0212601,1,Stellenplan,Anzahl der Vollzeitstellen,,2025,0.86,2,Planwert,205
0212601,1,Stellenplan,Anzahl der Vollzeitstellen,,2026,1.86,2,Planwert,205
0212601,1,Stellenplan,Anzahl der Vollzeitstellen,,2027,1.86,2,Planwert,205
0212601,1,Stellenplan,Anzahl der Vollzeitstellen,,2028,1.86,2,Planwert,205
0212601,1,Stellenplan,Anzahl der Vollzeitstellen,,2029,1.86,2,Planwert,205
0212601,2,Kennzahlen,Anzahl der gesamten Einsätze im Stadtgebiet Hörstel,,2024,249.0,0,,205
0212601,2,Kennzahlen,Anzahl der gesamten Einsätze im Stadtgebiet Hörstel,,2025,230.0,0,Planwert,205
0212601,2,Kennzahlen,Anzahl der gesamten Einsätze im Stadtgebiet Hörstel,,2026,230.0,0,Planwert,205
0212601,2,Kennzahlen,Anzahl der gesamten Einsätze im Stadtgebiet Hörstel,,2027,230.0,0,Planwert,205
0212601,2,Kennzahlen,Anzahl der gesamten Einsätze im Stadtgebiet Hörstel,,2028,230.0,0,Planwert,205
0212601,2,Kennzahlen,Anzahl der gesamten Einsätze im Stadtgebiet Hörstel,,2029,230.0,0,Planwert,205
0212601,3,Kennzahlen,Anzahl der aktiven Feuerwehrkameraden LZ Bevergern (Stand 01.01.),,2024,48.0,0,,205
0212601,3,Kennzahlen,Anzahl der aktiven Feuerwehrkameraden LZ Bevergern (Stand 01.01.),,2025,48.0,0,Planwert,205
0212601,3,Kennzahlen,Anzahl der aktiven Feuerwehrkameraden LZ Bevergern (Stand 01.01.),,2026,48.0,0,Planwert,205
0212601,3,Kennzahlen,Anzahl der aktiven Feuerwehrkameraden LZ Bevergern (Stand 01.01.),,2027,48.0,0,Planwert,205
0212601,3,Kennzahlen,Anzahl der aktiven Feuerwehrkameraden LZ Bevergern (Stand 01.01.),,2028,48.0,0,Planwert,205
0212601,3,Kennzahlen,Anzahl der aktiven Feuerwehrkameraden LZ Bevergern (Stand 01.01.),,2029,48.0,0,Planwert,205
0212601,4,Kennzahlen,Anzahl der aktiven Feuerwehrkameraden LZ Dreierwalde (Stand 01.01.),,2024,48.0,0,,205
0212601,4,Kennzahlen,Anzahl der aktiven Feuerwehrkameraden LZ Dreierwalde (Stand 01.01.),,2025,48.0,0,Planwert,205
0212601,4,Kennzahlen,Anzahl der aktiven Feuerwehrkameraden LZ Dreierwalde (Stand 01.01.),,2026,48.0,0,Planwert,205
0212601,4,Kennzahlen,Anzahl der aktiven Feuerwehrkameraden LZ Dreierwalde (Stand 01.01.),,2027,48.0,0,Planwert,205
0212601,4,Kennzahlen,Anzahl der aktiven Feuerwehrkameraden LZ Dreierwalde (Stand 01.01.),,2028,48.0,0,Planwert,205
0212601,4,Kennzahlen,Anzahl der aktiven Feuerwehrkameraden LZ Dreierwalde (Stand 01.01.),,2029,48.0,0,Planwert,205
0212601,5,Kennzahlen,Anzahl der aktiven Feuerwehrkameraden LZ Hörstel (Stand 01.01.),,2024,59.0,0,,205
0212601,5,Kennzahlen,Anzahl der aktiven Feuerwehrkameraden LZ Hörstel (Stand 01.01.),,2025,59.0,0,Planwert,205
0212601,5,Kennzahlen,Anzahl der aktiven Feuerwehrkameraden LZ Hörstel (Stand 01.01.),,2026,59.0,0,Planwert,205
0212601,5,Kennzahlen,Anzahl der aktiven Feuerwehrkameraden LZ Hörstel (Stand 01.01.),,2027,59.0,0,Planwert,205
0212601,5,Kennzahlen,Anzahl der aktiven Feuerwehrkameraden LZ Hörstel (Stand 01.01.),,2028,59.0,0,Planwert,205
0212601,5,Kennzahlen,Anzahl der aktiven Feuerwehrkameraden LZ Hörstel (Stand 01.01.),,2029,59.0,0,Planwert,205
0212601,6,Kennzahlen,Anzahl der aktiven Feuerwehrkameraden LZ Riesenbeck (Stand 01.01.),,2024,66.0,0,,205
0212601,6,Kennzahlen,Anzahl der aktiven Feuerwehrkameraden LZ Riesenbeck (Stand 01.01.),,2025,66.0,0,Planwert,205
0212601,6,Kennzahlen,Anzahl der aktiven Feuerwehrkameraden LZ Riesenbeck (Stand 01.01.),,2026,66.0,0,Planwert,205
0212601,6,Kennzahlen,Anzahl der aktiven Feuerwehrkameraden LZ Riesenbeck (Stand 01.01.),,2027,66.0,0,Planwert,205
0212601,6,Kennzahlen,Anzahl der aktiven Feuerwehrkameraden LZ Riesenbeck (Stand 01.01.),,2028,66.0,0,Planwert,205
0212601,6,Kennzahlen,Anzahl der aktiven Feuerwehrkameraden LZ Riesenbeck (Stand 01.01.),,2029,66.0,0,Planwert,205
0212601,7,Kennzahlen,Anzahl der aktiven Feuerwehrkameraden ingesamt (Stand 01.01.),,2024,221.0,0,,205
0212601,7,Kennzahlen,Anzahl der aktiven Feuerwehrkameraden ingesamt (Stand 01.01.),,2025,221.0,0,Planwert,205
0212601,7,Kennzahlen,Anzahl der aktiven Feuerwehrkameraden ingesamt (Stand 01.01.),,2026,221.0,0,Planwert,205
0212601,7,Kennzahlen,Anzahl der aktiven Feuerwehrkameraden ingesamt (Stand 01.01.),,2027,221.0,0,Planwert,205
0212601,7,Kennzahlen,Anzahl der aktiven Feuerwehrkameraden ingesamt (Stand 01.01.),,2028,221.0,0,Planwert,205
0212601,7,Kennzahlen,Anzahl der aktiven Feuerwehrkameraden ingesamt (Stand 01.01.),,2029,221.0,0,Planwert,205
0212601,8,Kennzahlen,Anzahl der Mitglieder in der Jugendfeuerwehr LZ Bevergern (Stand 01.01.),,2024,16.0,0,,205
0212601,8,Kennzahlen,Anzahl der Mitglieder in der Jugendfeuerwehr LZ Bevergern (Stand 01.01.),,2025,16.0,0,Planwert,205
0212601,8,Kennzahlen,Anzahl der Mitglieder in der Jugendfeuerwehr LZ Bevergern (Stand 01.01.),,2026,16.0,0,Planwert,205
0212601,8,Kennzahlen,Anzahl der Mitglieder in der Jugendfeuerwehr LZ Bevergern (Stand 01.01.),,2027,16.0,0,Planwert,205
0212601,8,Kennzahlen,Anzahl der Mitglieder in der Jugendfeuerwehr LZ Bevergern (Stand 01.01.),,2028,16.0,0,Planwert,205
0212601,8,Kennzahlen,Anzahl der Mitglieder in der Jugendfeuerwehr LZ Bevergern (Stand 01.01.),,2029,16.0,0,Planwert,205
0212601,9,Kennzahlen,Anzahl der Mitglieder in der Jugendfeuerwehr LZ Dreierwalde (Stand 01.01.),,2024,16.0,0,,205
0212601,9,Kennzahlen,Anzahl der Mitglieder in der Jugendfeuerwehr LZ Dreierwalde (Stand 01.01.),,2025,16.0,0,Planwert,205
0212601,9,Kennzahlen,Anzahl der Mitglieder in der Jugendfeuerwehr LZ Dreierwalde (Stand 01.01.),,2026,16.0,0,Planwert,205
0212601,9,Kennzahlen,Anzahl der Mitglieder in der Jugendfeuerwehr LZ Dreierwalde (Stand 01.01.),,2027,16.0,0,Planwert,205
0212601,9,Kennzahlen,Anzahl der Mitglieder in der Jugendfeuerwehr LZ Dreierwalde (Stand 01.01.),,2028,16.0,0,Planwert,205
0212601,9,Kennzahlen,Anzahl der Mitglieder in der Jugendfeuerwehr LZ Dreierwalde (Stand 01.01.),,2029,16.0,0,Planwert,205
0212601,10,Kennzahlen,Anzahl der Mitglieder in der Jugendfeuerwehr LZ Hörstel (Stand 01.01.),,2024,16.0,0,,205
0212601,10,Kennzahlen,Anzahl der Mitglieder in der Jugendfeuerwehr LZ Hörstel (Stand 01.01.),,2025,16.0,0,Planwert,205
0212601,10,Kennzahlen,Anzahl der Mitglieder in der Jugendfeuerwehr LZ Hörstel (Stand 01.01.),,2026,16.0,0,Planwert,205
0212601,10,Kennzahlen,Anzahl der Mitglieder in der Jugendfeuerwehr LZ Hörstel (Stand 01.01.),,2027,16.0,0,Planwert,205
0212601,10,Kennzahlen,Anzahl der Mitglieder in der Jugendfeuerwehr LZ Hörstel (Stand 01.01.),,2028,16.0,0,Planwert,205
0212601,10,Kennzahlen,Anzahl der Mitglieder in der Jugendfeuerwehr LZ Hörstel (Stand 01.01.),,2029,16.0,0,Planwert,205
0212601,11,Kennzahlen,Anzahl der Mitglieder in der Jugendfeuerwehr LZ Riesenbeck (Stand 01.01.),,2024,13.0,0,,205
0212601,11,Kennzahlen,Anzahl der Mitglieder in der Jugendfeuerwehr LZ Riesenbeck (Stand 01.01.),,2025,13.0,0,Planwert,205
0212601,11,Kennzahlen,Anzahl der Mitglieder in der Jugendfeuerwehr LZ Riesenbeck (Stand 01.01.),,2026,13.0,0,Planwert,205
0212601,11,Kennzahlen,Anzahl der Mitglieder in der Jugendfeuerwehr LZ Riesenbeck (Stand 01.01.),,2027,13.0,0,Planwert,205
0212601,11,Kennzahlen,Anzahl der Mitglieder in der Jugendfeuerwehr LZ Riesenbeck (Stand 01.01.),,2028,13.0,0,Planwert,205
0212601,11,Kennzahlen,Anzahl der Mitglieder in der Jugendfeuerwehr LZ Riesenbeck (Stand 01.01.),,2029,13.0,0,Planwert,205
0212601,12,Kennzahlen,Produktergebnis je Einwohner,,2024,-24.79,2,,205
0212601,12,Kennzahlen,Produktergebnis je Einwohner,,2025,-32.43,2,Planwert,205
0212601,12,Kennzahlen,Produktergebnis je Einwohner,,2026,-31.06,2,Planwert,205
0212601,12,Kennzahlen,Produktergebnis je Einwohner,,2027,-30.16,2,Planwert,205
0212601,12,Kennzahlen,Produktergebnis je Einwohner,,2028,-31.55,2,Planwert,205
0212601,12,Kennzahlen,Produktergebnis je Einwohner,,2029,-31.37,2,Planwert,205
0321101,1,Stellenplan,Anzahl der Vollzeitstellen,,2024,5.77,2,Planwert,217
0321101,1,Stellenplan,Anzahl der Vollzeitstellen,,2025,3.32,2,Planwert,217
0321101,1,Stellenplan,Anzahl der Vollzeitstellen,,2026,3.47,2,Planwert,217
0321101,1,Stellenplan,Anzahl der Vollzeitstellen,,2027,3.47,2,Planwert,217
0321101,1,Stellenplan,Anzahl der Vollzeitstellen,,2028,3.47,2,Planwert,217
0321101,1,Stellenplan,Anzahl der Vollzeitstellen,,2029,3.47,2,Planwert,217
0321101,2,Kennzahlen,Grundschüler (Anzahl),,2024,966.0,0,,217
0321101,2,Kennzahlen,Grundschüler (Anzahl),,2025,983.0,0,Planwert,217
0321101,2,Kennzahlen,Grundschüler (Anzahl),,2026,1016.0,0,Planwert,217
0321101,2,Kennzahlen,Grundschüler (Anzahl),,2027,1012.0,0,Planwert,217
0321101,2,Kennzahlen,Grundschüler (Anzahl),,2028,1017.0,0,Planwert,217
0321101,2,Kennzahlen,Grundschüler (Anzahl),,2029,1021.0,0,Planwert,217
0321101,3,Kennzahlen,Produktergebnis je Grundschüler,,2024,-1779.0,0,,217
0321101,3,Kennzahlen,Produktergebnis je Grundschüler,,2025,-1215.0,0,Planwert,217
0321101,3,Kennzahlen,Produktergebnis je Grundschüler,,2026,-1126.0,0,Planwert,217
0321101,3,Kennzahlen,Produktergebnis je Grundschüler,,2027,-1171.0,0,Planwert,217
0321101,3,Kennzahlen,Produktergebnis je Grundschüler,,2028,-1327.0,0,Planwert,217
0321101,3,Kennzahlen,Produktergebnis je Grundschüler,,2029,-1519.0,0,Planwert,217
0321101,4,Kennzahlen,Produktergebnis je Einwohner,,2024,-85.22,2,,217
0321101,4,Kennzahlen,Produktergebnis je Einwohner,,2025,-59.25,2,Planwert,217
0321101,4,Kennzahlen,Produktergebnis je Einwohner,,2026,-56.73,2,Planwert,217
0321101,4,Kennzahlen,Produktergebnis je Einwohner,,2027,-58.75,2,Planwert,217
0321101,4,Kennzahlen,Produktergebnis je Einwohner,,2028,-66.93,2,Planwert,217
0321101,4,Kennzahlen,Produktergebnis je Einwohner,,2029,-76.89,2,Planwert,217
0321801,1,Stellenplan,Anzahl der Vollzeitstellen,,2024,6.93,2,Planwert,228
0321801,1,Stellenplan,Anzahl der Vollzeitstellen,,2025,4.87,2,Planwert,228
0321801,1,Stellenplan,Anzahl der Vollzeitstellen,,2026,4.9,2,Planwert,228
0321801,1,Stellenplan,Anzahl der Vollzeitstellen,,2027,4.9,2,Planwert,228
0321801,1,Stellenplan,Anzahl der Vollzeitstellen,,2028,4.9,2,Planwert,228
0321801,1,Stellenplan,Anzahl der Vollzeitstellen,,2029,4.9,2,Planwert,228
0321801,2,Kennzahlen,Gesamtschüler (Anzahl),,2024,948.0,0,,228
0321801,2,Kennzahlen,Gesamtschüler (Anzahl),,2025,945.0,0,Planwert,228
0321801,2,Kennzahlen,Gesamtschüler (Anzahl),,2026,967.0,0,Planwert,228
0321801,2,Kennzahlen,Gesamtschüler (Anzahl),,2027,976.0,0,Planwert,228
0321801,2,Kennzahlen,Gesamtschüler (Anzahl),,2028,985.0,0,Planwert,228
0321801,2,Kennzahlen,Gesamtschüler (Anzahl),,2029,1006.0,0,Planwert,228
0321801,3,Kennzahlen,Produktergebnis je Gesamtschüler,,2024,-1606.0,0,,228
0321801,3,Kennzahlen,Produktergebnis je Gesamtschüler,,2025,-1123.0,0,Planwert,228
0321801,3,Kennzahlen,Produktergebnis je Gesamtschüler,,2026,-1076.0,0,Planwert,228
0321801,3,Kennzahlen,Produktergebnis je Gesamtschüler,,2027,-1045.0,0,Planwert,228
0321801,3,Kennzahlen,Produktergebnis je Gesamtschüler,,2028,-1042.0,0,Planwert,228
0321801,3,Kennzahlen,Produktergebnis je Gesamtschüler,,2029,-1030.0,0,Planwert,228
0321801,4,Kennzahlen,Produktergebnis je Einwohner,,2024,-75.48,2,,228
0321801,4,Kennzahlen,Produktergebnis je Einwohner,,2025,-52.63,2,Planwert,228
0321801,4,Kennzahlen,Produktergebnis je Einwohner,,2026,-51.62,2,Planwert,228
0321801,4,Kennzahlen,Produktergebnis je Einwohner,,2027,-50.57,2,Planwert,228
0321801,4,Kennzahlen,Produktergebnis je Einwohner,,2028,-50.91,2,Planwert,228
0321801,4,Kennzahlen,Produktergebnis je Einwohner,,2029,-51.38,2,Planwert,228
0323201,1,Stellenplan,Anzahl der Vollzeitstellen,,2025,4.94,2,Planwert,237
0323201,1,Stellenplan,Anzahl der Vollzeitstellen,,2026,4.95,2,Planwert,237
0323201,1,Stellenplan,Anzahl der Vollzeitstellen,,2027,4.95,2,Planwert,237
0323201,1,Stellenplan,Anzahl der Vollzeitstellen,,2028,4.95,2,Planwert,237
0323201,1,Stellenplan,Anzahl der Vollzeitstellen,,2029,4.95,2,Planwert,237
0323201,2,Kennzahlen,Produktergebnis je Einwohner,,2025,-55.11,2,Planwert,237
0323201,2,Kennzahlen,Produktergebnis je Einwohner,,2026,-53.32,2,Planwert,237
0323201,2,Kennzahlen,Produktergebnis je Einwohner,,2027,-56.82,2,Planwert,237
0323201,2,Kennzahlen,Produktergebnis je Einwohner,,2028,-59.94,2,Planwert,237
0323201,2,Kennzahlen,Produktergebnis je Einwohner,,2029,-63.9,2,Planwert,237
0324101,1,Stellenplan,Anzahl der Vollzeitstellen,,2024,0.18,2,Planwert,243
0324101,1,Stellenplan,Anzahl der Vollzeitstellen,,2025,0.17,2,Planwert,243
0324101,1,Stellenplan,Anzahl der Vollzeitstellen,,2026,0.17,2,Planwert,243
0324101,1,Stellenplan,Anzahl der Vollzeitstellen,,2027,0.17,2,Planwert,243
0324101,1,Stellenplan,Anzahl der Vollzeitstellen,,2028,0.17,2,Planwert,243
0324101,1,Stellenplan,Anzahl der Vollzeitstellen,,2029,0.17,2,Planwert,243
0324101,2,Kennzahlen,Produktergebnis je Grundschüler,,2024,-833.0,0,,243
0324101,2,Kennzahlen,Produktergebnis je Grundschüler,,2025,-810.0,0,Planwert,243
0324101,2,Kennzahlen,Produktergebnis je Grundschüler,,2026,-880.0,0,Planwert,243
0324101,2,Kennzahlen,Produktergebnis je Grundschüler,,2027,-933.0,0,Planwert,243
0324101,2,Kennzahlen,Produktergebnis je Grundschüler,,2028,-981.0,0,Planwert,243
0324101,2,Kennzahlen,Produktergebnis je Grundschüler,,2029,-1024.0,0,Planwert,243
0324101,3,Kennzahlen,Grundschüler (Anzahl),,2024,966.0,0,,243
0324101,3,Kennzahlen,Grundschüler (Anzahl),,2025,983.0,0,Planwert,243
0324101,3,Kennzahlen,Grundschüler (Anzahl),,2026,1016.0,0,Planwert,243
0324101,3,Kennzahlen,Grundschüler (Anzahl),,2027,1012.0,0,Planwert,243
0324101,3,Kennzahlen,Grundschüler (Anzahl),,2028,1017.0,0,Planwert,243
0324101,3,Kennzahlen,Grundschüler (Anzahl),,2029,1021.0,0,Planwert,243
0324101,4,Kennzahlen,Produktergebnis je Gesamtschüler,,2024,-848.0,0,,243
0324101,4,Kennzahlen,Produktergebnis je Gesamtschüler,,2025,-843.0,0,Planwert,243
0324101,4,Kennzahlen,Produktergebnis je Gesamtschüler,,2026,-925.0,0,Planwert,243
0324101,4,Kennzahlen,Produktergebnis je Gesamtschüler,,2027,-967.0,0,Planwert,243
0324101,4,Kennzahlen,Produktergebnis je Gesamtschüler,,2028,-1013.0,0,Planwert,243
0324101,4,Kennzahlen,Produktergebnis je Gesamtschüler,,2029,-1039.0,0,Planwert,243
0324101,5,Kennzahlen,Gesamtschüler (Anzahl),,2024,948.0,0,,243
0324101,5,Kennzahlen,Gesamtschüler (Anzahl),,2025,945.0,0,Planwert,243
0324101,5,Kennzahlen,Gesamtschüler (Anzahl),,2026,967.0,0,Planwert,243
0324101,5,Kennzahlen,Gesamtschüler (Anzahl),,2027,976.0,0,Planwert,243
0324101,5,Kennzahlen,Gesamtschüler (Anzahl),,2028,985.0,0,Planwert,243
0324101,5,Kennzahlen,Gesamtschüler (Anzahl),,2029,1006.0,0,Planwert,243
0324101,6,Kennzahlen,Produktergebnis je Einwohner,,2024,-39.88,2,,243
0324101,6,Kennzahlen,Produktergebnis je Einwohner,,2025,-39.49,2,Planwert,243
0324101,6,Kennzahlen,Produktergebnis je Einwohner,,2026,-44.36,2,Planwert,243
0324101,6,Kennzahlen,Produktergebnis je Einwohner,,2027,-46.81,2,Planwert,243
0324101,6,Kennzahlen,Produktergebnis je Einwohner,,2028,-49.46,2,Planwert,243
0324101,6,Kennzahlen,Produktergebnis je Einwohner,,2029,-51.85,2,Planwert,243
0426301,1,Stellenplan,Anzahl der Vollzeitstellen,,2024,0.09,2,Planwert,252
0426301,1,Stellenplan,Anzahl der Vollzeitstellen,,2025,0.09,2,Planwert,252
0426301,1,Stellenplan,Anzahl der Vollzeitstellen,,2026,0.09,2,Planwert,252
0426301,1,Stellenplan,Anzahl der Vollzeitstellen,,2027,0.09,2,Planwert,252
0426301,1,Stellenplan,Anzahl der Vollzeitstellen,,2028,0.09,2,Planwert,252
0426301,1,Stellenplan,Anzahl der Vollzeitstellen,,2029,0.09,2,Planwert,252
0426301,2,Kennzahlen,Anzahl Musikschüler,,2024,390.0,0,,252
0426301,2,Kennzahlen,Anzahl Musikschüler,,2025,352.0,0,Planwert,252
0426301,2,Kennzahlen,Anzahl Musikschüler,,2026,352.0,0,Planwert,252
0426301,2,Kennzahlen,Anzahl Musikschüler,,2027,352.0,0,Planwert,252
0426301,2,Kennzahlen,Anzahl Musikschüler,,2028,352.0,0,Planwert,252
0426301,2,Kennzahlen,Anzahl Musikschüler,,2029,352.0,0,Planwert,252
0426301,3,Kennzahlen,Produktergebnis je Musikschüler (in €),,2024,-229.25,2,,252
0426301,3,Kennzahlen,Produktergebnis je Musikschüler (in €),,2025,-268.09,2,Planwert,252
0426301,3,Kennzahlen,Produktergebnis je Musikschüler (in €),,2026,-278.61,2,Planwert,252
0426301,3,Kennzahlen,Produktergebnis je Musikschüler (in €),,2027,-289.85,2,Planwert,252
0426301,3,Kennzahlen,Produktergebnis je Musikschüler (in €),,2028,-301.37,2,Planwert,252
0426301,3,Kennzahlen,Produktergebnis je Musikschüler (in €),,2029,-313.24,2,Planwert,252
0426301,4,Kennzahlen,Produktergebnis je Einwohner,,2024,-4.43,2,,252
0426301,4,Kennzahlen,Produktergebnis je Einwohner,,2025,-4.68,2,Planwert,252
0426301,4,Kennzahlen,Produktergebnis je Einwohner,,2026,-4.86,2,Planwert,252
0426301,4,Kennzahlen,Produktergebnis je Einwohner,,2027,-5.06,2,Planwert,252
0426301,4,Kennzahlen,Produktergebnis je Einwohner,,2028,-5.26,2,Planwert,252
0426301,4,Kennzahlen,Produktergebnis je Einwohner,,2029,-5.47,2,Planwert,252
0427101,1,Stellenplan,Anzahl der Vollzeitstellen,,2024,0.24,2,Planwert,256
0427101,1,Stellenplan,Anzahl der Vollzeitstellen,,2025,0.22,2,Planwert,256
0427101,1,Stellenplan,Anzahl der Vollzeitstellen,,2026,0.22,2,Planwert,256
0427101,1,Stellenplan,Anzahl der Vollzeitstellen,,2027,0.22,2,Planwert,256
0427101,1,Stellenplan,Anzahl der Vollzeitstellen,,2028,0.22,2,Planwert,256
0427101,1,Stellenplan,Anzahl der Vollzeitstellen,,2029,0.22,2,Planwert,256
0427101,2,Kennzahlen,Volkshochschule Teilnehmer,,2024,350.0,0,,256
0427101,2,Kennzahlen,Volkshochschule Teilnehmer,,2025,421.0,0,Planwert,256
0427101,2,Kennzahlen,Volkshochschule Teilnehmer,,2026,425.0,0,Planwert,256
0427101,2,Kennzahlen,Volkshochschule Teilnehmer,,2027,425.0,0,Planwert,256
0427101,2,Kennzahlen,Volkshochschule Teilnehmer,,2028,425.0,0,Planwert,256
0427101,2,Kennzahlen,Volkshochschule Teilnehmer,,2029,425.0,0,Planwert,256
0427101,3,Kennzahlen,Produktergebnis je Teilnehmer,,2024,-206.54,2,,256
0427101,3,Kennzahlen,Produktergebnis je Teilnehmer,,2025,-161.95,2,Planwert,256
0427101,3,Kennzahlen,Produktergebnis je Teilnehmer,,2026,-176.08,2,Planwert,256
0427101,3,Kennzahlen,Produktergebnis je Teilnehmer,,2027,-183.93,2,Planwert,256
0427101,3,Kennzahlen,Produktergebnis je Teilnehmer,,2028,-191.58,2,Planwert,256
0427101,3,Kennzahlen,Produktergebnis je Teilnehmer,,2029,-199.23,2,Planwert,256
0427101,4,Kennzahlen,Produktergebnis je Einwohner,,2024,-3.58,2,,256
0427101,4,Kennzahlen,Produktergebnis je Einwohner,,2025,-3.38,2,Planwert,256
0427101,4,Kennzahlen,Produktergebnis je Einwohner,,2026,-3.71,2,Planwert,256
0427101,4,Kennzahlen,Produktergebnis je Einwohner,,2027,-3.88,2,Planwert,256
0427101,4,Kennzahlen,Produktergebnis je Einwohner,,2028,-4.04,2,Planwert,256
0427101,4,Kennzahlen,Produktergebnis je Einwohner,,2029,-4.2,2,Planwert,256
0427201,1,Stellenplan,Anzahl der Vollzeitstellen,,2024,0.02,2,Planwert,260
0427201,1,Stellenplan,Anzahl der Vollzeitstellen,,2025,0.02,2,Planwert,260
0427201,1,Stellenplan,Anzahl der Vollzeitstellen,,2026,0.02,2,Planwert,260
0427201,1,Stellenplan,Anzahl der Vollzeitstellen,,2027,0.02,2,Planwert,260
0427201,1,Stellenplan,Anzahl der Vollzeitstellen,,2028,0.02,2,Planwert,260
0427201,1,Stellenplan,Anzahl der Vollzeitstellen,,2029,0.02,2,Planwert,260
0427201,2,Kennzahlen,Produktergebnis je Einwohner,,2024,-0.74,2,,260
0427201,2,Kennzahlen,Produktergebnis je Einwohner,,2025,-0.78,2,Planwert,260
0427201,2,Kennzahlen,Produktergebnis je Einwohner,,2026,-0.78,2,Planwert,260
0427201,2,Kennzahlen,Produktergebnis je Einwohner,,2027,-0.78,2,Planwert,260
0427201,2,Kennzahlen,Produktergebnis je Einwohner,,2028,-0.79,2,Planwert,260
0427201,2,Kennzahlen,Produktergebnis je Einwohner,,2029,-0.79,2,Planwert,260
0428101,1,Stellenplan,Anzahl der Vollzeitstellen,,2024,0.15,2,Planwert,264
0428101,1,Stellenplan,Anzahl der Vollzeitstellen,,2025,0.03,2,Planwert,264
0428101,1,Stellenplan,Anzahl der Vollzeitstellen,,2026,0.15,2,Planwert,264
0428101,1,Stellenplan,Anzahl der Vollzeitstellen,,2027,0.15,2,Planwert,264
0428101,1,Stellenplan,Anzahl der Vollzeitstellen,,2028,0.15,2,Planwert,264
0428101,1,Stellenplan,Anzahl der Vollzeitstellen,,2029,0.15,2,Planwert,264
0428101,2,Kennzahlen,Produktergebnis je Einwohner,,2024,-5.41,2,,264
0428101,2,Kennzahlen,Produktergebnis je Einwohner,,2025,-5.5,2,Planwert,264
0428101,2,Kennzahlen,Produktergebnis je Einwohner,,2026,-7.99,2,Planwert,264
0428101,2,Kennzahlen,Produktergebnis je Einwohner,,2027,-11.65,2,Planwert,264
0428101,2,Kennzahlen,Produktergebnis je Einwohner,,2028,-6.06,2,Planwert,264
0428101,2,Kennzahlen,Produktergebnis je Einwohner,,2029,-6.26,2,Planwert,264
0428102,1,Stellenplan,Anzahl der Vollzeitstellen,,2024,2.2,2,Planwert,269
0428102,1,Stellenplan,Anzahl der Vollzeitstellen,,2025,2.18,2,Planwert,269
0428102,1,Stellenplan,Anzahl der Vollzeitstellen,,2026,2.27,2,Planwert,269
0428102,1,Stellenplan,Anzahl der Vollzeitstellen,,2027,2.27,2,Planwert,269
0428102,1,Stellenplan,Anzahl der Vollzeitstellen,,2028,2.27,2,Planwert,269
0428102,1,Stellenplan,Anzahl der Vollzeitstellen,,2029,2.27,2,Planwert,269
0428102,2,Kennzahlen,Produktergebnis je Einwohner,,2024,-9.23,2,,269
0428102,2,Kennzahlen,Produktergebnis je Einwohner,,2025,-12.18,2,Planwert,269
0428102,2,Kennzahlen,Produktergebnis je Einwohner,,2026,-10.85,2,Planwert,269
0428102,2,Kennzahlen,Produktergebnis je Einwohner,,2027,-8.45,2,Planwert,269
0428102,2,Kennzahlen,Produktergebnis je Einwohner,,2028,-8.72,2,Planwert,269
0428102,2,Kennzahlen,Produktergebnis je Einwohner,,2029,-8.99,2,Planwert,269
0531201,1,Stellenplan,Anzahl der Vollzeitstellen,,2024,4.84,2,Planwert,279
0531201,2,Kennzahlen,Produktergebnis je Einwohner,,2024,-42.92,2,,279
0531301,1,Stellenplan,Anzahl der Vollzeitstellen,,2024,2.03,2,Planwert,284
0531301,1,Stellenplan,Anzahl der Vollzeitstellen,,2025,2.17,2,Planwert,284
0531301,1,Stellenplan,Anzahl der Vollzeitstellen,,2026,2.17,2,Planwert,284
0531301,1,Stellenplan,Anzahl der Vollzeitstellen,,2027,2.17,2,Planwert,284
0531301,1,Stellenplan,Anzahl der Vollzeitstellen,,2028,2.17,2,Planwert,284
0531301,1,Stellenplan,Anzahl der Vollzeitstellen,,2029,2.17,2,Planwert,284
0531301,2,Kennzahlen,Anzahl der AsylbLG-Hilfeempfänger (Stand am 30.06. eines Jahres),,2024,143.0,0,,284
0531301,2,Kennzahlen,Anzahl der AsylbLG-Hilfeempfänger (Stand am 30.06. eines Jahres),,2025,250.0,0,Planwert,284
0531301,2,Kennzahlen,Anzahl der AsylbLG-Hilfeempfänger (Stand am 30.06. eines Jahres),,2026,120.0,0,Planwert,284
0531301,2,Kennzahlen,Anzahl der AsylbLG-Hilfeempfänger (Stand am 30.06. eines Jahres),,2027,120.0,0,Planwert,284
0531301,2,Kennzahlen,Anzahl der AsylbLG-Hilfeempfänger (Stand am 30.06. eines Jahres),,2028,120.0,0,Planwert,284
0531301,2,Kennzahlen,Anzahl der AsylbLG-Hilfeempfänger (Stand am 30.06. eines Jahres),,2029,120.0,0,Planwert,284
0531301,3,Kennzahlen,Transferaufwendungen (netto),,2024,1222.28,2,,284
0531301,3,Kennzahlen,Transferaufwendungen (netto),,2025,979000.0,2,Planwert,284
0531301,3,Kennzahlen,Transferaufwendungen (netto),,2026,516000.0,2,Planwert,284
0531301,3,Kennzahlen,Transferaufwendungen (netto),,2027,516000.0,2,Planwert,284
0531301,3,Kennzahlen,Transferaufwendungen (netto),,2028,516000.0,2,Planwert,284
0531301,3,Kennzahlen,Transferaufwendungen (netto),,2029,516000.0,2,Planwert,284
0531301,4,Kennzahlen,Transferaufwendungen (netto) je Hilfeempfänger,,2024,8.55,2,,284
0531301,4,Kennzahlen,Transferaufwendungen (netto) je Hilfeempfänger,,2025,3916.0,2,Planwert,284
0531301,4,Kennzahlen,Transferaufwendungen (netto) je Hilfeempfänger,,2026,4300.0,2,Planwert,284
0531301,4,Kennzahlen,Transferaufwendungen (netto) je Hilfeempfänger,,2027,4300.0,2,Planwert,284
0531301,4,Kennzahlen,Transferaufwendungen (netto) je Hilfeempfänger,,2028,4300.0,2,Planwert,284
0531301,4,Kennzahlen,Transferaufwendungen (netto) je Hilfeempfänger,,2029,4300.0,2,Planwert,284
0531301,5,Kennzahlen,Personal- und Sachaufwand,,2024,184855.0,2,,284
0531301,5,Kennzahlen,Personal- und Sachaufwand,,2025,259233.0,2,Planwert,284
0531301,5,Kennzahlen,Personal- und Sachaufwand,,2026,225372.0,2,Planwert,284
0531301,5,Kennzahlen,Personal- und Sachaufwand,,2027,229895.0,2,Planwert,284
0531301,5,Kennzahlen,Personal- und Sachaufwand,,2028,235188.0,2,Planwert,284
0531301,5,Kennzahlen,Personal- und Sachaufwand,,2029,239886.0,2,Planwert,284
0531301,6,Kennzahlen,Personal- und Sachaufwand je Hilfeempfänger,,2024,1292.69,2,,284
0531301,6,Kennzahlen,Personal- und Sachaufwand je Hilfeempfänger,,2025,1036.93,2,Planwert,284
0531301,6,Kennzahlen,Personal- und Sachaufwand je Hilfeempfänger,,2026,1878.1,2,Planwert,284
0531301,6,Kennzahlen,Personal- und Sachaufwand je Hilfeempfänger,,2027,1915.79,2,Planwert,284
0531301,6,Kennzahlen,Personal- und Sachaufwand je Hilfeempfänger,,2028,1959.9,2,Planwert,284
0531301,6,Kennzahlen,Personal- und Sachaufwand je Hilfeempfänger,,2029,1999.05,2,Planwert,284
0531301,7,Kennzahlen,Produktergebnis je Einwohner,,2024,-2.71,2,,284
0531301,7,Kennzahlen,Produktergebnis je Einwohner,,2025,-56.89,2,Planwert,284
0531301,7,Kennzahlen,Produktergebnis je Einwohner,,2026,-33.01,2,Planwert,284
0531301,7,Kennzahlen,Produktergebnis je Einwohner,,2027,-33.33,2,Planwert,284
0531301,7,Kennzahlen,Produktergebnis je Einwohner,,2028,-33.62,2,Planwert,284
0531301,7,Kennzahlen,Produktergebnis je Einwohner,,2029,-33.86,2,Planwert,284
0531601,1,Stellenplan,Anzahl der Vollzeitstellen,,2025,1.46,2,Planwert,290
0531601,1,Stellenplan,Anzahl der Vollzeitstellen,,2026,1.45,2,Planwert,290
0531601,1,Stellenplan,Anzahl der Vollzeitstellen,,2027,1.45,2,Planwert,290
0531601,1,Stellenplan,Anzahl der Vollzeitstellen,,2028,1.45,2,Planwert,290
0531601,1,Stellenplan,Anzahl der Vollzeitstellen,,2029,1.45,2,Planwert,290
0531601,2,Kennzahlen,Produktergebnis je Einwohner,,2025,-56.87,2,Planwert,290
0531601,2,Kennzahlen,Produktergebnis je Einwohner,,2026,-47.1,2,Planwert,290
0531601,2,Kennzahlen,Produktergebnis je Einwohner,,2027,-49.67,2,Planwert,290
0531601,2,Kennzahlen,Produktergebnis je Einwohner,,2028,-52.21,2,Planwert,290
0531601,2,Kennzahlen,Produktergebnis je Einwohner,,2029,-54.87,2,Planwert,290
0531701,1,Stellenplan,Anzahl der Vollzeitstellen,,2025,0.14,2,Planwert,295
0531701,1,Stellenplan,Anzahl der Vollzeitstellen,,2026,0.14,2,Planwert,295
0531701,1,Stellenplan,Anzahl der Vollzeitstellen,,2027,0.14,2,Planwert,295
0531701,1,Stellenplan,Anzahl der Vollzeitstellen,,2028,0.14,2,Planwert,295
0531701,1,Stellenplan,Anzahl der Vollzeitstellen,,2029,0.14,2,Planwert,295
0531701,2,Kennzahlen,Produktergebnis je Einwohner,,2025,-0.12,2,Planwert,295
0531701,2,Kennzahlen,Produktergebnis je Einwohner,,2026,-0.13,2,Planwert,295
0531701,2,Kennzahlen,Produktergebnis je Einwohner,,2027,-0.14,2,Planwert,295
0531701,2,Kennzahlen,Produktergebnis je Einwohner,,2028,-0.14,2,Planwert,295
0531701,2,Kennzahlen,Produktergebnis je Einwohner,,2029,-0.15,2,Planwert,295
0531801,1,Stellenplan,Anzahl der Vollzeitstellen,,2025,3.24,2,Planwert,299
0531801,1,Stellenplan,Anzahl der Vollzeitstellen,,2026,3.24,2,Planwert,299
0531801,1,Stellenplan,Anzahl der Vollzeitstellen,,2027,3.24,2,Planwert,299
0531801,1,Stellenplan,Anzahl der Vollzeitstellen,,2028,3.24,2,Planwert,299
0531801,1,Stellenplan,Anzahl der Vollzeitstellen,,2029,3.24,2,Planwert,299
0531801,2,Kennzahlen,Produktergebnis je Einwohner,,2025,-4.93,2,Planwert,299
0531801,2,Kennzahlen,Produktergebnis je Einwohner,,2026,-4.63,2,Planwert,299
0531801,2,Kennzahlen,Produktergebnis je Einwohner,,2027,-4.85,2,Planwert,299
0531801,2,Kennzahlen,Produktergebnis je Einwohner,,2028,-5.03,2,Planwert,299
0531801,2,Kennzahlen,Produktergebnis je Einwohner,,2029,-5.05,2,Planwert,299
0533301,1,Stellenplan,Anzahl der Vollzeitstellen,,2024,1.12,2,Planwert,304
0533301,1,Stellenplan,Anzahl der Vollzeitstellen,,2025,1.25,2,Planwert,304
0533301,1,Stellenplan,Anzahl der Vollzeitstellen,,2026,1.25,2,Planwert,304
0533301,1,Stellenplan,Anzahl der Vollzeitstellen,,2027,1.25,2,Planwert,304
0533301,1,Stellenplan,Anzahl der Vollzeitstellen,,2028,1.25,2,Planwert,304
0533301,1,Stellenplan,Anzahl der Vollzeitstellen,,2029,1.25,2,Planwert,304
0533301,2,Kennzahlen,Produktergebnis je Einwohner,,2024,-4.61,2,,304
0533301,2,Kennzahlen,Produktergebnis je Einwohner,,2025,-5.7,2,Planwert,304
0533301,2,Kennzahlen,Produktergebnis je Einwohner,,2026,-5.79,2,Planwert,304
0533301,2,Kennzahlen,Produktergebnis je Einwohner,,2027,-5.97,2,Planwert,304
0533301,2,Kennzahlen,Produktergebnis je Einwohner,,2028,-6.14,2,Planwert,304
0533301,2,Kennzahlen,Produktergebnis je Einwohner,,2029,-6.28,2,Planwert,304
0534501,1,Stellenplan,Anzahl der Vollzeitstellen,,2024,0.0,2,Planwert,308
0534501,1,Stellenplan,Anzahl der Vollzeitstellen,,2025,1.52,2,Planwert,308
0534501,1,Stellenplan,Anzahl der Vollzeitstellen,,2026,1.57,2,Planwert,308
0534501,1,Stellenplan,Anzahl der Vollzeitstellen,,2027,1.57,2,Planwert,308
0534501,1,Stellenplan,Anzahl der Vollzeitstellen,,2028,1.57,2,Planwert,308
0534501,1,Stellenplan,Anzahl der Vollzeitstellen,,2029,1.57,2,Planwert,308
0534501,2,Kennzahlen,Produktergebnis je Einwohner,,2025,-6.53,2,Planwert,308
0534501,2,Kennzahlen,Produktergebnis je Einwohner,,2026,-6.55,2,Planwert,308
0534501,2,Kennzahlen,Produktergebnis je Einwohner,,2027,-6.75,2,Planwert,308
0534501,2,Kennzahlen,Produktergebnis je Einwohner,,2028,-6.93,2,Planwert,308
0534501,2,Kennzahlen,Produktergebnis je Einwohner,,2029,-7.09,2,Planwert,308
0534501,3,Kennzahlen,Wohngeld-Bewilligungen,,2025,544.0,0,Planwert,308
0534501,3,Kennzahlen,Wohngeld-Bewilligungen,,2026,544.0,0,Planwert,308
0534501,3,Kennzahlen,Wohngeld-Bewilligungen,,2027,544.0,0,Planwert,308
0534501,3,Kennzahlen,Wohngeld-Bewilligungen,,2028,544.0,0,Planwert,308
0534501,3,Kennzahlen,Wohngeld-Bewilligungen,,2029,544.0,0,Planwert,308
0534501,4,Kennzahlen,Wohngeld-Ablehnungen,,2025,212.0,0,Planwert,308
0534501,4,Kennzahlen,Wohngeld-Ablehnungen,,2026,212.0,0,Planwert,308
0534501,4,Kennzahlen,Wohngeld-Ablehnungen,,2027,212.0,0,Planwert,308
0534501,4,Kennzahlen,Wohngeld-Ablehnungen,,2028,212.0,0,Planwert,308
0534501,4,Kennzahlen,Wohngeld-Ablehnungen,,2029,212.0,0,Planwert,308
0534501,5,Kennzahlen,Summe (Fallzahlen),,2025,756.0,0,Planwert,308
0534501,5,Kennzahlen,Summe (Fallzahlen),,2026,756.0,0,Planwert,308
0534501,5,Kennzahlen,Summe (Fallzahlen),,2027,756.0,0,Planwert,308
0534501,5,Kennzahlen,Summe (Fallzahlen),,2028,756.0,0,Planwert,308
0534501,5,Kennzahlen,Summe (Fallzahlen),,2029,756.0,0,Planwert,308
0534501,6,Kennzahlen,Produktergebnis je Fall,,2025,-174.0,0,Planwert,308
0534501,6,Kennzahlen,Produktergebnis je Fall,,2026,-175.0,0,Planwert,308
0534501,6,Kennzahlen,Produktergebnis je Fall,,2027,-180.0,0,Planwert,308
0534501,6,Kennzahlen,Produktergebnis je Fall,,2028,-185.0,0,Planwert,308
0534501,6,Kennzahlen,Produktergebnis je Fall,,2029,-189.0,0,Planwert,308
0535101,1,Stellenplan,Anzahl der Vollzeitstellen,,2024,2.22,2,Planwert,312
0535101,2,Kennzahlen,Wohngeld-Bewilligungen,,2024,544.0,0,,312
0535101,3,Kennzahlen,Wohngeld-Ablehnungen,,2024,212.0,0,,312
0535101,4,Kennzahlen,Summe (Fallzahlen),,2024,756.0,0,,312
0535101,5,Kennzahlen,Produktergebnis je Fall,,2024,-213.0,0,,312
0535101,6,Kennzahlen,Produktergebnis je Einwohner,,2024,-7.99,2,,312
0535102,1,Stellenplan,Anzahl der Vollzeitstellen,,2024,0.54,2,Planwert,316
0535102,1,Stellenplan,Anzahl der Vollzeitstellen,,2025,0.46,2,Planwert,316
0535102,1,Stellenplan,Anzahl der Vollzeitstellen,,2026,0.41,2,Planwert,316
0535102,1,Stellenplan,Anzahl der Vollzeitstellen,,2027,0.41,2,Planwert,316
0535102,1,Stellenplan,Anzahl der Vollzeitstellen,,2028,0.41,2,Planwert,316
0535102,1,Stellenplan,Anzahl der Vollzeitstellen,,2029,0.41,2,Planwert,316
0535102,2,Kennzahlen,Zuschuss zu den Restmüllgebühren -Anzahl Bewilligungen,,2024,149.0,0,,316
0535102,2,Kennzahlen,Zuschuss zu den Restmüllgebühren -Anzahl Bewilligungen,,2025,149.0,0,Planwert,316
0535102,2,Kennzahlen,Zuschuss zu den Restmüllgebühren -Anzahl Bewilligungen,,2026,149.0,0,Planwert,316
0535102,2,Kennzahlen,Zuschuss zu den Restmüllgebühren -Anzahl Bewilligungen,,2027,149.0,0,Planwert,316
0535102,2,Kennzahlen,Zuschuss zu den Restmüllgebühren -Anzahl Bewilligungen,,2028,149.0,0,Planwert,316
0535102,2,Kennzahlen,Zuschuss zu den Restmüllgebühren -Anzahl Bewilligungen,,2029,149.0,0,Planwert,316
0535102,3,Kennzahlen,Zuschuss zu den Restmüllgebühren -Anzahl Ablehnungen,,2024,10.0,0,,316
0535102,3,Kennzahlen,Zuschuss zu den Restmüllgebühren -Anzahl Ablehnungen,,2025,10.0,0,Planwert,316
0535102,3,Kennzahlen,Zuschuss zu den Restmüllgebühren -Anzahl Ablehnungen,,2026,10.0,0,Planwert,316
0535102,3,Kennzahlen,Zuschuss zu den Restmüllgebühren -Anzahl Ablehnungen,,2027,10.0,0,Planwert,316
0535102,3,Kennzahlen,Zuschuss zu den Restmüllgebühren -Anzahl Ablehnungen,,2028,10.0,0,Planwert,316
0535102,3,Kennzahlen,Zuschuss zu den Restmüllgebühren -Anzahl Ablehnungen,,2029,10.0,0,Planwert,316
0535102,4,Kennzahlen,Zuschuss zu den Restmüllgebühren in €,,2024,12750.5,2,,316
0535102,4,Kennzahlen,Zuschuss zu den Restmüllgebühren in €,,2025,15000.0,2,Planwert,316
0535102,4,Kennzahlen,Zuschuss zu den Restmüllgebühren in €,,2026,15000.0,2,Planwert,316
0535102,4,Kennzahlen,Zuschuss zu den Restmüllgebühren in €,,2027,15000.0,2,Planwert,316
0535102,4,Kennzahlen,Zuschuss zu den Restmüllgebühren in €,,2028,15000.0,2,Planwert,316
0535102,4,Kennzahlen,Zuschuss zu den Restmüllgebühren in €,,2029,15000.0,2,Planwert,316
0535102,5,Kennzahlen,Produktergebnis je Einwohner,,2024,-2.58,2,,316
0535102,5,Kennzahlen,Produktergebnis je Einwohner,,2025,-2.42,2,Planwert,316
0535102,5,Kennzahlen,Produktergebnis je Einwohner,,2026,-2.42,2,Planwert,316
0535102,5,Kennzahlen,Produktergebnis je Einwohner,,2027,-2.48,2,Planwert,316
0535102,5,Kennzahlen,Produktergebnis je Einwohner,,2028,-2.53,2,Planwert,316
0535102,5,Kennzahlen,Produktergebnis je Einwohner,,2029,-2.57,2,Planwert,316
0537501,1,Stellenplan,Anzahl der Vollzeitstellen,,2024,2.28,2,Planwert,320
0537501,1,Stellenplan,Anzahl der Vollzeitstellen,,2025,4.52,2,Planwert,320
0537501,1,Stellenplan,Anzahl der Vollzeitstellen,,2026,4.78,2,Planwert,320
0537501,1,Stellenplan,Anzahl der Vollzeitstellen,,2027,4.78,2,Planwert,320
0537501,1,Stellenplan,Anzahl der Vollzeitstellen,,2028,4.78,2,Planwert,320
0537501,1,Stellenplan,Anzahl der Vollzeitstellen,,2029,4.78,2,Planwert,320
0537501,2,Kennzahlen,Produktergebnis je Einwohner,,2024,-8.06,2,,320
0537501,2,Kennzahlen,Produktergebnis je Einwohner,,2025,-55.53,2,Planwert,320
0537501,2,Kennzahlen,Produktergebnis je Einwohner,,2026,-38.39,2,Planwert,320
0537501,2,Kennzahlen,Produktergebnis je Einwohner,,2027,-35.27,2,Planwert,320
0537501,2,Kennzahlen,Produktergebnis je Einwohner,,2028,-33.75,2,Planwert,320
0537501,2,Kennzahlen,Produktergebnis je Einwohner,,2029,-35.29,2,Planwert,320
0636101,1,Stellenplan,Anzahl der Vollzeitstellen,,2024,1.45,2,Planwert,329
0636101,1,Stellenplan,Anzahl der Vollzeitstellen,,2025,1.51,2,Planwert,329
0636101,1,Stellenplan,Anzahl der Vollzeitstellen,,2026,1.51,2,Planwert,329
0636101,1,Stellenplan,Anzahl der Vollzeitstellen,,2027,1.51,2,Planwert,329
0636101,1,Stellenplan,Anzahl der Vollzeitstellen,,2028,1.51,2,Planwert,329
0636101,1,Stellenplan,Anzahl der Vollzeitstellen,,2029,1.51,2,Planwert,329
0636101,2,Kennzahlen,Produktergebnis je Einwohner,,2024,-9.05,2,,329
0636101,2,Kennzahlen,Produktergebnis je Einwohner,,2025,-61.57,2,Planwert,329
0636101,2,Kennzahlen,Produktergebnis je Einwohner,,2026,-67.52,2,Planwert,329
0636101,2,Kennzahlen,Produktergebnis je Einwohner,,2027,-73.24,2,Planwert,329
0636101,2,Kennzahlen,Produktergebnis je Einwohner,,2028,-79.2,2,Planwert,329
0636101,2,Kennzahlen,Produktergebnis je Einwohner,,2029,-84.39,2,Planwert,329
0636201,1,Stellenplan,Anzahl der Vollzeitstellen,,2024,0.34,2,Planwert,335
0636201,1,Stellenplan,Anzahl der Vollzeitstellen,,2025,0.29,2,Planwert,335
0636201,1,Stellenplan,Anzahl der Vollzeitstellen,,2026,0.38,2,Planwert,335
0636201,1,Stellenplan,Anzahl der Vollzeitstellen,,2027,0.38,2,Planwert,335
0636201,1,Stellenplan,Anzahl der Vollzeitstellen,,2028,0.38,2,Planwert,335
0636201,1,Stellenplan,Anzahl der Vollzeitstellen,,2029,0.38,2,Planwert,335
0636201,2,Kennzahlen,"Anzahl der Teilnehmer an der Ferienaktion ""Freier Eintritt in das Hallenbad""",,2024,812.0,0,,335
0636201,2,Kennzahlen,"Anzahl der Teilnehmer an der Ferienaktion ""Freier Eintritt in das Hallenbad""",,2025,869.0,0,Planwert,335
0636201,2,Kennzahlen,"Anzahl der Teilnehmer an der Ferienaktion ""Freier Eintritt in das Hallenbad""",,2026,870.0,0,Planwert,335
0636201,2,Kennzahlen,"Anzahl der Teilnehmer an der Ferienaktion ""Freier Eintritt in das Hallenbad""",,2027,870.0,0,Planwert,335
0636201,2,Kennzahlen,"Anzahl der Teilnehmer an der Ferienaktion ""Freier Eintritt in das Hallenbad""",,2028,870.0,0,Planwert,335
0636201,2,Kennzahlen,"Anzahl der Teilnehmer an der Ferienaktion ""Freier Eintritt in das Hallenbad""",,2029,870.0,0,Planwert,335
0636201,3,Kennzahlen,"Kosten der Ferienaktion ""Freier Eintritt in das Hallenbad""",,2024,3152.9,2,,335
0636201,3,Kennzahlen,"Kosten der Ferienaktion ""Freier Eintritt in das Hallenbad""",,2025,4100.0,2,Planwert,335
0636201,3,Kennzahlen,"Kosten der Ferienaktion ""Freier Eintritt in das Hallenbad""",,2026,4100.0,2,Planwert,335
0636201,3,Kennzahlen,"Kosten der Ferienaktion ""Freier Eintritt in das Hallenbad""",,2027,4100.0,2,Planwert,335
0636201,3,Kennzahlen,"Kosten der Ferienaktion ""Freier Eintritt in das Hallenbad""",,2028,4100.0,2,Planwert,335
0636201,3,Kennzahlen,"Kosten der Ferienaktion ""Freier Eintritt in das Hallenbad""",,2029,4100.0,2,Planwert,335
0636201,4,Kennzahlen,"Kosten je Teilnehmer für die Ferienaktion, Freier Eintritt in das Hallenbad",,2024,3.88,2,,335
0636201,4,Kennzahlen,"Kosten je Teilnehmer für die Ferienaktion, Freier Eintritt in das Hallenbad",,2025,4.72,2,Planwert,335
0636201,4,Kennzahlen,"Kosten je Teilnehmer für die Ferienaktion, Freier Eintritt in das Hallenbad",,2026,4.71,2,Planwert,335
0636201,4,Kennzahlen,"Kosten je Teilnehmer für die Ferienaktion, Freier Eintritt in das Hallenbad",,2027,4.71,2,Planwert,335
0636201,4,Kennzahlen,"Kosten je Teilnehmer für die Ferienaktion, Freier Eintritt in das Hallenbad",,2028,4.71,2,Planwert,335
0636201,4,Kennzahlen,"Kosten je Teilnehmer für die Ferienaktion, Freier Eintritt in das Hallenbad",,2029,4.71,2,Planwert,335
0636201,5,Kennzahlen,Anzahl der gemeldeten Jugendlichen,,2024,2724.0,0,,335
0636201,5,Kennzahlen,Anzahl der gemeldeten Jugendlichen,,2025,3111.0,0,Planwert,335
0636201,5,Kennzahlen,Anzahl der gemeldeten Jugendlichen,,2026,3100.0,0,Planwert,335
0636201,5,Kennzahlen,Anzahl der gemeldeten Jugendlichen,,2027,3100.0,0,Planwert,335
0636201,5,Kennzahlen,Anzahl der gemeldeten Jugendlichen,,2028,3100.0,0,Planwert,335
0636201,5,Kennzahlen,Anzahl der gemeldeten Jugendlichen,,2029,3100.0,0,Planwert,335
0636201,6,Kennzahlen,Pro-Kopf-Betrag,,2024,7.34,2,,335
0636201,6,Kennzahlen,Pro-Kopf-Betrag,,2025,6.43,2,Planwert,335
0636201,6,Kennzahlen,Pro-Kopf-Betrag,,2026,6.43,2,Planwert,335
0636201,6,Kennzahlen,Pro-Kopf-Betrag,,2027,6.43,2,Planwert,335
0636201,6,Kennzahlen,Pro-Kopf-Betrag,,2028,6.34,2,Planwert,335
0636201,6,Kennzahlen,Pro-Kopf-Betrag,,2029,6.34,2,Planwert,335
0636201,7,Kennzahlen,Zuschüsse für die Jugendarbeit in Vereinen und Verbänden (in €),,2024,20000.0,0,,335
0636201,7,Kennzahlen,Zuschüsse für die Jugendarbeit in Vereinen und Verbänden (in €),,2025,20000.0,0,Planwert,335
0636201,7,Kennzahlen,Zuschüsse für die Jugendarbeit in Vereinen und Verbänden (in €),,2026,20000.0,0,Planwert,335
0636201,7,Kennzahlen,Zuschüsse für die Jugendarbeit in Vereinen und Verbänden (in €),,2027,20000.0,0,Planwert,335
0636201,7,Kennzahlen,Zuschüsse für die Jugendarbeit in Vereinen und Verbänden (in €),,2028,20000.0,0,Planwert,335
0636201,7,Kennzahlen,Zuschüsse für die Jugendarbeit in Vereinen und Verbänden (in €),,2029,20000.0,0,Planwert,335
0636201,8,Kennzahlen,Bezuschussung der Jugendheime,,2024,25084.16,2,,335
0636201,8,Kennzahlen,Bezuschussung der Jugendheime,,2025,25100.0,2,Planwert,335
0636201,8,Kennzahlen,Bezuschussung der Jugendheime,,2026,25100.0,2,Planwert,335
0636201,8,Kennzahlen,Bezuschussung der Jugendheime,,2027,25100.0,2,Planwert,335
0636201,8,Kennzahlen,Bezuschussung der Jugendheime,,2028,25100.0,2,Planwert,335
0636201,8,Kennzahlen,Bezuschussung der Jugendheime,,2029,25100.0,2,Planwert,335
0636201,9,Kennzahlen,Produktergebnis je Einwohner,,2024,-7.34,2,,335
0636201,9,Kennzahlen,Produktergebnis je Einwohner,,2025,-7.68,2,Planwert,335
0636201,9,Kennzahlen,Produktergebnis je Einwohner,,2026,-9.98,2,Planwert,335
0636201,9,Kennzahlen,Produktergebnis je Einwohner,,2027,-10.27,2,Planwert,335
0636201,9,Kennzahlen,Produktergebnis je Einwohner,,2028,-10.5,2,Planwert,335
0636201,9,Kennzahlen,Produktergebnis je Einwohner,,2029,-10.69,2,Planwert,335
0636601,1,Stellenplan,Anzahl der Vollzeitstellen,,2024,0.33,2,Planwert,340
0636601,1,Stellenplan,Anzahl der Vollzeitstellen,,2025,0.28,2,Planwert,340
0636601,1,Stellenplan,Anzahl der Vollzeitstellen,,2026,0.28,2,Planwert,340
0636601,1,Stellenplan,Anzahl der Vollzeitstellen,,2027,0.28,2,Planwert,340
0636601,1,Stellenplan,Anzahl der Vollzeitstellen,,2028,0.28,2,Planwert,340
0636601,1,Stellenplan,Anzahl der Vollzeitstellen,,2029,0.28,2,Planwert,340
0636601,2,Kennzahlen,Produktergebnis je Einwohner,,2024,-9.26,2,,340
0636601,2,Kennzahlen,Produktergebnis je Einwohner,,2025,-8.86,2,Planwert,340
0636601,2,Kennzahlen,Produktergebnis je Einwohner,,2026,-8.76,2,Planwert,340
0636601,2,Kennzahlen,Produktergebnis je Einwohner,,2027,-8.89,2,Planwert,340
0636601,2,Kennzahlen,Produktergebnis je Einwohner,,2028,-9.0,2,Planwert,340
0636601,2,Kennzahlen,Produktergebnis je Einwohner,,2029,-9.11,2,Planwert,340
0741101,1,Kennzahlen,Produktergebnis je Einwohner,,2024,-17.53,2,,349
0741101,1,Kennzahlen,Produktergebnis je Einwohner,,2025,-17.5,2,Planwert,349
0741101,1,Kennzahlen,Produktergebnis je Einwohner,,2026,-17.11,2,Planwert,349
0741101,1,Kennzahlen,Produktergebnis je Einwohner,,2027,-17.11,2,Planwert,349
0741101,1,Kennzahlen,Produktergebnis je Einwohner,,2028,-17.11,2,Planwert,349
0741101,1,Kennzahlen,Produktergebnis je Einwohner,,2029,-17.11,2,Planwert,349
0842101,1,Stellenplan,Anzahl der Vollzeitstellen,,2024,0.27,2,Planwert,357
0842101,1,Stellenplan,Anzahl der Vollzeitstellen,,2025,0.27,2,Planwert,357
0842101,1,Stellenplan,Anzahl der Vollzeitstellen,,2026,0.32,2,Planwert,357
0842101,1,Stellenplan,Anzahl der Vollzeitstellen,,2027,0.32,2,Planwert,357
0842101,1,Stellenplan,Anzahl der Vollzeitstellen,,2028,0.32,2,Planwert,357
0842101,1,Stellenplan,Anzahl der Vollzeitstellen,,2029,0.32,2,Planwert,357
0842101,2,Kennzahlen,Mitglieder in Sportvereinen,,2024,7532.0,0,,357
0842101,2,Kennzahlen,Mitglieder in Sportvereinen,,2025,7604.0,0,Planwert,357
0842101,2,Kennzahlen,Mitglieder in Sportvereinen,,2026,7650.0,0,Planwert,357
0842101,2,Kennzahlen,Mitglieder in Sportvereinen,,2027,7650.0,0,Planwert,357
0842101,2,Kennzahlen,Mitglieder in Sportvereinen,,2028,7650.0,0,Planwert,357
0842101,2,Kennzahlen,Mitglieder in Sportvereinen,,2029,7650.0,0,Planwert,357
0842101,3,Kennzahlen,Produktergebnis je Mitglied,,2024,-25.0,0,,357
0842101,3,Kennzahlen,Produktergebnis je Mitglied,,2025,-28.0,0,Planwert,357
0842101,3,Kennzahlen,Produktergebnis je Mitglied,,2026,-28.0,0,Planwert,357
0842101,3,Kennzahlen,Produktergebnis je Mitglied,,2027,-28.0,0,Planwert,357
0842101,3,Kennzahlen,Produktergebnis je Mitglied,,2028,-28.0,0,Planwert,357
0842101,3,Kennzahlen,Produktergebnis je Mitglied,,2029,-29.0,0,Planwert,357
0842101,4,Kennzahlen,Produktergebnis je Einwohner,,2024,-9.35,2,,357
0842101,4,Kennzahlen,Produktergebnis je Einwohner,,2025,-10.46,2,Planwert,357
0842101,4,Kennzahlen,Produktergebnis je Einwohner,,2026,-10.58,2,Planwert,357
0842101,4,Kennzahlen,Produktergebnis je Einwohner,,2027,-10.47,2,Planwert,357
0842101,4,Kennzahlen,Produktergebnis je Einwohner,,2028,-10.7,2,Planwert,357
0842101,4,Kennzahlen,Produktergebnis je Einwohner,,2029,-10.9,2,Planwert,357
0842401,1,Stellenplan,Anzahl der Vollzeitstellen,,2024,0.93,2,Planwert,362
0842401,1,Stellenplan,Anzahl der Vollzeitstellen,,2025,0.93,2,Planwert,362
0842401,1,Stellenplan,Anzahl der Vollzeitstellen,,2026,1.0,2,Planwert,362
0842401,1,Stellenplan,Anzahl der Vollzeitstellen,,2027,1.0,2,Planwert,362
0842401,1,Stellenplan,Anzahl der Vollzeitstellen,,2028,1.0,2,Planwert,362
0842401,1,Stellenplan,Anzahl der Vollzeitstellen,,2029,1.0,2,Planwert,362
0842401,2,Kennzahlen,Produktergebnis je Einwohner,,2024,-22.74,2,,362
0842401,2,Kennzahlen,Produktergebnis je Einwohner,,2025,-27.15,2,Planwert,362
0842401,2,Kennzahlen,Produktergebnis je Einwohner,,2026,-27.41,2,Planwert,362
0842401,2,Kennzahlen,Produktergebnis je Einwohner,,2027,-25.73,2,Planwert,362
0842401,2,Kennzahlen,Produktergebnis je Einwohner,,2028,-26.47,2,Planwert,362
0842401,2,Kennzahlen,Produktergebnis je Einwohner,,2029,-26.88,2,Planwert,362
0842402,1,Stellenplan,Anzahl der Vollzeitstellen,,2024,1.03,2,Planwert,369
0842402,1,Stellenplan,Anzahl der Vollzeitstellen,,2025,1.07,2,Planwert,369
0842402,1,Stellenplan,Anzahl der Vollzeitstellen,,2026,1.07,2,Planwert,369
0842402,1,Stellenplan,Anzahl der Vollzeitstellen,,2027,1.07,2,Planwert,369
0842402,1,Stellenplan,Anzahl der Vollzeitstellen,,2028,1.07,2,Planwert,369
0842402,1,Stellenplan,Anzahl der Vollzeitstellen,,2029,1.07,2,Planwert,369
0842402,2,Kennzahlen,Produktergebnis je Einwohner,,2024,-16.92,2,,369
0842402,2,Kennzahlen,Produktergebnis je Einwohner,,2025,-20.16,2,Planwert,369
0842402,2,Kennzahlen,Produktergebnis je Einwohner,,2026,-25.27,2,Planwert,369
0842402,2,Kennzahlen,Produktergebnis je Einwohner,,2027,-25.03,2,Planwert,369
0842402,2,Kennzahlen,Produktergebnis je Einwohner,,2028,-27.53,2,Planwert,369
0842402,2,Kennzahlen,Produktergebnis je Einwohner,,2029,-32.4,2,Planwert,369
0842403,1,Stellenplan,Anzahl der Vollzeitstellen,,2024,3.39,2,Planwert,376
0842403,1,Stellenplan,Anzahl der Vollzeitstellen,,2025,3.36,2,Planwert,376
0842403,1,Stellenplan,Anzahl der Vollzeitstellen,,2026,2.94,2,Planwert,376
0842403,1,Stellenplan,Anzahl der Vollzeitstellen,,2027,2.94,2,Planwert,376
0842403,1,Stellenplan,Anzahl der Vollzeitstellen,,2028,2.94,2,Planwert,376
0842403,1,Stellenplan,Anzahl der Vollzeitstellen,,2029,2.94,2,Planwert,376
0842403,2,Kennzahlen,Gesamtbetrag der Erträge,,2024,254208.0,0,,376
0842403,2,Kennzahlen,Gesamtbetrag der Erträge,,2025,242215.0,0,Planwert,376
0842403,2,Kennzahlen,Gesamtbetrag der Erträge,,2026,230690.0,0,Planwert,376
0842403,2,Kennzahlen,Gesamtbetrag der Erträge,,2027,230690.0,0,Planwert,376
0842403,2,Kennzahlen,Gesamtbetrag der Erträge,,2028,295190.0,0,Planwert,376
0842403,2,Kennzahlen,Gesamtbetrag der Erträge,,2029,358690.0,0,Planwert,376
0842403,3,Kennzahlen,Gesamtbetrag der Aufwendungen,,2024,483816.0,0,,376
0842403,3,Kennzahlen,Gesamtbetrag der Aufwendungen,,2025,527064.0,0,Planwert,376
0842403,3,Kennzahlen,Gesamtbetrag der Aufwendungen,,2026,532556.0,0,Planwert,376
0842403,3,Kennzahlen,Gesamtbetrag der Aufwendungen,,2027,542736.0,0,Planwert,376
0842403,3,Kennzahlen,Gesamtbetrag der Aufwendungen,,2028,618772.0,0,Planwert,376
0842403,3,Kennzahlen,Gesamtbetrag der Aufwendungen,,2029,693562.0,0,Planwert,376
0842403,4,Kennzahlen,Zuschussbedarf,,2024,-229608.0,0,,376
0842403,4,Kennzahlen,Zuschussbedarf,,2025,-284849.0,0,Planwert,376
0842403,4,Kennzahlen,Zuschussbedarf,,2026,-301866.0,0,Planwert,376
0842403,4,Kennzahlen,Zuschussbedarf,,2027,-312046.0,0,Planwert,376
0842403,4,Kennzahlen,Zuschussbedarf,,2028,-323582.0,0,Planwert,376
0842403,4,Kennzahlen,Zuschussbedarf,,2029,-334872.0,0,Planwert,376
0842403,5,Kennzahlen,Kostendeckungsgrad,,2024,52.54,2,,376
0842403,5,Kennzahlen,Kostendeckungsgrad,,2025,45.96,2,Planwert,376
0842403,5,Kennzahlen,Kostendeckungsgrad,,2026,43.32,2,Planwert,376
0842403,5,Kennzahlen,Kostendeckungsgrad,,2027,42.51,2,Planwert,376
0842403,5,Kennzahlen,Kostendeckungsgrad,,2028,47.71,2,Planwert,376
0842403,5,Kennzahlen,Kostendeckungsgrad,,2029,51.72,2,Planwert,376
0842403,6,Kennzahlen,Anzahl der Besucher des allg. Badebetriebes,,2024,13612.0,0,,376
0842403,6,Kennzahlen,Anzahl der Besucher des allg. Badebetriebes,,2025,11600.0,0,Planwert,376
0842403,6,Kennzahlen,Anzahl der Besucher des allg. Badebetriebes,,2026,11600.0,0,Planwert,376
0842403,6,Kennzahlen,Anzahl der Besucher des allg. Badebetriebes,,2027,11600.0,0,Planwert,376
0842403,6,Kennzahlen,Anzahl der Besucher des allg. Badebetriebes,,2028,11600.0,0,Planwert,376
0842403,6,Kennzahlen,Anzahl der Besucher des allg. Badebetriebes,,2029,11600.0,0,Planwert,376
0842403,7,Kennzahlen,Zuschussbedarf je Besucher des allg. Badebetriebes,,2024,16.87,2,,376
0842403,7,Kennzahlen,Zuschussbedarf je Besucher des allg. Badebetriebes,,2025,24.56,2,Planwert,376
0842403,7,Kennzahlen,Zuschussbedarf je Besucher des allg. Badebetriebes,,2026,26.02,2,Planwert,376
0842403,7,Kennzahlen,Zuschussbedarf je Besucher des allg. Badebetriebes,,2027,26.9,2,Planwert,376
0842403,7,Kennzahlen,Zuschussbedarf je Besucher des allg. Badebetriebes,,2028,27.9,2,Planwert,376
0842403,7,Kennzahlen,Zuschussbedarf je Besucher des allg. Badebetriebes,,2029,32.32,2,Planwert,376
0842403,8,Kennzahlen,Produktergebnis je Einwohner,,2024,-11.39,2,,376
0842403,8,Kennzahlen,Produktergebnis je Einwohner,,2025,-14.13,2,Planwert,376
0842403,8,Kennzahlen,Produktergebnis je Einwohner,,2026,-14.97,2,Planwert,376
0842403,8,Kennzahlen,Produktergebnis je Einwohner,,2027,-15.47,2,Planwert,376
0842403,8,Kennzahlen,Produktergebnis je Einwohner,,2028,-16.05,2,Planwert,376
0842403,8,Kennzahlen,Produktergebnis je Einwohner,,2029,-16.61,2,Planwert,376
0951101,1,Stellenplan,Anzahl der Vollzeitstellen,,2024,3.98,2,Planwert,385
0951101,1,Stellenplan,Anzahl der Vollzeitstellen,,2025,3.73,2,Planwert,385
0951101,1,Stellenplan,Anzahl der Vollzeitstellen,,2026,3.8,2,Planwert,385
0951101,1,Stellenplan,Anzahl der Vollzeitstellen,,2027,3.8,2,Planwert,385
0951101,1,Stellenplan,Anzahl der Vollzeitstellen,,2028,3.8,2,Planwert,385
0951101,1,Stellenplan,Anzahl der Vollzeitstellen,,2029,3.8,2,Planwert,385
0951101,2,Kennzahlen,Produktergebnis je Einwohner,,2024,-17.38,2,,385
0951101,2,Kennzahlen,Produktergebnis je Einwohner,,2025,-34.17,2,Planwert,385
0951101,2,Kennzahlen,Produktergebnis je Einwohner,,2026,-17.49,2,Planwert,385
0951101,2,Kennzahlen,Produktergebnis je Einwohner,,2027,-17.94,2,Planwert,385
0951101,2,Kennzahlen,Produktergebnis je Einwohner,,2028,-18.31,2,Planwert,385
0951101,2,Kennzahlen,Produktergebnis je Einwohner,,2029,-18.65,2,Planwert,385
1052101,1,Stellenplan,Anzahl der Vollzeitstellen,,2024,0.7,2,Planwert,393
1052101,1,Stellenplan,Anzahl der Vollzeitstellen,,2025,0.76,2,Planwert,393
1052101,1,Stellenplan,Anzahl der Vollzeitstellen,,2026,0.76,2,Planwert,393
1052101,1,Stellenplan,Anzahl der Vollzeitstellen,,2027,0.76,2,Planwert,393
1052101,1,Stellenplan,Anzahl der Vollzeitstellen,,2028,0.76,2,Planwert,393
1052101,1,Stellenplan,Anzahl der Vollzeitstellen,,2029,0.76,2,Planwert,393
1052101,2,Kennzahlen,Genehmigungsfreistellungsverfahren,,2024,6.0,0,,393
1052101,2,Kennzahlen,Genehmigungsfreistellungsverfahren,,2025,9.0,0,Planwert,393
1052101,2,Kennzahlen,Genehmigungsfreistellungsverfahren,,2026,10.0,0,Planwert,393
1052101,2,Kennzahlen,Genehmigungsfreistellungsverfahren,,2027,10.0,0,Planwert,393
1052101,2,Kennzahlen,Genehmigungsfreistellungsverfahren,,2028,10.0,0,Planwert,393
1052101,2,Kennzahlen,Genehmigungsfreistellungsverfahren,,2029,10.0,0,Planwert,393
1052101,3,Kennzahlen,Bauanträge/Bauvorhaben,,2024,118.0,0,,393
1052101,3,Kennzahlen,Bauanträge/Bauvorhaben,,2025,170.0,0,Planwert,393
1052101,3,Kennzahlen,Bauanträge/Bauvorhaben,,2026,130.0,0,Planwert,393
1052101,3,Kennzahlen,Bauanträge/Bauvorhaben,,2027,130.0,0,Planwert,393
1052101,3,Kennzahlen,Bauanträge/Bauvorhaben,,2028,130.0,0,Planwert,393
1052101,3,Kennzahlen,Bauanträge/Bauvorhaben,,2029,130.0,0,Planwert,393
1052101,4,Kennzahlen,Summe Fallzahlen,,2024,124.0,0,,393
1052101,4,Kennzahlen,Summe Fallzahlen,,2025,179.0,0,Planwert,393
1052101,4,Kennzahlen,Summe Fallzahlen,,2026,140.0,0,Planwert,393
1052101,4,Kennzahlen,Summe Fallzahlen,,2027,140.0,0,Planwert,393
1052101,4,Kennzahlen,Summe Fallzahlen,,2028,140.0,0,Planwert,393
1052101,4,Kennzahlen,Summe Fallzahlen,,2029,140.0,0,Planwert,393
1052101,5,Kennzahlen,Produktergebnis je Fall,,2024,-469.0,0,,393
1052101,5,Kennzahlen,Produktergebnis je Fall,,2025,-314.0,0,Planwert,393
1052101,5,Kennzahlen,Produktergebnis je Fall,,2026,-421.0,0,Planwert,393
1052101,5,Kennzahlen,Produktergebnis je Fall,,2027,-435.0,0,Planwert,393
1052101,5,Kennzahlen,Produktergebnis je Fall,,2028,-447.0,0,Planwert,393
1052101,5,Kennzahlen,Produktergebnis je Fall,,2029,-459.0,0,Planwert,393
1052101,6,Kennzahlen,Produktergebnis je Einwohner,,2024,-2.89,2,,393
1052101,6,Kennzahlen,Produktergebnis je Einwohner,,2025,-2.79,2,Planwert,393
1052101,6,Kennzahlen,Produktergebnis je Einwohner,,2026,-2.93,2,Planwert,393
1052101,6,Kennzahlen,Produktergebnis je Einwohner,,2027,-3.02,2,Planwert,393
1052101,6,Kennzahlen,Produktergebnis je Einwohner,,2028,-3.1,2,Planwert,393
1052101,6,Kennzahlen,Produktergebnis je Einwohner,,2029,-3.18,2,Planwert,393
1052201,1,Stellenplan,Anzahl der Vollzeitstellen,,2024,0.05,2,Planwert,397
1052201,1,Stellenplan,Anzahl der Vollzeitstellen,,2025,0.05,2,Planwert,397
1052201,2,Kennzahlen,Produktergebnis je Einwohner,,2024,-0.23,2,,397
1052201,2,Kennzahlen,Produktergebnis je Einwohner,,2025,-0.23,2,Planwert,397
1052201,2,Kennzahlen,Produktergebnis je Einwohner,,2026,-0.0,2,Planwert,397
1052301,1,Stellenplan,Anzahl der Vollzeitstellen,,2024,0.1,2,Planwert,401
1052301,1,Stellenplan,Anzahl der Vollzeitstellen,,2025,0.1,2,Planwert,401
1052301,1,Stellenplan,Anzahl der Vollzeitstellen,,2026,0.3,2,Planwert,401
1052301,1,Stellenplan,Anzahl der Vollzeitstellen,,2027,0.3,2,Planwert,401
1052301,1,Stellenplan,Anzahl der Vollzeitstellen,,2028,0.3,2,Planwert,401
1052301,1,Stellenplan,Anzahl der Vollzeitstellen,,2029,0.3,2,Planwert,401
1052301,2,Kennzahlen,Produktergebnis je Einwohner,,2024,-1.12,2,,401
1052301,2,Kennzahlen,Produktergebnis je Einwohner,,2025,-0.72,2,Planwert,401
1052301,2,Kennzahlen,Produktergebnis je Einwohner,,2026,-1.91,2,Planwert,401
1052301,2,Kennzahlen,Produktergebnis je Einwohner,,2027,-1.97,2,Planwert,401
1052301,2,Kennzahlen,Produktergebnis je Einwohner,,2028,-2.02,2,Planwert,401
1052301,2,Kennzahlen,Produktergebnis je Einwohner,,2029,-2.07,2,Planwert,401
1153101,1,Kennzahlen,Produktergebnis je Einwohner,,2024,37.98,2,,410
1153101,1,Kennzahlen,Produktergebnis je Einwohner,,2025,34.67,2,Planwert,410
1153101,1,Kennzahlen,Produktergebnis je Einwohner,,2026,30.8,2,Planwert,410
1153101,1,Kennzahlen,Produktergebnis je Einwohner,,2027,30.8,2,Planwert,410
1153101,1,Kennzahlen,Produktergebnis je Einwohner,,2028,30.8,2,Planwert,410
1153101,1,Kennzahlen,Produktergebnis je Einwohner,,2029,30.8,2,Planwert,410
1153201,1,Kennzahlen,Produktergebnis je Einwohner,,2024,1.86,2,,414
1153201,1,Kennzahlen,Produktergebnis je Einwohner,,2025,1.79,2,Planwert,414
1153201,1,Kennzahlen,Produktergebnis je Einwohner,,2026,1.79,2,Planwert,414
1153201,1,Kennzahlen,Produktergebnis je Einwohner,,2027,1.79,2,Planwert,414
1153201,1,Kennzahlen,Produktergebnis je Einwohner,,2028,1.79,2,Planwert,414
1153201,1,Kennzahlen,Produktergebnis je Einwohner,,2029,1.79,2,Planwert,414
1153701,1,Stellenplan,Anzahl der Vollzeitstellen,,2024,0.62,2,Planwert,418
1153701,1,Stellenplan,Anzahl der Vollzeitstellen,,2025,0.75,2,Planwert,418
1153701,1,Stellenplan,Anzahl der Vollzeitstellen,,2026,0.75,2,Planwert,418
1153701,1,Stellenplan,Anzahl der Vollzeitstellen,,2027,0.75,2,Planwert,418
1153701,1,Stellenplan,Anzahl der Vollzeitstellen,,2028,0.75,2,Planwert,418
1153701,1,Stellenplan,Anzahl der Vollzeitstellen,,2029,0.75,2,Planwert,418
1153701,2,Kennzahlen,Restmüllaufkommen in Tonnen,,2024,1657.81,2,,418
1153701,2,Kennzahlen,Restmüllaufkommen in Tonnen,,2025,1650.0,2,Planwert,418
1153701,2,Kennzahlen,Restmüllaufkommen in Tonnen,,2026,1650.0,2,Planwert,418
1153701,2,Kennzahlen,Restmüllaufkommen in Tonnen,,2027,1650.0,2,Planwert,418
1153701,2,Kennzahlen,Restmüllaufkommen in Tonnen,,2028,1650.0,2,Planwert,418
1153701,2,Kennzahlen,Restmüllaufkommen in Tonnen,,2029,1650.0,2,Planwert,418
1153701,3,Kennzahlen,Biomüllaufkommen in Tonnen,,2024,1558.42,2,,418
1153701,3,Kennzahlen,Biomüllaufkommen in Tonnen,,2025,1550.0,2,Planwert,418
1153701,3,Kennzahlen,Biomüllaufkommen in Tonnen,,2026,1550.0,2,Planwert,418
1153701,3,Kennzahlen,Biomüllaufkommen in Tonnen,,2027,1550.0,2,Planwert,418
1153701,3,Kennzahlen,Biomüllaufkommen in Tonnen,,2028,1550.0,2,Planwert,418
1153701,3,Kennzahlen,Biomüllaufkommen in Tonnen,,2029,1550.0,2,Planwert,418
1153701,4,Kennzahlen,Altpapieraufkommen in Tonnen,,2024,1107.34,2,,418
1153701,4,Kennzahlen,Altpapieraufkommen in Tonnen,,2025,1100.0,2,Planwert,418
1153701,4,Kennzahlen,Altpapieraufkommen in Tonnen,,2026,1100.0,2,Planwert,418
1153701,4,Kennzahlen,Altpapieraufkommen in Tonnen,,2027,1100.0,2,Planwert,418
1153701,4,Kennzahlen,Altpapieraufkommen in Tonnen,,2028,1100.0,2,Planwert,418
1153701,4,Kennzahlen,Altpapieraufkommen in Tonnen,,2029,1100.0,2,Planwert,418
1153701,5,Kennzahlen,Sperrmüllaufkommen in Tonnen,,2024,719.12,2,,418
1153701,5,Kennzahlen,Sperrmüllaufkommen in Tonnen,,2025,700.0,2,Planwert,418
1153701,5,Kennzahlen,Sperrmüllaufkommen in Tonnen,,2026,700.0,2,Planwert,418
1153701,5,Kennzahlen,Sperrmüllaufkommen in Tonnen,,2027,700.0,2,Planwert,418
1153701,5,Kennzahlen,Sperrmüllaufkommen in Tonnen,,2028,700.0,2,Planwert,418
1153701,5,Kennzahlen,Sperrmüllaufkommen in Tonnen,,2029,700.0,2,Planwert,418
1153701,6,Kennzahlen,Produktergebnis je Einwohner,,2024,0.69,2,,418
1153701,6,Kennzahlen,Produktergebnis je Einwohner,,2025,0.94,2,Planwert,418
1153701,6,Kennzahlen,Produktergebnis je Einwohner,,2026,0.56,2,Planwert,418
1153701,6,Kennzahlen,Produktergebnis je Einwohner,,2027,0.71,2,Planwert,418
1153701,6,Kennzahlen,Produktergebnis je Einwohner,,2028,0.65,2,Planwert,418
1153701,6,Kennzahlen,Produktergebnis je Einwohner,,2029,0.69,2,Planwert,418
1153801,1,Stellenplan,Anzahl der Vollzeitstellen,,2024,9.61,2,Planwert,425
1153801,1,Stellenplan,Anzahl der Vollzeitstellen,,2025,10.15,2,Planwert,425
1153801,1,Stellenplan,Anzahl der Vollzeitstellen,,2026,10.39,2,Planwert,425
1153801,1,Stellenplan,Anzahl der Vollzeitstellen,,2027,10.39,2,Planwert,425
1153801,1,Stellenplan,Anzahl der Vollzeitstellen,,2028,10.39,2,Planwert,425
1153801,1,Stellenplan,Anzahl der Vollzeitstellen,,2029,10.39,2,Planwert,425
1153801,2,Stellenplan,Anzahl der Auszubildenden,,2025,1.0,2,Planwert,425
1153801,2,Stellenplan,Anzahl der Auszubildenden,,2026,0.42,2,Planwert,425
1153801,2,Stellenplan,Anzahl der Auszubildenden,,2027,0.42,2,Planwert,425
1153801,2,Stellenplan,Anzahl der Auszubildenden,,2028,0.42,2,Planwert,425
1153801,2,Stellenplan,Anzahl der Auszubildenden,,2029,0.42,2,Planwert,425
1153801,3,Kennzahlen,Produktergebnis je Einwohner,,2024,104.97,2,,425
1153801,3,Kennzahlen,Produktergebnis je Einwohner,,2025,118.8,2,Planwert,425
1153801,3,Kennzahlen,Produktergebnis je Einwohner,,2026,125.85,2,Planwert,425
1153801,3,Kennzahlen,Produktergebnis je Einwohner,,2027,122.62,2,Planwert,425
1153801,3,Kennzahlen,Produktergebnis je Einwohner,,2028,118.43,2,Planwert,425
1153801,3,Kennzahlen,Produktergebnis je Einwohner,,2029,118.37,2,Planwert,425
1153802,1,Stellenplan,Anzahl der Vollzeitstellen,,2024,0.05,2,Planwert,438
1153802,1,Stellenplan,Anzahl der Vollzeitstellen,,2025,0.05,2,Planwert,438
1153802,1,Stellenplan,Anzahl der Vollzeitstellen,,2026,0.05,2,Planwert,438
1153802,1,Stellenplan,Anzahl der Vollzeitstellen,,2027,0.05,2,Planwert,438
1153802,1,Stellenplan,Anzahl der Vollzeitstellen,,2028,0.05,2,Planwert,438
1153802,1,Stellenplan,Anzahl der Vollzeitstellen,,2029,0.05,2,Planwert,438
1153802,2,Kennzahlen,Produktergebnis je Einwohner,,2024,-0.11,2,,438
1153802,2,Kennzahlen,Produktergebnis je Einwohner,,2025,-0.0,2,Planwert,438
1153802,2,Kennzahlen,Produktergebnis je Einwohner,,2026,-0.03,2,Planwert,438
1153802,2,Kennzahlen,Produktergebnis je Einwohner,,2027,-0.01,2,Planwert,438
1153802,2,Kennzahlen,Produktergebnis je Einwohner,,2028,0.01,2,Planwert,438
1153802,2,Kennzahlen,Produktergebnis je Einwohner,,2029,-0.01,2,Planwert,438
1254101,1,Stellenplan,Anzahl der Vollzeitstellen,,2024,3.56,2,Planwert,447
1254101,1,Stellenplan,Anzahl der Vollzeitstellen,,2025,3.13,2,Planwert,447
1254101,1,Stellenplan,Anzahl der Vollzeitstellen,,2026,3.08,2,Planwert,447
1254101,1,Stellenplan,Anzahl der Vollzeitstellen,,2027,3.08,2,Planwert,447
1254101,1,Stellenplan,Anzahl der Vollzeitstellen,,2028,3.08,2,Planwert,447
1254101,1,Stellenplan,Anzahl der Vollzeitstellen,,2029,3.08,2,Planwert,447
1254101,2,Kennzahlen,Produktergebnis je Einwohner,,2024,-146.9,2,,447
1254101,2,Kennzahlen,Produktergebnis je Einwohner,,2025,-158.32,2,Planwert,447
1254101,2,Kennzahlen,Produktergebnis je Einwohner,,2026,-160.59,2,Planwert,447
1254101,2,Kennzahlen,Produktergebnis je Einwohner,,2027,-165.59,2,Planwert,447
1254101,2,Kennzahlen,Produktergebnis je Einwohner,,2028,-170.91,2,Planwert,447
1254101,2,Kennzahlen,Produktergebnis je Einwohner,,2029,-171.98,2,Planwert,447
1254102,1,Stellenplan,Anzahl der Vollzeitstellen,,2024,0.11,2,Planwert,457
1254102,1,Stellenplan,Anzahl der Vollzeitstellen,,2025,0.11,2,Planwert,457
1254102,1,Stellenplan,Anzahl der Vollzeitstellen,,2026,0.11,2,Planwert,457
1254102,1,Stellenplan,Anzahl der Vollzeitstellen,,2027,0.11,2,Planwert,457
1254102,1,Stellenplan,Anzahl der Vollzeitstellen,,2028,0.11,2,Planwert,457
1254102,1,Stellenplan,Anzahl der Vollzeitstellen,,2029,0.11,2,Planwert,457
1254102,2,Kennzahlen,Produktergebnis je Einwohner,,2024,-8.64,2,,457
1254102,2,Kennzahlen,Produktergebnis je Einwohner,,2025,-8.89,2,Planwert,457
1254102,2,Kennzahlen,Produktergebnis je Einwohner,,2026,-9.28,2,Planwert,457
1254102,2,Kennzahlen,Produktergebnis je Einwohner,,2027,-9.5,2,Planwert,457
1254102,2,Kennzahlen,Produktergebnis je Einwohner,,2028,-9.75,2,Planwert,457
1254102,2,Kennzahlen,Produktergebnis je Einwohner,,2029,-4.21,2,Planwert,457
1254201,1,Stellenplan,Anzahl der Vollzeitstellen,,2024,0.08,2,Planwert,463
1254201,1,Stellenplan,Anzahl der Vollzeitstellen,,2025,0.08,2,Planwert,463
1254201,1,Stellenplan,Anzahl der Vollzeitstellen,,2026,0.08,2,Planwert,463
1254201,1,Stellenplan,Anzahl der Vollzeitstellen,,2027,0.08,2,Planwert,463
1254201,1,Stellenplan,Anzahl der Vollzeitstellen,,2028,0.08,2,Planwert,463
1254201,1,Stellenplan,Anzahl der Vollzeitstellen,,2029,0.08,2,Planwert,463
1254201,2,Kennzahlen,Produktergebnis je Einwohner,,2024,-0.79,2,,463
1254201,2,Kennzahlen,Produktergebnis je Einwohner,,2025,-0.58,2,Planwert,463
1254201,2,Kennzahlen,Produktergebnis je Einwohner,,2026,-0.76,2,Planwert,463
1254201,2,Kennzahlen,Produktergebnis je Einwohner,,2027,-0.77,2,Planwert,463
1254201,2,Kennzahlen,Produktergebnis je Einwohner,,2028,-0.81,2,Planwert,463
1254201,2,Kennzahlen,Produktergebnis je Einwohner,,2029,-0.82,2,Planwert,463
1254301,1,Stellenplan,Anzahl der Vollzeitstellen,,2024,0.06,2,Planwert,469
1254301,1,Stellenplan,Anzahl der Vollzeitstellen,,2025,0.06,2,Planwert,469
1254301,1,Stellenplan,Anzahl der Vollzeitstellen,,2026,0.06,2,Planwert,469
1254301,1,Stellenplan,Anzahl der Vollzeitstellen,,2027,0.06,2,Planwert,469
1254301,1,Stellenplan,Anzahl der Vollzeitstellen,,2028,0.06,2,Planwert,469
1254301,1,Stellenplan,Anzahl der Vollzeitstellen,,2029,0.06,2,Planwert,469
1254301,2,Kennzahlen,Produktergebnis je Einwohner,,2024,-7.18,2,,469
1254301,2,Kennzahlen,Produktergebnis je Einwohner,,2025,-6.51,2,Planwert,469
1254301,2,Kennzahlen,Produktergebnis je Einwohner,,2026,-7.01,2,Planwert,469
1254301,2,Kennzahlen,Produktergebnis je Einwohner,,2027,-7.12,2,Planwert,469
1254301,2,Kennzahlen,Produktergebnis je Einwohner,,2028,-7.23,2,Planwert,469
1254301,2,Kennzahlen,Produktergebnis je Einwohner,,2029,-7.34,2,Planwert,469
1254501,1,Stellenplan,Anzahl der Vollzeitstellen,,2024,0.03,2,Planwert,473
1254501,1,Stellenplan,Anzahl der Vollzeitstellen,,2025,0.02,2,Planwert,473
1254501,1,Stellenplan,Anzahl der Vollzeitstellen,,2026,0.21,2,Planwert,473
1254501,1,Stellenplan,Anzahl der Vollzeitstellen,,2027,0.21,2,Planwert,473
1254501,1,Stellenplan,Anzahl der Vollzeitstellen,,2028,0.21,2,Planwert,473
1254501,1,Stellenplan,Anzahl der Vollzeitstellen,,2029,0.21,2,Planwert,473
1254501,2,Kennzahlen,Produktergebnis je Einwohner,,2024,-0.47,2,,473
1254501,2,Kennzahlen,Produktergebnis je Einwohner,,2025,-0.53,2,Planwert,473
1254501,2,Kennzahlen,Produktergebnis je Einwohner,,2026,-0.58,2,Planwert,473
1254501,2,Kennzahlen,Produktergebnis je Einwohner,,2027,-0.6,2,Planwert,473
1254501,2,Kennzahlen,Produktergebnis je Einwohner,,2028,-0.61,2,Planwert,473
1254501,2,Kennzahlen,Produktergebnis je Einwohner,,2029,-0.62,2,Planwert,473
1254601,1,Stellenplan,Anzahl der Vollzeitstellen,,2024,0.01,2,Planwert,478
1254601,1,Stellenplan,Anzahl der Vollzeitstellen,,2025,0.03,2,Planwert,478
1254601,1,Stellenplan,Anzahl der Vollzeitstellen,,2026,0.03,2,Planwert,478
1254601,1,Stellenplan,Anzahl der Vollzeitstellen,,2027,0.03,2,Planwert,478
1254601,1,Stellenplan,Anzahl der Vollzeitstellen,,2028,0.03,2,Planwert,478
1254601,1,Stellenplan,Anzahl der Vollzeitstellen,,2029,0.03,2,Planwert,478
1254601,2,Kennzahlen,Produktergebnis je Einwohner,,2024,-1.01,2,,478
1254601,2,Kennzahlen,Produktergebnis je Einwohner,,2025,-1.03,2,Planwert,478
1254601,2,Kennzahlen,Produktergebnis je Einwohner,,2026,-1.08,2,Planwert,478
1254601,2,Kennzahlen,Produktergebnis je Einwohner,,2027,-1.11,2,Planwert,478
1254601,2,Kennzahlen,Produktergebnis je Einwohner,,2028,-1.14,2,Planwert,478
1254601,2,Kennzahlen,Produktergebnis je Einwohner,,2029,-1.15,2,Planwert,478
1254701,1,Stellenplan,Anzahl der Vollzeitstellen,,2024,0.07,2,Planwert,483
1254701,1,Stellenplan,Anzahl der Vollzeitstellen,,2025,0.07,2,Planwert,483
1254701,1,Stellenplan,Anzahl der Vollzeitstellen,,2026,0.07,2,Planwert,483
1254701,1,Stellenplan,Anzahl der Vollzeitstellen,,2027,0.07,2,Planwert,483
1254701,1,Stellenplan,Anzahl der Vollzeitstellen,,2028,0.07,2,Planwert,483
1254701,1,Stellenplan,Anzahl der Vollzeitstellen,,2029,0.07,2,Planwert,483
1254701,2,Kennzahlen,Produktergebnis je Einwohner,,2024,-1.88,2,,483
1254701,2,Kennzahlen,Produktergebnis je Einwohner,,2025,-1.89,2,Planwert,483
1254701,2,Kennzahlen,Produktergebnis je Einwohner,,2026,-1.92,2,Planwert,483
1254701,2,Kennzahlen,Produktergebnis je Einwohner,,2027,-1.93,2,Planwert,483
1254701,2,Kennzahlen,Produktergebnis je Einwohner,,2028,-1.99,2,Planwert,483
1254701,2,Kennzahlen,Produktergebnis je Einwohner,,2029,-1.98,2,Planwert,483
1355101,1,Stellenplan,Anzahl der Vollzeitstellen,,2024,1.44,2,Planwert,492
1355101,1,Stellenplan,Anzahl der Vollzeitstellen,,2025,1.44,2,Planwert,492
1355101,1,Stellenplan,Anzahl der Vollzeitstellen,,2026,1.44,2,Planwert,492
1355101,1,Stellenplan,Anzahl der Vollzeitstellen,,2027,1.44,2,Planwert,492
1355101,1,Stellenplan,Anzahl der Vollzeitstellen,,2028,1.44,2,Planwert,492
1355101,1,Stellenplan,Anzahl der Vollzeitstellen,,2029,1.44,2,Planwert,492
1355101,2,Kennzahlen,Gesamtbetrag der Erträge,,2024,89851.0,0,,492
1355101,2,Kennzahlen,Gesamtbetrag der Erträge,,2025,78896.0,0,Planwert,492
1355101,2,Kennzahlen,Gesamtbetrag der Erträge,,2026,79240.0,0,Planwert,492
1355101,2,Kennzahlen,Gesamtbetrag der Erträge,,2027,79240.0,0,Planwert,492
1355101,2,Kennzahlen,Gesamtbetrag der Erträge,,2028,79040.0,0,Planwert,492
1355101,2,Kennzahlen,Gesamtbetrag der Erträge,,2029,78940.0,0,Planwert,492
1355101,3,Kennzahlen,Gesamtbetrag der Aufwendungen,,2024,259619.0,0,,492
1355101,3,Kennzahlen,Gesamtbetrag der Aufwendungen,,2025,292246.0,0,Planwert,492
1355101,3,Kennzahlen,Gesamtbetrag der Aufwendungen,,2026,277462.0,0,Planwert,492
1355101,3,Kennzahlen,Gesamtbetrag der Aufwendungen,,2027,284815.0,0,Planwert,492
1355101,3,Kennzahlen,Gesamtbetrag der Aufwendungen,,2028,291632.0,0,Planwert,492
1355101,3,Kennzahlen,Gesamtbetrag der Aufwendungen,,2029,297912.0,0,Planwert,492
1355101,4,Kennzahlen,Zuschussbedarf,,2024,-169767.0,0,,492
1355101,4,Kennzahlen,Zuschussbedarf,,2025,-213350.0,0,Planwert,492
1355101,4,Kennzahlen,Zuschussbedarf,,2026,-198222.0,0,Planwert,492
1355101,4,Kennzahlen,Zuschussbedarf,,2027,-205575.0,0,Planwert,492
1355101,4,Kennzahlen,Zuschussbedarf,,2028,-212592.0,0,Planwert,492
1355101,4,Kennzahlen,Zuschussbedarf,,2029,-218972.0,0,Planwert,492
1355101,5,Kennzahlen,Aufkommen an Parkgebühren,,2024,37323.48,2,,492
1355101,5,Kennzahlen,Aufkommen an Parkgebühren,,2025,47000.0,2,Planwert,492
1355101,5,Kennzahlen,Aufkommen an Parkgebühren,,2026,47000.0,2,Planwert,492
1355101,5,Kennzahlen,Aufkommen an Parkgebühren,,2027,47000.0,2,Planwert,492
1355101,5,Kennzahlen,Aufkommen an Parkgebühren,,2028,47000.0,2,Planwert,492
1355101,5,Kennzahlen,Aufkommen an Parkgebühren,,2029,47000.0,2,Planwert,492
1355101,6,Kennzahlen,Anzahl der Verwarnungs- und Bußgeldverfahren,,2024,519.0,0,,492
1355101,6,Kennzahlen,Anzahl der Verwarnungs- und Bußgeldverfahren,,2025,600.0,0,Planwert,492
1355101,6,Kennzahlen,Anzahl der Verwarnungs- und Bußgeldverfahren,,2026,500.0,0,Planwert,492
1355101,6,Kennzahlen,Anzahl der Verwarnungs- und Bußgeldverfahren,,2027,500.0,0,Planwert,492
1355101,6,Kennzahlen,Anzahl der Verwarnungs- und Bußgeldverfahren,,2028,500.0,0,Planwert,492
1355101,6,Kennzahlen,Anzahl der Verwarnungs- und Bußgeldverfahren,,2029,500.0,0,Planwert,492
1355101,7,Kennzahlen,Aufkommen an Verwarnungs- und Bußgeldern,,2024,13165.0,0,,492
1355101,7,Kennzahlen,Aufkommen an Verwarnungs- und Bußgeldern,,2025,13000.0,0,Planwert,492
1355101,7,Kennzahlen,Aufkommen an Verwarnungs- und Bußgeldern,,2026,13000.0,0,Planwert,492
1355101,7,Kennzahlen,Aufkommen an Verwarnungs- und Bußgeldern,,2027,13000.0,0,Planwert,492
1355101,7,Kennzahlen,Aufkommen an Verwarnungs- und Bußgeldern,,2028,13000.0,0,Planwert,492
1355101,7,Kennzahlen,Aufkommen an Verwarnungs- und Bußgeldern,,2029,13000.0,0,Planwert,492
1355101,8,Kennzahlen,Produktergebnis je Einwohner,,2024,-8.42,2,,492
1355101,8,Kennzahlen,Produktergebnis je Einwohner,,2025,-10.58,2,Planwert,492
1355101,8,Kennzahlen,Produktergebnis je Einwohner,,2026,-9.83,2,Planwert,492
1355101,8,Kennzahlen,Produktergebnis je Einwohner,,2027,-10.19,2,Planwert,492
1355101,8,Kennzahlen,Produktergebnis je Einwohner,,2028,-10.54,2,Planwert,492
1355101,8,Kennzahlen,Produktergebnis je Einwohner,,2029,-10.86,2,Planwert,492
1355102,1,Stellenplan,Anzahl der Vollzeitstellen,,2024,0.25,2,Planwert,498
1355102,1,Stellenplan,Anzahl der Vollzeitstellen,,2025,0.3,2,Planwert,498
1355102,1,Stellenplan,Anzahl der Vollzeitstellen,,2026,0.3,2,Planwert,498
1355102,1,Stellenplan,Anzahl der Vollzeitstellen,,2027,0.3,2,Planwert,498
1355102,1,Stellenplan,Anzahl der Vollzeitstellen,,2028,0.3,2,Planwert,498
1355102,1,Stellenplan,Anzahl der Vollzeitstellen,,2029,0.3,2,Planwert,498
1355102,2,Kennzahlen,Produktergebnis je Einwohner,,2024,-4.22,2,,498
1355102,2,Kennzahlen,Produktergebnis je Einwohner,,2025,-4.6,2,Planwert,498
1355102,2,Kennzahlen,Produktergebnis je Einwohner,,2026,-4.55,2,Planwert,498
1355102,2,Kennzahlen,Produktergebnis je Einwohner,,2027,-4.75,2,Planwert,498
1355102,2,Kennzahlen,Produktergebnis je Einwohner,,2028,-4.92,2,Planwert,498
1355102,2,Kennzahlen,Produktergebnis je Einwohner,,2029,-4.99,2,Planwert,498
1355201,1,Stellenplan,Anzahl der Vollzeitstellen,,2024,0.09,2,Planwert,503
1355201,1,Stellenplan,Anzahl der Vollzeitstellen,,2025,0.1,2,Planwert,503
1355201,1,Stellenplan,Anzahl der Vollzeitstellen,,2026,0.64,2,Planwert,503
1355201,1,Stellenplan,Anzahl der Vollzeitstellen,,2027,0.64,2,Planwert,503
1355201,1,Stellenplan,Anzahl der Vollzeitstellen,,2028,0.64,2,Planwert,503
1355201,1,Stellenplan,Anzahl der Vollzeitstellen,,2029,0.64,2,Planwert,503
1355201,2,Kennzahlen,Produktergebnis je Einwohner,,2024,-0.0,2,,503
1355201,2,Kennzahlen,Produktergebnis je Einwohner,,2025,0.02,2,Planwert,503
1355201,2,Kennzahlen,Produktergebnis je Einwohner,,2026,0.0,2,Planwert,503
1355201,2,Kennzahlen,Produktergebnis je Einwohner,,2027,0.0,2,Planwert,503
1355201,2,Kennzahlen,Produktergebnis je Einwohner,,2028,0.0,2,Planwert,503
1355201,2,Kennzahlen,Produktergebnis je Einwohner,,2029,0.0,2,Planwert,503
1355301,1,Stellenplan,Anzahl der Vollzeitstellen,,2024,0.07,2,Planwert,509
1355301,1,Stellenplan,Anzahl der Vollzeitstellen,,2025,0.06,2,Planwert,509
1355301,1,Stellenplan,Anzahl der Vollzeitstellen,,2026,0.06,2,Planwert,509
1355301,1,Stellenplan,Anzahl der Vollzeitstellen,,2027,0.06,2,Planwert,509
1355301,1,Stellenplan,Anzahl der Vollzeitstellen,,2028,0.06,2,Planwert,509
1355301,1,Stellenplan,Anzahl der Vollzeitstellen,,2029,0.06,2,Planwert,509
1355301,2,Kennzahlen,Produktergebnis je Einwohner,,2024,-0.67,2,,509
1355301,2,Kennzahlen,Produktergebnis je Einwohner,,2025,-3.09,2,Planwert,509
1355301,2,Kennzahlen,Produktergebnis je Einwohner,,2026,-1.76,2,Planwert,509
1355301,2,Kennzahlen,Produktergebnis je Einwohner,,2027,-1.77,2,Planwert,509
1355301,2,Kennzahlen,Produktergebnis je Einwohner,,2028,-1.81,2,Planwert,509
1355301,2,Kennzahlen,Produktergebnis je Einwohner,,2029,-1.81,2,Planwert,509
1456101,1,Stellenplan,Anzahl der Vollzeitstellen,,2024,1.2,2,Planwert,517
1456101,1,Stellenplan,Anzahl der Vollzeitstellen,,2025,0.68,2,Planwert,517
1456101,1,Stellenplan,Anzahl der Vollzeitstellen,,2026,1.18,2,Planwert,517
1456101,1,Stellenplan,Anzahl der Vollzeitstellen,,2027,1.18,2,Planwert,517
1456101,1,Stellenplan,Anzahl der Vollzeitstellen,,2028,1.18,2,Planwert,517
1456101,1,Stellenplan,Anzahl der Vollzeitstellen,,2029,1.18,2,Planwert,517
1456101,2,Kennzahlen,Produktergebnis je Einwohner,,2024,-4.73,2,,517
1456101,2,Kennzahlen,Produktergebnis je Einwohner,,2025,-9.28,2,Planwert,517
1456101,2,Kennzahlen,Produktergebnis je Einwohner,,2026,-8.49,2,Planwert,517
1456101,2,Kennzahlen,Produktergebnis je Einwohner,,2027,-8.66,2,Planwert,517
1456101,2,Kennzahlen,Produktergebnis je Einwohner,,2028,-8.8,2,Planwert,517
1456101,2,Kennzahlen,Produktergebnis je Einwohner,,2029,-11.33,2,Planwert,517
1557101,1,Stellenplan,Anzahl der Vollzeitstellen,,2024,0.38,2,Planwert,528
1557101,1,Stellenplan,Anzahl der Vollzeitstellen,,2025,0.7,2,Planwert,528
1557101,1,Stellenplan,Anzahl der Vollzeitstellen,,2026,0.7,2,Planwert,528
1557101,1,Stellenplan,Anzahl der Vollzeitstellen,,2027,0.7,2,Planwert,528
1557101,1,Stellenplan,Anzahl der Vollzeitstellen,,2028,0.7,2,Planwert,528
1557101,1,Stellenplan,Anzahl der Vollzeitstellen,,2029,0.7,2,Planwert,528
1557101,2,Kennzahlen,Produktergebnis je Einwohner,,2024,-14.72,2,,528
1557101,2,Kennzahlen,Produktergebnis je Einwohner,,2025,-14.58,2,Planwert,528
1557101,2,Kennzahlen,Produktergebnis je Einwohner,,2026,-14.66,2,Planwert,528
1557101,2,Kennzahlen,Produktergebnis je Einwohner,,2027,-15.0,2,Planwert,528
1557101,2,Kennzahlen,Produktergebnis je Einwohner,,2028,-15.46,2,Planwert,528
1557101,2,Kennzahlen,Produktergebnis je Einwohner,,2029,-15.61,2,Planwert,528
1557301,1,Stellenplan,Anzahl der Vollzeitstellen,,2024,0.25,2,Planwert,534
1557301,1,Stellenplan,Anzahl der Vollzeitstellen,,2025,0.25,2,Planwert,534
1557301,1,Stellenplan,Anzahl der Vollzeitstellen,,2026,0.25,2,Planwert,534
1557301,1,Stellenplan,Anzahl der Vollzeitstellen,,2027,0.25,2,Planwert,534
1557301,1,Stellenplan,Anzahl der Vollzeitstellen,,2028,0.25,2,Planwert,534
1557301,1,Stellenplan,Anzahl der Vollzeitstellen,,2029,0.25,2,Planwert,534
1557301,2,Kennzahlen,Produktergebnis je Einwohner,,2024,-3.39,2,,534
1557301,2,Kennzahlen,Produktergebnis je Einwohner,,2025,-3.01,2,Planwert,534
1557301,2,Kennzahlen,Produktergebnis je Einwohner,,2026,-3.81,2,Planwert,534
1557301,2,Kennzahlen,Produktergebnis je Einwohner,,2027,-4.0,2,Planwert,534
1557301,2,Kennzahlen,Produktergebnis je Einwohner,,2028,-4.13,2,Planwert,534
1557301,2,Kennzahlen,Produktergebnis je Einwohner,,2029,-4.2,2,Planwert,534
1557302,1,Kennzahlen,Produktergebnis je Einwohner,,2024,0.55,2,,540
1557302,1,Kennzahlen,Produktergebnis je Einwohner,,2025,-7.3,2,Planwert,540
1557302,1,Kennzahlen,Produktergebnis je Einwohner,,2026,6.63,2,Planwert,540
1557302,1,Kennzahlen,Produktergebnis je Einwohner,,2027,6.81,2,Planwert,540
1557302,1,Kennzahlen,Produktergebnis je Einwohner,,2028,6.94,2,Planwert,540
1557302,1,Kennzahlen,Produktergebnis je Einwohner,,2029,7.12,2,Planwert,540
1557501,1,Stellenplan,Anzahl der Vollzeitstellen,,2024,0.15,2,Planwert,546
1557501,1,Stellenplan,Anzahl der Vollzeitstellen,,2025,0.09,2,Planwert,546
1557501,1,Stellenplan,Anzahl der Vollzeitstellen,,2026,0.09,2,Planwert,546
1557501,1,Stellenplan,Anzahl der Vollzeitstellen,,2027,0.09,2,Planwert,546
1557501,1,Stellenplan,Anzahl der Vollzeitstellen,,2028,0.09,2,Planwert,546
1557501,1,Stellenplan,Anzahl der Vollzeitstellen,,2029,0.09,2,Planwert,546
1557501,2,Kennzahlen,angebotene Betten,,2024,425.0,0,,546
1557501,2,Kennzahlen,angebotene Betten,,2025,450.0,0,Planwert,546
1557501,2,Kennzahlen,angebotene Betten,,2026,450.0,0,Planwert,546
1557501,2,Kennzahlen,angebotene Betten,,2027,450.0,0,Planwert,546
1557501,2,Kennzahlen,angebotene Betten,,2028,450.0,0,Planwert,546
1557501,2,Kennzahlen,angebotene Betten,,2029,450.0,0,Planwert,546
1557501,3,Kennzahlen,Gäste (Ankünfte),,2024,28495.0,0,,546
1557501,3,Kennzahlen,Gäste (Ankünfte),,2025,29000.0,0,Planwert,546
1557501,3,Kennzahlen,Gäste (Ankünfte),,2026,29000.0,0,Planwert,546
1557501,3,Kennzahlen,Gäste (Ankünfte),,2027,29000.0,0,Planwert,546
1557501,3,Kennzahlen,Gäste (Ankünfte),,2028,29000.0,0,Planwert,546
1557501,3,Kennzahlen,Gäste (Ankünfte),,2029,29000.0,0,Planwert,546
1557501,4,Kennzahlen,Übernachtungen,,2024,93945.0,0,,546
1557501,4,Kennzahlen,Übernachtungen,,2025,96000.0,0,Planwert,546
1557501,4,Kennzahlen,Übernachtungen,,2026,96000.0,0,Planwert,546
1557501,4,Kennzahlen,Übernachtungen,,2027,96000.0,0,Planwert,546
1557501,4,Kennzahlen,Übernachtungen,,2028,96000.0,0,Planwert,546
1557501,4,Kennzahlen,Übernachtungen,,2029,96000.0,0,Planwert,546
1557501,5,Kennzahlen,Produktergebnis je Einwohner,,2024,-0.84,2,,546
1557501,5,Kennzahlen,Produktergebnis je Einwohner,,2025,-1.2,2,Planwert,546
1557501,5,Kennzahlen,Produktergebnis je Einwohner,,2026,-0.97,2,Planwert,546
1557501,5,Kennzahlen,Produktergebnis je Einwohner,,2027,-0.99,2,Planwert,546
1557501,5,Kennzahlen,Produktergebnis je Einwohner,,2028,-1.06,2,Planwert,546
1557501,5,Kennzahlen,Produktergebnis je Einwohner,,2029,-1.07,2,Planwert,546
1661101,1,Kennzahlen,Erträge aus Steuern und Schlüsselzuweisungen,,2024,33706688.19,2,,556
1661101,1,Kennzahlen,Erträge aus Steuern und Schlüsselzuweisungen,,2025,33856500.0,2,Planwert,556
1661101,1,Kennzahlen,Erträge aus Steuern und Schlüsselzuweisungen,,2026,37548000.0,2,Planwert,556
1661101,1,Kennzahlen,Erträge aus Steuern und Schlüsselzuweisungen,,2027,40073000.0,2,Planwert,556
1661101,1,Kennzahlen,Erträge aus Steuern und Schlüsselzuweisungen,,2028,40302000.0,2,Planwert,556
1661101,1,Kennzahlen,Erträge aus Steuern und Schlüsselzuweisungen,,2029,41385000.0,2,Planwert,556
1661101,2,Kennzahlen,Produktergebnis je Einwohner,,2024,722.31,2,,556
1661101,2,Kennzahlen,Produktergebnis je Einwohner,,2025,633.21,2,Planwert,556
1661101,2,Kennzahlen,Produktergebnis je Einwohner,,2026,765.07,2,Planwert,556
1661101,2,Kennzahlen,Produktergebnis je Einwohner,,2027,880.73,2,Planwert,556
1661101,2,Kennzahlen,Produktergebnis je Einwohner,,2028,848.65,2,Planwert,556
1661101,2,Kennzahlen,Produktergebnis je Einwohner,,2029,860.8,2,Planwert,556
1661201,1,Kennzahlen,Produktergebnis je Einwohner,,2024,29.33,2,,562
1661201,1,Kennzahlen,Produktergebnis je Einwohner,,2025,19.88,2,Planwert,562
1661201,1,Kennzahlen,Produktergebnis je Einwohner,,2026,-18.68,2,Planwert,562
1661201,1,Kennzahlen,Produktergebnis je Einwohner,,2027,-54.11,2,Planwert,562
1661201,1,Kennzahlen,Produktergebnis je Einwohner,,2028,-74.25,2,Planwert,562
1661201,1,Kennzahlen,Produktergebnis je Einwohner,,2029,-71.37,2,Planwert,562
1661201,2,Kennzahlen,Zinsaufwendungen,,2024,225221.05,2,,562
1661201,2,Kennzahlen,Zinsaufwendungen,,2025,277123.0,2,Planwert,562
1661201,2,Kennzahlen,Zinsaufwendungen,,2026,474545.0,2,Planwert,562
1661201,2,Kennzahlen,Zinsaufwendungen,,2027,1187112.0,2,Planwert,562
1661201,2,Kennzahlen,Zinsaufwendungen,,2028,1592118.0,2,Planwert,562
1661201,2,Kennzahlen,Zinsaufwendungen,,2029,1532048.0,2,Planwert,562
